cve_inegi,cve_loc,nom_loc,lat,lon,pob_total,pob_15a17,pob_15a17_imputada,pob_15a17_est,dist_km,plantel_mun,plantel_loc,cruza_municipio
12001,0001,Acapulco de Juárez,16.861866944444447,-99.88655777777778,658609,32629.0,False,32629.0,0.0,12001,Acapulco de Juárez,False
12001,0077,Agua del Perro,17.09592861111111,-99.56490055555555,111,6.0,False,6.0,0.0,12001,Agua del Perro,False
12001,0078,Aguas Calientes,16.842499999999998,-99.64055555555557,2099,125.0,False,125.0,0.0,12001,Aguas Calientes,False
12001,0079,Alto del Camarón,17.051399166666666,-99.58188916666666,876,33.0,False,33.0,3.5501596167249,12001,Colonia Guerrero (Los Guajes),False
12001,0080,Amatepec,16.9802675,-99.50847666666667,635,38.0,False,38.0,0.0,12001,Amatepec,False
12001,0081,Amatillo,16.818893888888887,-99.66754888888889,3914,236.0,False,236.0,0.4595459745063159,12001,San Pedro Cacahuatepec (Vereda de Amatillo),False
12001,0082,Apalani,16.852980555555558,-99.59001916666666,1475,112.0,False,112.0,5.503009947182745,12001,Aguas Calientes,False
12001,0083,Apanhuac (Apanguaque),16.91338722222222,-99.58906583333332,802,38.0,False,38.0,6.3127184226451405,12001,Agua Zarca de la Peña,False
12001,0085,Barra Vieja,16.691686944444445,-99.62638249999999,869,48.0,False,48.0,3.1495104555912654,12001,Lomas de Chapultepec,False
12001,0086,Barrio Nuevo de los Muertos,16.89300888888889,-99.54501277777777,1264,75.0,False,75.0,10.45212712830266,12001,Amatepec,False
12001,0087,El Bejuco,16.82486,-99.70637583333334,2457,143.0,False,143.0,0.0,12001,El Bejuco,False
12001,0088,Cacahuatepec,16.886360555555555,-99.61212694444444,611,36.0,False,36.0,5.739118087193554,12001,Aguas Calientes,False
12001,0089,La Calera,17.048046944444447,-99.68864222222223,289,15.0,False,15.0,1.4836524943553238,12001,Las Marías,False
12001,0090,Campanario,16.835102777777777,-99.57143444444444,1459,115.0,False,115.0,7.402213837022038,12001,Aguas Calientes,False
12001,0091,El Cantón,16.893893055555555,-99.59764138888889,590,32.0,False,32.0,7.3150782648521036,12001,Aguas Calientes,False
12001,0092,Carabalí,16.897826666666667,-99.87910083333333,380,22.0,False,22.0,4.076502728690708,12001,Acapulco de Juárez,False
12001,0093,El Carrizo,16.871016666666666,-99.61999999999999,229,11.0,False,11.0,3.852228135539042,12001,Aguas Calientes,False
12001,0095,Cerro de Piedra,16.776136666666666,-99.6293411111111,1337,83.0,False,83.0,0.0,12001,Cerro de Piedra,False
12001,0097,Colonia Guerrero (Los Guajes),17.040839444444448,-99.61340416666665,889,45.0,False,45.0,0.0,12001,Colonia Guerrero (Los Guajes),False
12001,0098,La Concepción,16.877188333333333,-99.65160250000001,1770,105.0,False,105.0,4.032330468832093,12001,Aguas Calientes,False
12001,0099,Las Cruces de Cacahuatepec,16.847448055555553,-99.61649194444443,867,69.0,False,69.0,2.6193774901660674,12001,Aguas Calientes,False
12001,0101,Dos Arroyos,17.020867499999998,-99.65027666666667,1917,109.0,False,109.0,4.505564940498595,12001,Colonia Guerrero (Los Guajes),False
12001,0102,Ejido Nuevo,16.974159444444442,-99.73678083333333,2304,129.0,False,129.0,4.564472222147358,12001,Sabanillas,False
12001,0103,Espinalillo,16.898953055555555,-99.59006972222221,244,15.0,False,15.0,7.855330587141807,12001,Agua Zarca de la Peña,False
12001,0104,La Estación,16.767795277777775,-99.66609777777778,1419,84.0,False,84.0,4.021708163208114,12001,Cerro de Piedra,False
12001,0105,Garrapatas,16.921533611111112,-99.66169777777779,407,23.0,False,23.0,8.042468585491637,12001,Agua Zarca de la Peña,False
12001,0106,Huajintepec,16.973894444444444,-99.5207361111111,330,16.0,False,16.0,1.4839257786920361,12001,Amatepec,False
12001,0107,Huamuchitos,16.894236944444444,-99.5797875,2076,146.0,False,146.0,8.632401104594182,12001,Agua Zarca de la Peña,False
12001,0108,Los Ilamos,16.89633222222222,-99.621775,141,8.0,False,8.0,6.310657776730616,12001,Aguas Calientes,False
12001,0109,Kilómetro 21,16.95255388888889,-99.80341777777778,1435,81.0,False,81.0,1.353115064938266,12001,Los Órganos de Juan R. Escudero,False
12001,0110,Kilómetro 30,16.99831888888889,-99.78276,6334,368.0,False,368.0,0.0,12001,Kilómetro 30,False
12001,0111,Kilómetro 34,17.025324722222223,-99.79375833333333,185,10.0,False,10.0,3.222589957081074,12001,Kilómetro 30,False
12001,0112,Kilómetro 39,17.044958611111113,-99.7785313888889,831,53.0,False,53.0,3.6258493328021153,12001,Piedra Imán,False
12001,0113,Kilómetro 40,17.04955388888889,-99.77051138888889,1199,73.0,False,73.0,3.3796520476554117,12001,Piedra Imán,False
12001,0114,Kilómetro 42 (Juan N. Álvarez),17.055287222222223,-99.7598213888889,775,40.0,False,40.0,3.522085946253914,12001,Piedra Imán,False
12001,0115,Kilómetro 45,17.070928055555555,-99.75067361111111,440,17.0,False,17.0,3.585640352441351,12001,Piedra Imán,False
12001,0116,Kilómetro Cuarenta y Ocho,17.083991388888887,-99.72940027777778,78,7.0,False,7.0,2.354242292709172,12001,Xaltianguis,False
12001,0117,Laguna del Quemado,16.75705472222222,-99.66094666666667,819,47.0,False,47.0,3.9780834965313634,12001,Cerro de Piedra,False
12001,0119,Lomas del Aire,16.956580555555554,-99.86617944444444,495,27.0,False,27.0,5.132590637530178,12001,Los Órganos de San Agustín (El Quemado),False
12001,0120,Loma Larga,17.00453111111111,-99.86849777777778,23,0.0,False,0.0,4.584327362823293,12001,Texca,False
12001,0121,Lomas de Chapultepec,16.715118055555553,-99.60976777777778,2064,135.0,False,135.0,0.0,12001,Lomas de Chapultepec,False
12001,0124,Las Marías,17.05932638888889,-99.68118666666668,480,22.0,False,22.0,0.0,12001,Las Marías,False
12001,0125,El Metlapil,16.842465555555556,-99.74933388888888,1286,87.0,False,87.0,3.4100916296385915,12001,Tres Palos,False
12001,0126,Oaxaquillas,16.822974444444444,-99.65795027777779,929,45.0,False,45.0,1.424868127501432,12001,San Pedro Cacahuatepec (Vereda de Amatillo),False
12001,0127,Las Ollitas (Las Joyitas),16.90585833333333,-99.71791583333334,150,9.0,False,9.0,7.975057462390851,12001,Las Plazuelas,False
12001,0128,Los Órganos de Juan R. Escudero,16.941929444444444,-99.80962027777778,2756,160.0,False,160.0,0.0,12001,Los Órganos de Juan R. Escudero,False
12001,0129,Los Órganos de San Agustín (El Quemado),16.934858333333334,-99.82360305555555,965,47.0,False,47.0,0.0,12001,Los Órganos de San Agustín (El Quemado),False
12001,0130,Pablo Galeana (Coacoyular),17.14282861111111,-99.69749805555556,591,43.0,False,43.0,0.0,12001,Pablo Galeana (Coacoyular),False
12001,0131,Las Parotas,16.911674166666664,-99.62507249999999,356,14.0,False,14.0,6.684512357842673,12001,Agua Zarca de la Peña,False
12001,0132,Parotillas,16.876523055555555,-99.61945805555555,398,27.0,False,27.0,4.399207460331975,12001,Aguas Calientes,False
12001,0135,El Pelillo,16.992576111111113,-99.86968138888888,195,4.0,False,4.0,5.099966241002101,12001,Texca,False
12001,0137,Piedra Imán,17.077180277777778,-99.78376666666666,988,57.0,False,57.0,0.0,12001,Piedra Imán,False
12001,0140,Playones de San Isidro,16.895538055555555,-99.75954027777777,470,25.0,False,25.0,3.587521845085864,12001,Las Plazuelas,False
12001,0141,Las Plazuelas,16.87509638888889,-99.78562611111111,891,40.0,False,40.0,0.0,12001,Las Plazuelas,False
12001,0142,Pochotlaxco,16.947418333333335,-99.64044722222224,39,4.0,False,4.0,4.516422793035566,12001,Agua Zarca de la Peña,False
12001,0143,La Providencia,17.094628055555553,-99.8156475,989,72.0,False,72.0,3.904630702729118,12001,Piedra Imán,False
12001,0144,Pueblo Madero (El Playón),17.125993333333334,-99.67256166666667,1002,56.0,False,56.0,3.244296175108927,12001,Pablo Galeana (Coacoyular),False
12001,0145,Pueblo Nuevo,16.88972083333333,-99.91341083333334,15,1.0,False,1.0,4.213917516531048,12001,Acapulco de Juárez,False
12001,0147,El Rincón,16.863906944444444,-99.64332944444445,477,29.0,False,29.0,2.3985778733872865,12001,Aguas Calientes,False
12001,0149,Sabanillas,16.999749166666668,-99.70321972222223,1861,105.0,False,105.0,0.0,12001,Sabanillas,False
12001,0150,Salsipuedes,16.835775833333333,-99.63061888888888,459,35.0,False,35.0,1.2951509581415013,12001,Aguas Calientes,False
12001,0151,El Salto,16.864753611111112,-99.76539083333333,1385,74.0,False,74.0,2.4411171407461776,12001,Las Plazuelas,False
12001,0152,San Antonio,16.80126,-99.65729472222223,1081,64.0,False,64.0,1.907909729482134,12001,San Pedro Cacahuatepec (Vereda de Amatillo),False
12001,0153,San Isidro Gallinero (El Gallinero),16.88138888888889,-99.71416666666667,2709,184.0,False,184.0,6.34016912520666,12001,El Bejuco,False
12001,0154,San José Cacahuatepec,16.930094444444446,-99.68583166666667,200,11.0,False,11.0,7.9629724954441645,12001,Sabanillas,False
12001,0155,Lomas de San Juan,16.98474638888889,-99.8038786111111,2161,120.0,False,120.0,2.705765993596603,12001,Kilómetro 30,False
12001,0156,San Martín el Jovero,17.1041375,-99.59336277777777,216,13.0,False,13.0,3.1596637350155,12001,Agua del Perro,False
12001,0157,San Pedro Cacahuatepec (Vereda de Amatillo),16.814820277777777,-99.66827694444444,1552,85.0,False,85.0,0.0,12001,San Pedro Cacahuatepec (Vereda de Amatillo),False
12001,0158,San Pedro las Playas,16.82251527777778,-99.73013805555556,4430,262.0,False,262.0,2.542553441229098,12001,El Bejuco,False
12001,0160,La Sierrita,17.056932500000002,-99.73973416666666,308,14.0,False,14.0,5.19391756792447,12001,Piedra Imán,False
12001,0161,San José Tasajeras,17.0652025,-99.85418805555555,391,19.0,False,19.0,6.078423348009558,12021,Platanillo,True
12001,0162,Teniente José Azueta (Río Papagayo),16.776208333333333,-99.60599666666666,199,20.0,False,20.0,2.485319001890412,12001,Cerro de Piedra,False
12001,0163,La Testaruda,16.88857833333333,-99.78506277777778,374,22.0,False,22.0,1.5003216616781232,12001,Las Plazuelas,False
12001,0164,Texca,17.01154027777778,-99.82601194444445,2314,119.0,False,119.0,0.0,12001,Texca,False
12001,0165,Las Tortolitas,17.117365833333334,-99.7027413888889,454,26.0,False,26.0,2.3352289761950615,12001,Xaltianguis,False
12001,0166,Tres Palos,16.830545277777777,-99.77885555555555,5668,301.0,False,301.0,0.0,12001,Tres Palos,False
12001,0167,Tuncingo,16.851131111111112,-99.79137138888889,2805,173.0,False,173.0,2.648388293345123,12001,Tres Palos,False
12001,0169,El Veladero (Veladero Morelos),16.92986666666667,-99.88469500000001,657,49.0,False,49.0,6.522287805028715,12001,Los Órganos de San Agustín (El Quemado),False
12001,0171,Venta Vieja,17.099943055555553,-99.56281944444444,247,5.0,False,5.0,0.498178293393356,12001,Agua del Perro,False
12001,0173,Xaltianguis,17.099552777777777,-99.71438055555556,6564,363.0,False,363.0,0.0,12001,Xaltianguis,False
12001,0174,Xolapa,17.160555555555554,-99.61416666666666,978,59.0,False,59.0,0.0,12001,Xolapa,False
12001,0177,El Zapote,16.9904875,-99.84952722222222,337,20.0,False,20.0,3.425298054532024,12001,Texca,False
12001,0193,El Embarcadero (Las Totolas),16.85135277777778,-99.64957277777778,63,7.0,False,7.0,1.3747419646807915,12001,Aguas Calientes,False
12001,0197,Kilómetro 22,16.96342027777778,-99.80753138888889,416,25.0,False,25.0,2.3999780721515953,12001,Los Órganos de Juan R. Escudero,False
12001,0208,Paraje de la Zorra,17.129969444444445,-99.65119861111111,65,1.0,False,1.0,5.1232899965854415,12001,Pablo Galeana (Coacoyular),False
12001,0214,Puente de Fierro,17.121015833333335,-99.69415388888889,94,9.0,False,9.0,2.4513634710554575,12001,Pablo Galeana (Coacoyular),False
12001,0219,Paso Texca,16.979551388888886,-99.81343249999999,400,21.0,False,21.0,3.800218274706467,12001,Texca,False
12001,0242,Bella Vista Papagayo,16.77401722222222,-99.60088555555555,690,42.0,False,42.0,3.038617963433011,12001,Cerro de Piedra,False
12001,0293,Villa Guerrero,16.928666111111113,-99.82563194444444,242,17.0,False,17.0,0.7215759888508845,12001,Los Órganos de San Agustín (El Quemado),False
12001,0297,El Arenal,16.79004805555556,-99.71213138888889,1039,53.0,False,53.0,3.919093778698562,12001,El Bejuco,False
12001,0329,El Zoyamichal,17.194858333333332,-99.68644527777778,18,0.0,False,0.0,5.903404499136963,12001,Pablo Galeana (Coacoyular),False
12001,0332,Las Mariquitas (Atascadero),17.146009166666666,-99.79933638888889,1,,True,0.050909095573691006,7.8302432599937415,12001,Piedra Imán,False
12001,0338,Las Joyas,17.015221944444445,-99.7438925,444,26.0,False,26.0,4.540187041628849,12001,Kilómetro 30,False
12001,0343,Las Chanecas,16.821129444444445,-99.68813861111111,567,41.0,False,41.0,1.9849291705744718,12001,El Bejuco,False
12001,0349,San Andrés Playa Encantada (El Podrido),16.692127222222222,-99.63382722222222,1398,79.0,False,79.0,3.6195876996168406,12001,Lomas de Chapultepec,False
12001,0351,Candelilla (Las Palmitas),16.783193055555554,-99.70723333333333,301,23.0,False,23.0,4.63405188297602,12001,El Bejuco,False
12001,0353,Cabeza de Tigre,16.85526138888889,-99.58495111111111,49,2.0,False,2.0,6.085272869074866,12001,Aguas Calientes,False
12001,0354,Cacahuate,16.72412,-99.70434416666667,41,2.0,False,2.0,9.860645653932973,12001,Cerro de Piedra,False
12001,0355,Tasajeras,16.81046138888889,-99.6171711111111,746,54.0,False,54.0,4.030616102087063,12001,Cerro de Piedra,False
12001,0360,Banco de Oro,16.888024166666668,-99.79630277777778,10,,True,0.5090909557369101,1.8322073133362649,12001,Las Plazuelas,False
12001,0366,La Calera Dos,16.99667861111111,-99.76835361111111,25,0.0,False,0.0,1.5427609915736924,12001,Kilómetro 30,False
12001,0371,Los Coyotes,16.903371666666665,-99.76243194444444,223,19.0,False,19.0,3.9969191022831896,12001,Las Plazuelas,False
12001,0377,10 de Abril,16.82908722222222,-99.74085222222223,879,41.0,False,41.0,3.6994406990597746,12001,El Bejuco,False
12001,0387,La Hacienda (La Hacienda de Papagayo),16.74487888888889,-99.62604138888888,1,,True,0.050909095573691006,3.4934172168822037,12001,Cerro de Piedra,False
12001,0388,La Herradura,16.885383333333333,-99.79693444444445,2,,True,0.10181819114738201,1.660186920837175,12001,Las Plazuelas,False
12001,0390,Paraíso de la Laguna,16.805813611111112,-99.71564388888889,25,2.0,False,2.0,2.3363461410152797,12001,El Bejuco,False
12001,0393,Kilómetro Treinta y Dos (Colonia la Unión),17.00896527777778,-99.7811775,180,10.0,False,10.0,1.1957242009155904,12001,Kilómetro 30,False
12001,0394,Kilómetro Treinta y Tres,17.019839166666667,-99.78974,164,9.0,False,9.0,2.505401482995533,12001,Kilómetro 30,False
12001,0395,Kilómetro Treinta y Cinco,17.030560833333332,-99.79735666666666,18,1.0,False,1.0,3.708891602457375,12001,Texca,False
12001,0398,Los Limones,16.880382222222224,-99.75435916666666,69,7.0,False,7.0,3.378489796653298,12001,Las Plazuelas,False
12001,0400,El Limón,17.139098055555554,-99.64881000000001,16,1.0,False,1.0,4.386540347423931,12001,Xolapa,False
12001,0408,El Manglito,16.71959111111111,-99.68886027777778,7,,True,0.35636366901583705,8.437653458331875,12001,Lomas de Chapultepec,False
12001,0409,Los Mayos,16.95277638888889,-99.61464194444444,22,1.0,False,1.0,2.0639329017895447,12001,Agua Zarca de la Peña,False
12001,0411,Nicolás Bravo (Zanja del Teniente),16.834515555555555,-99.7459975,675,38.0,False,38.0,3.52486508002313,12001,Tres Palos,False
12001,0416,El Ranchito (Las Palmitas),16.828835277777777,-99.65090500000001,433,24.0,False,24.0,1.8766947016267945,12001,Aguas Calientes,False
12001,0431,El Podrido,16.7071825,-99.67192805555555,77,3.0,False,3.0,6.678542991168441,12001,Lomas de Chapultepec,False
12001,0432,Poza Verde (Pozo Verde),16.883873055555554,-99.81092416666667,3,,True,0.15272728672107302,2.863273979079143,12001,Las Plazuelas,False
12001,0433,Punta de Casa,16.744340277777777,-99.65675250000001,20,0.0,False,0.0,4.584566485787145,12001,Cerro de Piedra,False
12001,0436,El Salitre,17.13786361111111,-99.64154055555557,38,3.0,False,3.0,3.850468676577655,12001,Xolapa,False
12001,0446,Varadero de Tres Palos,16.809927222222225,-99.75934027777778,59,5.0,False,5.0,3.093658198483846,12001,Tres Palos,False
12001,0448,La Vista Alegre,16.814913333333333,-99.62395972222221,211,11.0,False,11.0,3.5397047557547365,12001,Aguas Calientes,False
12001,0454,Colonia Mangos (El Quemado),16.928392222222225,-99.82090833333334,574,33.0,False,33.0,0.7740335768611593,12001,Los Órganos de San Agustín (El Quemado),False
12001,0456,El Potrero,17.086568888888888,-99.67081972222223,4,,True,0.20363638229476402,3.2234327804350036,12001,Las Marías,False
12001,0457,Rascasola,16.99743972222222,-99.77368083333333,13,0.0,False,0.0,0.9703920956363871,12001,Kilómetro 30,False
12001,0458,El Mango Solo (Las Tranquillas),17.08769388888889,-99.698255,6,,True,0.30545457344214605,2.1624500962858137,12001,Xaltianguis,False
12001,0459,Vista Hermosa,16.85979027777778,-99.83380972222221,532,25.0,False,25.0,5.4023712791891185,12001,Las Plazuelas,False
12001,0464,Arroyo Verde,16.93028638888889,-99.67229611111111,48,3.0,False,3.0,8.394981444039763,12001,Sabanillas,False
12001,0467,Josefina de la O,16.88606638888889,-99.79188805555556,47,1.0,False,1.0,1.3899211188690688,12001,Las Plazuelas,False
12001,0470,El Paraíso,16.884084166666668,-99.80873138888889,10,,True,0.5090909557369101,2.653868945432314,12001,Las Plazuelas,False
12001,0474,El Chorro (La Cascada),17.15198694444444,-99.62504166666666,18,2.0,False,2.0,1.4976108552998348,12001,Xolapa,False
12001,0475,Fabián Calixto,16.887060833333333,-99.79213888888889,39,2.0,False,2.0,1.5000500130571084,12001,Las Plazuelas,False
12001,0476,Jesús Hernández,16.886023055555555,-99.79118388888888,22,1.0,False,1.0,1.3512650428454656,12001,Las Plazuelas,False
12001,0477,Laguna la Testaruda,16.8916025,-99.79495,11,,True,0.560000051310601,2.0863617038921216,12001,Las Plazuelas,False
12001,0478,Nueva Frontera,16.88803888888889,-99.81596083333334,998,59.0,False,59.0,3.5340130701314156,12001,Las Plazuelas,False
12001,0479,Las Marcelas,16.876984722222222,-99.76345,19,1.0,False,1.0,2.3690021455647297,12001,Las Plazuelas,False
12001,0487,El Zapote (Kilómetro Trece),16.962245555555555,-99.73696666666667,5,,True,0.25454547786845505,5.5018878340561574,12001,Sabanillas,False
12001,0490,Los Triángulos [Granjas],17.102724444444444,-99.80618222222222,3,,True,0.15272728672107302,3.7072608433628815,12001,Piedra Imán,False
12001,0491,Agua Zarca de la Peña,16.96832222222222,-99.60403916666667,580,30.0,False,30.0,0.0,12001,Agua Zarca de la Peña,False
12001,0492,Ángel Castro,16.944266666666667,-99.84421027777778,7,0.0,False,0.0,2.428849975048845,12001,Los Órganos de San Agustín (El Quemado),False
12001,0493,La Arena,16.76236611111111,-99.58743666666666,191,14.0,False,14.0,4.716864728881649,12001,Cerro de Piedra,False
12001,0494,Colonia el Puente de Texca,16.98522,-99.82041583333333,122,4.0,False,4.0,2.986566166397478,12001,Texca,False
12001,0496,El Jícaro,16.991815833333334,-99.85926972222222,1,,True,0.050909095573691006,4.161374596496489,12001,Texca,False
12001,0497,El Mamey,16.979932499999997,-99.8396125,4,,True,0.20363638229476402,3.800561458548627,12001,Texca,False
12001,0500,El Salto [Parque Industrial de Guerrero],16.851959444444446,-99.78033888888889,2,,True,0.10181819114738201,2.3863740179977864,12001,Tres Palos,False
12001,0502,Colonia Loma Larga (El Basurero),16.898660555555555,-99.86333833333333,791,55.0,False,55.0,4.77938240053373,12001,Acapulco de Juárez,False
12001,0503,Colonia Nueva Luz,16.896042777777776,-99.86815638888888,618,35.0,False,35.0,4.274938908377645,12001,Acapulco de Juárez,False
12001,0504,Colonia Praderas de Guadalupe,16.891980277777776,-99.86415333333333,481,19.0,False,19.0,4.11040121492217,12001,Acapulco de Juárez,False
12001,0507,Colonia Donaciano Rivera,16.891618333333334,-99.81628583333332,448,28.0,False,28.0,3.743994714277363,12001,Las Plazuelas,False
12001,0528,Huerta los Reyes,16.743531944444445,-99.73794388888889,2,,True,0.10181819114738201,9.647527195942043,12001,El Bejuco,False
12001,0529,Rancho Santo Domingo,16.739846944444444,-99.73329083333334,3,,True,0.15272728672107302,9.877741892991656,12001,El Bejuco,False
12001,0530,Varadero del Plan de los Amates,16.75078583333333,-99.72276916666667,2,,True,0.10181819114738201,8.419522869007174,12001,El Bejuco,False
12001,0543,Rancho Jesús Espinoza Palma,16.866275555555557,-99.80369027777778,1,,True,0.050909095573691006,2.157977973258451,12001,Las Plazuelas,False
12001,0557,La Casa del Anciano,16.813626666666668,-99.72165861111111,7,,True,0.35636366901583705,2.050923755328355,12001,El Bejuco,False
12001,0560,Colonia Independencia,16.891286944444445,-99.80910166666666,89,5.0,False,5.0,3.079022087538629,12001,Las Plazuelas,False
12001,0561,Colonia Dieciséis de Noviembre,16.888968333333334,-99.80888916666666,213,10.0,False,10.0,2.9165348441671433,12001,Las Plazuelas,False
12001,0562,Colonia Ladrillera (La Pilastra),16.88221777777778,-99.8142911111111,77,2.0,False,2.0,3.151210172422997,12001,Las Plazuelas,False
12001,0563,Colonia la Esperanza,16.879510833333335,-99.80315,31,1.0,False,1.0,1.9281675532996765,12001,Las Plazuelas,False
12001,0566,Colonia Miguel Terrazas Rivera,16.88654361111111,-99.81287805555556,625,23.0,False,23.0,3.166780651957464,12001,Las Plazuelas,False
12001,0568,Colonia Nueva Generación,16.885258333333333,-99.81735777777777,1012,80.0,False,80.0,3.5604377842840513,12001,Las Plazuelas,False
12001,0570,Colonia Rubén Figueroa Alcocer,16.88909472222222,-99.81081444444445,238,10.0,False,10.0,3.0993271079615945,12001,Las Plazuelas,False
12001,0573,Colonia Vista Hermosa de las Flores,16.831213333333334,-99.7625411111111,105,11.0,False,11.0,1.7379628885907779,12001,Tres Palos,False
12001,0574,Colonia la Frontera Aguacatillo,16.956466666666667,-99.80227166666667,784,39.0,False,39.0,1.7955260504833228,12001,Los Órganos de Juan R. Escudero,False
12001,0582,Colonia Monte Sinaí,16.817412222222224,-99.67871611111111,104,4.0,False,4.0,1.1479151699022492,12001,San Pedro Cacahuatepec (Vereda de Amatillo),False
12001,0586,Rancho Juan Muñoz,16.879783888888888,-99.80897555555555,6,,True,0.30545457344214605,2.538595559058991,12001,Las Plazuelas,False
12001,0587,Rancho las Marías,16.908865277777775,-99.62740694444443,254,14.0,False,14.0,7.063136997700758,12001,Agua Zarca de la Peña,False
12001,0594,Huerta Mario Salazar,16.872588888888888,-99.79033777777778,2,,True,0.10181819114738201,0.5736724776617516,12001,Las Plazuelas,False
12001,0596,Huerta Ricardo Mendoza,16.889459444444444,-99.80705833333333,146,8.0,False,8.0,2.784092485259381,12001,Las Plazuelas,False
12001,0600,Colonia Carlos Cienfuegos,16.939478055555554,-99.78611583333333,5,,True,0.25454547786845505,2.514978975694798,12001,Los Órganos de Juan R. Escudero,False
12001,0601,Jorge Campos [Campo de Fut-Bol],16.73469111111111,-99.73350111111111,6,,True,0.30545457344214605,10.433904131018636,12001,El Bejuco,False
12001,0603,Los Campos Manzo,16.880370833333334,-99.81180944444444,4,,True,0.20363638229476402,2.8471093515319392,12001,Las Plazuelas,False
12001,0604,El Cerrito (Colonia el Cerrito),16.898476388888888,-99.54706527777778,163,7.0,False,7.0,9.851328432290146,12001,Agua Zarca de la Peña,False
12001,0605,Colonia Acapulco Dos Mil,16.89281861111111,-99.81094305555555,185,20.0,False,20.0,3.337625640011235,12001,Las Plazuelas,False
12001,0607,Colonia Ángel Heladio Aguirre Rivero,16.884216666666667,-99.80004277777778,191,12.0,False,12.0,1.838912156628657,12001,Las Plazuelas,False
12001,0608,Colonia Mariano Molina,16.878840555555556,-99.80239972222222,80,10.0,False,10.0,1.832724114741304,12001,Las Plazuelas,False
12001,0609,Colonia Seis de Agosto,16.901788888888888,-99.57740722222222,186,10.0,False,10.0,7.922016332526874,12001,Agua Zarca de la Peña,False
12001,0613,El Uno [Huerta],16.818449166666667,-99.71857,1,,True,0.050909095573691006,1.480786027271513,12001,El Bejuco,False
12001,0614,Huerta Francisca Dimayuga Mendoza,16.87876138888889,-99.81112666666667,29,2.0,False,2.0,2.7438405767573144,12001,Las Plazuelas,False
12001,0615,Huerta Gilberto Zequeida Viviano,16.879309166666665,-99.80998638888889,3,,True,0.15272728672107302,2.6340598089867555,12001,Las Plazuelas,False
12001,0618,Maguey Uno,16.865055277777778,-99.78807666666667,13,2.0,False,2.0,1.146566849367267,12001,Las Plazuelas,False
12001,0619,El Puente (Los Tepetates),16.914363888888886,-99.78431333333333,2,,True,0.10181819114738201,4.0795111447926375,12001,Los Órganos de Juan R. Escudero,False
12001,0620,Rancho Don Arnulfo,16.882046666666668,-99.81140944444444,2,,True,0.10181819114738201,2.8502488935519903,12001,Las Plazuelas,False
12001,0621,Rancho Eusebio Sequeida Ozuna,16.880054444444443,-99.8101725,12,,True,0.6109091468842921,2.6694207565446275,12001,Las Plazuelas,False
12001,0628,Rancho el Capricho,17.121696944444444,-99.83692416666666,7,,True,0.35636366901583705,7.5113451749296045,12001,Piedra Imán,False
12001,0658,Colonia Alborada,16.880614444444443,-99.81448472222222,1031,56.0,False,56.0,3.13141106285494,12001,Las Plazuelas,False
12001,0663,Tunzingo [Unidad Habitacional],16.838713888888886,-99.78260972222222,376,17.0,False,17.0,0.9923041235021947,12001,Tres Palos,False
12001,0667,Arroyo Muerto,17.079796666666667,-99.79765527777778,12,,True,0.6109091468842921,1.5046369566939035,12001,Piedra Imán,False
12001,0674,Granjas de Campo Rojo,17.1214675,-99.82553638888888,4,,True,0.20363638229476402,6.630082807483449,12001,Piedra Imán,False
12001,0680,Rancho Alfonso Catalán,17.129427222222223,-99.84500305555555,3,,True,0.15272728672107302,8.723879288133684,12001,Piedra Imán,False
12001,0681,Rancho Campo Rojo,17.110556111111112,-99.81322888888889,6,,True,0.30545457344214605,4.85575906152883,12001,Piedra Imán,False
12001,0687,Huerta Marcelino Flores Bailón,16.832252222222223,-99.78248194444444,12,1.0,False,1.0,0.4301068526139924,12001,Tres Palos,False
12001,0691,El Rincón,17.09577722222222,-99.67831166666667,4,,True,0.20363638229476402,3.856345738377326,12001,Xaltianguis,False
12001,0694,Rancho el Tamarindillo,16.796554166666667,-99.573905,2,,True,0.10181819114738201,6.323181152076944,12001,Cerro de Piedra,False
12001,0695,El Progreso de Cacahuatepec,16.806836944444445,-99.54527999999999,299,29.0,False,29.0,5.751102698282633,12053,El Cortés,True
12001,0696,Colonia Nueva de San Rafael,16.708200277777777,-99.61670444444444,36,1.0,False,1.0,1.0665110024169482,12001,Lomas de Chapultepec,False
12001,0697,Colonia Democrática,16.89088222222222,-99.81246638888888,359,22.0,False,22.0,3.3521767101436333,12001,Las Plazuelas,False
12001,0699,Lucio Cabañas [Campamento Popular],16.928739444444446,-99.80262527777778,407,22.0,False,22.0,1.6446115176248173,12001,Los Órganos de Juan R. Escudero,False
12001,0700,Colonia San Isidro del Progreso,16.81573416666667,-99.70904722222222,141,13.0,False,13.0,1.053829871969308,12001,El Bejuco,False
12001,0705,Convento Monte San Alfonso,16.911905277777777,-99.94493472222223,21,2.0,False,2.0,6.168844065887242,12021,Bajos del Ejido,True
12001,0706,Fraccionamiento Campestre de la Laguna,16.796111111111113,-99.78361111111111,557,25.0,False,25.0,3.8622192990567417,12001,Tres Palos,False
12001,0707,Residencial Paraíso Diamante,16.825934166666666,-99.74439444444444,35,1.0,False,1.0,3.7034716189226793,12001,Tres Palos,False
12001,0710,San José,17.083909444444444,-99.71110333333334,269,15.0,False,15.0,1.7739907039163045,12001,Xaltianguis,False
12001,0712,Paseo de la Laguna,16.895544722222223,-99.80209333333333,18,3.0,False,3.0,2.870523367380863,12001,Las Plazuelas,False
12001,0713,Colonia Manuel Añorve Baños,16.887314444444446,-99.79628416666667,62,5.0,False,5.0,1.76969847133736,12001,Las Plazuelas,False
12001,0719,Joyas de San Agustín,16.926144444444446,-99.84455444444444,112,6.0,False,6.0,2.430230864090243,12001,Los Órganos de San Agustín (El Quemado),False
12001,0724,Lomas del Pedregal,16.993319166666666,-99.79583638888889,32,0.0,False,0.0,1.4975424016537981,12001,Kilómetro 30,False
12001,0725,La Huerta (Colonia el Palmar),16.875765555555557,-99.78931388888888,3,,True,0.15272728672107302,0.3993964869351631,12001,Las Plazuelas,False
12001,0726,Huerta la Bugambilia,16.874241666666666,-99.78786138888889,6,,True,0.30545457344214605,0.25613491567400126,12001,Las Plazuelas,False
12001,0727,Huerta David Jiménez,16.872543611111112,-99.79152027777778,1,,True,0.050909095573691006,0.6884286029976683,12001,Las Plazuelas,False
12001,0729,Huerta Medardo Olea Gerardo,16.8707575,-99.78902833333333,7,,True,0.35636366901583705,0.6031843189998286,12001,Las Plazuelas,False
12001,0730,Mirita de los Reyes,16.8797325,-99.80614722222222,77,4.0,False,4.0,2.2435880718191252,12001,Las Plazuelas,False
12001,0733,Huerta Ubaldo Muñoz,16.880874444444444,-99.8085386111111,7,,True,0.35636366901583705,2.5212468640540173,12001,Las Plazuelas,False
12001,0734,Colonia Guadalupe,16.881360555555556,-99.81120083333333,4,,True,0.20363638229476402,2.809010736525697,12001,Las Plazuelas,False
12001,0741,El Cajelito,16.950431666666667,-99.86338055555555,4,,True,0.20363638229476402,4.571734446658579,12001,Los Órganos de San Agustín (El Quemado),False
12001,0742,Ramón Pedroza,16.948071944444443,-99.85662138888888,5,,True,0.25454547786845505,3.8070895895599155,12001,Los Órganos de San Agustín (El Quemado),False
12001,0743,Palo Blanco (Los Sutter),16.94235972222222,-99.82950638888889,6,,True,0.30545457344214605,1.044060928645121,12001,Los Órganos de San Agustín (El Quemado),False
12001,0745,Loma de Chivería,16.91580472222222,-99.85853333333333,2,,True,0.10181819114738201,4.277398883993163,12001,Los Órganos de San Agustín (El Quemado),False
12001,0746,Marcelino Ocampo [Colonia],16.87444916666667,-99.78989138888889,69,4.0,False,4.0,0.45952611729534504,12001,Las Plazuelas,False
12001,0747,Amado Martínez Hernández [Huerta],16.832256944444445,-99.78411555555556,2,,True,0.10181819114738201,0.5912985135699318,12001,Tres Palos,False
12001,0748,Juana Martínez Morales [Huerta],16.834200277777775,-99.78398166666666,3,,True,0.15272728672107302,0.6803153468027183,12001,Tres Palos,False
12001,0751,Lomas de la Autopista,16.925989166666668,-99.80270722222222,40,3.0,False,3.0,1.9189691921367067,12001,Los Órganos de Juan R. Escudero,False
12001,0752,El Chino [Vivero],16.704384166666667,-99.65613861111112,44,1.0,False,1.0,5.08065852453735,12001,Lomas de Chapultepec,False
12001,0753,Paraíso Lomas de Chapultepec (El Plantón),16.68844916666667,-99.62081916666666,171,7.0,False,7.0,3.1904912418341964,12001,Lomas de Chapultepec,False
12001,0754,La Granja Escolar (La Cabaña),16.76504388888889,-99.68069694444445,2,,True,0.10181819114738201,5.605031001966048,12001,Cerro de Piedra,False
12001,0755,Arroyo Tamarindillo,16.76254388888889,-99.65444388888889,1,,True,0.050909095573691006,3.0703841253082644,12001,Cerro de Piedra,False
12001,0756,Mi Refugio (La Nopalera),16.788503611111114,-99.66176194444445,2,,True,0.10181819114738201,3.007335892842721,12001,San Pedro Cacahuatepec (Vereda de Amatillo),False
12001,0757,Huerta la Bonita (Punta Gorda),16.767464722222222,-99.70528083333333,3,,True,0.15272728672107302,6.383128095622591,12001,El Bejuco,False
12001,0758,13 de Diciembre,16.714425277777778,-99.68408694444445,19,2.0,False,2.0,7.915125321804758,12001,Lomas de Chapultepec,False
12002,0001,Ahuacuotzingo,17.714088888888888,-98.93490777777778,4072,256.0,False,256.0,0.0,12002,Ahuacuotzingo,False
12002,0002,Acateyahualco,17.76822222222222,-99.0267413888889,130,5.0,False,5.0,5.047553531281995,12002,Agua Zarca,False
12002,0003,Agua Zarca,17.728345555555553,-99.00396777777777,474,53.0,False,53.0,0.0,12002,Agua Zarca,False
12002,0004,Ajuatetla,17.78115083333333,-99.07423,484,31.0,False,31.0,3.927447367104933,12002,Santa Catarina (Santa Catarina las Joyas),False
12002,0005,Alpuyecancingo de las Montañas,17.671288333333333,-98.85114527777777,2061,148.0,False,148.0,0.0,12002,Alpuyecancingo de las Montañas,False
12002,0006,Chachayaco,17.7548075,-98.9204825,55,5.0,False,5.0,4.778518988238835,12002,Ahuacuotzingo,False
12002,0008,Lagunillas,17.796220833333336,-98.92273222222222,264,21.0,False,21.0,3.010744481699408,12002,Tecolcuautla,False
12002,0009,Mazapa,17.764881111111112,-99.03433305555555,141,11.0,False,11.0,5.181291186765071,12002,Agua Zarca,False
12002,0010,Mitlancingo,17.831425,-98.98025833333334,769,38.0,False,38.0,5.82059321438095,12002,Tecolcuautla,False
12002,0011,Oxtotitlán,17.673419444444445,-99.02646277777778,1269,74.0,False,74.0,0.0,12002,Oxtotitlán,False
12002,0012,Oxtoyahualco,17.715713333333333,-98.9677275,623,39.0,False,39.0,1.6593526321090364,12002,Xocoyolzintla,False
12002,0013,Pochutla,17.6610975,-98.897795,1234,66.0,False,66.0,0.0,12002,Pochutla,False
12002,0014,Rincón de Cozahuapa,17.82953611111111,-98.94983583333334,572,34.0,False,34.0,4.634268739747259,12002,Tecolcuautla,False
12002,0015,Rincón Peñitas,17.731575,-98.9480825,324,18.0,False,18.0,2.3932828316544095,12002,Ahuacuotzingo,False
12002,0016,San Juan (Las Joyas),17.819929444444444,-99.06780972222222,783,41.0,False,41.0,8.192602734636182,12002,Santa Catarina (Santa Catarina las Joyas),False
12002,0017,San Miguel Ahuelican,17.626204166666668,-98.88615472222223,146,6.0,False,6.0,4.071303397336732,12002,Pochutla,False
12002,0018,Santa Catarina (Santa Catarina las Joyas),17.749624444444446,-99.09095277777777,670,76.0,False,76.0,0.0,12002,Santa Catarina (Santa Catarina las Joyas),False
12002,0019,Tecaxitla,17.778544999999998,-98.85304749999999,42,6.0,False,6.0,4.609638752128303,12002,Tecozajca (Tepehuaje),False
12002,0020,Tecoanapa,17.675075,-99.04410194444445,993,73.0,False,73.0,0.0,12002,Tecoanapa,False
12002,0021,Tecolcuautla,17.787859166666667,-98.94977861111111,1200,57.0,False,57.0,0.0,12002,Tecolcuautla,False
12002,0022,Tecozajca (Tepehuaje),17.816398333333336,-98.87079916666666,985,77.0,False,77.0,0.0,12002,Tecozajca (Tepehuaje),False
12002,0023,Tenanzintitlán (La Hacienda),17.76286111111111,-98.9946638888889,235,15.0,False,15.0,3.962417565353335,12002,Agua Zarca,False
12002,0024,Tepetlatipa,17.806914722222224,-99.02465444444444,542,27.0,False,27.0,8.205656916471792,12002,Tecolcuautla,False
12002,0025,Tepoxtlán,17.767083055555556,-98.97384972222223,462,24.0,False,24.0,3.4399535720828616,12002,Tecolcuautla,False
12002,0026,Tlalcomulco,17.708545833333332,-99.04114305555555,507,41.0,False,41.0,3.7349631877903304,12002,Tecoanapa,False
12002,0027,Tlaquilcingo,17.86269916666667,-98.91864805555556,257,15.0,False,15.0,7.222029520297922,12002,Tecozajca (Tepehuaje),False
12002,0028,Totolzintla,17.773074444444443,-99.02018027777778,42,3.0,False,3.0,5.261632230116417,12002,Agua Zarca,False
12002,0029,Trapiche Viejo,17.71643611111111,-99.01633611111112,488,32.0,False,32.0,1.8627570172540548,12002,Agua Zarca,False
12002,0030,Xitopontla,17.712150555555557,-98.84240555555554,537,53.0,False,53.0,0.0,12002,Xitopontla,False
12002,0031,Xocoyolzintla,17.712894166666665,-98.98311111111111,1348,76.0,False,76.0,0.0,12002,Xocoyolzintla,False
12002,0033,Yupitepec,17.665419166666666,-98.93102888888889,158,9.0,False,9.0,3.55386223931079,12002,Pochutla,False
12002,0034,Zompazolco,17.81841861111111,-98.92699694444445,287,22.0,False,22.0,4.167016568397508,12002,Tecolcuautla,False
12002,0036,Chinantla,17.78704111111111,-99.00191444444444,7,,True,0.4532434040864908,5.520860204862252,12002,Tecolcuautla,False
12002,0038,El Huamúchil,17.74707666666667,-98.94285583333334,132,10.0,False,10.0,3.7634286944642463,12002,Ahuacuotzingo,False
12002,0040,Tenextepantla,17.710306944444444,-99.02389805555555,4,,True,0.25899623090656615,2.9119756425959276,12002,Agua Zarca,False
12002,0041,Yerbabuena,17.745600555555555,-99.01346194444444,136,10.0,False,10.0,2.1661855745083236,12002,Agua Zarca,False
12002,0050,El Carrizo,17.720375555555552,-98.82622416666666,118,8.0,False,8.0,1.9427051353594502,12002,Xitopontla,False
12002,0055,Loma Alta,17.834779722222223,-98.88779361111112,6,,True,0.38849434635984925,2.7228506099740915,12002,Tecozajca (Tepehuaje),False
12002,0056,Las Jícaras (El Mirador),17.835915277777776,-98.8830111111111,83,4.0,False,4.0,2.5260265764849095,12002,Tecozajca (Tepehuaje),False
12002,0058,El Naranjo,17.798060000000003,-98.86578361111111,24,4.0,False,4.0,2.107129539607423,12002,Tecozajca (Tepehuaje),False
12002,0062,El Planchado,17.82964361111111,-98.91095111111112,12,0.0,False,0.0,4.498355325865051,12002,Tecozajca (Tepehuaje),False
12002,0069,Piteczintla,17.729887499999997,-98.79258416666667,117,4.0,False,4.0,5.633534886427117,12002,Xitopontla,False
12002,0070,Tierra Blanca,17.707696666666667,-98.91993833333333,4,,True,0.25899623090656615,1.7376555045243296,12002,Ahuacuotzingo,False
12002,0072,Tlalixtaquilla,17.6866175,-98.81166972222222,36,3.0,False,3.0,4.319905933247738,12002,Xitopontla,False
12002,0075,Zacualpa,17.692516666666666,-98.81808194444444,350,29.0,False,29.0,3.377151140308418,12002,Xitopontla,False
12002,0076,Xumiltepec,17.71330611111111,-98.8622736111111,179,8.0,False,8.0,2.1084151262253084,12002,Xitopontla,False
12002,0077,Buena Vista,17.69718888888889,-98.86461555555555,52,3.0,False,3.0,2.8814616005269404,12002,Xitopontla,False
12002,0078,Tlaxintle Morado,17.84115583333333,-98.92579111111111,14,,True,0.9064868081729816,6.4392909952500395,12002,Tecozajca (Tepehuaje),False
12002,0079,Lambederos,17.800146944444446,-98.87678249999999,64,6.0,False,6.0,1.9148766785255102,12002,Tecozajca (Tepehuaje),False
12002,0080,Mazatlán (San José),17.704641388888888,-98.81534916666666,54,5.0,False,5.0,2.9851352964315208,12002,Xitopontla,False
12002,0081,Motuapa,17.743110555555557,-99.03841722222222,58,2.0,False,2.0,4.0009172543102265,12002,Agua Zarca,False
12002,0083,Tlalchichilco,17.702314444444443,-98.85364916666666,107,5.0,False,5.0,1.6170088658137283,12002,Xitopontla,False
12002,0084,Tlalixtac,17.70983222222222,-98.84960944444444,84,8.0,False,8.0,0.8054370612407241,12002,Xitopontla,False
12002,0085,Zapotitlán,17.70100638888889,-98.84367916666666,10,0.0,False,0.0,1.2464970560293493,12002,Xitopontla,False
12002,0086,Tsonteconcuicuilco,17.710939166666666,-98.82735055555555,49,3.0,False,3.0,1.600369298169704,12002,Xitopontla,False
12002,0090,Costliapa,17.67728166666667,-98.91471750000001,1,,True,0.06474905772664154,2.5403024872143836,12002,Pochutla,False
12002,0093,La Tabernita,17.733701944444444,-99.04212666666666,15,0.0,False,0.0,4.08516653518293,12002,Agua Zarca,False
12002,0094,Paredones,17.84549694444444,-98.90157583333334,18,0.0,False,0.0,4.59158109214435,12002,Tecozajca (Tepehuaje),False
12002,0096,Santa Rosa,17.72196194444444,-98.77476638888889,124,1.0,False,1.0,4.540281317974648,12024,Nuevo Paraíso,True
12002,0100,Azaucla,17.75275472222222,-98.94643027777778,24,0.0,False,0.0,3.9195052992011066,12002,Tecolcuautla,False
12002,0107,Loma Bonita,17.681673333333336,-98.81632694444444,141,9.0,False,9.0,3.865348796123923,12002,Alpuyecancingo de las Montañas,False
12002,0110,Pangomolijca,17.72503833333333,-99.0216136111111,2,,True,0.12949811545328307,1.9048010191329956,12002,Agua Zarca,False
12002,0114,San Antonio (Tecomatlán),17.729824722222222,-99.01174722222223,9,,True,0.5827415195397738,0.8402075131607856,12002,Agua Zarca,False
12002,0115,El Tezoquite,17.706554166666667,-99.05113888888889,52,5.0,False,5.0,3.578825275159749,12002,Tecoanapa,False
12002,0119,Zumatzin,17.755010833333333,-98.93773916666667,8,,True,0.5179924618131323,3.8686533589033973,12002,Tecolcuautla,False
12002,0121,Azizintla (Las Juntas),17.89725222222222,-99.02126083333333,4,,True,0.25899623090656615,8.103331064819223,12019,San Francisco Oztutla,True
12002,0122,Castocapa,17.705796666666664,-98.93163694444445,54,6.0,False,6.0,0.9849969618386336,12002,Ahuacuotzingo,False
12002,0126,La Loma de Rancho Viejo (Loma Tamalajayo),17.722380833333332,-98.90980333333334,2,,True,0.12949811545328307,2.8143893600665066,12002,Ahuacuotzingo,False
12002,0128,Quimixtepec,17.739362222222223,-98.88760805555556,9,,True,0.5827415195397738,5.663672730255037,12002,Xitopontla,False
12002,0130,Tlalxocotitlán,17.72065361111111,-98.79855916666666,59,3.0,False,3.0,4.739539292506474,12002,Xitopontla,False
12002,0144,El Terrero,17.683017222222222,-98.82464722222223,12,,True,0.7769886927196985,3.095480133875377,12002,Alpuyecancingo de las Montañas,False
12002,0147,Ocotepec,17.70796888888889,-98.805915,104,5.0,False,5.0,3.8931362767373963,12002,Xitopontla,False
12002,0148,San Andrés,17.70269611111111,-98.75944055555556,120,7.0,False,7.0,1.8660095636290355,12024,Nuevo Paraíso,True
12002,0149,San Francisco,17.688273055555555,-98.77720555555555,60,2.0,False,2.0,3.2427818672457893,12024,Nuevo Paraíso,True
12002,0150,El Terrero,17.775361944444445,-99.0153175,8,,True,0.5179924618131323,5.3643711702812835,12002,Agua Zarca,False
12002,0151,Vista Hermosa Tlaquilcingo,17.85929888888889,-98.92037277777779,45,5.0,False,5.0,7.091585001211371,12002,Tecozajca (Tepehuaje),False
12002,0154,Los Amates (La Pochotera),17.820925,-98.93733861111112,12,,True,0.7769886927196985,3.9055140165935653,12002,Tecolcuautla,False
12002,0157,La Lobera,17.85609638888889,-98.86765944444444,2,,True,0.12949811545328307,2.416247600801164,12045,Teticic,True
12002,0160,El Papayo (Rancho Francisca Nava),17.829032777777776,-98.88202777777776,11,,True,0.7122396349930569,1.8402659285218796,12002,Tecozajca (Tepehuaje),False
12002,0161,El Aguacate,17.798437777777778,-98.84577499999999,4,,True,0.25899623090656615,3.3176814879597756,12002,Tecozajca (Tepehuaje),False
12002,0164,Almolonga,17.707616388888887,-98.9357663888889,8,,True,0.5179924618131323,0.7254328659672787,12002,Ahuacuotzingo,False
12002,0176,San Marcos,17.698463611111112,-98.77645027777778,29,1.0,False,1.0,3.2532709272194884,12024,Nuevo Paraíso,True
12002,0180,El Ranchito,17.7100325,-99.04939305555556,1,,True,0.06474905772664154,3.927301768878083,12002,Tecoanapa,False
12002,0181,Parada de Tecoanapa,17.691723888888887,-99.05644555555556,9,,True,0.5827415195397738,2.2665546690264797,12002,Tecoanapa,False
12002,0182,Naranjastitlán,17.780154444444445,-98.83511416666666,13,3.0,False,3.0,5.524116963841061,12002,Tecozajca (Tepehuaje),False
12002,0183,El Organal,17.788554722222223,-98.8497611111111,27,0.0,False,0.0,3.8139933302597444,12002,Tecozajca (Tepehuaje),False
12002,0184,Ojo de Agua del Rincón,17.767124166666665,-98.85025805555556,6,,True,0.38849434635984925,5.894889891830295,12002,Tecozajca (Tepehuaje),False
12002,0185,Rancho Escondido,17.72250861111111,-98.85536777777777,17,0.0,False,0.0,1.792095305463865,12002,Xitopontla,False
12002,0188,El Huamuchilito,17.716114166666667,-98.80348805555555,41,4.0,False,4.0,4.145743570871205,12002,Xitopontla,False
12002,0189,Loma Hermosa,17.696160555555554,-98.76478027777777,37,0.0,False,0.0,1.9934835611315764,12024,Nuevo Paraíso,True
12002,0190,La Joya de Yolocingo,17.853110555555556,-98.91366888888889,9,,True,0.5827415195397738,6.103789067978366,12002,Tecozajca (Tepehuaje),False
12002,0191,Rancho las Parotas,17.829935,-98.95746722222222,31,3.0,False,3.0,4.748896823185383,12002,Tecolcuautla,False
12002,0192,La Estaquera,17.808954166666666,-98.84698055555555,18,3.0,False,3.0,2.653932764377539,12002,Tecozajca (Tepehuaje),False
12002,0193,Totolzintla II,17.767919166666665,-99.02575166666666,169,6.0,False,6.0,4.968451204514067,12002,Agua Zarca,False
12002,0194,El Manguito,17.70497138888889,-98.85677472222221,36,5.0,False,5.0,1.718707988561299,12002,Xitopontla,False
12003,0001,Ajuchitlán del Progreso,18.15955472222222,-100.49605694444445,6537,339.0,False,339.0,0.0,12003,Ajuchitlán del Progreso,False
12003,0002,El Aguaje,18.195434444444444,-100.35892249999999,1114,94.0,False,94.0,0.0,12003,El Aguaje,False
12003,0003,Las Anonitas,18.20577722222222,-100.57346333333334,832,46.0,False,46.0,2.931588026487356,12003,Villa Nicolás Bravo,False
12003,0004,Ayavitle,18.19889277777778,-100.49975472222222,557,26.0,False,26.0,2.9130531701598064,12003,Zacahuaje,False
12003,0009,Cantón de Guerrero,18.232608888888887,-100.5414938888889,978,54.0,False,54.0,0.795243357245646,12067,Tlapehuala,True
12003,0011,El Carrizal,17.8090525,-100.7451138888889,136,16.0,False,16.0,20.960769442803016,12022,El Durazno,True
12003,0013,El Coco,18.066558611111112,-100.47376694444445,75,2.0,False,2.0,10.605628734540064,12003,Ajuchitlán del Progreso,False
12003,0014,Colonia Hidalgo (Llano Grande),18.190293055555557,-100.42711833333334,267,20.0,False,20.0,4.051508941248291,12003,Santa Ana del Águila,False
12003,0015,La Comunidad,18.122390555555555,-100.52257805555556,314,19.0,False,19.0,4.993083264854062,12003,Ajuchitlán del Progreso,False
12003,0016,Corral Falso,18.247745833333333,-100.55617527777777,3182,189.0,False,189.0,0.0,12003,Corral Falso,False
12003,0017,Changata,18.273735555555554,-100.58216916666666,3226,182.0,False,182.0,0.0,12003,Changata,False
12003,0019,El Espíritu Santo,17.999785833333334,-100.66232805555556,54,5.0,False,5.0,8.755753403262085,12003,La Caña Santa Fe,False
12003,0020,Los Fresnos de Puerto Rico,17.66018861111111,-100.65555,191,9.0,False,9.0,6.944875534891785,12057,El Cordón Grande,True
12003,0023,Guayatenco,18.17372277777778,-100.45329972222223,276,19.0,False,19.0,3.695700390814287,12003,San Cristóbal,False
12003,0024,Ixcapuzalco,18.19505861111111,-100.38188138888889,178,12.0,False,12.0,2.116135269650842,12003,Santa Ana del Águila,False
12003,0025,Las Juntas (Las Juntas del Río Chiquito),18.186031944444444,-100.37594138888888,725,43.0,False,43.0,2.079737084558045,12003,El Aguaje,False
12003,0026,La Laja,18.101649722222223,-100.48120416666667,784,25.0,False,25.0,6.627284427727366,12003,Ajuchitlán del Progreso,False
12003,0031,El Llano Grande,17.97640583333333,-100.56011416666666,61,5.0,False,5.0,14.991003204031033,12003,La Caña Santa Fe,False
12003,0033,Nanche Colorado (El Nanche),18.221116111111108,-100.33363027777777,231,6.0,False,6.0,3.910498523179845,12003,El Aguaje,False
12003,0035,Pizotla,17.866681111111113,-100.686655,52,3.0,False,3.0,23.76764377926307,12003,La Caña Santa Fe,False
12003,0036,Puerto Grande,17.90295861111111,-100.57261138888889,235,8.0,False,8.0,21.255528718256993,12003,La Caña Santa Fe,False
12003,0037,El Reparo,18.122276111111113,-100.50481805555556,532,31.0,False,31.0,4.247312783972852,12003,Ajuchitlán del Progreso,False
12003,0038,San Antonio de los Libres,18.17928638888889,-100.58314638888889,348,23.0,False,23.0,5.378330688372387,12003,Villa Nicolás Bravo,False
12003,0039,San Bartolo,18.223180277777775,-100.38231833333333,534,18.0,False,18.0,1.9858003576723586,12003,Santa Ana del Águila,False
12003,0040,San Cristóbal,18.16967138888889,-100.48801972222222,1190,57.0,False,57.0,0.0,12003,San Cristóbal,False
12003,0041,San Gabriel,18.168636666666668,-100.47873055555556,123,5.0,False,5.0,0.9881287722922399,12003,San Cristóbal,False
12003,0042,San Jerónimo el Grande,18.212940555555555,-100.50508916666666,1455,71.0,False,71.0,2.6679888800343536,12003,Zacahuaje,False
12003,0043,San Jerónimo Santa Fe,18.085570833333332,-100.67504555555556,191,10.0,False,10.0,2.4508693438486038,12003,La Caña Santa Fe,False
12003,0045,San Lorenzo,18.272232499999998,-100.61066222222222,1029,51.0,False,51.0,1.292307278262182,12050,Tanganhuato,True
12003,0046,San Marcos,18.158794444444442,-100.45793444444445,361,28.0,False,28.0,3.4009459035733562,12003,San Cristóbal,False
12003,0047,San Mateo,18.19831027777778,-100.51602333333334,981,62.0,False,62.0,1.2292805302863448,12003,Zacahuaje,False
12003,0048,San Pablo Oriente,18.174306944444446,-100.36550583333333,483,21.0,False,21.0,2.450051824537576,12003,El Aguaje,False
12003,0049,San Pablo Sur,18.026835,-100.47326472222223,130,10.0,False,10.0,14.953094843845552,12003,Ajuchitlán del Progreso,False
12003,0050,San Pedro y las Garzas,18.089755277777776,-100.52075416666666,549,20.0,False,20.0,8.188423000639874,12003,Ajuchitlán del Progreso,False
12003,0051,San Sebastián (Las Lomas),18.09625388888889,-100.47322722222222,140,6.0,False,6.0,7.44070708609482,12003,Ajuchitlán del Progreso,False
12003,0052,Santa Ana del Águila,18.209711666666667,-100.39466444444444,680,30.0,False,30.0,0.0,12003,Santa Ana del Águila,False
12003,0053,Santa Rosa Primera (Santa Rosa Oriente),18.20742361111111,-100.39224055555556,209,3.0,False,3.0,0.3609430223404281,12003,Santa Ana del Águila,False
12003,0054,Santa Rosa de Lima,18.1611925,-100.54944027777778,871,41.0,False,41.0,5.046038413909989,12003,Zacahuaje,False
12003,0055,El Tepehuaje,18.059722222222224,-100.60511555555556,145,7.0,False,7.0,5.481390500077589,12003,La Caña Santa Fe,False
12003,0057,La Trinidad,17.672395555555557,-100.77351305555555,118,11.0,False,11.0,9.173744190703761,12057,Bajos del Balzamar,True
12003,0058,Villa Nicolás Bravo,18.21318361111111,-100.54682666666666,2344,135.0,False,135.0,0.0,12003,Villa Nicolás Bravo,False
12003,0059,Zacahuaje,18.201358055555556,-100.52720972222222,821,39.0,False,39.0,0.0,12003,Zacahuaje,False
12003,0061,Colonia Francisco Villa (Cuadrilla Seca),18.025558055555553,-100.64906555555557,89,3.0,False,3.0,5.853974524041708,12003,La Caña Santa Fe,False
12003,0062,El Tule,18.03479916666667,-100.65578500000001,131,10.0,False,10.0,4.817138712375437,12003,La Caña Santa Fe,False
12003,0063,El Nanche,18.00842777777778,-100.66972333333334,12,,True,0.6622228123755145,7.935540118061703,12003,La Caña Santa Fe,False
12003,0065,La Caña Santa Fe,18.078053611111113,-100.65324944444446,216,13.0,False,13.0,0.0,12003,La Caña Santa Fe,False
12003,0066,El Coyol,18.061330555555557,-100.56991611111111,54,4.0,False,4.0,9.003353817280209,12003,La Caña Santa Fe,False
12003,0067,Las Mesas,18.035944444444446,-100.60464027777778,35,1.0,False,1.0,6.952143992415338,12003,La Caña Santa Fe,False
12003,0071,Las Piñas,18.02152,-100.53619638888888,38,6.0,False,6.0,13.880267161768908,12003,La Caña Santa Fe,False
12003,0072,Pinzán Morado,18.050218611111113,-100.55682666666667,80,6.0,False,6.0,10.65279552464518,12003,La Caña Santa Fe,False
12003,0073,Puerto del Coco,18.062069444444447,-100.46251916666667,337,23.0,False,23.0,11.404649727922,12003,Ajuchitlán del Progreso,False
12003,0074,El Gachupín,18.067066666666665,-100.5232625,11,,True,0.6070375780108883,10.67855919300708,12003,Ajuchitlán del Progreso,False
12003,0078,El Salto,17.932689444444446,-100.61763583333332,66,4.0,False,4.0,16.5967078875524,12003,La Caña Santa Fe,False
12003,0080,El Naranjo,17.954579444444445,-100.62384444444444,36,3.0,False,3.0,14.077388186252431,12003,La Caña Santa Fe,False
12003,0082,Las Mesas del Guayabo (Las Mesas),17.842405555555555,-100.73155277777778,97,4.0,False,4.0,23.267420194913953,12022,El Durazno,True
12003,0084,La Flor del Sur,17.6829725,-100.61003472222221,37,1.0,False,1.0,8.413486147181978,12003,Pocitos del Balcón,False
12003,0087,Piedra Parada,18.108435,-100.51936388888889,12,0.0,False,0.0,6.194883038371396,12003,Ajuchitlán del Progreso,False
12003,0088,El Jondeón,18.10396805555556,-100.52442638888888,163,13.0,False,13.0,6.869612755048646,12003,Ajuchitlán del Progreso,False
12003,0089,Los Fabianes,18.159396944444442,-100.48495416666667,128,8.0,False,8.0,1.173213045301155,12003,Ajuchitlán del Progreso,False
12003,0090,Las Palmitas,18.147363333333335,-100.48313944444445,138,7.0,False,7.0,1.9236858106613326,12003,Ajuchitlán del Progreso,False
12003,0092,Las Cruces,18.225986388888888,-100.39229833333334,68,3.0,False,3.0,1.8268412112079517,12003,Santa Ana del Águila,False
12003,0094,Agua Escondida,18.122999444444446,-100.47517166666667,144,6.0,False,6.0,4.62522232420887,12003,Ajuchitlán del Progreso,False
12003,0100,Caballos,17.959206388888887,-100.60504555555555,32,1.0,False,1.0,14.164132822146138,12003,La Caña Santa Fe,False
12003,0108,El Cuajilote,18.069492222222223,-100.58135444444444,59,9.0,False,9.0,7.659292120317141,12003,La Caña Santa Fe,False
12003,0109,Cuatro Cruces (Palo Marcado),17.64865138888889,-100.52139833333334,218,20.0,False,20.0,5.751105709317285,12003,Pocitos del Balcón,False
12003,0110,Cuevitas,17.97430222222222,-100.59519555555555,14,,True,0.772593281104767,13.068061550199477,12003,La Caña Santa Fe,False
12003,0114,Gómez Farías (El Limón),18.018104166666667,-100.47551722222222,199,10.0,False,10.0,15.877712126499471,12003,Ajuchitlán del Progreso,False
12003,0118,Mesa de Corrales,18.049911944444446,-100.69769722222223,64,4.0,False,4.0,5.645380836622449,12003,La Caña Santa Fe,False
12003,0123,El Mirador,17.920171944444444,-100.55350361111111,4,,True,0.22074093745850484,20.480966864543362,12003,La Caña Santa Fe,False
12003,0124,El Monte,18.005224166666668,-100.69560277777778,36,0.0,False,0.0,9.253844883041722,12003,La Caña Santa Fe,False
12003,0128,Palos Grandes,18.205943333333334,-100.58086805555556,34,1.0,False,1.0,3.684693278727189,12003,Villa Nicolás Bravo,False
12003,0132,Paso Ancho,18.027883888888887,-100.66601,33,3.0,False,3.0,5.7394197674473295,12003,La Caña Santa Fe,False
12003,0134,Pocitos del Balcón,17.69928277777778,-100.53248166666667,376,25.0,False,25.0,0.0,12003,Pocitos del Balcón,False
12003,0135,El Polvorín,18.07115111111111,-100.52304583333333,19,2.0,False,2.0,10.235478214123725,12003,Ajuchitlán del Progreso,False
12003,0145,El Timbre,18.272775277777775,-100.59594249999999,38,4.0,False,4.0,1.458207657888275,12003,Changata,False
12003,0151,Zapotitlán,18.119570833333334,-100.63591277777779,21,2.0,False,2.0,4.966858949846962,12003,La Caña Santa Fe,False
12003,0160,El Zapotal,17.837570277777775,-100.51846194444444,139,7.0,False,7.0,15.448365379501434,12003,Pocitos del Balcón,False
12003,0162,Corre Pescado,18.13236388888889,-100.52507277777778,59,4.0,False,4.0,4.305985072376516,12003,Ajuchitlán del Progreso,False
12003,0164,El Arroyo,18.0786775,-100.69376111111112,19,1.0,False,1.0,4.282870437982251,12003,La Caña Santa Fe,False
12003,0167,Charco Azul,18.070088333333334,-100.47728805555556,70,2.0,False,2.0,10.144031568396107,12003,Ajuchitlán del Progreso,False
12003,0168,Charco de la Vaca,18.039113888888892,-100.57005,8,,True,0.4414818749170097,9.803632851035768,12003,La Caña Santa Fe,False
12003,0175,El Rinconcito,17.67629861111111,-100.50208388888889,17,0.0,False,0.0,4.111202254756194,12003,Pocitos del Balcón,False
12003,0176,La Hacienda Santa Fe,18.07079472222222,-100.65921555555556,295,13.0,False,13.0,1.0243204825923724,12003,La Caña Santa Fe,False
12003,0177,El Palo Dulce,17.694508333333335,-100.79083972222222,9,,True,0.4966671092816359,11.288380228732164,12057,Bajos del Balzamar,True
12003,0185,Colonia Villa Hermosa,18.204039166666664,-100.54495777777778,281,27.0,False,27.0,1.0358007071450162,12003,Villa Nicolás Bravo,False
12003,0186,Chilacayote,17.715778333333333,-100.6223736111111,132,12.0,False,12.0,9.697009763324015,12003,Pocitos del Balcón,False
12003,0187,La Desdicha,17.721781388888886,-100.58556499999999,45,5.0,False,5.0,6.154272464525027,12003,Pocitos del Balcón,False
12003,0188,Fresnitos,17.67754277777778,-100.65362555555556,31,1.0,False,1.0,8.860037085268367,12057,El Cordón Grande,True
12003,0189,El Jabalí,17.897323055555557,-100.54953361111112,40,2.0,False,2.0,22.094953159481907,12003,Pocitos del Balcón,False
12003,0198,San Marcos Oriente,18.1708325,-100.435235,18,0.0,False,0.0,4.811489567968551,12054,San Miguel Totolapan,True
12003,0200,Plan de Azaleas,17.98772166666667,-100.443375,2,,True,0.11037046872925242,19.214103933956405,12054,Valle Luz,True
12003,0201,Arroyo del Guayabo,17.883990277777777,-100.69096527777778,24,3.0,False,3.0,21.94445371169745,12003,La Caña Santa Fe,False
12003,0203,Cedros,17.668776944444446,-100.75832777777778,5,,True,0.27592617182313106,9.386414792312836,12057,Bajos del Balzamar,True
12003,0204,La Esperanza,17.70706138888889,-100.78944222222222,8,,True,0.4414818749170097,12.691030846414483,12057,Bajos del Balzamar,True
12003,0206,El Horcón,17.989490833333335,-100.57943138888888,23,2.0,False,2.0,12.565635256813282,12003,La Caña Santa Fe,False
12003,0211,El Mango,18.072638055555554,-100.57725722222222,10,,True,0.5518523436462621,8.055478229016742,12003,La Caña Santa Fe,False
12003,0212,El Mango,17.958306944444445,-100.64883083333334,2,,True,0.11037046872925242,13.323416879417934,12003,La Caña Santa Fe,False
12003,0220,El Tejocote,17.66948388888889,-100.76927,5,,True,0.27592617182313106,9.004276591805384,12057,Bajos del Balzamar,True
12003,0222,La Yuca,17.67078111111111,-100.76311138888889,11,,True,0.6070375780108883,9.376363587165862,12057,Bajos del Balzamar,True
12003,0224,Las Chicas,17.986196111111113,-100.65391083333334,2,,True,0.11037046872925242,10.214327362704003,12003,La Caña Santa Fe,False
12003,0227,Plan de la Gallina,18.11605527777778,-100.55782944444444,5,,True,0.27592617182313106,8.124271755279239,12003,Ajuchitlán del Progreso,False
12003,0236,El Cuajilotito,18.121019722222222,-100.61507166666667,16,0.0,False,0.0,6.2536193810054845,12003,La Caña Santa Fe,False
12003,0250,La Sidra,17.79073361111111,-100.55618916666667,5,,True,0.27592617182313106,10.474238055577493,12003,Pocitos del Balcón,False
12003,0255,La Sanguinaria,17.5883875,-100.5025888888889,26,2.0,False,2.0,12.063642259229155,12057,Platanillo,True
12003,0256,Arroyo Zarco,17.922729722222222,-100.55143527777777,29,0.0,False,0.0,20.352532266766858,12003,La Caña Santa Fe,False
12003,0263,El Comedor del Crucero,17.580828611111112,-100.55502194444445,7,,True,0.3862966405523835,8.585825052433801,12057,Platanillo,True
12003,0266,Entrada de Puerto Rico,17.67174638888889,-100.64032027777779,12,0.0,False,0.0,8.279567242407012,12057,El Cordón Grande,True
12003,0267,La Iglesia,17.689563055555556,-100.63962000000001,11,0.0,False,0.0,10.255160511749938,12057,El Cordón Grande,True
12003,0274,La Destejada,17.784224166666668,-100.85428138888888,11,0.0,False,0.0,9.126907849245935,12022,El Durazno,True
12004,0001,Alcozauca de Guerrero,17.463523888888886,-98.38388777777779,3115,175.0,False,175.0,0.0,12004,Alcozauca de Guerrero,False
12004,0002,Acametla de Bravo,17.383044166666668,-98.36043527777777,422,38.0,False,38.0,2.5811147202328253,12004,Tlahuapa,False
12004,0003,Ahuejutla,17.491879444444447,-98.45111972222223,419,28.0,False,28.0,6.9233414122435715,12065,Santa Cruz,True
12004,0004,Almolonga de Ocampo (Almolonga),17.419955277777778,-98.3556825,1025,97.0,False,97.0,5.26891478323601,12004,Tlahuapa,False
12004,0005,Altamira,17.36291611111111,-98.35420916666666,44,2.0,False,2.0,2.308213923824662,12004,Tlahuapa,False
12004,0006,Amapilca,17.49928166666667,-98.3833788888889,312,21.0,False,21.0,3.976449778066363,12004,Alcozauca de Guerrero,False
12004,0007,Buena Vista,17.335776944444444,-98.31276972222221,498,42.0,False,42.0,5.168737868602472,12004,Tlahuapa,False
12004,0008,Cerro Azul,17.43260138888889,-98.3824825,231,8.0,False,8.0,3.441655008603591,12004,Alcozauca de Guerrero,False
12004,0009,Cuyuxtlahuac,17.480615555555556,-98.34518166666666,1471,105.0,False,105.0,0.0,12004,Cuyuxtlahuac,False
12004,0010,Chimaltepec,17.40069833333333,-98.37327777777777,524,33.0,False,33.0,4.708366419275307,12004,Tlahuapa,False
12004,0011,Ixcuinatoyac,17.369328055555556,-98.3426086111111,1197,80.0,False,80.0,0.9282074872908422,12004,Tlahuapa,False
12004,0012,Lomazóyatl (Lomazoya),17.354221666666668,-98.4607338888889,1111,74.0,False,74.0,3.481048773716985,12004,Xochapa,False
12004,0013,Melchor Ocampo,17.358553611111113,-98.44779166666667,1122,66.0,False,66.0,2.750663767494424,12004,Xochapa,False
12004,0014,Petlacalancingo,17.375319444444443,-98.4915011111111,416,22.0,False,22.0,4.644971543513138,12004,Xochapa,False
12004,0015,San José Lagunas (Capulín),17.438080833333334,-98.45663777777779,615,30.0,False,30.0,6.153875123713161,12004,Xochapa,False
12004,0016,San Miguel el Grande,17.245096944444445,-98.23646444444445,1245,76.0,False,76.0,11.086374089358475,12043,El Zapote,True
12004,0017,Tlahuapa,17.375945833333333,-98.3372775,1617,107.0,False,107.0,0.0,12004,Tlahuapa,False
12004,0018,Xochapa,17.383280833333334,-98.44853194444445,1536,71.0,False,71.0,0.0,12004,Xochapa,False
12004,0019,Xonacatlán,17.50369361111111,-98.41267972222222,734,28.0,False,28.0,3.3321348679187293,12065,Santa Cruz,True
12004,0020,San Vicente Zoyatlán,17.3229775,-98.36619027777778,1852,147.0,False,147.0,6.641286971522426,12004,Tlahuapa,False
12004,0021,Zaragoza,17.305164722222223,-98.38060305555555,66,3.0,False,3.0,7.173596054634171,12043,Huexoapa (San Juan Huexoapa),True
12004,0022,San Martín,17.314784722222225,-98.33785916666666,273,16.0,False,16.0,6.801085479945634,12004,Tlahuapa,False
12004,0023,El Gitano,17.327881388888887,-98.439625,50,3.0,False,3.0,6.232247704372006,12004,Xochapa,False
12004,0024,Cruz Verde,17.338406944444444,-98.37123138888889,56,0.0,False,0.0,5.514450464154377,12004,Tlahuapa,False
12004,0025,Pueblo de Dios,17.461200833333333,-98.33583722222222,345,22.0,False,22.0,2.3754624841983127,12004,Cuyuxtlahuac,False
12004,0026,El Zapote,17.409298055555553,-98.35321222222221,14,2.0,False,2.0,4.075864051881505,12004,Tlahuapa,False
12004,0029,Colonia Loma Bonita San Miguel el Grande,17.22893222222222,-98.22114333333333,133,9.0,False,9.0,10.320660348525127,12043,El Zapote,True
12004,0038,Colonia el Arenal,17.320996666666666,-98.34832444444444,29,0.0,False,0.0,6.221547844351095,12004,Tlahuapa,False
12004,0039,Nuevo Zaragoza,17.289596388888892,-98.38885527777778,193,14.0,False,14.0,5.2372822895446625,12043,Huexoapa (San Juan Huexoapa),True
12004,0040,Ndo'yo Tiaka,17.488467777777778,-98.38987416666667,2,,True,0.1273027090694935,2.8453791861767836,12004,Alcozauca de Guerrero,False
12004,0041,San Miguelito,17.146160833333333,-98.24510527777778,151,13.0,False,13.0,3.5762085179729484,12043,El Zapote,True
12004,0042,Colonia San Antonio,17.24866666666667,-98.24423527777778,397,19.0,False,19.0,11.160957438051389,12043,El Zapote,True
12004,0043,Cerro de la Estrella,17.333277777777777,-98.43826194444445,10,,True,0.6365135453474675,5.6659137685095295,12004,Xochapa,False
12005,0001,Alpoyeca,17.67006388888889,-98.51323888888889,4653,288.0,False,288.0,0.0,12005,Alpoyeca,False
12005,0002,Ixcateopan,17.61873,-98.51607083333333,1569,83.0,False,83.0,0.0,12005,Ixcateopan,False
12005,0003,San José Buenavista,17.673386944444445,-98.52595805555555,1214,79.0,False,79.0,1.39730953142387,12005,Alpoyeca,False
12005,0004,Tecoyo,17.59259833333333,-98.48667194444444,331,21.0,False,21.0,4.260505909819184,12005,Ixcateopan,False
12005,0005,Barrio de San Marcos,17.662135555555555,-98.50439,25,3.0,False,3.0,1.286934699323232,12005,Alpoyeca,False
12005,0006,Barrio el Socorrito,17.676867222222224,-98.50478916666667,16,2.0,False,2.0,1.172052321049421,12005,Alpoyeca,False
12005,0011,Rancho el Veinticinco,17.603908888888892,-98.51232055555556,1,,True,0.06092410085754512,1.6952848143638792,12005,Ixcateopan,False
12005,0013,Rancho los Naranjos (Ejido la Parota),17.65064861111111,-98.51111527777778,4,,True,0.24369640343018048,2.1705741842887463,12005,Alpoyeca,False
12006,0001,Ciudad Apaxtla de Castrejón,18.130078333333334,-99.93231361111111,7256,425.0,False,425.0,0.0,12006,Ciudad Apaxtla de Castrejón,False
12006,0003,Los Amates,17.988815833333334,-99.98419,95,7.0,False,7.0,4.2941685294239,12006,Zacapostepec,False
12006,0005,Cacalotepec,18.047393055555556,-100.00896666666667,408,27.0,False,27.0,0.0,12006,Cacalotepec,False
12006,0009,Colonia Emiliano Zapata II (Cuadrilla Nueva),18.216299444444445,-99.91873611111112,80,3.0,False,3.0,3.309428856951618,12058,Oxtotitlán,True
12006,0010,Iglesia Vieja,18.112460555555558,-99.88987444444444,188,10.0,False,10.0,4.0738151585479905,12006,Tepoxtepec (Tepoztepec),False
12006,0012,Las Juntas,17.988768333333333,-100.07122472222221,19,3.0,False,3.0,0.9774653883745585,12032,Tetela del Río,True
12006,0014,Liberaltepec,18.191600277777777,-100.03398333333332,194,5.0,False,5.0,9.282632645688407,12058,Totoltepec,True
12006,0016,Nejapa,18.182455,-99.90447444444445,78,5.0,False,5.0,2.9793270523452238,12058,Oxtotitlán,True
12006,0017,Petlacala,18.1872425,-99.8824661111111,186,8.0,False,8.0,4.305907719361063,12006,Tepoxtepec (Tepoztepec),False
12006,0021,San Marcos,17.976890277777777,-100.02325444444445,122,6.0,False,6.0,5.825387533409702,12032,Tetela del Río,True
12006,0022,San Pedro,18.21057638888889,-100.07392305555555,19,1.0,False,1.0,7.124401363267946,12007,Xochicalco,True
12006,0024,Tecolhuixtle,18.07594222222222,-99.90298666666668,1,,True,0.057865370770338376,1.8619753939968673,12006,Tlatzala,False
12006,0025,Tepoxtepec (Tepoztepec),18.14909527777778,-99.8894738888889,453,22.0,False,22.0,0.0,12006,Tepoxtepec (Tepoztepec),False
12006,0026,Texocotla,18.021946944444444,-99.91956944444445,102,9.0,False,9.0,4.449241136119068,12006,Zacapostepec,False
12006,0027,Tlatzala,18.060527222222223,-99.89610694444445,509,31.0,False,31.0,0.0,12006,Tlatzala,False
12006,0028,Trapichal,18.012519166666667,-100.06609,73,6.0,False,6.0,3.53865309531665,12032,Tetela del Río,True
12006,0029,Xochipala,18.226738055555554,-99.98947444444444,102,1.0,False,1.0,7.386323234364237,12058,Oxtotitlán,True
12006,0030,Xochitepec,18.09820861111111,-100.09153916666666,499,29.0,False,29.0,0.0,12006,Xochitepec,False
12006,0031,Zacapostepec,18.02092777777778,-99.96163305555555,310,23.0,False,23.0,0.0,12006,Zacapostepec,False
12006,0037,El Remolino,17.96842722222222,-100.04790166666666,7,,True,0.40505759539236863,3.5593226549806567,12032,Tetela del Río,True
12006,0043,El Querengue,17.992688611111113,-99.90411,35,4.0,False,4.0,6.845625319257208,12006,Zacapostepec,False
12006,0044,Corral Grande,17.96624,-99.90372111111111,18,,True,1.0415766738660908,8.630694902629687,12006,Zacapostepec,False
12006,0059,Laguna del Tigre,18.165260277777776,-99.91647083333334,11,,True,0.6365190784737221,3.1166168208797016,12058,Oxtotitlán,True
12006,0062,El Naranjo,17.959599166666667,-100.01897333333334,12,,True,0.6943844492440605,6.752660223036221,12032,Tetela del Río,True
12006,0063,La Lagunita,17.9689825,-99.91515805555557,84,5.0,False,5.0,7.584190604390553,12006,Zacapostepec,False
12006,0070,Pueblo Nuevo Santa María,17.98395,-99.87218722222221,201,11.0,False,11.0,8.882698411460458,12006,Tlatzala,False
12006,0079,El Pochote,18.124480000000002,-99.93855472222222,11,,True,0.6365190784737221,0.9069188983800199,12006,Ciudad Apaxtla de Castrejón,False
12006,0080,Colonia Puesta del Sol,18.136152499999998,-99.94243611111112,26,2.0,False,2.0,1.2650620753879744,12006,Ciudad Apaxtla de Castrejón,False
12006,0082,Las Garzas,17.971666666666664,-100.06195416666667,6,,True,0.34719222462203025,2.097638088606707,12032,Tetela del Río,True
12006,0085,Pata de Burro,18.221136944444442,-100.0720461111111,4,,True,0.2314614830813535,6.773928769834829,12058,Totoltepec,True
12006,0092,Los Torres,18.206481666666665,-100.0274075,3,,True,0.17359611231101513,7.739690858315328,12058,Totoltepec,True
12007,0001,Arcelia,18.315825,-100.28395194444444,22534,1147.0,False,1147.0,0.0,12007,Arcelia,False
12007,0002,Achotla,18.14004111111111,-100.16490166666667,105,5.0,False,5.0,5.3570614388779525,12007,Xochicalco,False
12007,0003,El Aguacate,18.253144444444445,-100.27949916666667,76,2.0,False,2.0,6.985597417868233,12007,Arcelia,False
12007,0004,Ahuatepec (Potrero),18.316029722222222,-100.19221333333334,194,14.0,False,14.0,6.010931479909435,12007,Almoloya (Almoloya el Grande),False
12007,0005,El Amacuáhuitl,18.23138611111111,-100.25500694444445,174,2.0,False,2.0,4.892564548472422,12007,San Miguelito,False
12007,0006,El Aviluz,18.23699888888889,-100.29095055555555,61,1.0,False,1.0,8.538364598501477,12003,El Aguaje,True
12007,0007,Azizintla,18.256449444444446,-100.13975277777779,22,2.0,False,2.0,2.025558333799877,12007,Xochitla,False
12007,0009,Los Bices,18.211796666666665,-100.15039,6,,True,0.3105780503201371,4.6235861444310835,12007,Xochicalco,False
12007,0010,Los Brasiles,18.385493055555553,-100.20276638888889,189,12.0,False,12.0,1.60663750089881,12058,Miahuatepec,True
12007,0011,Cacahuananche,18.288104166666667,-100.12683722222222,173,10.0,False,10.0,2.5074830472802345,12007,Xochitla,False
12007,0012,Colonia Filiberto Gómez (La Ceiba),18.386409999999998,-100.238215,184,12.0,False,12.0,2.222802106630342,12058,Miahuatepec,True
12007,0013,Campo Morado,18.207241944444444,-100.12868333333333,61,5.0,False,5.0,3.5881634549291093,12007,Xochicalco,False
12007,0016,El Cazahuate,18.29223166666667,-100.24497333333333,74,4.0,False,4.0,4.880077791099661,12007,Arcelia,False
12007,0017,Cerro Gordo,18.359538055555557,-100.0619611111111,13,0.0,False,0.0,6.640484129089912,12031,Acapetlahuaya,True
12007,0018,Cerro Verde,18.337150555555553,-100.13259055555555,222,8.0,False,8.0,5.743080131602245,12007,Almoloya (Almoloya el Grande),False
12007,0019,Caloxtitlán,18.31562277777778,-100.09609944444443,39,4.0,False,4.0,3.700422915571638,12007,Ixcatepec,False
12007,0022,Colonia Vicente Guerrero (Comol),18.21728583333333,-100.21092583333333,128,9.0,False,9.0,1.31379583211826,12007,San Miguelito,False
12007,0023,Xochitla,18.27389388888889,-100.1452775,106,10.0,False,10.0,0.0,12007,Xochitla,False
12007,0024,Copaltepec,18.268780555555555,-100.1090886111111,145,8.0,False,8.0,2.7657338316081184,12007,Ixcatepec,False
12007,0025,El Corindón (El Reparo),18.34544861111111,-100.10637999999999,110,4.0,False,4.0,7.18453241395777,12007,Ixcatepec,False
12007,0028,El Escondido (Valle el Escondido),18.22086111111111,-100.31255805555556,1103,89.0,False,89.0,5.654881843463026,12003,El Aguaje,True
12007,0030,Ixcatepec,18.283287777777776,-100.08781138888888,379,20.0,False,20.0,0.0,12007,Ixcatepec,False
12007,0031,Las Juntas,18.318199444444446,-100.15761083333334,22,2.0,False,2.0,5.095716384208406,12007,Xochitla,False
12007,0033,Los Limos,18.328435,-100.14879777777779,34,1.0,False,1.0,5.263585316068265,12007,Almoloya (Almoloya el Grande),False
12007,0036,Mumuxtitlán,18.23993888888889,-100.10089083333332,47,5.0,False,5.0,5.014139284475378,12007,Ixcatepec,False
12007,0037,El Naranjo,18.378912500000002,-100.18853972222223,142,3.0,False,3.0,1.778377068724246,12007,Almoloya (Almoloya el Grande),False
12007,0038,Nicolás Bravo,18.249879166666666,-100.15935166666667,35,2.0,False,2.0,3.056016856223484,12007,Xochitla,False
12007,0039,Ojo de Agua,18.362919166666668,-100.16042222222222,240,11.0,False,11.0,1.7646462318712302,12007,Almoloya (Almoloya el Grande),False
12007,0040,Palapa,18.369641944444446,-100.13326138888888,15,1.0,False,1.0,4.544558864922274,12007,Almoloya (Almoloya el Grande),False
12007,0041,Palos Altos,18.370769444444445,-100.27436277777778,711,50.0,False,50.0,0.0,12007,Palos Altos,False
12007,0044,Las Parotas,18.276641944444442,-100.23219833333333,10,0.0,False,0.0,5.855547504633233,12007,San Miguelito,False
12007,0045,El Potrerillo,18.327669444444446,-100.16849916666668,49,2.0,False,2.0,4.5517107707492235,12007,Almoloya (Almoloya el Grande),False
12007,0046,Pozo Zarco,18.223228055555555,-100.15677000000001,52,5.0,False,5.0,5.5267878171887705,12007,San Miguelito,False
12007,0047,La Providencia,18.263268333333333,-100.09138027777777,37,1.0,False,1.0,2.257730524035391,12007,Ixcatepec,False
12007,0052,San Miguelito,18.22891972222222,-100.20875472222222,179,5.0,False,5.0,0.0,12007,San Miguelito,False
12007,0055,Santo Tomás,18.097385555555555,-100.23981500000001,354,10.0,False,10.0,3.6223925296019317,12007,Valle Galeana (El Tamarindo),False
12007,0056,La Soledad,18.236428055555557,-100.18364638888889,86,2.0,False,2.0,2.780072682538089,12007,San Miguelito,False
12007,0058,Temixco,18.142120555555554,-100.21172527777777,295,15.0,False,15.0,3.1136866265889336,12007,Valle Galeana (El Tamarindo),False
12007,0059,El Terrerito,18.233720555555557,-100.27344694444444,40,1.0,False,1.0,6.853167229701357,12007,San Miguelito,False
12007,0061,Texcaltitlán (El Capire),18.302590277777778,-100.10620666666667,3,,True,0.15528902516006854,2.894563656933384,12007,Ixcatepec,False
12007,0062,Tlalchichilpa,18.34848333333333,-100.28347388888889,263,13.0,False,13.0,2.658110526884708,12007,Palos Altos,False
12007,0065,Las Trincheras,18.354846944444446,-100.06569194444444,17,3.0,False,3.0,7.107946967461108,12031,Acapetlahuaya,True
12007,0066,La Trinidad (Ejido Colonia Xochitla),18.272551666666665,-100.17786611111111,7,,True,0.3623410587068266,3.444188532724851,12007,Xochitla,False
12007,0067,Tulatengo,18.26741277777778,-100.30171333333332,163,12.0,False,12.0,5.700446059344559,12007,Arcelia,False
12007,0068,El Ushe,18.34920611111111,-100.25253611111111,104,4.0,False,4.0,3.3249211190266195,12007,Palos Altos,False
12007,0069,Valle Galeana (El Tamarindo),18.12992861111111,-100.23825166666667,503,25.0,False,25.0,0.0,12007,Valle Galeana (El Tamarindo),False
12007,0071,El Veladero,18.349474999999998,-100.2012625,13,1.0,False,1.0,3.340413838528752,12007,Almoloya (Almoloya el Grande),False
12007,0072,Xochicalco,18.1749975,-100.13001166666666,225,15.0,False,15.0,0.0,12007,Xochicalco,False
12007,0074,Almoloya (Almoloya el Grande),18.367930833333332,-100.17628805555556,670,31.0,False,31.0,0.0,12007,Almoloya (Almoloya el Grande),False
12007,0076,El Mirador,18.386423333333333,-100.24820277777778,130,1.0,False,1.0,3.261347029018709,12058,Miahuatepec,True
12007,0079,San Martín,18.386530555555556,-100.19521972222222,43,3.0,False,3.0,2.4094915394920373,12058,Miahuatepec,True
12007,0086,Los Cajones,18.261844166666666,-100.17604916666667,44,4.0,False,4.0,3.5146252275883385,12007,Xochitla,False
12007,0087,Nuevo León,18.286881944444445,-100.18028944444445,177,11.0,False,11.0,3.9687697626169367,12007,Xochitla,False
12007,0088,Las Piñas,18.245190555555556,-100.19889305555556,67,4.0,False,4.0,2.0875876884577345,12007,San Miguelito,False
12007,0093,La Cofradía,18.306694166666666,-100.26238388888889,42,3.0,False,3.0,2.4929392530832852,12007,Arcelia,False
12007,0099,Zitlaltengo,18.319022222222223,-100.12363888888888,125,11.0,False,11.0,5.485857898213197,12007,Ixcatepec,False
12007,0104,El Varal (El Brinco),18.271002499999998,-100.26553277777778,237,10.0,False,10.0,5.349963142555546,12007,Arcelia,False
12007,0109,El Ocotito,18.273878333333332,-100.09437888888888,172,7.0,False,7.0,1.2552073444557388,12007,Ixcatepec,False
12007,0111,La Concordia,18.28754055555556,-100.09244472222221,147,5.0,False,5.0,0.6803877414485765,12007,Ixcatepec,False
12007,0113,San Andrés,18.27081833333333,-100.12221333333332,33,2.0,False,2.0,2.459197310673924,12007,Xochitla,False
12007,0115,Zopilotepec,18.22292444444444,-100.16777333333334,2,,True,0.10352601677337903,4.379341968997771,12007,San Miguelito,False
12007,0118,El Sueño,18.223231388888887,-100.17375638888889,6,,True,0.3105780503201371,3.750119242791779,12007,San Miguelito,False
12007,0119,Rincón del Cerro,18.256995,-100.12922055555555,7,,True,0.3623410587068266,2.530927473688832,12007,Xochitla,False
12007,0121,El Mango,18.171088611111113,-100.1632938888889,8,,True,0.4141040670935161,3.542975749382415,12007,Xochicalco,False
12007,0125,La Parotita,18.21295333333333,-100.12864666666665,24,0.0,False,0.0,4.222958549323471,12007,Xochicalco,False
12007,0131,El Cirián,18.245163055555558,-100.11258527777777,25,0.0,False,0.0,4.7035839483272595,12007,Xochitla,False
12007,0132,Zumpango,18.259876388888888,-100.1556788888889,25,1.0,False,1.0,1.906757845648777,12007,Xochitla,False
12007,0133,El Guayabo,18.158949999999997,-100.2782511111111,483,18.0,False,18.0,3.744484449260321,12054,Villa Hidalgo (El Cubo),True
12007,0134,El Amate,18.24801888888889,-100.14717138888889,8,,True,0.4141040670935161,2.8841106098396923,12007,Xochitla,False
12007,0135,El Puerto del Tepehuaje,18.194584166666665,-100.18666166666667,17,1.0,False,1.0,4.474622650348105,12007,San Miguelito,False
12007,0136,El Varillo,18.206154722222223,-100.20775916666668,1,,True,0.05176300838668951,2.533535563129949,12007,San Miguelito,False
12007,0139,La Solana (La Huerta),18.216023888888888,-100.19218805555556,37,1.0,False,1.0,2.2622611697793285,12007,San Miguelito,False
12007,0140,Piedra Grande,18.167398333333335,-100.17138333333334,7,0.0,False,0.0,4.451824713522386,12007,Xochicalco,False
12007,0142,Guerrero (Guerrerito),18.17193638888889,-100.14708777777778,25,1.0,False,1.0,1.8358891754591813,12007,Xochicalco,False
12007,0143,Paraje Suriano,18.146929166666666,-100.15381694444444,51,1.0,False,1.0,4.00837119460652,12007,Xochicalco,False
12007,0144,El Progreso (Zapotitlán),18.12488527777778,-100.26800472222222,71,2.0,False,2.0,3.1938032865538513,12007,Valle Galeana (El Tamarindo),False
12007,0146,Puerto de Palapa,18.283810833333334,-100.27705777777777,4,,True,0.20705203354675805,3.633455645527424,12007,Arcelia,False
12007,0153,El Limón,18.23770027777778,-100.16021083333334,2,,True,0.10352601677337903,4.322463181825854,12007,Xochitla,False
12007,0154,La Laguna,18.20457861111111,-100.17750833333334,19,1.0,False,1.0,4.2682232617764795,12007,San Miguelito,False
12007,0155,Paraje Nuevo,18.318855833333334,-100.08507388888889,50,6.0,False,6.0,3.9655321904660523,12007,Ixcatepec,False
12007,0156,La Parota Campo Morado,18.194466388888888,-100.13040833333332,49,1.0,False,1.0,2.16524720117654,12007,Xochicalco,False
12007,0158,Villa Guadalupe Victoria (Parota Guadalupe),18.293294722222225,-100.15638972222223,9,0.0,False,0.0,2.45567316042518,12007,Xochitla,False
12007,0162,Colonia Terrero Blanco,18.341776944444444,-100.1857375,65,5.0,False,5.0,3.074420997396851,12007,Almoloya (Almoloya el Grande),False
12007,0163,Vista Hermosa,18.258184444444446,-100.12123749999999,68,2.0,False,2.0,3.081392376927554,12007,Xochitla,False
12007,0173,La Huerta,18.303882222222224,-100.25609444444444,4,,True,0.20705203354675805,3.2267224614289782,12007,Arcelia,False
12007,0179,Las Cañitas,18.321176666666666,-100.18077305555556,9,,True,0.4658670754802056,5.22033216390461,12007,Almoloya (Almoloya el Grande),False
12007,0182,Cuadrilla Ascencio,18.220963055555554,-100.12542055555555,64,4.0,False,4.0,5.134093598795778,12007,Xochicalco,False
12007,0188,La Reforma,18.26338638888889,-100.12992444444444,12,0.0,False,0.0,1.9982974088847465,12007,Xochitla,False
12007,0189,Ninguno [Centro de Bachillerato Técnico Agrícola],18.298075,-100.30062805555555,16,0.0,False,0.0,2.6447510635629827,12007,Arcelia,False
12007,0190,Las Chivas,18.342269444444444,-100.11219777777777,17,0.0,False,0.0,7.045602198332947,12007,Ixcatepec,False
12007,0195,Los Martínez,18.32219611111111,-100.18997083333333,16,0.0,False,0.0,5.286540839750474,12007,Almoloya (Almoloya el Grande),False
12007,0197,Nueva Senda,18.196772222222222,-100.18558972222223,25,1.0,False,1.0,4.331836488920651,12007,San Miguelito,False
12007,0198,Las Palmas (La Pinzanera),18.222971666666666,-100.19919361111111,46,6.0,False,6.0,1.2071274757063661,12007,San Miguelito,False
12007,0200,Presa Palos Altos,18.37916472222222,-100.26236888888889,53,3.0,False,3.0,1.572686868044829,12007,Palos Altos,False
12007,0204,El Rincón,18.194682222222223,-100.19297694444445,6,,True,0.3105780503201371,4.155819505516785,12007,San Miguelito,False
12007,0206,Tlanilpa el Nuevo,18.3393625,-100.15526944444446,15,,True,0.7764451258003426,3.8745151996721408,12007,Almoloya (Almoloya el Grande),False
12007,0213,Crucero Hacienda Nueva,18.315948055555555,-100.29816833333334,39,4.0,False,4.0,1.5007672993742796,12007,Arcelia,False
12007,0215,Tercer Milenio [Restaurante],18.309440277777778,-100.29915777777778,15,1.0,False,1.0,1.7551745945683304,12007,Arcelia,False
12007,0217,La Laguna,18.314247222222225,-100.16929888888889,1,,True,0.05176300838668951,5.154174970959213,12007,Xochitla,False
12007,0218,La Pedrera,18.35931138888889,-100.26594666666666,23,4.0,False,4.0,1.5530975584366145,12007,Palos Altos,False
12007,0219,Rancho los Gemelos,18.309084722222224,-100.30645944444444,8,0.0,False,0.0,2.4913821135074294,12007,Arcelia,False
12007,0222,Ojo de Agua,18.166375555555554,-100.15402333333334,17,2.0,False,2.0,2.711943172709836,12007,Xochicalco,False
12007,0223,Las Palmas,18.215779166666668,-100.17814194444445,3,,True,0.15528902516006854,3.5481083047499977,12007,San Miguelito,False
12007,0226,Farallón Mexicana,18.22174972222222,-100.12856277777777,3,,True,0.15528902516006854,5.200862387989909,12007,Xochicalco,False
12007,0229,Las Granjas,18.318407222222223,-100.3102175,3,,True,0.15528902516006854,2.7874425122959514,12007,Arcelia,False
12007,0230,El Mal Paso,18.212525,-100.18959166666667,45,1.0,False,1.0,2.7239512783570325,12007,San Miguelito,False
12007,0232,Tierra Blanca,18.263992777777776,-100.1983225,23,1.0,False,1.0,4.052565016182522,12007,San Miguelito,False
12007,0233,El Trapichal,18.16242611111111,-100.13823611111111,12,,True,0.6211561006402742,1.6459274638799073,12007,Xochicalco,False
12007,0236,Rancho el Limón,18.29223055555556,-100.30914416666667,68,2.0,False,2.0,3.735799554745995,12007,Arcelia,False
12007,0239,Ojo de Agua,18.24355888888889,-100.27340472222222,30,4.0,False,4.0,7.019053592997555,12007,San Miguelito,False
12008,0001,Atenango del Río,18.104343055555557,-99.10780305555555,3156,144.0,False,144.0,0.0,12008,Atenango del Río,False
12008,0002,Apanguito,18.16004611111111,-99.14198277777778,610,29.0,False,29.0,7.170077932508108,12008,Atenango del Río,False
12008,0003,Atlapa del Río,18.236173055555557,-99.05566999999999,55,5.0,False,5.0,9.397808284898622,12034,Chaucingo,True
12008,0004,La Carbonera,18.236391944444446,-99.00241722222222,158,11.0,False,11.0,13.740154673033818,12034,Chaucingo,True
12008,0005,Coacán (Cocán),18.14052388888889,-99.18677861111111,159,9.0,False,9.0,4.254670202704194,12008,Tequicuilco,False
12008,0006,Comala de Gómez,18.15534138888889,-99.06903361111111,402,24.0,False,24.0,6.9958851165394025,12008,Atenango del Río,False
12008,0009,Santa Cruz,18.186479444444444,-99.12320583333333,60,2.0,False,2.0,9.277030657697782,12008,Atenango del Río,False
12008,0010,Temalac,18.11717388888889,-98.95253333333334,847,40.0,False,40.0,0.0,12008,Temalac,False
12008,0012,Tepetlapa,18.05592,-99.17684361111111,739,51.0,False,51.0,5.746758192629787,12008,Tequicuilco,False
12008,0013,Tequicuilco,18.103676111111113,-99.19762750000001,1147,70.0,False,70.0,0.0,12008,Tequicuilco,False
12008,0014,Tuzantlán,18.20382777777778,-99.18279111111111,411,9.0,False,9.0,5.719855128310572,12034,San Miguel de las Palmas,True
12008,0015,Santiago Zacango,18.211702222222222,-99.0585425,375,18.0,False,18.0,11.43428849633806,12034,Chaucingo,True
12008,0020,Filadelfia,18.248240555555558,-99.04895027777778,117,6.0,False,6.0,8.96040300926732,12034,Chaucingo,True
12008,0021,El Rancho Viejo (La Granja),18.126158055555557,-99.12158777777778,4,,True,0.2081556794577457,2.8295609888880704,12008,Atenango del Río,False
12008,0023,Los Mangos,18.120799444444444,-99.0922936111111,8,,True,0.4163113589154914,2.4566461514136795,12008,Atenango del Río,False
12008,0027,Tlachiltepec,18.136644999999998,-99.07699888888888,2,,True,0.10407783972887286,4.847543244264646,12008,Atenango del Río,False
12008,0028,Tlayahualco,18.143655555555554,-99.07421,1,,True,0.05203891986443643,5.631300874144591,12008,Atenango del Río,False
12008,0035,La Cascalotera,18.222103055555554,-99.05807555555555,1,,True,0.05203891986443643,10.484939951457886,12034,Chaucingo,True
12008,0039,Agua Salada,18.46649611111111,-99.15172833333334,5,,True,0.26019459932218214,9.051586459183278,12008,San Juan Teocalcingo,False
12008,0040,Las Joyas,18.474014722222222,-99.14305,11,1.0,False,1.0,9.638227522353471,12008,San Juan Teocalcingo,False
12008,0041,San Juan Teocalcingo,18.38888888888889,-99.12583333333333,826,52.0,False,52.0,0.0,12008,San Juan Teocalcingo,False
12008,0049,Tlalalmulco,18.09609722222222,-99.11099444444444,14,2.0,False,2.0,0.9769703968606206,12008,Atenango del Río,False
12008,0050,El Tecorral,18.117081111111112,-99.11427583333332,39,3.0,False,3.0,1.5729519960430782,12008,Atenango del Río,False
12009,0001,Atlamajalcingo del Monte,17.311655277777778,-98.60508527777777,870,65.0,False,65.0,0.0,12009,Atlamajalcingo del Monte,False
12009,0002,Álvaro Obregón,17.239965277777777,-98.58713472222222,23,2.0,False,2.0,2.9944032601401167,12009,Huehuetepec,False
12009,0003,Benito Juárez,17.32997888888889,-98.53590111111112,122,8.0,False,8.0,2.6197134492446463,12043,Juanacatlán,True
12009,0004,Cuautipan,17.398750555555555,-98.49697333333333,332,17.0,False,17.0,4.291335674767548,12069,Cahuatache,True
12009,0005,Chinameca,17.229070277777776,-98.59079472222221,243,18.0,False,18.0,3.9703768205323624,12052,Mixtecapa,True
12009,0006,Huehuetepec,17.266793333333332,-98.58957777777778,561,41.0,False,41.0,0.0,12009,Huehuetepec,False
12009,0007,Plan de Guadalupe,17.287040833333336,-98.57312722222221,180,11.0,False,11.0,2.6278899360420067,12009,Zilacayotitlán,False
12009,0008,El Rosario,17.32848472222222,-98.51856083333334,285,20.0,False,20.0,0.7716076974980166,12043,Juanacatlán,True
12009,0009,San Isidro Labrador,17.325140833333332,-98.56516888888889,308,9.0,False,9.0,1.9047901909934055,12069,Tlaxco,True
12009,0010,Santa Cruz,17.320535555555555,-98.53973083333334,314,28.0,False,28.0,2.957927578501439,12009,Zilacayotitlán,False
12009,0011,Tepecocatlán,17.32305638888889,-98.61944527777777,646,36.0,False,36.0,1.9826524978557063,12009,Atlamajalcingo del Monte,False
12009,0012,Zilacayotitlán,17.29587111111111,-98.55016805555556,1009,92.0,False,92.0,0.0,12009,Zilacayotitlán,False
12009,0013,Piedra Blanca,17.305421944444443,-98.5401725,141,10.0,False,10.0,1.5013109964946005,12009,Zilacayotitlán,False
12009,0022,Cerro Chapulín,17.30106,-98.5893511111111,3,,True,0.20598864223025298,2.04403913405909,12009,Atlamajalcingo del Monte,False
12009,0023,Colonia Santa Rosa,17.304624722222222,-98.59800777777777,58,0.0,False,0.0,1.0842847422316713,12009,Atlamajalcingo del Monte,False
12009,0024,Colonia Vicente Guerrero,17.313021666666668,-98.59668444444443,41,0.0,False,0.0,0.9046607631430151,12009,Atlamajalcingo del Monte,False
12009,0025,Mi Patria es Primero,17.32320111111111,-98.56487083333333,127,8.0,False,8.0,2.1212521088237657,12069,Tlaxco,True
12009,0026,Juquila,17.26139722222222,-98.58636444444444,190,13.0,False,13.0,0.6902517967307066,12009,Huehuetepec,False
12009,0027,Colonia Guadalupe,17.31732611111111,-98.5376525,228,14.0,False,14.0,2.7307219781397603,12009,Zilacayotitlán,False
12009,0028,Colonia PRD,17.273013888888887,-98.61679055555555,29,0.0,False,0.0,1.7041038773318768,12041,Cuatzoquitengo,True
12009,0030,Mesón del Sur,17.251789166666665,-98.62892083333332,101,7.0,False,7.0,1.6622522678710827,12052,Mixtecapa,True
12010,0001,Atlixtac,17.563679166666667,-98.93323222222223,3733,240.0,False,240.0,0.0,12010,Atlixtac,False
12010,0003,Ahuexotitlán,17.438579722222222,-98.87309583333332,186,13.0,False,13.0,1.5692647080226234,12010,Xalpitzáhuac,False
12010,0004,Ahuixtla,17.595795555555554,-98.96469972222222,215,11.0,False,11.0,3.0828873270620534,12010,Petatlán,False
12010,0005,Alpoyeca,17.51981361111111,-98.92006777777779,62,2.0,False,2.0,4.0204075033498174,12010,El Duraznal,False
12010,0008,Cacalotepec,17.38532777777778,-98.88616083333334,668,66.0,False,66.0,0.0,12010,Cacalotepec,False
12010,0009,Caxitepec,17.295114166666668,-98.96761916666667,1216,108.0,False,108.0,0.0,12010,Caxitepec,False
12010,0010,Coatlamoloya,17.612944444444445,-98.91735611111112,136,13.0,False,13.0,5.730697536204703,12010,Atlixtac,False
12010,0011,Coxilitepec,17.434228055555558,-98.85558499999999,149,7.0,False,7.0,1.8710535313563779,12010,San Juan Bautista Coapala,False
12010,0012,San Juan Bautista Coapala,17.44149888888889,-98.83967916666666,920,63.0,False,63.0,0.0,12010,San Juan Bautista Coapala,False
12010,0013,Cuapexco,17.548113055555557,-98.92277944444444,15,0.0,False,0.0,2.055222116947425,12010,Atlixtac,False
12010,0014,Chimixtla,17.545454444444445,-98.90376388888889,122,7.0,False,7.0,3.7238275140098382,12010,Atlixtac,False
12010,0016,El Duraznal,17.5014625,-98.88740083333334,428,32.0,False,32.0,0.0,12010,El Duraznal,False
12010,0018,Huixolotepec (Huitzolotepec),17.36887972222222,-98.90809972222223,557,30.0,False,30.0,2.960628998165553,12010,Cacalotepec,False
12010,0019,Huitzacotla,17.55956972222222,-98.9056225,559,41.0,False,41.0,2.9624285937960577,12010,Atlixtac,False
12010,0020,Ixmatla,17.551369444444447,-98.96891694444444,106,10.0,False,10.0,3.927319912627274,12010,Petatlán,False
12010,0021,Ixtlahua Roja (Ixtlahua),17.35809638888889,-98.94088611111111,528,37.0,False,37.0,1.98786924752741,12010,Zoquitlán,False
12010,0024,Los Mesones,17.550920555555557,-98.8748061111111,274,15.0,False,15.0,5.269739836008153,12010,Tlatlauquitepec,False
12010,0026,Naranjastitlán,17.594166388888887,-98.89995944444445,3,,True,0.2083815941876382,4.892027910941209,12010,Atlixtac,False
12010,0027,Ocopexco,17.424398611111112,-98.84830027777777,283,19.0,False,19.0,2.109987035033198,12010,San Juan Bautista Coapala,False
12010,0028,Petatlán,17.580904166666667,-98.98923305555556,961,42.0,False,42.0,0.0,12010,Petatlán,False
12010,0029,El Potrero,17.591192222222222,-98.92162444444445,44,1.0,False,1.0,3.2974879475770082,12010,Atlixtac,False
12010,0030,Rancho Salitre (Rancho Viejo),17.56416527777778,-98.95333416666666,67,6.0,False,6.0,2.131714982110135,12010,Atlixtac,False
12010,0031,San Miguel Xochimilco (Las Estacas),17.64201388888889,-98.78698916666667,84,4.0,False,4.0,6.924238531387391,12024,Nuevo Paraíso,True
12010,0032,La Taberna,17.373810555555558,-98.92494833333333,269,19.0,False,19.0,3.7447103376222115,12010,San Lucas Teocuitlapa (Teocuitlapa),False
12010,0033,Tecocomulapa,17.578263888888888,-98.91078611111112,201,10.0,False,10.0,2.87955210493918,12010,Atlixtac,False
12010,0034,San Lucas Teocuitlapa (Teocuitlapa),17.3406925,-98.91854666666667,738,71.0,False,71.0,0.0,12010,San Lucas Teocuitlapa (Teocuitlapa),False
12010,0036,Texocotitlán,17.53384027777778,-98.91345944444446,92,5.0,False,5.0,3.9246903372453406,12010,Atlixtac,False
12010,0037,Tlacoxochapa,17.364078333333335,-98.88728777777779,422,29.0,False,29.0,2.365855031560943,12010,Cacalotepec,False
12010,0038,Chichiltepec,17.33605083333333,-98.93481,497,35.0,False,35.0,1.670002283217075,12010,Zoquitlán,False
12010,0039,Tlatlauquitepec,17.547659722222225,-98.82521861111111,2646,179.0,False,179.0,0.0,12010,Tlatlauquitepec,False
12010,0040,Tlacotepec,17.448906666666666,-98.85620722222221,145,6.0,False,6.0,1.9371538922065805,12010,San Juan Bautista Coapala,False
12010,0041,Tonalapa,17.313209166666667,-98.95152555555556,559,47.0,False,47.0,1.5607974983884916,12010,Huixtlazala,False
12010,0042,Xalpitzáhuac,17.425401944444445,-98.87839027777777,848,63.0,False,63.0,0.0,12010,Xalpitzáhuac,False
12010,0043,Xaxocotla,17.626261111111113,-98.95411583333333,100,4.0,False,4.0,6.268156695938511,12010,Petatlán,False
12010,0044,Zoyapexco,17.60083638888889,-99.02184527777777,435,35.0,False,35.0,4.106255292028843,12010,Petatlán,False
12010,0045,Yetepetitlán,17.552787777777777,-98.99516666666666,48,1.0,False,1.0,3.1890500261383683,12010,Petatlán,False
12010,0046,Zoquitlán,17.342085277777777,-98.94921777777778,1726,106.0,False,106.0,0.0,12010,Zoquitlán,False
12010,0047,Santa Isabel,17.591416944444443,-99.009835,257,12.0,False,12.0,2.476958193271554,12010,Petatlán,False
12010,0052,Chalma,17.490739722222223,-98.87645027777778,465,29.0,False,29.0,1.6644144113981592,12010,El Duraznal,False
12010,0053,Hueyitepec,17.613546111111113,-98.97223611111112,35,1.0,False,1.0,4.052117129111168,12010,Petatlán,False
12010,0059,Contepec (San José Contepec),17.443865,-98.86539916666666,333,23.0,False,23.0,2.472688371643526,12010,Xalpitzáhuac,False
12010,0060,San Pedro Huitzapula Norte (Huitzapula Norte),17.425820277777778,-98.80635166666666,1471,97.0,False,97.0,0.0,12010,San Pedro Huitzapula Norte (Huitzapula Norte),False
12010,0061,Huitzapula (San Pedro Huitzapula Sur),17.42423638888889,-98.80515777777778,433,21.0,False,21.0,0.21693713508663415,12010,San Pedro Huitzapula Norte (Huitzapula Norte),False
12010,0062,Limontitlán,17.550742222222222,-98.91408972222223,9,0.0,False,0.0,2.4875255274252965,12010,Atlixtac,False
12010,0063,Totolapa,17.433856944444443,-98.80431944444445,146,11.0,False,11.0,0.9192760348790021,12010,San Pedro Huitzapula Norte (Huitzapula Norte),False
12010,0064,Totoxocóyotl,17.41306694444444,-98.91163166666668,238,18.0,False,18.0,3.784086346393458,12010,Xalpitzáhuac,False
12010,0066,Zopilotepec,17.416758611111113,-98.83266805555556,181,12.0,False,12.0,2.704958791203934,12072,Ayotoxtla,True
12010,0067,Petlazolapa,17.30582,-98.93342916666667,181,16.0,False,16.0,1.5563477421065244,12010,Huixtlazala,False
12010,0068,Agua Honda (Copalacingo),17.58833111111111,-98.79321277777778,2,,True,0.1389210627917588,5.653700346776686,12010,Tlatlauquitepec,False
12010,0071,Miquetzingo,17.606186944444445,-98.80514,4,,True,0.2778421255835176,6.847134747257965,12010,Tlatlauquitepec,False
12010,0072,San Marcos (Cuapinaloya),17.580359166666668,-98.84510722222221,14,,True,0.9724474395423117,4.2030929353829976,12010,Tlatlauquitepec,False
12010,0074,Tetlixtac,17.587555,-98.85167694444443,2,,True,0.1389210627917588,5.248472693983316,12010,Tlatlauquitepec,False
12010,0076,Buena Vista,17.385353333333335,-98.8993238888889,241,19.0,False,19.0,1.3968029988695614,12010,Cacalotepec,False
12010,0080,Analco Chiquito,17.564028333333333,-98.9097563888889,4,,True,0.2778421255835176,2.4890030736740796,12010,Atlixtac,False
12010,0081,Apolcancitepec,17.304287777777777,-98.95297805555556,29,3.0,False,3.0,0.8206207670095143,12010,Huixtlazala,False
12010,0083,Huixtlazala,17.299939444444448,-98.94673250000001,314,29.0,False,29.0,0.0,12010,Huixtlazala,False
12010,0084,San José,17.588929999999998,-98.9137013888889,57,1.0,False,1.0,3.4885333641608103,12010,Atlixtac,False
12010,0085,Tenacaxtitlán,17.580286666666666,-98.92737861111111,5,,True,0.347302656979397,1.9481361529694095,12010,Atlixtac,False
12010,0093,Lucerito,17.406290555555554,-98.84719555555554,120,12.0,False,12.0,1.9249539474217743,12072,Ayotoxtla,True
12010,0094,Teponahuasco,17.569176388888888,-98.97562916666666,9,,True,0.6251447825629146,1.944267680075679,12010,Petatlán,False
12010,0096,Barranca Honda,17.583533888888887,-98.78921472222223,1,,True,0.0694605313958794,5.520879475353036,12010,Tlatlauquitepec,False
12010,0099,Ixtlachaloyan,17.62516666666667,-98.77839944444445,61,4.0,False,4.0,8.059702304588374,12024,Nuevo Paraíso,True
12010,0100,Las Palmas,17.350997222222222,-98.89331194444445,183,15.0,False,15.0,2.913171762018461,12010,San Lucas Teocuitlapa (Teocuitlapa),False
12010,0101,Plan de Ayala,17.303744166666668,-98.94443361111111,24,1.0,False,1.0,0.48841480640599655,12010,Huixtlazala,False
12010,0102,Tejocotitlán,17.533897500000002,-98.91970388888889,51,4.0,False,4.0,3.6088277981310233,12010,Atlixtac,False
12010,0103,Vista Hermosa,17.623516388888888,-98.76166194444444,76,5.0,False,5.0,7.206039735018543,12066,Chiepetepec,True
12010,0105,Luis Donaldo Colosio Murrieta,17.36369777777778,-98.87878305555554,247,24.0,False,24.0,2.529372351695687,12010,Cacalotepec,False
12010,0106,Pedro Ángel Ortega,17.569257222222223,-98.93893444444444,1,,True,0.0694605313958794,0.8660950228434454,12010,Atlixtac,False
12010,0107,Tierra Blanca,17.335099166666666,-98.94924194444445,287,16.0,False,16.0,0.7768243475804087,12010,Zoquitlán,False
12010,0108,Vicente Guerrero,17.418604722222224,-98.81221416666666,333,28.0,False,28.0,1.0151803685030212,12010,San Pedro Huitzapula Norte (Huitzapula Norte),False
12010,0114,Linda Vista,17.582884444444446,-98.90166500000001,42,4.0,False,4.0,3.9696639979579906,12010,Atlixtac,False
12010,0115,Rancho Agua Zarca,17.623562777777778,-98.95953333333334,75,2.0,False,2.0,5.692881520497744,12010,Petatlán,False
12010,0120,Ahuacatitlán,17.418794722222223,-98.81677944444444,394,25.0,False,25.0,1.3543378508803208,12010,San Pedro Huitzapula Norte (Huitzapula Norte),False
12010,0122,Cocoyotzin,17.63008388888889,-98.78416722222222,31,2.0,False,2.0,7.856054142182297,12024,Nuevo Paraíso,True
12010,0125,Chichihuatlaco,17.364363611111113,-98.93767083333334,195,11.0,False,11.0,2.763803193284571,12010,Zoquitlán,False
12010,0126,El Membrillo,17.343756388888888,-98.9323825,57,4.0,False,4.0,1.5075382205935917,12010,San Lucas Teocuitlapa (Teocuitlapa),False
12010,0127,Filo de Chihuiltepec,17.341738055555556,-98.93465305555556,57,5.0,False,5.0,1.546386640531623,12010,Zoquitlán,False
12010,0131,Loma Bonita,17.351636666666668,-98.91361500000001,239,19.0,False,19.0,1.3247334393620673,12010,San Lucas Teocuitlapa (Teocuitlapa),False
12010,0132,Ojo de Agua,17.35195611111111,-98.90710555555556,18,3.0,False,3.0,1.7444926647470944,12010,San Lucas Teocuitlapa (Teocuitlapa),False
12010,0133,Paraje Malinaltepec,17.366340555555556,-98.87954805555555,56,5.0,False,5.0,2.224853183636633,12010,Cacalotepec,False
12010,0134,Plan del Conejo,17.29756,-98.92931750000001,15,1.0,False,1.0,1.8677038847922722,12010,Huixtlazala,False
12010,0135,Tierra Colorada,17.35790666666667,-98.91556972222223,97,9.0,False,9.0,1.9400302731149335,12010,San Lucas Teocuitlapa (Teocuitlapa),False
12010,0136,Tlachiloña,17.33944083333333,-98.94369111111112,2,,True,0.1389210627917588,0.656179278714458,12010,Zoquitlán,False
12010,0137,Tres Palos,17.3747275,-98.88637722222222,5,,True,0.347302656979397,1.1789207639805481,12010,Cacalotepec,False
12010,0138,Belén,17.32056972222222,-98.952265,154,16.0,False,16.0,2.367974313084107,12010,Huixtlazala,False
12010,0139,Lagunaltepec,17.29415555555556,-98.96937777777778,315,27.0,False,27.0,0.21499240726709692,12010,Caxitepec,False
12010,0140,San Miguel Tonalapa,17.3188575,-98.93851500000001,113,8.0,False,8.0,2.2773043424469357,12010,Huixtlazala,False
12010,0145,Copaltepec,17.312347222222222,-98.94656666666667,83,9.0,False,9.0,1.3797942572362856,12010,Huixtlazala,False
12010,0146,El Calvario de Guadalupe,17.421555555555557,-98.80513666666667,272,22.0,False,22.0,0.4914227056377675,12010,San Pedro Huitzapula Norte (Huitzapula Norte),False
12010,0147,Ixtlahuacorral,17.423731944444445,-98.80734833333334,94,6.0,False,6.0,0.2551531092124237,12010,San Pedro Huitzapula Norte (Huitzapula Norte),False
12010,0148,El Pedregal,17.55805638888889,-98.93202305555556,247,18.0,False,18.0,0.6382299585084104,12010,Atlixtac,False
12010,0149,Los Pinos,17.425718333333336,-98.87156277777777,68,5.0,False,5.0,0.725195882135547,12010,Xalpitzáhuac,False
12010,0150,Coyotomate,17.56948861111111,-98.98883916666666,6,0.0,False,0.0,1.270038403967307,12010,Petatlán,False
12011,0001,Atoyac de Álvarez,17.21273888888889,-100.43312944444445,22271,1300.0,False,1300.0,0.0,12011,Atoyac de Álvarez,False
12011,0002,El Achotal,17.22700861111111,-100.27719277777777,104,4.0,False,4.0,3.6194054195049685,12011,San Francisco del Tibor,False
12011,0003,Agua Fría,17.291823611111113,-100.40142555555556,340,20.0,False,20.0,2.7131152901170643,12011,San Juan de las Flores,False
12011,0004,Alcholoa,17.15050972222222,-100.40410555555556,1020,51.0,False,51.0,3.0608415614471562,12011,Ixtla,False
12011,0005,Almolonga,17.244487777777778,-100.49787833333333,12,0.0,False,0.0,7.729949449511914,12011,Atoyac de Álvarez,False
12011,0006,Arroyo Grande,17.258635555555557,-100.23315416666667,21,2.0,False,2.0,2.8786480297261874,12011,San Francisco del Tibor,False
12011,0007,Arroyo Grande del Paraíso,17.361031944444445,-100.25932555555555,26,3.0,False,3.0,3.7557475712939823,12011,Los Piloncillos,False
12011,0008,Boca de Arroyo,17.18278666666667,-100.45560916666668,213,8.0,False,8.0,4.09809693483577,12011,Atoyac de Álvarez,False
12011,0009,Colonia Buenos Aires,17.156871944444443,-100.4153725,636,26.0,False,26.0,3.602636862116846,12011,Ixtla,False
12011,0010,Cacalutla,17.123288055555555,-100.34957,2066,112.0,False,112.0,0.0,12011,Cacalutla,False
12011,0011,El Cacao,17.33324111111111,-100.3037275,275,21.0,False,21.0,7.067958490662464,12011,San Vicente de Jesús,False
12011,0012,El Camarón,17.313633055555556,-100.37308472222222,497,39.0,False,39.0,0.0,12011,El Camarón,False
12011,0013,Plan del Carrizo,17.398817777777776,-100.3743786111111,46,1.0,False,1.0,7.50595944622383,12011,Río del Bálsamo,False
12011,0014,Caña de Agua,17.25509,-100.48187916666667,72,7.0,False,7.0,6.692486511465452,12011,El Salto (El Salto Grande),False
12011,0017,La Cebada,17.333139444444445,-100.39046833333335,111,8.0,False,8.0,2.050521351317936,12011,San Juan de las Flores,False
12011,0018,Cerro Prieto de los Blancos,17.19754,-100.25536583333333,360,13.0,False,13.0,3.6982583315328075,12011,El Quemado,False
12011,0019,El Ciruelar,17.167781666666666,-100.4286513888889,641,25.0,False,25.0,4.667219607980086,12011,Ixtla,False
12011,0021,Corrales del Río Chiquito,17.376238333333333,-100.46167694444445,85,2.0,False,2.0,9.570480748837278,12011,San Juan de las Flores,False
12011,0022,Corral Falso,17.173582222222223,-100.45887194444445,1206,40.0,False,40.0,4.266735111777872,12014,San Jerónimo de Juárez,True
12011,0023,Colonia Cuauhtémoc,17.103337222222223,-100.33630527777777,640,46.0,False,46.0,1.9040297718578363,12011,Zacualpan,False
12011,0024,Cucuyachi,17.226455833333333,-100.28958055555556,215,13.0,False,13.0,3.7068434724540587,12011,El Quemado,False
12011,0026,Plan de las Delicias (Delicias del Plan Gde.),17.40175361111111,-100.23219805555556,152,12.0,False,12.0,2.790724017531868,12011,Los Piloncillos,False
12011,0027,El Edén,17.378479444444444,-100.13864333333333,810,48.0,False,48.0,4.80481813237525,12011,La Pintada,False
12011,0028,La Estancia,17.312271388888888,-100.24640416666666,14,0.0,False,0.0,3.921826821196367,12011,El Paraíso,False
12011,0029,La Finca,17.21858361111111,-100.5050175,2,,True,0.11539222148978247,7.291935555487662,12057,Santa María,True
12011,0030,El Huicón,17.107470000000003,-100.30704944444444,389,20.0,False,20.0,3.0099898293539686,12011,Zacualpan,False
12011,0032,El Humo,17.17423638888889,-100.44337250000001,356,10.0,False,10.0,4.417385338128141,12011,Atoyac de Álvarez,False
12011,0033,Ixtla,17.170983333333336,-100.38484833333334,224,17.0,False,17.0,0.0,12011,Ixtla,False
12011,0034,Colonia Lázaro Cárdenas,17.197835833333333,-100.45705027777778,152,14.0,False,14.0,3.033486282316035,12011,Atoyac de Álvarez,False
12011,0035,Los Llanos de Santiago,17.242375000000003,-100.33560555555555,336,17.0,False,17.0,2.3773838235399585,12011,Río Santiago,False
12011,0036,Mexcaltepec,17.26498972222222,-100.40301722222223,325,18.0,False,18.0,1.8430133194099936,12011,El Salto (El Salto Grande),False
12011,0037,Colonia Miranda Fonseca,17.192759722222224,-100.47619027777777,358,18.0,False,18.0,5.084918341881733,12011,Atoyac de Álvarez,False
12011,0038,El Nanchal,17.21237611111111,-100.39712166666668,157,10.0,False,10.0,3.8247751777784282,12011,Atoyac de Álvarez,False
12011,0041,Las Palmas,17.373063055555555,-100.23449138888888,3,,True,0.1730883322346737,3.429359741545314,12011,Los Piloncillos,False
12011,0042,Las Palmeras,17.08059972222222,-100.31771805555555,63,2.0,False,2.0,1.3471762302334798,12011,Zacualpan,False
12011,0043,El Paraíso,17.34275861111111,-100.22782722222222,3652,267.0,False,267.0,0.0,12011,El Paraíso,False
12011,0044,Las Parotas,17.217632777777776,-100.49269666666667,10,0.0,False,0.0,6.3501958417859585,12011,Atoyac de Álvarez,False
12011,0045,Pie de la Cuesta,17.473479166666664,-100.36965888888888,650,42.0,False,42.0,0.0,12011,Pie de la Cuesta,False
12011,0046,Los Piloncillos,17.394761111111112,-100.2574575,120,6.0,False,6.0,0.0,12011,Los Piloncillos,False
12011,0047,Plan de los Molinos,17.186631666666667,-100.33432277777777,147,8.0,False,8.0,4.776669642824033,12011,El Quemado,False
12011,0049,El Porvenir Limón,17.283101388888888,-100.30692944444444,44,0.0,False,0.0,3.4087970551958513,12011,Río Santiago,False
12011,0053,Poza Honda,17.142031944444444,-100.3375725,137,9.0,False,9.0,2.4432088920736232,12011,Cacalutla,False
12011,0054,Puente del Rey,17.349875833333332,-100.2613975,106,10.0,False,10.0,3.6499064188298034,12011,El Paraíso,False
12011,0055,El Quemado,17.193120555555556,-100.2898725,847,43.0,False,43.0,0.0,12011,El Quemado,False
12011,0056,La Remonta (La Remonta Grande),17.244666111111112,-100.21930666666667,165,6.0,False,6.0,4.476172677083091,12011,San Francisco del Tibor,False
12011,0057,El Rincón de las Parotas,17.24516138888889,-100.39081194444445,411,20.0,False,20.0,3.332090397728595,12011,El Salto (El Salto Grande),False
12011,0058,Río del Bálsamo,17.422935000000003,-100.30830388888889,240,22.0,False,22.0,0.0,12011,Río del Bálsamo,False
12011,0059,Río Santiago,17.25391861111111,-100.31676194444444,852,64.0,False,64.0,0.0,12011,Río Santiago,False
12011,0061,El Salto (El Salto Grande),17.258419444444446,-100.41895166666667,317,20.0,False,20.0,0.0,12011,El Salto (El Salto Grande),False
12011,0062,San Andrés de la Cruz,17.256499166666668,-100.35937472222221,699,38.0,False,38.0,0.0,12011,San Andrés de la Cruz,False
12011,0063,San Francisco del Tibor,17.25512,-100.26001166666667,240,16.0,False,16.0,0.0,12011,San Francisco del Tibor,False
12011,0064,San Juan de las Flores,17.31591277777778,-100.39736166666667,516,24.0,False,24.0,0.0,12011,San Juan de las Flores,False
12011,0065,San Martín de las Flores,17.19450972222222,-100.38829555555556,315,18.0,False,18.0,2.6415225290973736,12011,Ixtla,False
12011,0066,Santiago de la Unión,17.248156666666667,-100.34037805555555,630,50.0,False,50.0,2.2203604402121693,12011,San Andrés de la Cruz,False
12011,0067,Santo Domingo,17.452222222222222,-100.35316777777777,390,18.0,False,18.0,2.9405204829048954,12011,Pie de la Cuesta,False
12011,0068,San Vicente de Benítez (San Vicentito),17.29571138888889,-100.28327555555555,344,26.0,False,26.0,2.412673483634344,12011,San Vicente de Jesús,False
12011,0069,San Vicente de Jesús,17.27950333333333,-100.26816777777778,461,39.0,False,39.0,0.0,12011,San Vicente de Jesús,False
12011,0070,La Soledad,17.294993611111114,-100.25784222222222,168,14.0,False,14.0,2.0417245586486077,12011,San Vicente de Jesús,False
12011,0071,El Ticui,17.21544861111111,-100.44070416666668,3315,169.0,False,169.0,0.859111995869357,12011,Atoyac de Álvarez,False
12011,0072,Tres Pasos,17.306177222222225,-100.34290555555555,99,8.0,False,8.0,3.309314956058364,12011,El Camarón,False
12011,0073,Las Trincheras,17.20220722222222,-100.33337666666667,166,11.0,False,11.0,4.730331270677976,12011,El Quemado,False
12011,0074,Los Valles,17.285860833333334,-100.34704638888888,365,27.0,False,27.0,3.5175194566654673,12011,San Andrés de la Cruz,False
12011,0075,La Y Griega,17.164087499999997,-100.43186361111111,953,41.0,False,41.0,4.4801724980812505,12014,Arenal del Centro (La Máquina),True
12011,0076,Zacualpan,17.088538611111108,-100.3272925,2719,148.0,False,148.0,0.0,12011,Zacualpan,False
12011,0078,Zintapala,17.2565925,-100.53321111111111,53,1.0,False,1.0,5.0990717542370465,12057,Santa María,True
12011,0079,La Zuzuca,17.178384166666667,-100.51126472222222,215,10.0,False,10.0,6.504463679478208,12014,San Jerónimo de Juárez,True
12011,0085,El Encanto,17.41495944444444,-100.25899555555556,2,,True,0.11539222148978247,2.25187331279268,12011,Los Piloncillos,False
12011,0086,El Escorpión,17.309063333333334,-100.40681833333333,26,0.0,False,0.0,1.2601090342368797,12011,San Juan de las Flores,False
12011,0088,Huerta de los López,17.23387888888889,-100.46070916666667,6,,True,0.3461766644693474,3.7557768513734553,12011,Atoyac de Álvarez,False
12011,0089,Junta de los Ríos (Las Juntas),17.226313055555554,-100.22635277777778,145,8.0,False,8.0,4.799757333912744,12011,San Francisco del Tibor,False
12011,0090,Las Salinas (Loma de Salinas),17.129818888888888,-100.37601138888888,287,16.0,False,16.0,2.9020992398256413,12011,Cacalutla,False
12011,0094,La Angostura,17.207236666666667,-100.47274388888889,2,,True,0.11539222148978247,4.251950634214243,12011,Atoyac de Álvarez,False
12011,0096,Los Arrayanes,17.458899444444445,-100.22517444444445,97,5.0,False,5.0,7.911613871241066,12011,Los Piloncillos,False
12011,0109,El Fortín,17.421611944444447,-100.35551777777778,2,,True,0.11539222148978247,5.011258401907135,12011,Río del Bálsamo,False
12011,0110,La Gloria,17.417417500000003,-100.37650194444444,3,0.0,False,0.0,6.275896322870475,12011,Pie de la Cuesta,False
12011,0111,El Guayabillal,17.40495861111111,-100.33604027777777,7,0.0,False,0.0,3.5574649373006095,12011,Río del Bálsamo,False
12011,0113,Piedras Grandes,17.450542777777777,-100.44994750000001,162,4.0,False,4.0,8.889957158129617,12011,Pie de la Cuesta,False
12011,0119,La Vainilla,17.162171666666666,-100.38091972222222,287,14.0,False,14.0,1.0650067512892953,12011,Ixtla,False
12011,0121,Nueva Delhi,17.421723611111112,-100.19473916666666,128,12.0,False,12.0,7.298725064259909,12011,Los Piloncillos,False
12011,0122,Las Fundiciones,17.452571944444443,-100.29744083333333,28,1.0,False,1.0,3.4911617715941787,12011,Río del Bálsamo,False
12011,0125,El Interior (Interior del Centro),17.308125833333335,-100.45532722222222,11,0.0,False,0.0,6.2141057084495195,12011,San Juan de las Flores,False
12011,0126,Puente de los Lugardo,17.337573888888887,-100.25616944444444,88,4.0,False,4.0,3.06302600262176,12011,El Paraíso,False
12011,0127,La Siberia,17.32329222222222,-100.23481361111111,36,2.0,False,2.0,2.288070659423914,12011,El Paraíso,False
12011,0130,La Pintada,17.34637111111111,-100.1689413888889,675,51.0,False,51.0,0.0,12011,La Pintada,False
12011,0131,Los Planes,17.35082277777778,-100.21365166666666,139,9.0,False,9.0,1.7515012122401445,12011,El Paraíso,False
12011,0134,La Meca,17.261138333333335,-100.48115916666667,10,0.0,False,0.0,6.612588796119125,12011,El Salto (El Salto Grande),False
12011,0137,Río Verde,17.315878055555558,-100.21175472222222,101,8.0,False,8.0,3.441604644739112,12011,El Paraíso,False
12011,0138,El Estudio,17.298076944444446,-100.25249861111111,7,0.0,False,0.0,2.6519863070937175,12011,San Vicente de Jesús,False
12011,0140,El Ranchito,17.391819166666668,-100.19548388888889,32,1.0,False,1.0,5.78560586342504,12011,La Pintada,False
12011,0141,Colonia Olímpica,17.163126388888887,-100.42893805555556,438,26.0,False,26.0,4.612762240347977,12014,Arenal del Centro (La Máquina),True
12011,0142,Colonia Central,17.164359444444443,-100.42566583333334,482,25.0,False,25.0,4.398582958624583,12011,Ixtla,False
12011,0143,Las Peñas (El Diez),17.198518055555557,-100.48871861111111,34,0.0,False,0.0,6.112690403194789,12011,Atoyac de Álvarez,False
12011,0145,Las Palmitas,17.17464277777778,-100.30625444444445,2,,True,0.11539222148978247,2.6925984740245337,12011,El Quemado,False
12011,0146,El Guanábano,17.166888055555557,-100.31249166666666,13,2.0,False,2.0,3.7792099448627723,12011,El Quemado,False
12011,0147,Colonia Vicente Guerrero,17.068350833333334,-100.30373583333333,480,20.0,False,20.0,3.362800538587758,12011,Zacualpan,False
12011,0148,El Refugio,17.1661725,-100.29069388888888,28,2.0,False,2.0,2.997757308577208,12011,El Quemado,False
12011,0155,Cacahuatán,17.24499777777778,-100.49077083333333,7,,True,0.40387277521423864,7.095322237246119,12011,Atoyac de Álvarez,False
12011,0157,El Cerrito de la Campana,17.181220555555555,-100.46447222222223,47,7.0,False,7.0,4.833978257597675,12011,Atoyac de Álvarez,False
12011,0159,Los Coyotes (Rancho de los Coyotes),17.180348333333335,-100.43303527777778,2,,True,0.11539222148978247,3.601679339103514,12011,Atoyac de Álvarez,False
12011,0160,Cuacuyulillo,17.06542,-100.31086777777777,2,,True,0.11539222148978247,3.1074519905279376,12011,Zacualpan,False
12011,0161,La Florida,17.23202333333333,-100.38210138888888,48,0.0,False,0.0,3.637582825733078,12011,San Andrés de la Cruz,False
12011,0163,Colonia la Laja,17.141723055555556,-100.39530194444445,149,5.0,False,5.0,3.437943570440083,12011,Ixtla,False
12011,0165,Los Llanos de Zintapala,17.248572777777778,-100.52132222222222,32,1.0,False,1.0,5.808144890189104,12057,Santa María,True
12011,0167,El Molote,17.420717777777778,-100.17090666666667,1,,True,0.057696110744891234,8.26960220760184,12011,La Pintada,False
12011,0168,Rancho Palo Solo,17.17588166666667,-100.533415,3,,True,0.1730883322346737,7.344247834076147,12057,Santa María,True
12011,0169,La Quebradora,17.35949777777778,-100.20434444444444,164,8.0,False,8.0,3.1106685736217172,12011,El Paraíso,False
12011,0170,Quinto Patio,17.160381944444442,-100.43825777777778,406,21.0,False,21.0,3.7321356915679833,12014,Arenal del Centro (La Máquina),True
12011,0171,Colonia Piedra Parada,17.233104166666664,-100.52493055555556,27,0.0,False,0.0,5.068506010019289,12057,Santa María,True
12011,0173,La Finquita,17.343585833333332,-100.20334083333334,70,7.0,False,7.0,2.6006030177751724,12011,El Paraíso,False
12011,0175,La Ciénega,17.292395555555558,-100.43253583333333,2,,True,0.11539222148978247,4.0439385308465505,12011,El Salto (El Salto Grande),False
12011,0180,Pie del Barandillo,17.41213583333333,-100.42073888888889,17,0.0,False,0.0,8.71141901524038,12011,Pie de la Cuesta,False
12011,0185,Charco Largo,17.128005,-100.36852194444444,23,2.0,False,2.0,2.081101694980261,12011,Cacalutla,False
12011,0186,Cuatro Milpas,17.13492111111111,-100.38540111111112,104,7.0,False,7.0,4.01036624595979,12011,Ixtla,False
12011,0187,Colonia Buena Vista,17.165485277777776,-100.38710111111112,479,26.0,False,26.0,0.6565345829319307,12011,Ixtla,False
12011,0189,La Neblina,17.154143055555554,-100.32999888888888,8,,True,0.46156888595912987,4.011960503148212,12011,Cacalutla,False
12011,0194,El Imperial,17.325773055555555,-100.24666722222223,2,,True,0.11539222148978247,2.7506882289782832,12011,El Paraíso,False
12011,0196,Barrio Nuevo,17.160739166666666,-100.44660861111112,4,,True,0.23078444297956494,3.310489198908672,12014,Arenal del Centro (La Máquina),True
12011,0197,El Cerrito de los Longares,17.178754444444447,-100.4820838888889,21,0.0,False,0.0,4.923796291650522,12014,San Jerónimo de Juárez,True
12011,0198,El Cerrito de los Pérez,17.175188611111114,-100.48196638888889,61,2.0,False,2.0,4.541825975015379,12014,San Jerónimo de Juárez,True
12011,0203,Granja la Loma,17.179526666666668,-100.43808277777778,2,,True,0.11539222148978247,3.7303249432118064,12011,Atoyac de Álvarez,False
12011,0204,La Laja,17.215910277777777,-100.40225527777778,24,0.0,False,0.0,3.298171683432451,12011,Atoyac de Álvarez,False
12011,0205,Colonia Libertad,17.212920555555556,-100.41551472222223,7,,True,0.40387277521423864,1.8710522224523993,12011,Atoyac de Álvarez,False
12011,0215,Vista Hermosa,17.22006083333333,-100.41535722222223,6,,True,0.3461766644693474,2.0557308897132693,12011,Atoyac de Álvarez,False
12011,0219,Cerro Prietito de los Pinos,17.151159166666666,-100.29657888888889,5,0.0,False,0.0,4.719976879120416,12011,El Quemado,False
12011,0220,Las Crucitas,17.371948055555556,-100.16213777777779,4,,True,0.23078444297956494,2.9342581908941496,12011,La Pintada,False
12011,0221,Las Palmas,17.344009444444442,-100.39747666666668,1,,True,0.057696110744891234,3.1242306363954278,12011,San Juan de las Flores,False
12011,0226,El Venado,17.314668611111113,-100.26488861111112,2,,True,0.11539222148978247,3.925667718627385,12011,San Vicente de Jesús,False
12011,0230,El Cuajilote,17.195239166666667,-100.48216611111111,2,,True,0.11539222148978247,5.560274210098733,12011,Atoyac de Álvarez,False
12011,0233,Rancho Juanacaxtle,17.201340277777778,-100.4471525,15,2.0,False,2.0,1.9557837785345418,12011,Atoyac de Álvarez,False
12011,0235,Las Selvas,17.434762222222222,-100.23036916666666,10,0.0,False,0.0,5.295658063818114,12011,Los Piloncillos,False
12011,0238,Ejido el Tambor,17.42649,-100.08484305555555,41,7.0,False,7.0,12.609748062907437,12011,La Pintada,False
12011,0245,Monte Alegre (Arroyo Zapote),17.35398777777778,-100.39661500000001,2,,True,0.11539222148978247,4.234488576748611,12011,San Juan de las Flores,False
12011,0246,Arroyo Grande,17.3774475,-100.18226166666668,10,0.0,False,0.0,3.7335214095895757,12011,La Pintada,False
12011,0247,Colonia los Nopales,17.170801111111114,-100.4276725,41,4.0,False,4.0,4.549633112727395,12011,Ixtla,False
12011,0251,Huerta de Otilio Robles,17.111043611111114,-100.33947055555555,2,,True,0.11539222148978247,1.7336755722687824,12011,Cacalutla,False
12011,0253,Las Huertas,17.46525611111111,-100.2891086111111,5,,True,0.2884805537244562,5.127549454158807,12011,Río del Bálsamo,False
12011,0256,Marcelino Garibo,17.143886944444443,-100.39990083333333,7,,True,0.40387277521423864,3.4111195364355376,12011,Ixtla,False
12011,0260,Campo de Tiro,17.342379722222223,-100.23633611111111,16,0.0,False,0.0,0.9041152736105337,12011,El Paraíso,False
12011,0266,El Potrerito,17.467093055555555,-100.3644075,10,0.0,False,0.0,0.9024896151697328,12011,Pie de la Cuesta,False
12011,0267,Poza Verde,17.14670333333333,-100.33437972222222,77,6.0,False,6.0,3.0633957553547755,12011,Cacalutla,False
12011,0272,Huerta los Solís,17.13901,-100.39667666666668,5,,True,0.2884805537244562,3.7708548799790456,12011,Ixtla,False
12011,0280,Plan de las Cruces,17.23004972222222,-100.41573666666667,18,0.0,False,0.0,2.66788462757609,12011,Atoyac de Álvarez,False
12011,0281,Fraccionamiento Nuevo Horizonte,17.174904444444447,-100.43486527777779,97,3.0,False,3.0,4.211037183850334,12011,Atoyac de Álvarez,False
12011,0282,Grupo Atoyac,17.17978638888889,-100.43584777777778,5,,True,0.2884805537244562,3.675510778424125,12011,Atoyac de Álvarez,False
12011,0285,La Ceibita (Los Guajes),17.38352527777778,-100.23767138888888,1,,True,0.057696110744891234,2.4431711776948157,12011,Los Piloncillos,False
12011,0288,Arroyo el Faisanal (Huerta Don Conrado),17.402856666666665,-100.19050833333334,2,,True,0.11539222148978247,6.684909025572154,12011,La Pintada,False
12011,0289,El Miramar (La Peña),17.357961666666668,-100.18038,8,,True,0.46156888595912987,1.7705657455061883,12011,La Pintada,False
12011,0296,La Cañada,17.334777222222222,-100.226935,4,,True,0.23078444297956494,0.8925284074776683,12011,El Paraíso,False
12011,0306,El Iris (Puerto el Iris),17.487302222222223,-100.22007500000001,9,1.0,False,1.0,7.122183566381951,12032,La Aurora,True
12011,0310,El Riego,17.163572777777777,-100.31882361111111,2,,True,0.11539222148978247,4.500476173538658,12011,El Quemado,False
12011,0314,Los Cañales,17.223041666666663,-100.52049638888889,3,,True,0.1730883322346737,5.589056868762216,12057,Santa María,True
12011,0319,Las Juntas (Los Limones),17.38440111111111,-100.13669333333334,2,,True,0.11539222148978247,5.44012515976162,12011,La Pintada,False
12011,0323,El Ranchito,17.09264472222222,-100.3356111111111,1,,True,0.057696110744891234,0.9950726679491121,12011,Zacualpan,False
12011,0324,La Puerta de Fierro,17.18546027777778,-100.37316361111111,1,,True,0.057696110744891234,2.03278525970216,12011,Ixtla,False
12011,0326,La Colonia,17.244169722222225,-100.39444027777779,5,,True,0.2884805537244562,3.047272289695974,12011,El Salto (El Salto Grande),False
12011,0329,Rancho el Mangal,17.198523333333334,-100.42487222222222,18,1.0,False,1.0,1.8077228425229885,12011,Atoyac de Álvarez,False
12011,0330,La Piedra Redonda,17.225706666666664,-100.44192111111111,51,3.0,False,3.0,1.7178922302104405,12011,Atoyac de Álvarez,False
12011,0334,Plan de Allende,17.558321666666668,-100.44621861111112,1,,True,0.057696110744891234,12.446232409028212,12011,Pie de la Cuesta,False
12011,0336,Villa del Carmen,17.214972777777778,-100.43874166666667,170,14.0,False,14.0,0.6457811301419696,12011,Atoyac de Álvarez,False
12011,0337,Colonia el Mirador (La Recicladora),17.19511222222222,-100.42188416666667,551,43.0,False,43.0,2.2952879435498783,12011,Atoyac de Álvarez,False
12011,0341,Colonia la Cima,17.070006111111113,-100.30644138888889,10,1.0,False,1.0,3.0263017585845042,12011,Zacualpan,False
12011,0342,Cerro Azul (Puerto los Pinos),17.336077222222222,-100.13214277777777,4,,True,0.23078444297956494,4.070097704737595,12011,La Pintada,False
12011,0345,Los Planes,17.416216944444443,-100.30696472222222,14,1.0,False,1.0,0.7604051489899811,12011,Río del Bálsamo,False
12011,0346,Piedra Parada,17.387240833333333,-100.37639277777777,10,,True,0.5769611074489124,8.192338551930966,12011,El Camarón,False
12011,0347,Colonia 2 de Diciembre de 1974,17.1735425,-100.43268694444446,398,17.0,False,17.0,4.358693050413583,12011,Atoyac de Álvarez,False
12011,0348,Loma Larga,17.25898,-100.30059277777778,6,,True,0.3461766644693474,1.8068834825986615,12011,Río Santiago,False
12011,0349,La Selva del Tesoro,17.4,-100.26666666666667,5,,True,0.2884805537244562,1.1376325937137093,12011,Los Piloncillos,False
12011,0350,Rancho las Gemelas,17.223733055555552,-100.41427194444445,2,,True,0.11539222148978247,2.346496845730984,12011,Atoyac de Álvarez,False
12011,0351,Rancho Verde,17.159867777777777,-100.42089222222222,1,,True,0.057696110744891234,4.023900081949834,12011,Ixtla,False
12011,0352,Rancho San José,17.183465555555557,-100.43638444444444,4,,True,0.23078444297956494,3.2733580636469934,12011,Atoyac de Álvarez,False
12011,0353,El Chachalaco,17.23737861111111,-100.42349250000001,2,,True,0.11539222148978247,2.388810412074361,12011,El Salto (El Salto Grande),False
12012,0001,Ayutla de los Libres,16.965286944444443,-99.09738388888888,18224,1365.0,False,1365.0,0.0,12012,Ayutla de los Libres,False
12012,0002,Acalmani,17.090500555555554,-99.11871694444444,1105,85.0,False,85.0,3.6362908100275146,12076,Escalerilla Zapata,True
12012,0003,Ahuacachahue (Ndog'yo Itún Tichi),16.829150277777778,-98.98497888888889,1505,110.0,False,110.0,0.0,12012,Ahuacachahue (Ndog'yo Itún Tichi),False
12012,0004,Ahuexutla,16.957695555555556,-99.02377805555555,57,3.0,False,3.0,4.932542679144954,12012,San José la Hacienda,False
12012,0005,La Angostura,16.876070000000002,-99.02921222222223,963,69.0,False,69.0,3.0527319339187255,12012,Tonalá,False
12012,0006,Apantla,17.040806944444448,-99.16701972222222,1103,91.0,False,91.0,0.0,12012,Apantla,False
12012,0007,La Azozuca,16.821214166666667,-99.04199,1911,103.0,False,103.0,0.0,12012,La Azozuca,False
12012,0008,Barranca Tecoani,17.041155833333335,-98.98449055555555,355,31.0,False,31.0,6.4354792266281375,12012,Tecruz,False
12012,0009,El Capulín,16.784483055555558,-99.1233575,232,16.0,False,16.0,6.73884587300707,12030,Cruz Grande,True
12012,0010,Carabalí Grande,16.806315,-99.17036750000001,241,10.0,False,10.0,8.018883958969548,12053,Las Vigas,True
12012,0011,Cerro Gordo Nuevo,16.958233888888888,-99.12748222222221,315,17.0,False,17.0,3.2958648197400344,12012,Ayutla de los Libres,False
12012,0012,Cerro Gordo Viejo,16.96638388888889,-99.12815722222221,441,15.0,False,15.0,3.2751885190924983,12012,Ayutla de los Libres,False
12012,0013,Coapinola,16.945833333333333,-99.00812,387,27.0,False,27.0,5.569776682101205,12012,La Concordia,False
12012,0014,Colotepec,17.040653055555556,-99.21238305555556,2561,190.0,False,190.0,0.0,12012,Colotepec,False
12012,0015,La Concordia,16.90622861111111,-98.97606388888889,1125,63.0,False,63.0,0.0,12012,La Concordia,False
12012,0016,El Cortijo,16.989653055555557,-99.14898277777779,2056,166.0,False,166.0,0.0,12012,El Cortijo,False
12012,0018,Cotzalzin,16.923204444444444,-99.10066388888889,712,41.0,False,41.0,4.692348713290885,12012,Ayutla de los Libres,False
12012,0019,Cuadrilla Nueva,17.034017222222225,-99.08648416666666,353,32.0,False,32.0,5.71464553394353,12012,Tecruz,False
12012,0020,Chacalapa,16.963318333333333,-99.06395111111111,254,14.0,False,14.0,1.5712804353828678,12012,San José la Hacienda,False
12012,0021,Chacalinitla,17.123059722222223,-99.19796027777778,437,33.0,False,33.0,7.3331984469053975,12051,Xochitepec,True
12012,0022,El Charco,16.93404222222222,-99.03071694444445,146,13.0,False,13.0,6.065312232260965,12012,San José la Hacienda,False
12012,0023,El Guineo,16.815982222222225,-99.15150166666668,497,26.0,False,26.0,10.26186630726504,12053,Las Vigas,True
12012,0024,La Haciendita,17.04095305555556,-99.232885,371,33.0,False,33.0,2.179879666104447,12012,Colotepec,False
12012,0025,La Lima,16.794705833333335,-99.01343916666667,332,24.0,False,24.0,4.233712314422061,12012,La Azozuca,False
12012,0026,El Mesón,16.84621333333333,-99.0588536111111,1071,52.0,False,52.0,0.0,12012,El Mesón,False
12012,0027,Mesón Zapote,16.859425277777778,-98.96521694444445,762,65.0,False,65.0,3.969390711631227,12012,Ahuacachahue (Ndog'yo Itún Tichi),False
12012,0028,Ocotlán,16.971714166666665,-98.97959111111112,338,20.0,False,20.0,7.291321210398136,12012,La Concordia,False
12012,0029,El Paraíso,16.932819722222224,-99.00115472222222,677,44.0,False,44.0,3.983380100171156,12012,La Concordia,False
12012,0031,Pozolapa,16.87801,-99.10336444444444,1003,60.0,False,60.0,5.564801570277158,12012,Tonalá,False
12012,0032,Quiahuitepec,16.90947972222222,-98.927265,229,13.0,False,13.0,5.204206044645358,12012,La Concordia,False
12012,0033,El Refugio,17.038466666666668,-99.20077805555556,1238,83.0,False,83.0,0.0,12012,El Refugio,False
12012,0034,El Rincón,17.06832222222222,-99.16979722222223,284,24.0,False,24.0,3.0737734426118837,12012,Apantla,False
12012,0035,El Rosario,16.899959444444445,-99.14382722222223,325,21.0,False,21.0,2.7778942634132213,12012,Tutepec,False
12012,0036,El Salto,17.03702638888889,-99.04960777777778,700,58.0,False,58.0,2.877140981911564,12012,Tecruz,False
12012,0037,San José la Hacienda,16.977386944444444,-99.06533638888888,1816,123.0,False,123.0,0.0,12012,San José la Hacienda,False
12012,0038,San Miguel,16.994880833333333,-99.09645333333333,324,21.0,False,21.0,3.292178034596311,12012,Ayutla de los Libres,False
12012,0039,La Sidra,16.99485638888889,-99.04736861111111,286,26.0,False,26.0,2.724773523258808,12012,San José la Hacienda,False
12012,0040,El Tamarindo,17.012396666666667,-99.09774944444445,491,30.0,False,30.0,5.199515742834586,12012,San José la Hacienda,False
12012,0041,Tecomulapa (Rancho Viejo),16.861817222222225,-99.15267611111112,259,21.0,False,21.0,6.638234070719706,12012,Tutepec,False
12012,0042,Tecruz,17.0615975,-99.04112555555555,785,54.0,False,54.0,0.0,12012,Tecruz,False
12012,0043,Tepango,16.89731527777778,-99.08536916666667,732,30.0,False,30.0,5.168263588699123,12012,Tonalá,False
12012,0044,Los Tepetates,17.059863333333332,-99.24845333333333,2060,185.0,False,185.0,2.0585218343542486,12056,Los Magueyitos,True
12012,0045,El Tepuente,16.943563611111113,-99.06017583333333,127,5.0,False,5.0,3.8008224821352266,12012,San José la Hacienda,False
12012,0046,Tierra Blanca,16.928697777777778,-99.08045027777777,36,2.0,False,2.0,4.449396506738179,12012,Ayutla de los Libres,False
12012,0047,Tierra Colorada,16.791683055555556,-99.16046416666667,84,4.0,False,4.0,8.03135036941326,12053,Las Vigas,True
12012,0048,El Timbre,17.021395555555554,-99.01936138888888,464,42.0,False,42.0,5.033572854284924,12012,Tecruz,False
12012,0049,Tlachimala,16.803916666666666,-99.09546611111111,223,14.0,False,14.0,6.008286593190581,12012,La Azozuca,False
12012,0050,Tlalapa,16.980040277777775,-99.11486583333333,466,29.0,False,29.0,2.4795124141032883,12012,Ayutla de los Libres,False
12012,0051,Tonalá,16.861969444444444,-99.0538275,2297,146.0,False,146.0,0.0,12012,Tonalá,False
12012,0052,El Torito,16.905456666666666,-99.12274722222222,82,11.0,False,11.0,4.080074069802348,12012,Tutepec,False
12012,0053,Tutepec,16.92135111111111,-99.15731416666667,1235,87.0,False,87.0,0.0,12012,Tutepec,False
12012,0054,La Unión,16.8213525,-99.12456083333333,916,48.0,False,48.0,7.519781494316352,12012,El Mesón,False
12012,0055,El Vano,16.847746388888886,-99.04235055555556,417,33.0,False,33.0,1.7645529472331438,12012,El Mesón,False
12012,0056,El Zapote,16.835923055555554,-99.09266944444444,767,59.0,False,59.0,3.7764032688112343,12012,El Mesón,False
12012,0057,Zempazulco,16.848276388888888,-99.11749833333333,538,34.0,False,34.0,6.245334491225483,12012,El Mesón,False
12012,0058,Barranca de Guadalupe,17.04169138888889,-99.00345361111111,271,20.0,False,20.0,4.575775303219577,12012,Tecruz,False
12012,0060,Ojo de Agua (Xa'a Kava Yaa),16.996789166666666,-98.98906833333334,159,12.0,False,12.0,8.392651465803253,12012,San José la Hacienda,False
12012,0061,La Guadalupe,16.99567638888889,-99.01476277777778,146,9.0,False,9.0,5.7498589153945785,12012,San José la Hacienda,False
12012,0068,San Antonio Abad,16.891439722222223,-99.07989805555555,690,45.0,False,45.0,4.293459216297708,12012,Tonalá,False
12012,0070,San Felipe,16.877209166666667,-98.95145027777778,447,32.0,False,32.0,4.155789502517531,12012,La Concordia,False
12012,0073,El Piñal,16.952415,-99.04079555555555,125,7.0,False,7.0,3.8108812185996577,12012,San José la Hacienda,False
12012,0075,El Platanar (San Antonio),16.937301666666666,-98.99374861111112,232,20.0,False,20.0,3.934145476480878,12012,La Concordia,False
12012,0076,Rancho Ocoapa,16.952777777777776,-98.95640388888889,181,8.0,False,8.0,5.582567974267308,12012,La Concordia,False
12012,0077,La Isla,16.79824138888889,-99.16456388888889,4,,True,0.28384184714205113,7.998314567486437,12053,Las Vigas,True
12012,0078,Atocutla,16.84863611111111,-99.08321777777778,404,21.0,False,21.0,2.6068516284862406,12012,El Mesón,False
12012,0079,El Crucero de Tonalá (Huerta Campo),16.869968888888888,-99.09787,28,0.0,False,0.0,4.770314199735671,12012,Tonalá,False
12012,0081,La Palma (Colonia Paraíso),16.893430833333333,-98.96660666666666,217,20.0,False,20.0,1.742832904869489,12012,La Concordia,False
12012,0082,El Potrero,16.8581475,-98.93212027777778,36,2.0,False,2.0,6.483990177142431,12012,Ahuacachahue (Ndog'yo Itún Tichi),False
12012,0083,El Tehuaje,16.784153611111112,-99.05266222222222,32,1.0,False,1.0,4.274665220584748,12012,La Azozuca,False
12012,0084,El Coquillo,16.907899722222222,-98.94433666666667,214,15.0,False,15.0,3.3805329087613303,12012,La Concordia,False
12012,0086,Coxcatlán Candelaria,16.914067777777777,-99.04405277777778,398,31.0,False,31.0,5.885687612937045,12012,Tonalá,False
12012,0087,Coxcatlán San Pedro,16.91222583333333,-99.0368461111111,297,24.0,False,24.0,5.873091383138145,12012,Tonalá,False
12012,0088,La Cortina,16.980975833333332,-98.97613583333333,233,16.0,False,16.0,8.311515414845262,12012,La Concordia,False
12012,0089,El Coyul,16.91715611111111,-98.98423861111111,191,16.0,False,16.0,1.4942439769592195,12012,La Concordia,False
12012,0090,Cuanacazapa,17.019267222222222,-99.15767083333334,179,12.0,False,12.0,2.5931660778135823,12012,Apantla,False
12012,0091,Ocote Amarillo,16.932248611111113,-99.02269722222222,193,17.0,False,17.0,5.743005790950435,12012,La Concordia,False
12012,0092,Plan de Gatica,17.12899,-99.12297249999999,668,53.0,False,53.0,2.0651210501733392,12076,Escalerilla Zapata,True
12012,0093,Roca Colorada,16.93918777777778,-99.0757786111111,26,4.0,False,4.0,3.7017561596082835,12012,Ayutla de los Libres,False
12012,0094,La Fátima,16.982110555555554,-99.00986555555555,239,15.0,False,15.0,5.92253328174126,12012,San José la Hacienda,False
12012,0096,Crucero de San Antonio,16.884171666666667,-99.09388555555554,4,,True,0.28384184714205113,4.925822947867937,12012,Tonalá,False
12012,0097,Crucero de Pozolapa,16.873488333333334,-99.09937972222222,49,2.0,False,2.0,5.01362783501897,12012,Tonalá,False
12012,0098,Crucero del Zapote,16.837450277777776,-99.10281527777778,34,2.0,False,2.0,4.779037137971925,12012,El Mesón,False
12012,0099,Arroyo del Zapote,16.983424722222225,-99.04922583333334,235,26.0,False,26.0,1.8401591970806606,12012,San José la Hacienda,False
12012,0100,El Sauce,17.014462777777776,-99.03179194444445,44,3.0,False,3.0,5.334250406433449,12012,Tecruz,False
12012,0102,Zacatula,16.778926666666667,-99.09068777777777,15,1.0,False,1.0,6.998740685723754,12012,La Azozuca,False
12012,0103,Plan del Bajío,17.06118361111111,-99.16700694444445,143,6.0,False,6.0,2.26578236244226,12012,Apantla,False
12012,0111,El Mesoncillo,16.990446111111112,-98.94482555555555,75,8.0,False,8.0,9.936557151644603,12012,La Concordia,False
12012,0112,Mesón Chico,16.84736138888889,-99.06273555555555,217,19.0,False,19.0,0.4324011700367363,12012,El Mesón,False
12012,0114,Rancho el Doblete Doble Propósito,16.84948888888889,-99.04721583333333,6,,True,0.42576277071307667,1.290963357736254,12012,El Mesón,False
12012,0115,Rancho Cándido Morales,16.837859444444444,-99.10676666666666,1,,True,0.07096046178551278,5.1830878396572055,12012,El Mesón,False
12012,0116,El Rancho,16.863898333333335,-99.07509666666667,4,,True,0.28384184714205113,2.2734707610018248,12012,Tonalá,False
12012,0120,Río Velero,17.07571777777778,-99.00704305555556,243,23.0,False,23.0,3.9484735483707425,12012,Tecruz,False
12012,0121,Vista Hermosa,16.99636611111111,-98.97000027777779,176,10.0,False,10.0,10.04356183538691,12012,La Concordia,False
12012,0122,El Camalote,17.06355638888889,-98.98338416666667,628,60.0,False,60.0,6.141811792725804,12012,Tecruz,False
12012,0127,Huerta Jesús Godoy,16.970395277777776,-99.09653944444445,64,6.0,False,6.0,0.5750769407368584,12012,Ayutla de los Libres,False
12012,0128,El Limón,17.077665555555555,-99.04950611111111,152,14.0,False,14.0,1.996451079220231,12012,Tecruz,False
12012,0130,Rancho el Canal,16.95861777777778,-99.10998194444444,21,2.0,False,2.0,1.5314284903763888,12012,Ayutla de los Libres,False
12012,0137,Rancho los Ortiz,16.977507222222222,-99.10570916666666,14,,True,0.9934464649971789,1.6218459464966601,12012,Ayutla de los Libres,False
12012,0140,Rancho Vista Hermosa,16.973161666666666,-99.09312722222222,9,,True,0.638644156069615,0.9857356368181132,12012,Ayutla de los Libres,False
12012,0145,Cumbres de Cotzalzin,16.936979166666667,-99.06573944444445,60,1.0,False,1.0,4.493344389367727,12012,San José la Hacienda,False
12012,0146,Ocotitlán,17.005334166666668,-99.03584194444444,93,8.0,False,8.0,4.415265870217599,12012,San José la Hacienda,False
12012,0147,La Parada del Manguito,16.979370277777775,-99.12185166666666,14,1.0,False,1.0,3.0370645830563876,12012,Ayutla de los Libres,False
12012,0148,Unidad Habitacional Magisterial,16.988193333333335,-99.09326555555555,419,27.0,False,27.0,2.584456560422264,12012,Ayutla de los Libres,False
12012,0149,Rancho Nuevo,17.0559225,-99.02901583333333,153,13.0,False,13.0,1.433644370429435,12012,Tecruz,False
12012,0150,Huerta Juana Gómez,16.82510611111111,-99.11887083333333,2,,True,0.14192092357102556,6.8051163348595,12012,El Mesón,False
12012,0151,Los Amates,17.138426111111112,-99.10508472222222,27,1.0,False,1.0,1.972044299497526,12076,Escalerilla Zapata,True
12012,0152,Pumarrosa,17.067313055555555,-99.08398138888889,2,,True,0.14192092357102556,4.599675974639828,12012,Tecruz,False
12012,0154,La Unificada,17.048606944444447,-99.00917694444445,87,5.0,False,5.0,3.69071141526875,12012,Tecruz,False
12012,0156,Arroyo Ocotlán,16.97538111111111,-98.987915,81,6.0,False,6.0,7.792053292812087,12012,La Concordia,False
12012,0163,Ciénega del Sauce,17.032605277777776,-98.94740611111112,442,26.0,False,26.0,8.312281922543939,12076,Caxitepec,True
12012,0164,El Charquito,16.90553472222222,-99.00836111111111,193,17.0,False,17.0,3.4369514039479445,12012,La Concordia,False
12012,0165,Nueva Jerusalén,17.03973777777778,-98.96298416666667,90,7.0,False,7.0,7.761231755903927,12076,Caxitepec,True
12012,0166,El Parotillo,17.031737222222223,-98.96353694444444,101,3.0,False,3.0,8.638847607257052,12076,Caxitepec,True
12012,0167,Santiago Yolotepec,17.01358527777778,-98.96535888888889,113,7.0,False,7.0,9.663690144603754,12012,Tecruz,False
12012,0168,Colonia Yerba Santa,17.025391388888888,-98.97679944444445,147,10.0,False,10.0,7.935660308955872,12012,Tecruz,False
12012,0169,Plan del Potrero,16.84844888888889,-98.94646972222223,13,1.0,False,1.0,4.6262311771193225,12012,Ahuacachahue (Ndog'yo Itún Tichi),False
12012,0172,Pie del Cerro,16.92473277777778,-99.04094583333332,23,0.0,False,0.0,6.40389287982839,12012,San José la Hacienda,False
12012,0173,El Manantial,16.95137361111111,-99.09584388888888,14,,True,0.9934464649971789,1.5557385491101796,12012,Ayutla de los Libres,False
12012,0174,Cumbres de Yolotepec,17.00859527777778,-98.98763333333333,160,4.0,False,4.0,8.19007412076167,12012,Tecruz,False
12012,0175,Vista Alegre,16.920601944444446,-99.02021888888889,92,3.0,False,3.0,4.9618870973687255,12012,La Concordia,False
12012,0176,Juquila,16.95876388888889,-98.97337194444445,98,7.0,False,7.0,5.848670593119087,12012,La Concordia,False
12012,0177,El Progreso,17.052667222222222,-99.0341713888889,235,13.0,False,13.0,1.237961543343716,12012,Tecruz,False
12012,0178,Colonia la Esperanza,16.950455555555553,-99.1052725,269,13.0,False,13.0,1.8503394717244712,12012,Ayutla de los Libres,False
12012,0179,Crucero Ojo de Agua (Rancho los Patriarca),16.98138972222222,-98.99178361111112,4,,True,0.28384184714205113,7.834838004878467,12012,San José la Hacienda,False
12012,0180,Colonia Filo de Caballos,17.052006111111112,-99.00163527777778,147,10.0,False,10.0,4.331330790816342,12012,Tecruz,False
12012,0182,Plan de Paraíso,16.932832222222224,-99.00719166666667,79,6.0,False,6.0,4.440318467846561,12012,La Concordia,False
12012,0183,El Mirador,17.019088888888888,-99.03338333333333,117,8.0,False,8.0,4.79787293713076,12012,Tecruz,False
12012,0184,La Palma Nuevo Paraíso,17.03563027777778,-98.95413111111111,127,9.0,False,9.0,8.033629944048693,12076,Caxitepec,True
12012,0185,Colonia Progreso Siglo XXI,16.993418055555555,-99.08937916666666,323,26.0,False,26.0,3.1168736246380537,12012,San José la Hacienda,False
12012,0186,Colonia del Valle,16.979520277777777,-99.10753638888889,187,20.0,False,20.0,1.9159048736863584,12012,Ayutla de los Libres,False
12012,0187,Puma Rosa,17.04757166666667,-99.03463722222222,226,17.0,False,17.0,1.705316161676131,12012,Tecruz,False
12012,0188,Las Cruces,17.039207222222224,-99.20721805555556,523,33.0,False,33.0,0.5721608437908277,12012,Colotepec,False
12012,0190,El Cerro Pelón,16.877390000000002,-99.0411,3,,True,0.21288138535653833,2.185032901142997,12012,Tonalá,False
12013,0001,Azoyú,16.732960277777774,-98.60109083333333,4676,261.0,False,261.0,0.0,12013,Azoyú,False
12013,0004,Arcelia del Progreso,16.736156944444446,-98.64373722222223,1347,78.0,False,78.0,4.555120828584327,12013,Azoyú,False
12013,0007,Banco de Oro,16.528204444444444,-98.56169472222221,212,11.0,False,11.0,7.020063649073279,12023,Maldonado,True
12013,0010,La Bocana,16.62404972222222,-98.50158083333334,80,3.0,False,3.0,2.2863895393564992,12046,Vista Hermosa,True
12013,0018,El Carrizo,16.684669444444445,-98.62813666666666,382,16.0,False,16.0,0.0,12013,El Carrizo,False
12013,0022,La Culebra,16.780835555555555,-98.56589944444444,58,3.0,False,3.0,6.509922122270594,12013,Azoyú,False
12013,0024,Los Chegües,16.582476944444444,-98.52396666666667,180,9.0,False,9.0,4.906351173739608,12046,Vista Hermosa,True
12013,0029,Huehuetán,16.63585388888889,-98.55911944444445,1764,103.0,False,103.0,0.0,12013,Huehuetán,False
12013,0035,Lomas del Vidal (El Vidal),16.688694722222223,-98.61471194444444,93,4.0,False,4.0,1.498315882472063,12013,El Carrizo,False
12013,0038,El Macahuite,16.696239444444444,-98.58022527777777,481,31.0,False,31.0,4.648664312729897,12013,Azoyú,False
12013,0040,Maxmadi,16.768990833333334,-98.58815638888889,751,50.0,False,50.0,4.236517612845285,12013,Azoyú,False
12013,0041,Los Metates,16.579248888888888,-98.56480583333332,144,9.0,False,9.0,6.323286602313268,12013,Huehuetán,False
12013,0048,San Isidro el Puente (El Puente),16.655066944444442,-98.62709472222221,727,42.0,False,42.0,3.27738992583491,12080,Juchitán,True
12013,0049,Quetzalapa,16.786370833333336,-98.50223833333334,1798,88.0,False,88.0,0.0,12013,Quetzalapa,False
12013,0050,Los Quiterios,16.5958875,-98.54451666666667,146,14.0,False,14.0,4.70857239205616,12013,Huehuetán,False
12013,0054,Talapilla,16.64888111111111,-98.5052225,432,29.0,False,29.0,1.12742799374889,12036,San Juan de los Llanos,True
12013,0056,Tenango,16.66731111111111,-98.53277305555555,651,44.0,False,44.0,3.6305099172355235,12036,San Juan de los Llanos,True
12013,0057,Tencohuey,16.759941944444446,-98.60086055555556,3,,True,0.17246175243393602,3.000324639696514,12013,Azoyú,False
12013,0062,Zapotitlán de la Fuente (El Zapote),16.728364166666665,-98.62262333333332,607,43.0,False,43.0,2.349214400328447,12013,Azoyú,False
12013,0075,La Pelota,16.67177527777778,-98.63694972222223,298,21.0,False,21.0,1.7137445088439178,12013,El Carrizo,False
12013,0087,Agua Fría,16.77724361111111,-98.58275527777778,15,1.0,False,1.0,5.296972548408237,12013,Azoyú,False
12013,0093,Rancho Bautista Dos (Hermanos B. Florentino),16.704642222222223,-98.63449194444445,1,,True,0.05748725081131201,2.321733746167821,12013,El Carrizo,False
12013,0098,Cola de Charco (Charco Grande),16.59729638888889,-98.50659722222223,9,,True,0.5173852573018081,2.4463993519597977,12046,Vista Hermosa,True
12013,0102,Finca los Pumas (Crucero Lomas del Vidal),16.692709444444446,-98.62475555555555,2,,True,0.11497450162262401,0.9638153532546488,12013,El Carrizo,False
12013,0103,Charco Choco (Rancho Domingo Martínez),16.519257222222222,-98.59293277777778,3,,True,0.17246175243393602,4.302122128056594,12023,Maldonado,True
12013,0109,Rancho Hermanos Cortez,16.530866944444444,-98.5765325,4,,True,0.22994900324524803,6.258973784554812,12023,Maldonado,True
12013,0114,Rancho Maximiliano Mendoza (Rancho de Lango),16.525650833333334,-98.58003333333333,5,,True,0.28743625405656004,5.569287890281975,12023,Maldonado,True
12013,0118,Palo Blanco,16.594200555555556,-98.50140472222222,6,,True,0.34492350486787204,2.2352058776670103,12046,Vista Hermosa,True
12013,0120,Playa Suave,16.613555,-98.51036472222222,16,0.0,False,0.0,2.534260898622818,12046,Vista Hermosa,True
12013,0129,Las Trancas,16.604353333333336,-98.51477833333334,13,0.0,False,0.0,2.9937376461179936,12046,Vista Hermosa,True
12013,0130,Tres Pelos,16.611985555555556,-98.51601138888888,4,,True,0.22994900324524803,3.1014461403768028,12046,Vista Hermosa,True
12013,0131,La Unión de los Hernández,16.542706666666668,-98.56646083333332,2,,True,0.11497450162262401,7.948658992398014,12023,Maldonado,True
12013,0132,Villa de Cortez,16.53614277777778,-98.59758749999999,1,,True,0.05748725081131201,5.970773017916212,12023,Maldonado,True
12013,0138,La Mazacuata,16.715936944444444,-98.64318527777779,1,,True,0.05748725081131201,3.8284275216181323,12013,El Carrizo,False
12013,0185,Peñas Negras,16.72579888888889,-98.64023666666667,1,,True,0.05748725081131201,4.243961786348346,12013,Azoyú,False
12013,0186,El Arenal (La Plataforma),16.544724722222224,-98.56240694444445,151,7.0,False,7.0,8.379328859752244,12023,Maldonado,True
12013,0200,Rancho Dos Laureles,16.678721111111113,-98.63670972222224,3,,True,0.17246175243393602,1.1275393311722413,12013,El Carrizo,False
12013,0207,Rancho Hermanos Alvarado (Crucero de Huehuetán),16.645752777777776,-98.57689305555556,4,,True,0.22994900324524803,2.1902373634907755,12013,Huehuetán,False
12013,0213,Rancho Lauro Justo (Amate Guinea),16.644216944444445,-98.58544694444444,1,,True,0.05748725081131201,2.955024998201652,12013,Huehuetán,False
12013,0216,Rancho los Mendoza,16.520949166666664,-98.58829944444444,11,1.0,False,1.0,4.678002489786501,12023,Maldonado,True
12013,0220,Rancho Mariana Cortez,16.51813861111111,-98.60515888888888,2,,True,0.11497450162262401,3.8755878927295035,12023,Maldonado,True
12013,0247,Rancho Manzanárez Cortez,16.540869166666667,-98.57885194444444,4,,True,0.22994900324524803,7.109854630342104,12023,Maldonado,True
12013,0253,Rancho Isabel Rodríguez,16.53824388888889,-98.59536277777778,1,,True,0.05748725081131201,6.247575491258076,12023,Maldonado,True
12013,0262,El Tejoruco (Tenoxtitlán),16.790764444444445,-98.56381805555556,7,0.0,False,0.0,6.573678215307741,12013,Quetzalapa,False
12013,0264,Rancho el Cacahuate (Antonio Mariano Cortez Moctezuma),16.54209638888889,-98.57376944444444,2,,True,0.11497450162262401,7.482197047445075,12023,Maldonado,True
12014,0001,San Jerónimo de Juárez,17.13636972222222,-100.46866805555555,7494,449.0,False,449.0,0.0,12014,San Jerónimo de Juárez,False
12014,0002,El Ahuejote,17.144086666666666,-100.43275472222223,47,2.0,False,2.0,3.06587210731335,12014,Arenal del Centro (La Máquina),False
12014,0003,Arenal de Álvarez (Arenal de Paco),17.12611111111111,-100.455,1406,64.0,False,64.0,0.9584038330126228,12014,Arenal del Centro (La Máquina),False
12014,0004,Arenal de Gómez (Primer Arenal),17.139444444444443,-100.45777777777778,1055,53.0,False,53.0,0.6723790276975231,12014,Arenal del Centro (La Máquina),False
12014,0005,Arenal del Centro (La Máquina),17.13361111111111,-100.45944444444444,525,21.0,False,21.0,0.0,12014,Arenal del Centro (La Máquina),False
12014,0006,El Cerrito (El Cerrito de Garibo),17.120798055555557,-100.40598972222223,1,,True,0.054073306566506926,5.856255760013335,12014,Arenal del Centro (La Máquina),False
12014,0009,Hacienda de Cabañas,17.09722222222222,-100.4713888888889,1985,99.0,False,99.0,4.240689668763929,12014,Arenal del Centro (La Máquina),False
12014,0010,Llano de la Puerta,17.171338055555555,-100.5395675,313,20.0,False,20.0,7.436520593864667,12057,Santa María,True
12014,0011,Llano Real (El Dorado),17.07111111111111,-100.43777777777778,424,18.0,False,18.0,7.321234312091997,12014,Arenal del Centro (La Máquina),False
12014,0012,Magueyes,17.051740555555558,-100.38376611111111,18,0.0,False,0.0,7.264829945263932,12011,Zacualpan,True
12014,0016,El Tomatal,17.140849444444445,-100.4280925,161,11.0,False,11.0,3.4272459876485146,12014,Arenal del Centro (La Máquina),False
12014,0017,Los Toros,17.16210444444444,-100.48238027777778,113,7.0,False,7.0,3.2111151073450697,12014,San Jerónimo de Juárez,False
12014,0018,Las Tunas,17.121045555555558,-100.48283694444444,1387,70.0,False,70.0,2.2738573683826186,12014,San Jerónimo de Juárez,False
12014,0019,Los Órganos,17.167651666666668,-100.4981625,140,5.0,False,5.0,4.681853886977204,12014,San Jerónimo de Juárez,False
12014,0025,Rancho el Cerillo,17.14346861111111,-100.513535,3,,True,0.16221991969952076,4.832312847263029,12014,San Jerónimo de Juárez,False
12014,0030,La Carbonera,17.132894444444446,-100.52603138888888,6,,True,0.32443983939904153,6.107639244593077,12014,San Jerónimo de Juárez,False
12014,0033,Paraíso Escondido (Playa Paraíso),17.081775,-100.47945333333334,129,6.0,False,6.0,6.143651180572684,12014,Arenal del Centro (La Máquina),False
12014,0036,La Cabaña,17.035757222222223,-100.35115027777778,1,,True,0.054073306566506926,6.393531693224163,12011,Zacualpan,True
12014,0038,Santa Cruz de Mitla,17.000671666666666,-100.2445236111111,10,1.0,False,1.0,4.139034584063177,12021,El Papayo,True
12014,0040,El Guayabo,17.03016138888889,-100.32130527777777,7,,True,0.37851314596554847,6.522378086843535,12011,Zacualpan,True
12014,0042,El Ocote,17.10979388888889,-100.55192777777778,1,,True,0.054073306566506926,9.328141651589004,12014,San Jerónimo de Juárez,False
12014,0043,Pozuelo,17.020467222222223,-100.29576527777778,30,1.0,False,1.0,5.248150649075156,12021,El Papayo,True
12014,0047,Santa Rosa,17.145231666666668,-100.45627527777778,78,5.0,False,5.0,1.3353055741721016,12014,Arenal del Centro (La Máquina),False
12014,0048,El Culebrón,17.08139111111111,-100.48881861111111,3,,True,0.16221991969952076,6.477570357794578,12014,San Jerónimo de Juárez,False
12014,0049,El Pez Vela,17.091123333333332,-100.51676083333334,4,,True,0.2162932262660277,7.171740743521424,12014,San Jerónimo de Juárez,False
12014,0050,La Subestación,17.152562777777778,-100.44571333333333,5,,True,0.27036653283253465,2.563104291610989,12014,Arenal del Centro (La Máquina),False
12014,0053,La Brecha,17.11549388888889,-100.44981972222223,8,,True,0.4325864525320554,2.2593032526338575,12014,Arenal del Centro (La Máquina),False
12014,0055,El Huizache,17.018669444444445,-100.28775722222223,25,1.0,False,1.0,4.5538589258110385,12021,El Papayo,True
12014,0061,El Quebrache,17.04303277777778,-100.3582211111111,11,1.0,False,1.0,6.034284496270806,12011,Zacualpan,True
12014,0063,Huerta Oropel (Huerta de los Abarca),17.143495833333333,-100.47696777777777,2,,True,0.10814661313301385,1.185590447759041,12014,San Jerónimo de Juárez,False
12014,0067,Huerta las Palmas Cuatas,17.127129166666666,-100.47639722222222,2,,True,0.10814661313301385,1.3154136919143176,12014,San Jerónimo de Juárez,False
12014,0073,Las Huertas (José Gómez Barrientos),17.11598777777778,-100.46109722222222,1,,True,0.054073306566506926,1.9674801140648959,12014,Arenal del Centro (La Máquina),False
12014,0074,La Vereda,17.07116027777778,-100.45501555555556,2,,True,0.10814661313301385,6.960149833005381,12014,Arenal del Centro (La Máquina),False
12014,0075,El Muelle,17.041885833333335,-100.34472444444444,4,,True,0.2162932262660277,5.508567046729053,12011,Zacualpan,True
12014,0077,Isla de Magueyes,17.066631944444445,-100.37498694444444,3,,True,0.16221991969952076,5.624404760857638,12011,Zacualpan,True
12014,0081,Colonia Sonorita,17.098702222222222,-100.4627025,3,,True,0.16221991969952076,3.8971022026206166,12014,Arenal del Centro (La Máquina),False
12014,0082,San Juan Chiquito,17.116408055555556,-100.47026777777778,5,,True,0.27036653283253465,2.2261361066298933,12014,San Jerónimo de Juárez,False
12014,0083,El Común,17.112202222222223,-100.48600333333333,2,,True,0.10814661313301385,3.2580798430270415,12014,San Jerónimo de Juárez,False
12014,0091,Huertecillos,17.14930888888889,-100.47152777777778,1,,True,0.054073306566506926,1.4705062862844764,12014,San Jerónimo de Juárez,False
12014,0094,Rancho las Palmas,17.14778388888889,-100.51884361111111,6,,True,0.32443983939904153,5.480409134324787,12014,San Jerónimo de Juárez,False
12014,0097,Piedra Parada,17.131722500000002,-100.499435,8,,True,0.4325864525320554,3.309878914819345,12014,San Jerónimo de Juárez,False
12014,0099,El Purcar,17.137129444444444,-100.39705305555556,13,1.0,False,1.0,3.981466765319489,12011,Ixtla,True
12015,0001,Buenavista de Cuéllar,18.457887222222222,-99.40534222222223,7233,428.0,False,428.0,0.0,12015,Buenavista de Cuéllar,False
12015,0003,El Platanal (El Platanar),18.50174833333333,-99.4225875,140,4.0,False,4.0,2.367817835306458,12015,Palmillas,False
12015,0004,Los Amates,18.417619722222224,-99.48984722222222,280,19.0,False,19.0,0.0,12015,Los Amates,False
12015,0007,Cieneguillas,18.4116675,-99.47616444444445,178,7.0,False,7.0,1.588046166975404,12015,Los Amates,False
12015,0008,El Comal [El Paraje del Comal],18.456993055555554,-99.28275194444444,4,,True,0.22985672469573254,12.930586478016734,12015,Buenavista de Cuéllar,False
12015,0009,Coxcatlán,18.495178055555556,-99.45994472222222,821,56.0,False,56.0,4.521404286254847,12055,Tlamacazapa,True
12015,0010,Los Epazotes,18.46076888888889,-99.34302555555556,61,3.0,False,3.0,6.580581367153196,12015,Buenavista de Cuéllar,False
12015,0013,Los Limones,18.51470777777778,-99.43862472222223,88,5.0,False,5.0,1.5966120167840403,12015,Palmillas,False
12015,0015,Palmillas,18.522780277777777,-99.42610166666667,1173,55.0,False,55.0,0.0,12015,Palmillas,False
12015,0019,El Salitre,18.43703222222222,-99.3277775,5,,True,0.2873209058696657,8.50390413585505,12015,Buenavista de Cuéllar,False
12015,0021,Santa Fe Tepetlapa,18.54831805555556,-99.42203555555557,1534,92.0,False,92.0,0.0,12015,Santa Fe Tepetlapa,False
12015,0023,Venta de la Negra,18.471786111111108,-99.42993666666668,219,5.0,False,5.0,3.0194852498749167,12015,Buenavista de Cuéllar,False
12015,0024,Zacapalco,18.538162222222223,-99.44360305555556,1016,63.0,False,63.0,2.5159701621258703,12015,Palmillas,False
12015,0025,El Zapote,18.468192777777777,-99.33055555555555,58,1.0,False,1.0,7.970666851041258,12015,Buenavista de Cuéllar,False
12015,0027,Pimentel,18.435448333333333,-99.4713663888889,18,1.0,False,1.0,2.780488098912015,12015,Los Amates,False
12015,0035,La Cumbre (El Puerto),18.401506666666666,-99.48408472222222,6,,True,0.3447850870435988,1.8920304346795997,12015,Los Amates,False
12015,0044,Agua Bendita,18.519,-99.43293666666668,30,2.0,False,2.0,0.8342871255015311,12015,Palmillas,False
12015,0046,Las Enramadas,18.433458055555555,-99.28559222222222,13,0.0,False,0.0,12.920271004896234,12015,Buenavista de Cuéllar,False
12015,0048,Ixtlahuaca,18.532420277777778,-99.44134472222223,3,,True,0.1723925435217994,1.931783751677473,12015,Palmillas,False
12015,0049,Las Joyas (La Parada del Caballo),18.496288611111112,-99.4177313888889,6,,True,0.3447850870435988,3.0751157082140708,12015,Palmillas,False
12015,0053,Luis Chávez Merlo,18.465073055555553,-99.42420361111111,6,,True,0.3447850870435988,2.1438257573071633,12015,Buenavista de Cuéllar,False
12015,0054,El Amate del Encanto,18.42635277777778,-99.47551250000001,10,1.0,False,1.0,1.7972002904652822,12015,Los Amates,False
12015,0055,San Isidro (La Hacienda de San Isidro),18.546286944444446,-99.41787722222223,11,0.0,False,0.0,0.49312883792682405,12015,Santa Fe Tepetlapa,False
12015,0063,La Peña Blanca (El Rincón),18.48538166666667,-99.43270222222223,4,,True,0.22985672469573254,4.203946626451705,12015,Buenavista de Cuéllar,False
12015,0073,La Fundición,18.44859611111111,-99.41304111111111,8,0.0,False,0.0,1.3140727730512334,12015,Buenavista de Cuéllar,False
12015,0077,La Bodega,18.52508861111111,-99.44334444444445,1,,True,0.057464181173933135,1.8360057756775263,12015,Palmillas,False
12015,0078,El Puente [Granja Avícola el Peñón Módulo],18.418860277777778,-99.47529333333334,1,,True,0.057464181173933135,1.5416050333234304,12015,Los Amates,False
12015,0080,Bar Azteca [Restaurante],18.52354611111111,-99.43833166666667,2,,True,0.11492836234786627,1.2922728545753561,12015,Palmillas,False
12015,0081,La Escondida (Rancho la Escondida),18.536985833333336,-99.43085805555556,12,1.0,False,1.0,1.5661682339062664,12015,Santa Fe Tepetlapa,False
12015,0082,El Guerrerense [Restaurante],18.555760555555555,-99.42787277777778,41,3.0,False,3.0,1.0312678138980387,12015,Santa Fe Tepetlapa,False
12016,0001,Coahuayutla de Guerrero,18.316395,-101.7346113888889,1482,71.0,False,71.0,0.0,12016,Coahuayutla de Guerrero,False
12016,0002,El Aguacate,18.174075277777778,-101.46115027777778,158,11.0,False,11.0,19.45632605783611,12016,Galeana de Abajo,False
12016,0003,Algodoncillos,18.04000166666667,-101.55552194444444,2,,True,0.10493230174081238,21.99784391209376,12068,El Tibor,True
12016,0004,Amatepec,18.277736666666666,-101.64112194444445,151,4.0,False,4.0,2.774115015147203,12016,Galeana de Abajo,False
12016,0005,Las Ánimas,18.30514388888889,-101.63218527777777,42,1.0,False,1.0,4.74287207958507,12016,Galeana de Abajo,False
12016,0006,Camino Real,18.321583055555557,-101.59710361111111,36,1.0,False,1.0,6.763857632939789,12016,Galeana de Abajo,False
12016,0009,El Bálsamo,18.188380833333333,-101.6268825,19,0.0,False,0.0,8.493648716353984,12016,Galeana de Abajo,False
12016,0010,Las Balsas,18.552906944444445,-101.82204999999999,372,15.0,False,15.0,12.655344918452494,12016,La Soledad (Huaracio),False
12016,0013,Barrio de Guzmán (El Limón),18.307653333333334,-101.70413972222222,238,16.0,False,16.0,3.3603665842301833,12016,Coahuayutla de Guerrero,False
12016,0014,Barrio de Lozano (El Rosario),18.307764722222224,-101.69110277777779,375,22.0,False,22.0,4.692122496848796,12016,Coahuayutla de Guerrero,False
12016,0016,La Calera,18.453213333333334,-101.78912027777777,1,,True,0.05246615087040619,14.502307704163051,12016,La Soledad (Huaracio),False
12016,0018,El Capire (El Plan del Capire),18.022131944444443,-101.5280675,5,,True,0.26233075435203096,22.681800884521017,12038,La Laja (Buenavista),True
12016,0020,Las Catarinas,18.47552472222222,-101.69219083333334,116,9.0,False,9.0,8.802198423755693,12016,La Soledad (Huaracio),False
12016,0021,Los Cerritos,18.160259444444442,-101.85172499999999,1,,True,0.05246615087040619,20.374308973033603,12068,La Unión,True
12016,0022,Puerto del Carrizo (El Puerto),18.391851111111112,-101.6909163888889,264,17.0,False,17.0,9.574112446998692,12016,Coahuayutla de Guerrero,False
12016,0023,Los Ciruelos (El Ciruelo),18.30185277777778,-101.57938027777777,40,0.0,False,0.0,5.897736388057404,12016,Galeana de Abajo,False
12016,0024,Las Cocinas,18.040045555555558,-101.56578388888889,43,1.0,False,1.0,21.261113299195564,12068,El Tibor,True
12016,0025,Los Cocos (El Coco),18.26630972222222,-101.80493305555555,13,1.0,False,1.0,9.28099301466054,12016,Coahuayutla de Guerrero,False
12016,0026,La Cofradía,18.3033425,-101.75481972222222,82,4.0,False,4.0,2.580201934855963,12016,Coahuayutla de Guerrero,False
12016,0027,Colmeneros,18.099770555555555,-101.70609527777778,237,9.0,False,9.0,16.774698359842198,12068,La Unión,True
12016,0028,El Contadero,18.393282222222222,-101.74356138888889,50,4.0,False,4.0,8.601489462318005,12016,Coahuayutla de Guerrero,False
12016,0029,Corral de Tierra [Corraleras],18.39314361111111,-101.65936194444446,27,2.0,False,2.0,11.657622641153328,12016,Coahuayutla de Guerrero,False
12016,0031,La Cuina,18.028237777777775,-101.48218888888889,11,2.0,False,2.0,20.53582406816613,12038,La Laja (Buenavista),True
12016,0033,El Chiquerito (Chiqueritos),18.005479444444443,-101.50905583333333,18,0.0,False,0.0,19.976540997865357,12038,La Laja (Buenavista),True
12016,0035,Galeana de Abajo,18.26439111111111,-101.61892416666666,273,12.0,False,12.0,0.0,12016,Galeana de Abajo,False
12016,0036,San Isidro el Gallo (El Gallo),18.24904,-101.50336,71,0.0,False,0.0,12.322107910042943,12016,Galeana de Abajo,False
12016,0038,La Haciendita,18.33898888888889,-101.67842527777778,18,1.0,False,1.0,6.4408761069652005,12016,Coahuayutla de Guerrero,False
12016,0040,La Higuerita,18.363620555555556,-101.68376916666666,149,8.0,False,8.0,7.508132767882087,12016,Coahuayutla de Guerrero,False
12016,0044,El Jazmín,18.537246111111113,-101.72439666666666,350,27.0,False,27.0,3.016471907891069,12016,La Soledad (Huaracio),False
12016,0045,Las Juntas de Bustos (Las Juntas),18.281097777777777,-101.77233333333334,88,5.0,False,5.0,5.591421755354582,12016,Coahuayutla de Guerrero,False
12016,0046,La Laguna,18.050197222222224,-101.51514166666666,70,5.0,False,5.0,24.402390346750778,12038,La Laja (Buenavista),True
12016,0047,La Lajita de Izazaga (Las Lajitas),18.122354166666668,-101.54853916666667,37,2.0,False,2.0,17.45639798631932,12016,Galeana de Abajo,False
12016,0052,La Madera,18.352526111111114,-101.74404361111111,21,2.0,False,2.0,4.139111804296772,12016,Coahuayutla de Guerrero,False
12016,0053,El Maguey,18.415129999999998,-101.5890611111111,68,5.0,False,5.0,17.055185313230602,12016,Galeana de Abajo,False
12016,0054,Santa Clemencia (La Manga),18.12248277777778,-101.57779888888888,7,,True,0.3672630560928433,16.366588956305257,12016,Galeana de Abajo,False
12016,0056,Matamoros,18.450657222222222,-101.8413661111111,281,15.0,False,15.0,18.6639862376606,12016,La Soledad (Huaracio),False
12016,0057,Las Minitas,18.38394611111111,-101.80184083333333,48,0.0,False,0.0,10.332740353004146,12016,Coahuayutla de Guerrero,False
12016,0060,El Naranjo,18.147880833333332,-101.70313166666666,241,8.0,False,8.0,15.714858631222878,12016,Galeana de Abajo,False
12016,0062,Nueva Cuadrilla,18.04835166666667,-101.52645638888889,477,27.0,False,27.0,24.851637499001328,12068,El Tibor,True
12016,0063,Potrero de Olivares (Potrero de Arriba),18.47544,-101.69461305555556,7,,True,0.3672630560928433,8.78522176687486,12016,La Soledad (Huaracio),False
12016,0066,Paso de Vacas,18.448533333333334,-101.81899527777777,192,11.0,False,11.0,17.03147231533748,12016,La Soledad (Huaracio),False
12016,0069,Pie de la Cuesta,17.991385277777777,-101.48828694444444,4,,True,0.20986460348162475,17.397033316929328,12038,La Laja (Buenavista),True
12016,0070,La Piedra,18.335264166666665,-101.75754444444445,5,,True,0.26233075435203096,3.2034511943909076,12016,Coahuayutla de Guerrero,False
12016,0071,Las Pilas,18.129933333333334,-101.59005916666666,24,3.0,False,3.0,15.258774671062204,12016,Galeana de Abajo,False
12016,0073,El Pinzán,18.1876575,-101.62303833333333,14,1.0,False,1.0,8.543445417578168,12016,Galeana de Abajo,False
12016,0074,El Platanillo,18.188465833333332,-101.78485166666667,388,14.0,False,14.0,15.1822212264883,12016,Coahuayutla de Guerrero,False
12016,0075,El Pochote,18.366502222222223,-101.76073194444444,19,1.0,False,1.0,6.216438210351975,12016,Coahuayutla de Guerrero,False
12016,0076,Potreritos,18.212655833333333,-101.49084916666666,94,5.0,False,5.0,14.698357796506839,12016,Galeana de Abajo,False
12016,0078,La Providencia (Corongoro),18.266528055555554,-101.70080138888889,136,5.0,False,5.0,6.594551454356944,12016,Coahuayutla de Guerrero,False
12016,0083,El Reparo,18.46832472222222,-101.64477583333334,24,0.0,False,0.0,11.289770161923819,12016,La Soledad (Huaracio),False
12016,0084,San Antonio,18.27125138888889,-101.74764083333334,78,5.0,False,5.0,5.204808083872282,12016,Coahuayutla de Guerrero,False
12016,0085,San Cristóbal,18.121889166666666,-101.52949333333333,163,14.0,False,14.0,18.447980213923383,12016,Galeana de Abajo,False
12016,0088,Los Encinitos,18.18830388888889,-101.48543333333333,5,0.0,False,0.0,16.442500751758434,12016,Galeana de Abajo,False
12016,0089,San José Anota,18.41913416666667,-101.78800944444444,270,10.0,False,10.0,12.738278165466356,12016,Coahuayutla de Guerrero,False
12016,0090,San Nicolás (Los Adobes),18.134419166666667,-101.52772611111111,15,1.0,False,1.0,17.36866214795186,12016,Galeana de Abajo,False
12016,0091,San Rafael (San Rafael de López),18.132511666666666,-101.47446444444445,104,5.0,False,5.0,21.163676427435135,12016,Galeana de Abajo,False
12016,0092,San Salvador (Chancarnero),18.106026111111113,-101.60350083333333,10,0.0,False,0.0,17.68460237023408,12016,Galeana de Abajo,False
12016,0094,Santa Rita (Santa Rita de Casia),18.396573055555557,-101.59801499999999,100,7.0,False,7.0,14.862738854158302,12016,Galeana de Abajo,False
12016,0095,Santa Rosa,18.14309527777778,-101.52028722222222,56,6.0,False,6.0,17.04311233650607,12016,Galeana de Abajo,False
12016,0096,San Vicente (San Vicente Tepehuaje),18.208629166666665,-101.68909027777778,100,1.0,False,1.0,9.662149564730962,12016,Galeana de Abajo,False
12016,0097,Soyamichi de Valle (Soyamichi),18.220734444444442,-101.52077416666667,33,2.0,False,2.0,11.445682798258776,12016,Galeana de Abajo,False
12016,0098,Las Tamacuas,18.25031583333333,-101.69315027777778,59,3.0,False,3.0,7.992805026717694,12016,Galeana de Abajo,False
12016,0101,Los Tepehuajitos,18.34976083333333,-101.67806277777778,22,1.0,False,1.0,7.02788250349055,12016,Coahuayutla de Guerrero,False
12016,0103,Tres Palos,18.206714444444444,-101.63237472222221,108,2.0,False,2.0,6.568787538093577,12016,Galeana de Abajo,False
12016,0104,La Vainilla,18.175295833333333,-101.51288194444444,184,9.0,False,9.0,14.952979356597355,12016,Galeana de Abajo,False
12016,0105,Valle Nuevo,18.13677,-101.5675336111111,38,1.0,False,1.0,15.19367221891232,12016,Galeana de Abajo,False
12016,0106,El Zapote,18.202024166666664,-101.61893666666666,45,2.0,False,2.0,6.934887938199361,12016,Galeana de Abajo,False
12016,0107,El Zopilote,18.361618333333336,-101.73139666666667,307,17.0,False,17.0,5.040039590349518,12016,Coahuayutla de Guerrero,False
12016,0108,La Corba,18.495588611111113,-101.85585722222221,82,5.0,False,5.0,17.47877371087899,12016,La Soledad (Huaracio),False
12016,0127,La Chorrera,18.294676111111112,-101.76678111111111,5,,True,0.26233075435203096,4.167229690067137,12016,Coahuayutla de Guerrero,False
12016,0132,El Mezquital,18.27279611111111,-101.75164194444444,22,1.0,False,1.0,5.170652368854033,12016,Coahuayutla de Guerrero,False
12016,0134,Potrero Grande,18.16015388888889,-101.76517583333333,5,,True,0.26233075435203096,17.670537855642444,12016,Coahuayutla de Guerrero,False
12016,0136,Rincón de Bejucos,18.48169472222222,-101.54012027777777,10,0.0,False,0.0,18.77019417156816,12073,Aratichanguio,True
12016,0139,Coacoyúl,18.180104444444446,-101.75257972222222,15,1.0,False,1.0,15.27314786445361,12016,Coahuayutla de Guerrero,False
12016,0144,La Cruz,18.076632777777778,-101.57968,15,1.0,False,1.0,21.285486547688258,12016,Galeana de Abajo,False
12016,0145,Las Carretas,18.075870555555554,-101.56548916666667,30,2.0,False,2.0,21.709406386258138,12016,Galeana de Abajo,False
12016,0152,La Soledad (Huaracio),18.554135833333333,-101.70200527777779,159,7.0,False,7.0,0.0,12016,La Soledad (Huaracio),False
12016,0153,Tamarindo,18.589965555555555,-101.6629238888889,47,1.0,False,1.0,5.7307890419512635,12016,La Soledad (Huaracio),False
12016,0155,El Terrero,18.45213083333333,-101.62268694444444,127,6.0,False,6.0,14.092734979405382,12016,La Soledad (Huaracio),False
12016,0157,El Tizate,18.10008416666667,-101.6329111111111,11,0.0,False,0.0,18.32975352654652,12016,Galeana de Abajo,False
12016,0160,Tubería (La Tubería),18.038243333333334,-101.39625027777778,18,1.0,False,1.0,15.169495123487438,12038,Vallecitos de Zaragoza,True
12016,0162,Valle Grande,18.058081666666666,-101.53449638888888,103,7.0,False,7.0,24.613826000466958,12016,Galeana de Abajo,False
12016,0164,Zapotillos,18.30921916666667,-101.62660861111111,69,1.0,False,1.0,5.050247196899772,12016,Galeana de Abajo,False
12016,0166,Zoyatán,18.188481944444444,-101.59573194444444,204,18.0,False,18.0,8.78894541740837,12016,Galeana de Abajo,False
12016,0169,Huizila,18.11298777777778,-101.83333916666666,81,6.0,False,6.0,14.819388252886304,12068,La Unión,True
12016,0171,Lomas Blancas,18.089194166666665,-101.42756694444445,195,18.0,False,18.0,21.731340379659745,12038,Vallecitos de Zaragoza,True
12016,0172,El Melonar,18.521886388888888,-101.58881472222222,15,1.0,False,1.0,12.460311554041056,12016,La Soledad (Huaracio),False
12016,0175,Molinito,18.147447222222223,-101.4624788888889,33,3.0,False,3.0,21.027857807104944,12016,Galeana de Abajo,False
12016,0176,Nopalera,18.275959444444442,-101.7930875,41,1.0,False,1.0,7.637316586754306,12016,Coahuayutla de Guerrero,False
12016,0180,Palos Altos,18.43021138888889,-101.80111666666666,13,0.0,False,0.0,14.471444712354995,12016,Coahuayutla de Guerrero,False
12016,0181,El Pantano,18.438048333333334,-101.62755888888888,111,6.0,False,6.0,15.108109121501448,12016,La Soledad (Huaracio),False
12016,0182,La Pareja,18.059808888888888,-101.55531333333333,33,2.0,False,2.0,23.644222719654973,12068,El Tibor,True
12016,0184,La Pedregosa,18.39539138888889,-101.58245111111111,33,2.0,False,2.0,15.066722759353889,12016,Galeana de Abajo,False
12016,0185,Los Pinos de Huato,18.472729166666664,-101.62866361111111,52,6.0,False,6.0,11.90550081713909,12016,La Soledad (Huaracio),False
12016,0189,El Pueblito,18.07390277777778,-101.53843638888888,124,7.0,False,7.0,22.824549082281784,12016,Galeana de Abajo,False
12016,0190,La Puerta,18.486404444444446,-101.57818916666666,11,,True,0.5771276595744681,15.071404878574679,12016,La Soledad (Huaracio),False
12016,0194,Puerto Naranjo,18.1402625,-101.67493416666667,5,0.0,False,0.0,15.01704643386081,12016,Galeana de Abajo,False
12016,0197,Quiringucua,18.444794722222223,-101.57933638888889,49,4.0,False,4.0,17.75229060973158,12016,La Soledad (Huaracio),False
12016,0199,Santa Cruz,18.18387638888889,-101.58608,44,5.0,False,5.0,9.601381169442126,12016,Galeana de Abajo,False
12016,0201,Corcoles,18.406915833333333,-101.77073083333333,90,6.0,False,6.0,10.76305627349462,12016,Coahuayutla de Guerrero,False
12016,0203,La Calerita,18.5734775,-101.70334555555556,233,16.0,False,16.0,2.1553304424777364,12016,La Soledad (Huaracio),False
12016,0207,Arroyo Puerco,18.34700111111111,-101.73540444444444,20,1.0,False,1.0,3.4042736014099706,12016,Coahuayutla de Guerrero,False
12016,0211,San Vicente del Río,18.244685555555556,-101.68084722222223,11,0.0,False,0.0,6.896363663162276,12016,Galeana de Abajo,False
12016,0219,El Toro,18.581461944444445,-101.74978138888889,5,,True,0.26233075435203096,5.881604212749475,12016,La Soledad (Huaracio),False
12016,0220,Buenavista,18.179306111111114,-101.51809416666667,24,1.0,False,1.0,14.245128990414557,12016,Galeana de Abajo,False
12016,0233,El Capadero,18.453785,-101.53479,48,3.0,False,3.0,18.476580094638773,12073,Aratichanguio,True
12016,0239,La Daga,18.29259,-101.65908555555556,6,,True,0.31479690522243714,5.27379822078815,12016,Galeana de Abajo,False
12016,0240,La Dicha,18.05199361111111,-101.58327527777777,8,0.0,False,0.0,21.134301758591427,12068,El Tibor,True
12016,0243,Galeana de Arriba,18.26799388888889,-101.6076486111111,41,2.0,False,2.0,1.256198284061658,12016,Galeana de Abajo,False
12016,0245,Huerta de Piña (El Retaje),18.330336388888888,-101.67723111111111,1,,True,0.05246615087040619,6.252128138309917,12016,Coahuayutla de Guerrero,False
12016,0246,Las Juntas,18.189820833333332,-101.52971,8,,True,0.4197292069632495,12.55134869238735,12016,Galeana de Abajo,False
12016,0248,El Limón de Verdusco,18.0898875,-101.5535861111111,36,1.0,False,1.0,20.595124922484192,12016,Galeana de Abajo,False
12016,0251,La Palma,18.309706666666667,-101.61962888888888,4,,True,0.20986460348162475,5.039409172027517,12016,Galeana de Abajo,False
12016,0252,La Parotita,18.152566388888886,-101.7974211111111,162,8.0,False,8.0,18.94919860136457,12068,La Unión,True
12016,0257,El Reparo,18.03601111111111,-101.56532472222221,52,2.0,False,2.0,20.962669497868525,12068,El Tibor,True
12016,0260,Rincón del Naranjo,18.079933611111112,-101.59639222222222,20,3.0,False,3.0,20.6484149472601,12016,Galeana de Abajo,False
12016,0261,San Antonio,18.07681722222222,-101.46349305555556,4,,True,0.20986460348162475,22.80906542494309,12038,Vallecitos de Zaragoza,True
12016,0262,San Francisco (San Pancho),18.31748111111111,-101.57682249999999,6,,True,0.31479690522243714,7.389659993506329,12016,Galeana de Abajo,False
12016,0270,La Chepa (La Pedregosa),18.076131666666665,-101.48590694444445,5,,True,0.26233075435203096,24.356025234195833,12038,Vallecitos de Zaragoza,True
12016,0272,Gallo de Maciel,18.419028333333333,-101.83624999999999,60,3.0,False,3.0,15.66160959685123,12016,Coahuayutla de Guerrero,False
12016,0274,Poza Honda,18.36338361111111,-101.71648333333333,1,,True,0.05246615087040619,5.5642142624724205,12016,Coahuayutla de Guerrero,False
12016,0281,La Fundición,18.380053055555557,-101.7387711111111,12,1.0,False,1.0,7.092054505364472,12016,Coahuayutla de Guerrero,False
12016,0282,La Palma,18.54227777777778,-101.73693027777777,21,0.0,False,0.0,3.9107479443585946,12016,La Soledad (Huaracio),False
12016,0283,Olivares,18.50162388888889,-101.70690083333334,278,11.0,False,11.0,5.861829897744177,12016,La Soledad (Huaracio),False
12016,0284,El Puertecito,18.411938055555556,-101.77913916666667,18,2.0,False,2.0,11.616753208985843,12016,Coahuayutla de Guerrero,False
12016,0285,El Timbiriche,18.30973888888889,-101.75420444444444,7,,True,0.3672630560928433,2.1967441852268634,12016,Coahuayutla de Guerrero,False
12016,0287,La Colorada,18.544027777777778,-101.84173333333332,11,,True,0.5771276595744681,14.772743603561294,12016,La Soledad (Huaracio),False
12016,0291,El Reparito,18.23449138888889,-101.6771013888889,60,2.0,False,2.0,6.985546473294307,12016,Galeana de Abajo,False
12016,0294,El Jazmín,18.2485925,-101.77455611111111,14,1.0,False,1.0,8.638736521964917,12016,Coahuayutla de Guerrero,False
12016,0298,Los Cocos,18.439149722222222,-101.57473194444444,11,,True,0.5771276595744681,18.536554358670173,12016,La Soledad (Huaracio),False
12016,0309,La Cajita,18.57655638888889,-101.61172722222221,12,1.0,False,1.0,9.8372215031712,12016,La Soledad (Huaracio),False
12016,0310,Antonsimón (El Canal),18.313720833333335,-101.58301722222222,103,5.0,False,5.0,6.66776766856681,12016,Galeana de Abajo,False
12016,0315,La Florida,18.12214638888889,-101.57325583333333,9,0.0,False,0.0,16.536239157264365,12016,Galeana de Abajo,False
12016,0316,La Higuerita,18.142110833333334,-101.4154188888889,6,,True,0.31479690522243714,24.271904736377742,12073,Guayameo,True
12016,0328,La Patria,18.275332499999998,-101.75085666666666,13,2.0,False,2.0,4.877428504658643,12016,Coahuayutla de Guerrero,False
12016,0330,Llano de Maciel,18.011820833333335,-101.51475833333333,17,0.0,False,0.0,20.90385967542173,12038,La Laja (Buenavista),True
12016,0338,El Tepamo,18.066828333333333,-101.38518861111112,13,1.0,False,1.0,17.519508297690678,12038,Vallecitos de Zaragoza,True
12016,0347,Las Habillas,18.119250833333332,-101.80025722222221,54,0.0,False,0.0,15.235340812651934,12068,La Unión,True
12016,0348,Rincón del Guajolote (Barranca el Guajolote),18.585260277777778,-101.6518138888889,10,,True,0.5246615087040619,6.321921034256515,12016,La Soledad (Huaracio),False
12016,0351,La Calerita,18.527290277777777,-101.59147277777777,14,0.0,False,0.0,12.029013828494817,12016,La Soledad (Huaracio),False
12016,0353,Campo Verde,18.074826666666667,-101.46249916666667,5,,True,0.26233075435203096,22.572454775283717,12038,Vallecitos de Zaragoza,True
12016,0354,El Cenizo,18.565998333333333,-101.81168305555555,1,,True,0.05246615087040619,11.636327277168432,12016,La Soledad (Huaracio),False
12016,0357,Cuauhtémoc,18.53801361111111,-101.71851138888888,291,21.0,False,21.0,2.4983367264831466,12016,La Soledad (Huaracio),False
12016,0364,Rancho Escondido (La Omita),18.397676666666666,-101.59043194444445,15,0.0,False,0.0,15.122733311125396,12016,Galeana de Abajo,False
12016,0369,El Recodo,18.53276972222222,-101.59124027777777,73,6.0,False,6.0,11.916304943772484,12016,La Soledad (Huaracio),False
12016,0371,Santa Rosa,18.130908055555555,-101.85995888888888,5,,True,0.26233075435203096,17.4887845839138,12068,La Unión,True
12016,0372,La Tinajita,18.566831944444445,-101.80807194444444,1,,True,0.05246615087040619,11.269419190347136,12016,La Soledad (Huaracio),False
12016,0391,El Bejuco Colorado,18.10128527777778,-101.52032527777777,8,,True,0.4197292069632495,20.914872172835945,12016,Galeana de Abajo,False
12016,0392,Bejucos,18.491410277777778,-101.54070972222222,20,1.0,False,1.0,18.380876353090716,12016,La Soledad (Huaracio),False
12016,0401,El Lindero,18.086058333333334,-101.5218275,9,0.0,False,0.0,22.325837792252766,12016,Galeana de Abajo,False
12016,0402,La Mesa del Ciruelo,18.4496225,-101.63058083333333,12,,True,0.6295938104448743,13.84846101869152,12016,La Soledad (Huaracio),False
12016,0407,El Cerro de San Cristóbal,18.083980555555556,-101.50743083333333,3,,True,0.15739845261121857,23.263238668251486,12016,Galeana de Abajo,False
12016,0412,La Mesita,18.58911833333333,-101.65659472222222,6,,True,0.31479690522243714,6.167782269135726,12016,La Soledad (Huaracio),False
12016,0414,El Olvido,18.11037277777778,-101.5609975,2,,True,0.10493230174081238,18.186487699780137,12016,Galeana de Abajo,False
12016,0425,El Cuinique,18.515831666666667,-101.58268,32,2.0,False,2.0,13.281593918962507,12016,La Soledad (Huaracio),False
12016,0427,El Olivo,18.250465277777778,-101.7574875,28,3.0,False,3.0,7.718674489821185,12016,Coahuayutla de Guerrero,False
12016,0428,Los Habillos,18.268901666666665,-101.72373472222222,2,,True,0.10493230174081238,5.404421306038116,12016,Coahuayutla de Guerrero,False
12016,0433,Puerto la Tijera,18.423934722222224,-101.57240722222222,9,1.0,False,1.0,18.407264206112025,12016,Galeana de Abajo,False
12016,0434,Buena Vista (Las Enramadas),18.26672972222222,-101.90184888888889,4,,True,0.20986460348162475,18.499853387076957,12016,Coahuayutla de Guerrero,False
12016,0435,El Zoquital,18.266427222222223,-101.82264222222221,1,,True,0.05246615087040619,10.828166488181061,12016,Coahuayutla de Guerrero,False
12016,0437,Barranca del Corongoro,18.250488055555557,-101.84334916666666,2,,True,0.10493230174081238,13.620325836190696,12016,Coahuayutla de Guerrero,False
12016,0440,El Mesquitito,18.555701111111112,-101.78312777777778,3,,True,0.15739845261121857,8.553292200224814,12016,La Soledad (Huaracio),False
12017,0001,Cocula,18.23586638888889,-99.66119,3637,176.0,False,176.0,0.0,12017,Cocula,False
12017,0002,Acalmantlila,18.127765,-99.7615,273,10.0,False,10.0,2.96867681169505,12026,Ahuaxotitla,True
12017,0003,Apango,18.235158055555555,-99.67749166666667,531,36.0,False,36.0,1.7234283294548973,12017,Cocula,False
12017,0004,Apipilulco,18.197020277777778,-99.67097722222222,2297,103.0,False,103.0,4.441467181020348,12017,Cocula,False
12017,0005,Atlixtac,18.200079166666665,-99.67322694444445,907,42.0,False,42.0,4.17751517154361,12017,Cocula,False
12017,0006,Atzcala,17.97806861111111,-99.66309305555556,999,31.0,False,31.0,8.041749288829068,12075,Mezcala,True
12017,0009,Cuetzala de la Reforma,18.14712361111111,-99.77031138888889,143,4.0,False,4.0,1.1948834663250336,12026,Ahuaxotitla,True
12017,0011,El Machito de las Flores,18.222405555555554,-99.72232111111111,165,8.0,False,8.0,3.4081502095501435,12026,Tianquizolco,True
12017,0012,Las Mesas (La Mesa),18.08217361111111,-99.78345055555555,108,3.0,False,3.0,6.041634453745245,12017,Nuevo Balsas,False
12017,0013,Mohonera,18.17389388888889,-99.68621305555556,347,18.0,False,18.0,6.7185608594976785,12017,Tlanipatlán,False
12017,0014,El Municipio (Tijuanita),18.285252222222223,-99.63396777777778,415,24.0,False,24.0,3.8445007850556174,12035,Metlapa,True
12017,0016,Puente Río San Juan,18.219599166666665,-99.65649361111112,403,26.0,False,26.0,1.875606971171494,12017,Cocula,False
12017,0017,El Real del Limón,18.01033388888889,-99.69484444444444,304,16.0,False,16.0,7.2477670907146035,12017,Nuevo Balsas,False
12017,0018,San Nicolás,18.054223055555557,-99.77549666666667,112,5.0,False,5.0,2.926421600275619,12017,Nuevo Balsas,False
12017,0019,Tecomatlán,18.294250833333336,-99.69313472222223,295,11.0,False,11.0,5.472236815911138,12058,Tonalapa del Río,True
12017,0020,Tlanipatlán,18.15926361111111,-99.74791194444444,705,43.0,False,43.0,0.0,12017,Tlanipatlán,False
12017,0021,Colonia Tomás Gómez (El Triunfo),18.297525,-99.63466444444445,275,11.0,False,11.0,3.1097171133417065,12035,Metlapa,True
12017,0023,Xonacatla,18.247675833333336,-99.597135,201,2.0,False,2.0,6.329421630839994,12035,Ceja Blanca,True
12017,0029,Nuevo Balsas,18.0330175,-99.75910333333333,2226,105.0,False,105.0,0.0,12017,Nuevo Balsas,False
12017,0032,La Concepción (Puerto de Tecomatlán),18.28540527777778,-99.64621361111112,65,5.0,False,5.0,4.84015384110253,12035,Metlapa,True
12017,0033,Campo Arroz Viejo,18.031775277777776,-99.7332088888889,6,0.0,False,0.0,2.7413849608647003,12017,Nuevo Balsas,False
12017,0034,La Hacienda de Tepozonalco,18.07905583333333,-99.79060833333334,2,,True,0.09461454522113101,6.107365739688687,12017,Nuevo Balsas,False
12017,0044,Las Juntas,18.300951944444446,-99.66530861111112,7,,True,0.33115090827395854,4.65509928634648,12035,Ahuehuepan,True
12017,0052,Los Laureles,18.29162777777778,-99.63001666666666,10,0.0,False,0.0,3.05662939548122,12035,Metlapa,True
12017,0053,La Fundición,18.007646666666666,-99.69053777777778,476,21.0,False,21.0,7.779676850705164,12017,Nuevo Balsas,False
12017,0054,La Mesa,18.17216777777778,-99.74436555555556,1,,True,0.047307272610565505,1.482991611094675,12017,Tlanipatlán,False
12017,0055,Colonia Vicente Guerrero,18.23342361111111,-99.6502825,669,37.0,False,37.0,1.183543226829876,12017,Cocula,False
12018,0001,Copala,16.60875916666667,-98.97862361111112,6839,378.0,False,378.0,0.0,12018,Copala,False
12018,0003,Atrixco,16.635271944444444,-98.9356425,970,71.0,False,71.0,0.0,12018,Atrixco,False
12018,0005,Campanilla,16.601233055555557,-98.90117333333333,104,10.0,False,10.0,5.273957833640789,12018,Atrixco,False
12018,0006,La Cañada del Arroz,16.6429625,-98.86585888888888,282,19.0,False,19.0,7.483687791168503,12018,Atrixco,False
12018,0008,El Carrizo,16.636616666666665,-99.02565194444445,546,25.0,False,25.0,4.494811776153575,12025,El Pabellón,True
12018,0009,Colonia Juan N. Álvarez (Playa Ventura),16.53895027777778,-98.91496472222222,557,31.0,False,31.0,7.40451342995094,12018,Ojo de Agua (Las Salinas),False
12018,0010,Crucero de Campanilla (Campanillas),16.590754166666667,-98.9104425,19,2.0,False,2.0,5.63151852101009,12018,Atrixco,False
12018,0011,Crucero el Fogón,16.593643055555553,-98.92413916666668,11,,True,0.6487589020258591,4.788452433007085,12018,Atrixco,False
12018,0012,El Crucero de la Fortuna,16.627916111111112,-99.0169936111111,9,,True,0.5308027380211575,4.609998478921356,12018,Copala,False
12018,0014,La Fortuna (La Yeguada),16.61027,-99.0379325,158,8.0,False,8.0,6.321910851910161,12018,Copala,False
12018,0016,El Guarumbo,16.613364444444446,-98.8691025,19,,True,1.1205835580446657,5.558146937717473,12018,Ojo de Agua (Las Salinas),False
12018,0017,Islaltepec (Las Parotas),16.578543888888888,-98.84064916666667,662,43.0,False,43.0,1.7963734598404224,12018,Ojo de Agua (Las Salinas),False
12018,0018,Las Lajas,16.577536666666667,-98.88912916666668,440,22.0,False,22.0,4.189953641034948,12018,Ojo de Agua (Las Salinas),False
12018,0020,Ojo de Agua (Las Salinas),16.566273055555556,-98.85161249999999,1594,81.0,False,81.0,0.0,12018,Ojo de Agua (Las Salinas),False
12018,0022,El Papayo,16.572685555555555,-98.931815,173,12.0,False,12.0,6.400924303517387,12018,Copala,False
12018,0023,Las Peñas,16.631804444444445,-99.05866388888889,864,52.0,False,52.0,3.6108194422863824,12030,Chautengo,True
12018,0027,San Francisco,16.612427222222223,-98.99846472222222,320,22.0,False,22.0,2.1531483804728415,12018,Copala,False
12018,0028,Santa Rosa,16.581795,-99.03840527777777,2,,True,0.11795616400470166,7.040830269302972,12018,Copala,False
12018,0029,El Zapatero,16.633305,-98.98801722222223,1,,True,0.05897808200235083,2.9071002101100007,12018,Copala,False
12018,0032,El Fogón,16.58515611111111,-98.93053194444445,31,3.0,False,3.0,5.599170045512702,12018,Atrixco,False
12018,0037,Ojo de Agua las Salinas [Campamento],16.588507222222223,-98.82606861111111,135,14.0,False,14.0,1.0489112033640797,12077,Marquelia,True
12018,0039,Los Lirios,16.596374722222222,-98.91002055555556,172,15.0,False,15.0,5.114722204676412,12018,Atrixco,False
12018,0041,Mata de Mangle,16.575426944444445,-99.01900777777777,1,,True,0.05897808200235083,5.679581853666392,12018,Copala,False
12018,0044,El Manguito Dos [Taller de Block],16.60136277777778,-98.95869777777779,2,,True,0.11795616400470166,2.2769743883944145,12018,Copala,False
12018,0054,Comunidad General Enrique Rodríguez [El Campamento],16.599509444444443,-98.82268194444444,346,33.0,False,33.0,1.872975409352108,12077,Marquelia,True
12018,0058,Candelilla,16.592897777777775,-99.0676575,3,,True,0.1769342460070525,5.956444022088283,12030,Chautengo,True
12018,0063,La Técnica Treinta y Cinco,16.582725,-98.83064972222222,49,1.0,False,1.0,1.3654304521037641,12077,Marquelia,True
12018,0065,Colonia Dieciséis de Septiembre,16.579268055555556,-98.83709527777778,73,7.0,False,7.0,2.0995452997477053,12077,Marquelia,True
12018,0066,Los Cerros Cuates (Los Cuates),16.64803722222222,-98.90898250000001,2,,True,0.11795616400470166,3.1752223245722453,12018,Atrixco,False
12018,0069,Rancho Jorge Molina,16.656188055555553,-98.85421861111111,4,,True,0.23591232800940332,6.219980921624573,12025,Zihuapoloya,True
12018,0073,Rancho Viejo (Arturo González González),16.598070277777776,-98.94826944444445,7,,True,0.4128465740164558,3.445961147144349,12018,Copala,False
12018,0074,Casa de Piedra,16.536516666666667,-98.89640555555556,6,,True,0.353868492014105,5.808838016497684,12018,Ojo de Agua (Las Salinas),False
12018,0076,Rancho el Pipe,16.594966666666664,-98.93282861111112,1,,True,0.05897808200235083,4.491760310419475,12018,Atrixco,False
12018,0077,La Impulsora,16.614691944444445,-99.0049188888889,40,1.0,False,1.0,2.8784842390199596,12018,Copala,False
12018,0078,Bahía de Agua Dulce,16.553486111111113,-98.8271761111111,21,3.0,False,3.0,2.9673313924391373,12018,Ojo de Agua (Las Salinas),False
12019,0001,Copalillo,18.03415138888889,-99.04172444444444,7862,508.0,False,508.0,0.0,12019,Copalillo,False
12019,0002,El Cascalote,18.0972775,-99.04574527777777,597,40.0,False,40.0,6.605899155631974,12008,Atenango del Río,True
12019,0003,Chimalacacingo,17.950474166666666,-98.91354666666668,579,48.0,False,48.0,7.6783349704822905,12019,San Francisco Oztutla,False
12019,0004,Mezquitlán,18.021304999999998,-98.93606111111112,481,34.0,False,34.0,3.3571202176078754,12019,Papalutla,False
12019,0005,San Francisco Oztutla,17.96154361111111,-98.9851963888889,1307,71.0,False,71.0,0.0,12019,San Francisco Oztutla,False
12019,0006,Papalutla,18.022144166666667,-98.90432444444446,490,24.0,False,24.0,0.0,12019,Papalutla,False
12019,0007,San Miguel Mezquitepec,17.947624722222223,-98.98658583333334,266,18.0,False,18.0,1.5546727747545697,12019,San Francisco Oztutla,False
12019,0008,Tlalcozotitlán,17.885896944444443,-99.12979888888889,1066,88.0,False,88.0,0.0,12019,Tlalcozotitlán,False
12019,0009,Tlayahualco,17.92363527777778,-99.11612222222222,426,31.0,False,31.0,4.438827840889032,12019,Tlalcozotitlán,False
12019,0010,Zicapa,17.923375555555555,-99.03956611111111,626,35.0,False,35.0,7.147966136615576,12019,San Francisco Oztutla,False
12019,0011,Ahuaxtitlán,17.916982222222224,-99.12598666666666,60,5.0,False,5.0,3.479982706458935,12019,Tlalcozotitlán,False
12019,0012,Alpoyeca (Agua Salada),18.041218333333337,-98.97848472222222,5,,True,0.32888831901525833,6.732355606422487,12019,Copalillo,False
12019,0015,Atlicintla,17.88809722222222,-99.19984166666667,2,,True,0.13155532760610333,7.41597921372875,12019,Tlalcozotitlán,False
12019,0016,Atlixtic,17.88245888888889,-99.12492833333333,16,3.0,False,3.0,0.6417148373996779,12019,Tlalcozotitlán,False
12019,0017,Acingo,17.903173055555555,-99.10441333333333,384,31.0,False,31.0,3.302411925081493,12019,Tlalcozotitlán,False
12019,0018,Benito Juárez (Colonia Benito Juárez),18.051834166666666,-98.97416916666667,12,3.0,False,3.0,7.408107042416218,12019,Copalillo,False
12019,0019,Cascalotera,17.890196944444444,-99.13411194444446,92,7.0,False,7.0,0.6610010442260331,12019,Tlalcozotitlán,False
12019,0020,Shalmoyo,18.0571925,-98.96152444444445,10,,True,0.6577766380305167,6.736995026592844,12008,Temalac,True
12019,0022,Ciruelo Amarillo,17.93813,-98.93376500000001,2,,True,0.13155532760610333,6.031391114826954,12019,San Francisco Oztutla,False
12019,0024,Cuaquezalco,17.887027222222223,-99.11811722222221,13,0.0,False,0.0,1.2425329137739909,12019,Tlalcozotitlán,False
12019,0025,Hueyiatl,17.90604472222222,-99.1355688888889,467,34.0,False,34.0,2.322036829346901,12019,Tlalcozotitlán,False
12019,0027,Las Minas,17.900139166666666,-99.13312166666665,71,8.0,False,8.0,1.622225084995873,12019,Tlalcozotitlán,False
12019,0028,Peperuches,17.96707722222222,-99.0714625,35,2.0,False,2.0,8.094228442495284,12019,Copalillo,False
12019,0030,Tetlajco,18.06435388888889,-99.11263083333333,23,1.0,False,1.0,4.475778839143391,12008,Atenango del Río,True
12019,0031,Tenantitlán,17.896730833333333,-99.10225555555554,129,5.0,False,5.0,3.1537217883565325,12019,Tlalcozotitlán,False
12019,0034,Tinajas,17.899628333333332,-99.10984527777777,109,9.0,False,9.0,2.6056530435358596,12019,Tlalcozotitlán,False
12019,0040,El Zopilote,17.92763916666667,-98.92690083333333,3,,True,0.197332991409155,7.227923858885993,12019,San Francisco Oztutla,False
12019,0042,Atotonilco,18.03229611111111,-98.92208222222223,12,0.0,False,0.0,2.1908515147113903,12019,Papalutla,False
12019,0045,Colonia Alta Vista,17.91846277777778,-99.11583472222222,49,1.0,False,1.0,3.911005556718931,12019,Tlalcozotitlán,False
12019,0047,Hueyatlsale,17.883835833333332,-99.17448777777778,93,5.0,False,5.0,4.734595221162427,12019,Tlalcozotitlán,False
12019,0049,Mazacalco,18.064549722222225,-99.10330611111111,12,,True,0.78933196563662,4.450274985107566,12008,Atenango del Río,True
12019,0052,Temachoc el Hermoso,17.986159722222222,-99.05577944444444,10,1.0,False,1.0,5.539537526389911,12019,Copalillo,False
12019,0053,Tepango,18.043724444444447,-99.11059055555555,13,1.0,False,1.0,6.746919535000588,12008,Atenango del Río,True
12019,0054,Tepetitlán,18.023136388888886,-98.89011944444445,1,,True,0.06577766380305167,1.5060701978885767,12019,Papalutla,False
12019,0056,El Terrero,17.890684166666666,-99.12365416666665,5,,True,0.32888831901525833,0.8403330333929765,12019,Tlalcozotitlán,False
12019,0057,Zacualpa,17.896512777777776,-98.9470125,68,6.0,False,6.0,8.282977708046667,12019,San Francisco Oztutla,False
12019,0061,Cuahuezquititlán,17.88527472222222,-99.1409675,10,1.0,False,1.0,1.1838977464009095,12019,Tlalcozotitlán,False
12019,0062,Tehuixchio,18.02178111111111,-99.04617194444444,59,5.0,False,5.0,1.453677534128697,12019,Copalillo,False
12019,0068,Las Guamuchileras,17.897512777777777,-99.1143475,2,,True,0.13155532760610333,2.083649899931009,12019,Tlalcozotitlán,False
12019,0069,La Hacienda,18.09724888888889,-99.10226138888888,38,1.0,False,1.0,0.9825057308321704,12008,Atenango del Río,True
12019,0070,San Juan Tehuahuizingo,18.00125583333333,-99.12748111111111,12,,True,0.78933196563662,9.778026071598891,12019,Copalillo,False
12019,0072,Tlalacamezco,18.04567527777778,-98.96478694444444,6,,True,0.39466598281831,6.9075811997043415,12019,Papalutla,False
12019,0074,El Establo,18.09814611111111,-99.09775583333332,8,,True,0.5262213104244133,1.265885466737564,12008,Atenango del Río,True
12019,0075,Axochillo,18.053768055555555,-99.10813527777778,7,,True,0.46044364662136167,5.623793061481226,12008,Atenango del Río,True
12019,0077,Playa Conocida (El Cahuesquite),18.0265625,-98.91066527777778,3,,True,0.197332991409155,0.8312030035418725,12019,Papalutla,False
12019,0080,El Guaje (El Portezuelo),17.894569166666667,-98.95979722222222,7,,True,0.46044364662136167,7.9171770408064415,12019,San Francisco Oztutla,False
12019,0082,Los Torres,18.050949444444445,-99.04272916666666,4,,True,0.26311065521220667,1.870876699847623,12019,Copalillo,False
12019,0083,Tenancingo,18.039542222222224,-99.0457111111111,35,0.0,False,0.0,0.7327980769635051,12019,Copalillo,False
12019,0085,Los Manantiales Atzompa [Rancho],17.9926275,-98.98705722222222,11,,True,0.7235543018335684,3.4619697181569022,12019,San Francisco Oztutla,False
12020,0001,Copanatoyac,17.46184472222222,-98.71346277777778,3435,223.0,False,223.0,0.0,12020,Copanatoyac,False
12020,0002,Cacahuatepec,17.525657777777777,-98.76609083333334,671,47.0,False,47.0,5.463024857733581,12020,Tlalquetzalapa,False
12020,0003,La Concepción,17.36727861111111,-98.62596222222221,177,6.0,False,6.0,5.55550653769041,12041,El Tejocote,True
12020,0004,Cuautololo,17.510485,-98.76280583333333,427,26.0,False,26.0,4.468784576721936,12020,Tlalquetzalapa,False
12020,0005,Ocotepec,17.42314,-98.65753611111111,807,62.0,False,62.0,2.7356223912339437,12020,Santa Cruz,False
12020,0006,Ocotequila,17.449603055555556,-98.6777038888889,1564,96.0,False,96.0,4.029949750612573,12020,Copanatoyac,False
12020,0007,Ocoapa,17.384546944444445,-98.67692305555556,1227,93.0,False,93.0,0.0,12020,Ocoapa,False
12020,0008,Oztocingo,17.488643055555556,-98.68068555555556,717,66.0,False,66.0,4.572745749864318,12020,Tlalquetzalapa,False
12020,0009,Patlicha,17.439329166666667,-98.72146027777778,1210,100.0,False,100.0,1.6995798753628577,12020,Potoichán,False
12020,0010,Potoichán,17.424141111111112,-98.71966166666667,761,102.0,False,102.0,0.0,12020,Potoichán,False
12020,0011,Quiahuiltepec,17.406807777777775,-98.738715,328,37.0,False,37.0,2.7930826862368665,12020,Potoichán,False
12020,0012,San Vicente Amole,17.350327222222223,-98.70960055555555,701,42.0,False,42.0,3.1625557489947993,12041,Moyotepec (Moyotepec de Juárez),True
12020,0013,Tenexcalcingo,17.34135333333333,-98.62486083333333,448,45.0,False,45.0,3.879332563137091,12041,El Tejocote,True
12020,0014,Tlacotepec,17.371961666666667,-98.65490555555556,273,20.0,False,20.0,2.723512413552315,12020,Ocoapa,False
12020,0015,Tlalquetzalapa,17.5000875,-98.72210027777778,1046,64.0,False,64.0,0.0,12020,Tlalquetzalapa,False
12020,0016,Yelotepec,17.465696388888887,-98.74097305555556,182,10.0,False,10.0,2.9492674148117493,12020,Copanatoyac,False
12020,0017,Ocotillo,17.417694722222222,-98.6768375,66,2.0,False,2.0,3.685875897521907,12020,Ocoapa,False
12020,0019,Plan de San Miguel,17.35518027777778,-98.62724,249,8.0,False,8.0,4.483587748504097,12041,El Tejocote,True
12020,0020,Totohuehuetlán,17.421366944444447,-98.73225277777777,341,23.0,False,23.0,1.370988693966957,12020,Potoichán,False
12020,0021,Costilla del Cerro,17.391198055555556,-98.72970472222222,320,21.0,False,21.0,3.8149429400791823,12020,Potoichán,False
12020,0022,Cozondiapa,17.36683027777778,-98.71439027777778,229,20.0,False,20.0,4.4373296705802145,12020,Ocoapa,False
12020,0023,El Crucero de Oztocingo,17.496578055555556,-98.69003333333333,411,29.0,False,29.0,3.422998712686023,12020,Tlalquetzalapa,False
12020,0025,Guacamaya,17.396731666666668,-98.73730722222223,211,16.0,False,16.0,3.5768953669330976,12020,Potoichán,False
12020,0027,El Platanar,17.426845,-98.7295,199,13.0,False,13.0,1.0862070514248359,12020,Potoichán,False
12020,0028,Rancho Escondido,17.438580277777778,-98.71379888888889,321,23.0,False,23.0,1.7218246517116127,12020,Potoichán,False
12020,0029,Santa Cruz,17.42110611111111,-98.63183944444444,491,44.0,False,44.0,0.0,12020,Santa Cruz,False
12020,0030,Xitomatla,17.473723055555553,-98.69838944444444,141,6.0,False,6.0,2.0738035139235835,12020,Copanatoyac,False
12020,0031,Zacaixtlahuacán,17.501328611111113,-98.78057972222223,291,20.0,False,20.0,6.203167707441011,12020,Tlalquetzalapa,False
12020,0033,Buena Vista,17.415729444444445,-98.72474916666667,241,16.0,False,16.0,1.0799030268582304,12020,Potoichán,False
12020,0035,Mixtepec,17.470589999999998,-98.67712916666667,11,,True,0.818089430894309,3.9746326426058736,12020,Copanatoyac,False
12020,0037,Teapan,17.46695722222222,-98.67931833333334,15,2.0,False,2.0,3.6660204720177596,12020,Copanatoyac,False
12020,0038,La Trinchera,17.465123055555555,-98.72976333333334,213,23.0,False,23.0,1.7670068286278144,12020,Copanatoyac,False
12020,0039,Loma Bonita,17.397945555555555,-98.72984805555556,260,22.0,False,22.0,3.1068571412365076,12020,Potoichán,False
12020,0040,Zacazonapa,17.487756666666666,-98.7131313888889,181,12.0,False,12.0,1.6687447594883702,12020,Tlalquetzalapa,False
12020,0042,Xaltemeth,17.399849166666666,-98.66192805555556,53,2.0,False,2.0,2.3295753681938525,12020,Ocoapa,False
12020,0043,Ahuastepec,17.398350555555556,-98.71698777777777,20,1.0,False,1.0,2.8817775263866463,12020,Potoichán,False
12020,0044,Barranca Tecolote,17.424931944444445,-98.71419194444445,37,5.0,False,5.0,0.5869211770547736,12020,Potoichán,False
12020,0045,Barranca Tigre,17.403684444444444,-98.7218525,35,2.0,False,2.0,2.2865231979051153,12020,Potoichán,False
12020,0047,Plan Lagunilla,17.429170555555558,-98.71432138888889,240,20.0,False,20.0,0.796081258275837,12020,Potoichán,False
12020,0049,Tierra Colorada,17.43135277777778,-98.71593194444445,62,6.0,False,6.0,0.8942114264810348,12020,Potoichán,False
12020,0050,Tehuiskojtla,17.4560125,-98.67759416666667,335,24.0,False,24.0,3.859545125095066,12020,Copanatoyac,False
12020,0053,Comochiahualco,17.4475525,-98.71666333333333,5,,True,0.37185883222468585,1.6250808479503795,12020,Copanatoyac,False
12020,0056,Tlacomulco,17.463213055555556,-98.67158083333334,3,,True,0.22311529933481153,4.445036520595423,12020,Copanatoyac,False
12020,0057,Barranca Seca,17.37436472222222,-98.72259833333334,12,,True,0.8924611973392461,4.9774770416063765,12020,Ocoapa,False
12020,0058,Crucero de Santa Cruz,17.43049166666667,-98.61469916666667,11,1.0,False,1.0,2.0966363503695526,12020,Santa Cruz,False
12020,0059,Ninguno,17.382483333333333,-98.64750000000001,2,,True,0.14874353288987435,3.1306847539816793,12020,Ocoapa,False
12020,0061,Plan de San Juan,17.40975972222222,-98.72648083333334,97,11.0,False,11.0,1.7551870051802692,12020,Potoichán,False
12020,0062,Tlachinolapa,17.412593055555554,-98.67352861111111,10,,True,0.7437176644493717,3.139315349181252,12020,Ocoapa,False
12020,0063,Santa Anita,17.425818055555556,-98.71899611111111,1364,112.0,False,112.0,0.19938910240509422,12020,Potoichán,False
12020,0064,Colonia la Reforma,17.424176944444447,-98.71798166666667,542,46.0,False,46.0,0.17828018855030772,12020,Potoichán,False
12020,0065,Colonia Santa Cruz,17.450402222222223,-98.68506694444444,131,9.0,False,9.0,3.269768012959785,12020,Copanatoyac,False
12020,0066,Las Cruces,17.49189777777778,-98.67564527777779,373,21.0,False,21.0,5.0100491903760345,12020,Tlalquetzalapa,False
12020,0067,La Asunción,17.383852777777776,-98.7230875,64,4.0,False,4.0,4.494581109830558,12020,Potoichán,False
12020,0068,Colonia Vista Hermosa,17.507583611111112,-98.76513722222222,75,7.0,False,7.0,4.6393979828129,12020,Tlalquetzalapa,False
12020,0069,Barranca Honda,17.399328055555554,-98.60723555555555,2,,True,0.14874353288987435,3.5607380282002303,12020,Santa Cruz,False
12020,0070,Tecomic,17.457235,-98.66971805555556,10,,True,0.7437176644493717,4.668318950792321,12020,Copanatoyac,False
12021,0001,Coyuca de Benítez,17.009001666666666,-100.08936722222222,13866,804.0,False,804.0,0.0,12021,Coyuca de Benítez,False
12021,0002,El Aguacate,17.08788583333333,-100.18941333333333,1,,True,0.05937910643889619,4.760689389854644,12021,El Terrero,False
12021,0003,Aguas Blancas,17.03627777777778,-100.06220722222221,2125,109.0,False,109.0,0.0,12021,Aguas Blancas,False
12021,0004,Agua Zarca,17.049981111111112,-99.94255527777779,694,50.0,False,50.0,2.079393773134559,12021,Tixtlancingo,False
12021,0007,Atoyaquillo,17.10514777777778,-100.0422988888889,388,24.0,False,24.0,0.0,12021,Atoyaquillo,False
12021,0008,Bajos del Ejido,16.961440555555555,-99.97104805555556,5831,351.0,False,351.0,0.0,12021,Bajos del Ejido,False
12021,0009,La Barra (La Barra de Coyuca),16.94526638888889,-100.09445583333333,941,42.0,False,42.0,1.3454533827847366,12021,Los Mogotes,False
12021,0010,Barrio Nuevo del Progreso,17.224853888888887,-100.0709836111111,620,57.0,False,57.0,4.945645917610577,12021,Tepetixtla,False
12021,0012,El Bejuco,16.974830277777777,-100.1046475,803,42.0,False,42.0,2.6241982495454947,12021,El Espinalillo,False
12021,0013,Boca de Mitla (Rincón de Mitla),16.98633527777778,-100.2058,31,2.0,False,2.0,7.367637712346628,12021,El Papayo,False
12021,0015,Cahuatitán,16.993467777777777,-100.1233761111111,382,19.0,False,19.0,1.0343717833301729,12021,El Espinalillo,False
12021,0016,Carrera Larga,17.04229666666667,-100.09926833333333,511,37.0,False,37.0,1.3604526946292768,12021,San Salvador de las Pozas,False
12021,0017,El Cayaco,17.046554722222226,-100.26657888888889,1293,67.0,False,67.0,2.049554682783783,12021,El Papayo,False
12021,0019,Cerrito de Oro,16.933013333333335,-99.9602263888889,760,43.0,False,43.0,3.3640188578160206,12021,Bajos del Ejido,False
12021,0020,Los Cimientos,17.00876361111111,-100.10452805555555,365,20.0,False,20.0,1.6122868492504974,12021,Coyuca de Benítez,False
12021,0021,Colonia del Río,17.184976388888888,-100.15677555555556,285,16.0,False,16.0,5.4874132820170525,12021,Tepetixtla,False
12021,0022,Las Compuertas,17.19465361111111,-100.00833694444445,1189,69.0,False,69.0,0.0,12021,Las Compuertas,False
12021,0023,El Conchero,16.943276666666666,-99.96386638888889,1484,70.0,False,70.0,2.159353768463177,12021,Bajos del Ejido,False
12021,0024,Ejido Viejo,16.94683722222222,-99.94730194444445,1334,71.0,False,71.0,3.002646541907043,12021,Bajos del Ejido,False
12021,0025,El Embarcadero,16.96298138888889,-100.00231444444445,1456,92.0,False,92.0,3.3298306240924784,12021,Bajos del Ejido,False
12021,0026,El Encinal,17.14849388888889,-100.21499416666667,4,,True,0.23751642575558476,7.649658956969459,12021,El Terrero,False
12021,0027,El Espinalillo,16.98483388888889,-100.12699666666666,1080,53.0,False,53.0,0.0,12021,El Espinalillo,False
12021,0028,La Estación,16.951263333333333,-100.10648944444443,119,3.0,False,3.0,2.7510713258212802,12021,Los Mogotes,False
12021,0029,La Felicidad de Rosales,17.241959444444447,-100.19380583333334,464,34.0,False,34.0,7.181358574658975,12011,San Francisco del Tibor,True
12021,0030,El Huamúchil,17.126191388888888,-100.13927944444445,314,24.0,False,24.0,2.0755226572144903,12021,El Terrero,False
12021,0032,Huertecillas,17.141339444444444,-100.17352305555556,152,11.0,False,11.0,3.8051686943316456,12021,El Terrero,False
12021,0033,Las Lomas,16.982767777777777,-100.09579527777777,1351,78.0,False,78.0,2.996092377173876,12021,Coyuca de Benítez,False
12021,0034,Las Lomitas,17.09398138888889,-100.12498222222222,435,26.0,False,26.0,0.0,12021,Las Lomitas,False
12021,0035,Los Mogotes,16.94344361111111,-100.08195111111111,1506,78.0,False,78.0,0.0,12021,Los Mogotes,False
12021,0036,Los Nopales,17.12094861111111,-100.18614777777778,385,29.0,False,29.0,3.6033345197548217,12021,El Terrero,False
12021,0037,Ocotillo,17.03621111111111,-99.87857583333333,1165,79.0,False,79.0,4.680788245467369,12021,Platanillo,False
12021,0038,El Papayo,17.037557500000002,-100.24975305555556,1860,97.0,False,97.0,0.0,12021,El Papayo,False
12021,0039,Pénjamo,17.01312861111111,-100.11539472222222,504,28.0,False,28.0,2.4378205158527493,12021,San Salvador de las Pozas,False
12021,0040,Platanillo,17.064308611111112,-99.91136250000001,1971,122.0,False,122.0,0.0,12021,Platanillo,False
12021,0041,Playa Azul,16.954465,-100.13199388888889,271,12.0,False,12.0,3.4184336694871744,12021,El Espinalillo,False
12021,0042,El Carrizal,16.96271611111111,-100.13903305555556,687,38.0,False,38.0,2.7725775295828194,12021,El Espinalillo,False
12021,0044,El Porvenir,17.06672,-100.30164805555555,194,11.0,False,11.0,3.6491159499090466,12011,Zacualpan,True
12021,0045,Pueblo Viejo,17.098229999999997,-99.98837888888889,1378,100.0,False,100.0,0.0,12021,Pueblo Viejo,False
12021,0046,Puente del Tejar (Puente el Tejar),17.004080833333333,-100.1431913888889,47,6.0,False,6.0,2.7470076061445865,12021,El Espinalillo,False
12021,0048,La Remontita,17.22385972222222,-100.18110972222223,41,2.0,False,2.0,6.904496309486794,12021,Tepetixtla,False
12021,0049,San Isidro,17.239004722222223,-100.04632861111111,98,12.0,False,12.0,6.372095492083949,12021,Las Compuertas,False
12021,0050,El Tamarindo,17.056995555555556,-100.28747027777777,32,4.0,False,4.0,4.555146034045654,12021,El Papayo,False
12021,0051,Tecomapa,16.998116666666668,-99.89031750000001,230,12.0,False,12.0,6.998853330753993,12001,Texca,True
12021,0052,San Juan del Río,17.030204722222223,-99.95043277777778,695,52.0,False,52.0,0.0,12021,San Juan del Río,False
12021,0053,San Nicolás,16.974909999999998,-100.12830944444444,706,43.0,False,43.0,1.1122826759131865,12021,El Espinalillo,False
12021,0054,San Salvador de las Pozas,17.034123333333334,-100.10879055555554,1127,42.0,False,42.0,0.0,12021,San Salvador de las Pozas,False
12021,0056,Santa Cruz del Río,17.163900277777778,-100.1180936111111,157,9.0,False,9.0,5.798144275056683,12021,Tepetixtla,False
12021,0057,Santa Rosa de Lima,17.235810555555556,-99.8647461111111,513,33.0,False,33.0,0.0,12021,Santa Rosa de Lima,False
12021,0060,Tepetixtla,17.216025277777778,-100.11662166666666,3106,210.0,False,210.0,0.0,12021,Tepetixtla,False
12021,0061,El Terrero,17.11313777777778,-100.15324000000001,335,28.0,False,28.0,0.0,12021,El Terrero,False
12021,0062,Tixtlancingo,17.056373333333333,-99.9609375,3602,271.0,False,271.0,0.0,12021,Tixtlancingo,False
12021,0063,Las Tranquitas,17.004185833333334,-100.17860916666667,149,10.0,False,10.0,5.895199559004798,12021,El Espinalillo,False
12021,0064,Valle del Río,16.976121388888888,-99.93568694444444,1673,90.0,False,90.0,4.099805810664663,12021,Bajos del Ejido,False
12021,0065,Yerbasantita,17.181934722222223,-100.03751194444445,592,35.0,False,35.0,0.0,12021,Yerbasantita,False
12021,0066,Yetla,16.99216861111111,-100.0033488888889,1318,69.0,False,69.0,4.845097338279401,12021,Bajos del Ejido,False
12021,0067,El Zapote,17.006721388888888,-100.19689194444445,791,35.0,False,35.0,6.583733848715004,12021,El Papayo,False
12021,0068,Zapotillo,17.003290555555555,-100.1536413888889,375,25.0,False,25.0,3.498568188420809,12021,El Espinalillo,False
12021,0070,Los Arrozales,17.052064166666668,-100.17448,3,,True,0.17813731931668858,7.028981679464059,12021,Las Lomitas,False
12021,0072,Barrio Nuevo la Laja,17.110618055555555,-100.08515249999999,115,9.0,False,9.0,4.5947009659170925,12021,Atoyaquillo,False
12021,0073,El Bordonal,16.97265388888889,-100.01916083333333,605,33.0,False,33.0,5.266751865852178,12021,Bajos del Ejido,False
12021,0074,El Camalote,17.05702638888889,-100.29656583333333,310,22.0,False,22.0,4.790128557139807,12011,Zacualpan,True
12021,0077,Coapinolar,17.236191666666667,-100.12092638888888,15,0.0,False,0.0,2.2885329337825056,12021,Tepetixtla,False
12021,0079,El Guayabo,17.046960833333333,-100.16495250000001,4,,True,0.23751642575558476,6.139021706184745,12021,San Salvador de las Pozas,False
12021,0081,La Isla Montosa,16.954455,-100.03765388888888,12,2.0,False,2.0,4.868174283880162,12021,Los Mogotes,False
12021,0101,Las Humedades,17.22372111111111,-100.15413194444444,94,8.0,False,8.0,4.074860087406938,12021,Tepetixtla,False
12021,0104,El Posquelite,17.159688055555556,-100.21520611111112,153,10.0,False,10.0,8.37539657361164,12021,El Terrero,False
12021,0112,El Aguacate,16.928103055555557,-99.94429555555556,142,10.0,False,10.0,4.67321966533422,12021,Bajos del Ejido,False
12021,0115,Las Minas,17.036226944444447,-100.07642166666666,2,,True,0.11875821287779238,1.5112284129914602,12021,Aguas Blancas,False
12021,0116,La Hinojosa (San Nicolás de Bari),17.024234999999997,-100.0808161111111,60,4.0,False,4.0,1.9224620936967025,12021,Coyuca de Benítez,False
12021,0118,Colonia San Isidro,16.97414611111111,-99.93985055555557,589,32.0,False,32.0,3.606254482939852,12021,Bajos del Ejido,False
12021,0123,Colonia Luces en el Mar,16.9221575,-100.01766805555556,1276,71.0,False,71.0,6.608411402872432,12021,Bajos del Ejido,False
12021,0124,San Nicolás de las Playas,16.918244722222223,-100.00785888888889,298,19.0,False,19.0,6.196941721920947,12021,Bajos del Ejido,False
12021,0128,Paso Real,17.08342638888889,-100.05210416666667,228,13.0,False,13.0,2.6305416880350934,12021,Atoyaquillo,False
12021,0129,Rancho Alegre,17.084364166666667,-100.27319972222222,10,1.0,False,1.0,5.768069766570728,12011,Zacualpan,True
12021,0133,Huertas Viejas,17.128536666666665,-100.20574194444444,27,4.0,False,4.0,5.836085517810415,12021,El Terrero,False
12021,0134,La Bugambilia,17.13432027777778,-100.10395,7,,True,0.4156537450722733,5.011516046191151,12021,Las Lomitas,False
12021,0135,Colonia Lázaro Cárdenas,16.995871666666666,-100.09003138888889,933,54.0,False,54.0,1.4616965377073567,12021,Coyuca de Benítez,False
12021,0136,Las Pulgas,17.113119722222223,-100.08178972222221,194,14.0,False,14.0,4.289446981486746,12021,Atoyaquillo,False
12021,0139,La Lima,17.007014166666668,-99.96534527777779,152,10.0,False,10.0,3.027146982489821,12021,San Juan del Río,False
12021,0141,Rancho el Santo,16.980793055555555,-100.04369777777778,149,2.0,False,2.0,5.781323212232108,12021,Coyuca de Benítez,False
12021,0143,San José Mogollón,17.054989722222224,-100.11238305555555,415,32.0,False,32.0,2.3514595895377477,12021,San Salvador de las Pozas,False
12021,0144,Aguacatito,17.105888611111112,-100.16146027777778,50,0.0,False,0.0,1.1886666759930298,12021,El Terrero,False
12021,0147,Colonia Brasilia,16.967193888888886,-99.99365611111111,330,21.0,False,21.0,2.488162194726336,12021,Bajos del Ejido,False
12021,0154,La Estación (El Varadero),16.954065,-100.1084975,55,2.0,False,2.0,3.0606635757973333,12021,Los Mogotes,False
12021,0157,Las Chiripas,17.118721666666666,-100.23017416666667,50,4.0,False,4.0,8.19935506078511,12021,El Terrero,False
12021,0159,Colonia Aurelio V. Guinto (El Huamuchito),16.994781111111113,-100.06688583333333,420,14.0,False,14.0,2.8662083852131213,12021,Coyuca de Benítez,False
12021,0161,Cualotes (Los Cuaulotes),17.063026944444445,-100.19393333333333,14,0.0,False,0.0,6.575237836981817,12021,El Papayo,False
12021,0179,Los Parasales,17.11276888888889,-100.25824166666666,3,,True,0.17813731931668858,7.8176058012313705,12011,Zacualpan,True
12021,0180,Parazalito,17.081201666666665,-100.22442083333334,1,,True,0.05937910643889619,5.550071884761102,12021,El Papayo,False
12021,0187,El Porvenir,17.077650277777778,-100.1175161111111,144,12.0,False,12.0,1.9817551855411049,12021,Las Lomitas,False
12021,0190,El Ranchito,17.130666944444446,-100.10515138888888,23,1.0,False,1.0,4.59147946535343,12021,Las Lomitas,False
12021,0195,Vista Hermosa,17.051831944444444,-100.28022333333334,4,,True,0.23751642575558476,3.6072911526967353,12021,El Papayo,False
12021,0199,El Zarzal,17.00899972222222,-100.05721583333333,10,,True,0.5937910643889619,3.0792585543275406,12021,Aguas Blancas,False
12021,0200,Colonia San Martín,16.98728388888889,-100.06830666666666,65,4.0,False,4.0,3.2935140817366824,12021,Coyuca de Benítez,False
12021,0201,Los Callejones,16.967966388888886,-100.12916777777777,207,14.0,False,14.0,1.8897394744462477,12021,El Espinalillo,False
12021,0202,Profesor Encarnación Garay,16.99164138888889,-100.07004166666667,41,3.0,False,3.0,2.8194654775336163,12021,Coyuca de Benítez,False
12021,0203,El Guayabo,17.11956361111111,-100.123955,3,,True,0.17813731931668858,2.8467073481270124,12021,Las Lomitas,False
12021,0205,Kilómetro Diecisiete,16.94709027777778,-99.96814583333334,506,33.0,False,33.0,1.6252618159468286,12021,Bajos del Ejido,False
12021,0207,El Papayito,17.003184722222223,-99.96645000000001,275,18.0,False,18.0,3.453599961000734,12021,San Juan del Río,False
12021,0210,Aserradero de Salinas,16.97885111111111,-100.04635277777777,213,12.0,False,12.0,5.462248675232086,12021,Los Mogotes,False
12021,0211,Aguas Calientes,17.08738861111111,-100.06985499999999,4,,True,0.23751642575558476,3.5322601116730232,12021,Atoyaquillo,False
12021,0216,El Guachipile,17.261477777777777,-100.13068277777776,8,,True,0.47503285151116953,5.270076641577822,12021,Tepetixtla,False
12021,0217,Mata de Plátano,17.080999444444444,-100.14215861111111,2,,True,0.11875821287779238,2.3273694350158842,12021,Las Lomitas,False
12021,0223,Barrio Nuevo,16.988412222222223,-100.12576194444443,331,18.0,False,18.0,0.4189981818711259,12021,El Espinalillo,False
12021,0227,Encinos Prietos,17.089855555555555,-100.02223305555556,218,18.0,False,18.0,2.727536200137553,12021,Atoyaquillo,False
12021,0228,La Gloria (Piedras Azules),16.974533055555554,-100.03051833333333,96,3.0,False,3.0,6.471139419658458,12021,Los Mogotes,False
12021,0233,Arroyo Grande,17.159054444444443,-100.08329416666666,1,,True,0.05937910643889619,5.489073331734644,12021,Yerbasantita,False
12021,0235,Potreros (Cerro de la Batea),17.021084444444444,-100.15582055555556,4,,True,0.23751642575558476,5.06379804798906,12021,El Espinalillo,False
12021,0238,Magueyitos,17.14143361111111,-100.08990999999999,10,,True,0.5937910643889619,6.460042075555369,12021,Las Lomitas,False
12021,0239,Ocotillo de los Juárez,17.24575777777778,-100.08350222222222,17,1.0,False,1.0,4.827279581419315,12021,Tepetixtla,False
12021,0240,El Zapatero (Hacienda de la Sidra),17.107150555555556,-100.13828611111111,5,,True,0.29689553219448095,1.7230167738923894,12021,El Terrero,False
12021,0244,La Carbonera,17.15267638888889,-99.84125638888888,26,2.0,False,2.0,9.574935418732688,12021,Santa Rosa de Lima,False
12021,0245,Cerro de la Mina,17.260294166666668,-100.12242833333333,15,2.0,False,2.0,4.960952452812355,12021,Tepetixtla,False
12021,0252,Macahuite,16.966698055555554,-100.00972833333333,23,0.0,False,0.0,4.1552332492960335,12021,Bajos del Ejido,False
12021,0253,Los Naranjos,17.207546666666666,-100.19017222222223,2,,True,0.11875821287779238,7.868879092232925,12021,Tepetixtla,False
12021,0254,Rancho el Trueno (Palmas Blancas),17.01210111111111,-100.12490361111111,3,,True,0.17813731931668858,2.9885520416957183,12021,San Salvador de las Pozas,False
12021,0255,Santa Cruz de Mitla,16.995530000000002,-100.23642194444444,21,1.0,False,1.0,4.883481884066994,12021,El Papayo,False
12021,0264,Huerta de Óscar Santos,17.008879722222222,-100.09463888888888,11,,True,0.6531701708278581,0.560706427198706,12021,Coyuca de Benítez,False
12021,0269,Las Cabañitas,16.96506527777778,-99.93886555555557,16,1.0,False,1.0,3.446484880565211,12021,Bajos del Ejido,False
12021,0273,La Pochota,16.931274722222224,-99.95344305555555,24,3.0,False,3.0,3.8415905572650275,12021,Bajos del Ejido,False
12021,0279,Las Palmas [Unidad Habitacional],16.990795277777778,-100.06973972222222,125,4.0,False,4.0,2.907659211742232,12021,Coyuca de Benítez,False
12021,0282,El Rascal,17.125369444444445,-100.09070249999999,7,,True,0.4156537450722733,5.045112497674269,12021,Las Lomitas,False
12021,0286,Chicahuales (Chicahual Reseco),17.236942777777777,-100.06231555555556,14,,True,0.8313074901445466,6.21900926703149,12021,Tepetixtla,False
12021,0292,El Mangal,17.081465833333333,-100.01917222222222,1,,True,0.05937910643889619,3.6022178880409337,12021,Atoyaquillo,False
12021,0304,Rancho los Galeanas,17.007023055555557,-100.2075938888889,6,,True,0.35627463863337716,5.623239441561161,12021,El Papayo,False
12021,0305,Rancho San Nicolás de Bari [Granjas],17.028996666666664,-100.08116138888889,6,0.0,False,0.0,2.1717210718476596,12021,Aguas Blancas,False
12021,0308,La Yerbasanta,17.0987525,-100.18069138888889,8,,True,0.47503285151116953,3.3271573495582665,12021,El Terrero,False
12021,0320,Colonia San Rafael,17.02853111111111,-100.10805222222221,34,0.0,False,0.0,0.6267619175983098,12021,San Salvador de las Pozas,False
12021,0322,Colonia San Felipe de Jesús,17.006553055555557,-100.06989138888889,8,,True,0.47503285151116953,2.0887228294198557,12021,Coyuca de Benítez,False
12021,0325,Las Joyas,16.94370111111111,-99.96719888888889,9,1.0,False,1.0,2.0145756788901474,12021,Bajos del Ejido,False
12021,0326,Las Parotas [Granja],16.948591666666665,-99.95553666666667,4,,True,0.23751642575558476,2.1824694448338287,12021,Bajos del Ejido,False
12021,0328,La Ensenada,16.98042972222222,-99.99248222222222,4,,True,0.23751642575558476,3.107236912182713,12021,Bajos del Ejido,False
12022,0001,Coyuca de Catalán,18.331019444444443,-100.69856583333333,7276,365.0,False,365.0,0.0,12022,Coyuca de Catalán,False
12022,0003,Amuco de la Reforma,18.28707888888889,-100.64639833333334,2868,127.0,False,127.0,3.5665859390096624,12050,Tanganhuato,True
12022,0004,El Ancón,18.407380555555555,-100.70420638888889,220,6.0,False,6.0,2.442985419778297,12022,Santo Domingo,False
12022,0005,Anonas,18.34346611111111,-100.87977305555555,425,20.0,False,20.0,5.98420741973972,12022,Paso de Arena,False
12022,0007,Arroyo Grande,18.335346666666666,-100.886885,715,36.0,False,36.0,5.829419142678393,12022,Paso de Arena,False
12022,0008,La Bajada,18.317707777777777,-100.67522222222223,601,25.0,False,25.0,2.874473053358325,12022,Coyuca de Catalán,False
12022,0009,El Bajareque,18.23773638888889,-100.87471416666666,8,0.0,False,0.0,2.7982933073207823,12022,Placeres del Oro,False
12022,0012,Barranca de San José (La Barranca),17.79920027777778,-101.0309063888889,63,3.0,False,3.0,9.948700138524782,12022,El Durazno,False
12022,0013,Los Brasiles,18.272164444444442,-100.71832333333333,100,6.0,False,6.0,6.868730642853388,12022,Coyuca de Catalán,False
12022,0016,La Cañada,18.049681111111113,-101.08140694444444,90,5.0,False,5.0,20.928231335030038,12073,San Rafael,True
12022,0017,Caña (La Caña),18.20994472222222,-100.85226888888889,128,5.0,False,5.0,6.0243457234570945,12022,Placeres del Oro,False
12022,0019,El Carrizal,18.43008,-100.85619166666666,11,,True,0.4938787155677751,10.73805085196797,12022,Santa Teresa,False
12022,0020,Las Casas Viejas (Casas Viejas),18.045901944444445,-101.24758138888889,20,0.0,False,0.0,16.115807418597537,12038,Vallecitos de Zaragoza,True
12022,0021,Ciénega de Abajo,18.45148972222222,-100.8927338888889,91,0.0,False,0.0,9.290133459904162,12073,Zirándaro de los Chávez,True
12022,0022,Ciénega de Arriba,18.430285277777777,-100.89392388888889,21,2.0,False,2.0,10.207101297506272,12073,Zirándaro de los Chávez,True
12022,0025,El Coco,18.288219166666668,-100.71078750000001,626,41.0,False,41.0,4.930954610851229,12022,Coyuca de Catalán,False
12022,0026,Los Colorines (El Colorín),17.883145555555554,-100.8408925,4,,True,0.17959226020646366,15.85550338720511,12022,El Durazno,False
12022,0027,Coyol (El Coyol),18.20507111111111,-100.74091805555555,404,18.0,False,18.0,14.701485042973147,12022,Coyuca de Catalán,False
12022,0028,Las Cruces,18.246895833333333,-100.77433222222223,765,34.0,False,34.0,9.601662713963638,12022,Paso de Arena,False
12022,0030,La Cruz del Río Balsas,18.467784444444444,-100.79013666666667,84,5.0,False,5.0,9.948109733767522,12022,Santo Domingo,False
12022,0032,Cuirindal (El Cuirindal),18.23257111111111,-100.84235638888889,176,6.0,False,6.0,6.242483053437102,12022,Placeres del Oro,False
12022,0033,Chamacua de Michilena,18.246336944444444,-100.69725944444446,111,3.0,False,3.0,9.417274468602104,12022,Coyuca de Catalán,False
12022,0034,El Durazno,17.776293055555556,-100.94007555555557,348,16.0,False,16.0,0.0,12022,El Durazno,False
12022,0035,El Embarcadero (El Barco),18.482239444444442,-100.86596999999999,75,1.0,False,1.0,11.593810831447692,12073,Zirándaro de los Chávez,True
12022,0038,Los Guajes,18.175084444444444,-100.74437694444444,5,,True,0.22449032525807958,14.461926605042214,12003,La Caña Santa Fe,True
12022,0039,Hacienda de Dolores,17.90831222222222,-100.77833972222223,93,3.0,False,3.0,22.551408673624138,12022,El Durazno,False
12022,0041,El Jabalí,18.462151388888888,-100.85824527777777,50,0.0,False,0.0,12.546937321437238,12073,Zirándaro de los Chávez,True
12022,0042,Jaripo,18.33391222222222,-100.74824833333334,405,17.0,False,17.0,5.253918022291911,12022,Coyuca de Catalán,False
12022,0044,El Jilguero,17.772715555555553,-101.092525,4,,True,0.17959226020646366,16.14732582151493,12022,El Durazno,False
12022,0046,Las Juntas del Río Chiquito (Las Juntas),18.30804888888889,-100.63841527777778,619,28.0,False,28.0,3.828093543762176,12050,Tanganhuato,True
12022,0047,Juntas del Río Frío,18.02624638888889,-101.03322527777777,167,13.0,False,13.0,25.367771963846753,12073,San Rafael,True
12022,0048,Santa Ana,18.07860833333333,-101.21363416666667,8,,True,0.3591845204129273,18.026411578720875,12073,San Rafael,True
12022,0049,Los Lampaces,17.881137222222222,-100.86327722222222,21,2.0,False,2.0,14.212693065332973,12022,El Durazno,False
12022,0051,La Maestranza,18.260371666666668,-100.735225,257,9.0,False,9.0,8.757309432287931,12022,Coyuca de Catalán,False
12022,0052,Manchón Parotas,18.12474138888889,-101.03863861111111,158,8.0,False,8.0,16.118622028742724,12073,San Rafael,True
12022,0053,La Mesa de la Cruz,17.797006111111113,-100.93589583333333,29,0.0,False,0.0,2.3453183339019263,12022,El Durazno,False
12022,0054,Mesas del Porvenir (Las Mesas),17.93446861111111,-101.16140333333334,4,,True,0.17959226020646366,17.26123478318616,12038,Vallecitos de Zaragoza,True
12022,0057,Monte Grande,18.243733055555555,-100.79945277777777,259,10.0,False,10.0,7.976338565274613,12022,Paso de Arena,False
12022,0060,El Naranjo,18.356354444444445,-100.88715,734,35.0,False,35.0,7.391603374346371,12022,Santa Teresa,False
12022,0064,El Ídolo,18.081508888888887,-101.26040527777778,73,3.0,False,3.0,19.1256689196592,12038,Vallecitos de Zaragoza,True
12022,0065,La Palma (La Palma de los Ochoa),18.288658333333334,-100.88765972222222,31,1.0,False,1.0,4.631324058995603,12022,Paso de Arena,False
12022,0067,Pancira,18.26847833333333,-100.73675027777777,227,14.0,False,14.0,8.038166452860354,12022,Coyuca de Catalán,False
12022,0068,Pantoja,18.258801388888887,-100.89440944444445,153,9.0,False,9.0,2.446424935424913,12022,Placeres del Oro,False
12022,0070,Parancio,18.298515833333337,-100.89317361111112,261,9.0,False,9.0,5.026481879423941,12022,Paso de Arena,False
12022,0071,Las Parotas,18.278121944444443,-100.72750666666667,159,5.0,False,5.0,6.628094593155147,12022,Coyuca de Catalán,False
12022,0072,Paso de Arena,18.300519444444443,-100.84560833333333,1909,84.0,False,84.0,0.0,12022,Paso de Arena,False
12022,0073,Patambo,18.22387611111111,-100.87390722222221,980,44.0,False,44.0,3.2713934012461245,12022,Placeres del Oro,False
12022,0074,Piedra Parada,18.313575833333335,-100.80035833333334,349,13.0,False,13.0,3.559803866270559,12022,Santa Teresa,False
12022,0076,Las Pilas del Río Frío de los Fresnos,17.867579444444445,-101.09380138888888,11,0.0,False,0.0,19.179494838552124,12022,El Durazno,False
12022,0077,Pineda,18.289707500000002,-100.85444361111111,632,40.0,False,40.0,1.5216569690920332,12022,Paso de Arena,False
12022,0078,Pinzán Morado,18.177543333333336,-100.8919288888889,406,20.0,False,20.0,6.768256187851701,12022,Placeres del Oro,False
12022,0079,Placeres del Oro,18.23776972222222,-100.90121083333334,1489,56.0,False,56.0,0.0,12022,Placeres del Oro,False
12022,0081,Pocitos de Catana,18.25262972222222,-100.85526833333333,166,5.0,False,5.0,5.125395131213544,12022,Placeres del Oro,False
12022,0084,Los Pozos,18.31908222222222,-100.81841666666666,139,4.0,False,4.0,2.338843120345954,12022,Santa Teresa,False
12022,0085,Pueblo Nuevo (El Ciruelo),18.06615222222222,-100.91349083333334,81,6.0,False,6.0,19.127055820086486,12022,Placeres del Oro,False
12022,0086,Pueblo Viejo,17.93099861111111,-101.07381888888888,9,0.0,False,0.0,22.277801036115722,12022,El Durazno,False
12022,0088,La Puerta Grande (La Puerta),18.154963055555555,-100.73247333333333,58,3.0,False,3.0,11.968117153669917,12003,La Caña Santa Fe,True
12022,0089,El Puerto del Oro,18.271365,-100.94456666666667,232,11.0,False,11.0,5.162537153274913,12073,San José del Pilón,True
12022,0090,Pungarabatito,18.269690833333332,-100.6643263888889,388,13.0,False,13.0,5.657432409260693,12050,Tanganhuato,True
12022,0091,La Quesería,18.21786694444444,-100.73347638888889,126,4.0,False,4.0,13.110820608684167,12022,Coyuca de Catalán,False
12022,0092,Quirirícuaro,18.40461694444444,-100.8868813888889,42,0.0,False,0.0,10.119942443969748,12022,Santa Teresa,False
12022,0094,Rincón de Chámacua,18.254222777777777,-100.7025525,357,18.0,False,18.0,8.549766107777216,12022,Coyuca de Catalán,False
12022,0095,Río Florido (Las Ánimas),18.38563138888889,-100.70151638888889,688,33.0,False,33.0,3.190665456862609,12022,Santo Domingo,False
12022,0097,San Antonio de las Texas (Los Puertos),17.723486388888887,-100.87509138888888,118,7.0,False,7.0,9.046512404860975,12022,El Durazno,False
12022,0098,San Isidro,17.84294222222222,-101.11931027777777,91,6.0,False,6.0,20.370829739103826,12022,El Durazno,False
12022,0099,San José (San José la Quesería),18.23308833333333,-100.73261388888889,227,9.0,False,9.0,11.467477726029616,12022,Coyuca de Catalán,False
12022,0100,San Juan Chámacua,18.268072222222223,-100.6815788888889,619,33.0,False,33.0,7.225498412182771,12022,Coyuca de Catalán,False
12022,0101,San Juan de la Cruz,18.267499444444443,-100.67055916666668,633,17.0,False,17.0,6.3574123790538355,12050,Tanganhuato,True
12022,0102,San Nicolás,17.752121944444443,-100.92744861111112,16,0.0,False,0.0,3.001934942441843,12022,El Durazno,False
12022,0104,Santa Lucía,18.34455833333333,-100.74156777777777,51,1.0,False,1.0,4.781936737278593,12022,Coyuca de Catalán,False
12022,0106,Santa Teresa,18.340101388888886,-100.81924083333332,1259,49.0,False,49.0,0.0,12022,Santa Teresa,False
12022,0107,Santo Domingo,18.40169583333333,-100.7265725,794,35.0,False,35.0,0.0,12022,Santo Domingo,False
12022,0109,La Tabla,18.102607222222225,-100.89502305555557,16,,True,0.7183690408258546,15.043595537930612,12022,Placeres del Oro,False
12022,0110,Tarétaro,18.205437222222223,-100.76227416666667,528,20.0,False,20.0,13.75581888412874,12022,Paso de Arena,False
12022,0111,Los Terrones,18.290759166666668,-100.67619444444445,474,13.0,False,13.0,5.0614696940223185,12022,Coyuca de Catalán,False
12022,0113,Las Tinajas,18.35793638888889,-100.70800111111112,699,34.0,False,34.0,3.154347609077155,12022,Coyuca de Catalán,False
12022,0114,Tiradores,18.09342611111111,-100.9073513888889,24,,True,1.0775535612387819,16.063383790542353,12022,Placeres del Oro,False
12022,0115,Tario,18.427945555555556,-100.7582911111111,113,2.0,False,2.0,4.440456474930991,12022,Santo Domingo,False
12022,0116,Vaca Blanca,17.941756944444446,-101.11039749999999,8,,True,0.3591845204129273,22.71037224084377,12038,Vallecitos de Zaragoza,True
12022,0117,El Venado,17.807889444444445,-101.09943249999999,3,,True,0.13469419515484773,17.23409679087444,12022,El Durazno,False
12022,0121,Zihuaquio,18.06171,-101.22603166666667,120,,True,5.38776780619391,18.810176715718192,12038,Vallecitos de Zaragoza,True
12022,0122,Zirandaranguio,18.344006944444445,-100.708415,72,5.0,False,5.0,1.7793946596157273,12022,Coyuca de Catalán,False
12022,0123,El Zopilote,18.03071111111111,-100.98617527777778,14,1.0,False,1.0,24.712529764368213,12022,Placeres del Oro,False
12022,0130,Piedra Imán,18.371190000000002,-100.8829111111111,57,1.0,False,1.0,7.55665522764964,12022,Santa Teresa,False
12022,0133,La Estancia,18.39884888888889,-100.71545055555556,14,1.0,False,1.0,1.2154264607486915,12022,Santo Domingo,False
12022,0134,El Murciélago,18.271562222222222,-100.90685055555556,15,0.0,False,0.0,3.8044571415765076,12022,Placeres del Oro,False
12022,0136,San Francisco,18.26418138888889,-100.90545333333334,65,0.0,False,0.0,2.97081878527122,12022,Placeres del Oro,False
12022,0139,Piedra de Cal,18.345647777777778,-100.72506611111112,2,,True,0.08979613010323183,3.2356296419827273,12022,Coyuca de Catalán,False
12022,0141,Cañas Viejas,18.240698611111114,-100.94135916666667,17,1.0,False,1.0,4.252485239884822,12022,Placeres del Oro,False
12022,0143,Agua Fría,18.245494166666667,-100.74207333333334,142,7.0,False,7.0,10.561225331642387,12022,Coyuca de Catalán,False
12022,0144,Santa Bárbara,18.31684222222222,-100.76189277777777,32,2.0,False,2.0,6.582670424723949,12022,Santa Teresa,False
12022,0150,Manchón de Amuco (Llano de Guadalupe),18.298254444444446,-100.65320222222223,105,3.0,False,3.0,4.56241875079937,12050,Tanganhuato,True
12022,0151,San Pedro,18.30705111111111,-100.69966472222222,128,5.0,False,5.0,2.66768023057636,12022,Coyuca de Catalán,False
12022,0152,Rincón de la Virgen,18.24826138888889,-100.6404863888889,24,2.0,False,2.0,4.903812295058165,12050,Tanganhuato,True
12022,0156,Tierras Blancas,18.15751,-101.2808336111111,3,,True,0.13469419515484773,16.21220166187665,12073,San Rafael,True
12022,0157,Las Calaveras (Calavera),18.192779166666668,-100.97728916666667,3,,True,0.13469419515484773,9.465632729315981,12022,Placeres del Oro,False
12022,0159,Las Trincheras,17.927091111111114,-100.85141472222222,4,,True,0.17959226020646366,19.21520219914518,12022,El Durazno,False
12022,0160,Piedra Redonda,18.056424166666666,-101.14426333333334,17,1.0,False,1.0,19.027253561400844,12073,San Rafael,True
12022,0161,Llano Grande,18.05711638888889,-101.12617444444444,52,5.0,False,5.0,19.067163703027138,12073,San Rafael,True
12022,0166,El Mariscal,18.056079166666667,-101.121195,5,,True,0.22449032525807958,19.246993079460314,12073,San Rafael,True
12022,0171,El Carrizal,17.86732472222222,-100.95464444444444,57,2.0,False,2.0,10.239075452668557,12022,El Durazno,False
12022,0172,El Cuirindalito,18.03962138888889,-101.04947277777778,44,1.0,False,1.0,23.261516463057177,12073,San Rafael,True
12022,0173,El Limón Potrero (El Limón),18.04164027777778,-100.78238999999999,78,8.0,False,8.0,14.240080926332846,12003,La Caña Santa Fe,True
12022,0175,Parotas del Manchón (Las Parotas),18.15126972222222,-101.00985027777777,69,0.0,False,0.0,14.973821291462684,12022,Placeres del Oro,False
12022,0176,La Pila,18.37387027777778,-100.75823916666667,3,,True,0.13469419515484773,4.5539125216999405,12022,Santo Domingo,False
12022,0177,El Zapote,17.911855,-100.80815861111111,31,1.0,False,1.0,20.54703292357467,12022,El Durazno,False
12022,0179,La Vinatita,18.107268055555558,-101.2773938888889,11,,True,0.4938787155677751,19.258593863918847,12073,San Rafael,True
12022,0180,Quihuizícaro (Quihuishícaro),18.163420555555554,-100.99775527777778,56,3.0,False,3.0,13.128205022505048,12022,Placeres del Oro,False
12022,0181,Las Juntas,18.196108055555555,-100.88619361111112,10,,True,0.44898065051615915,4.896583154970277,12022,Placeres del Oro,False
12022,0182,El Metate,18.112317222222224,-100.89154083333334,10,,True,0.44898065051615915,13.987040356987539,12022,Placeres del Oro,False
12022,0183,El Terrero Blanco (Terrero),18.104872222222223,-100.94746916666666,32,3.0,False,3.0,15.564694516345767,12022,Placeres del Oro,False
12022,0185,El Ratón,18.086169166666664,-100.93661611111112,20,1.0,False,1.0,17.267275549474217,12022,Placeres del Oro,False
12022,0186,Los Pantanos,18.138471388888888,-100.91518861111112,7,0.0,False,0.0,11.1397680825754,12022,Placeres del Oro,False
12022,0189,El Quebrantadero,18.20092111111111,-100.86336833333333,14,0.0,False,0.0,5.723986536650439,12022,Placeres del Oro,False
12022,0191,Ajuno,18.1719125,-100.89175166666668,19,3.0,False,3.0,7.390838626152028,12022,Placeres del Oro,False
12022,0194,Zetina,18.119282777777777,-100.93176138888889,71,1.0,False,1.0,13.564709918021801,12022,Placeres del Oro,False
12022,0195,El Potrero,18.056105555555558,-100.77834888888889,42,5.0,False,5.0,13.44786256778895,12003,La Caña Santa Fe,True
12022,0196,El Cuajilote Grande,18.00221416666667,-100.74553416666667,15,0.0,False,0.0,12.89637268831569,12003,La Caña Santa Fe,True
12022,0198,Los Fogones,18.045825555555556,-101.05619,19,0.0,False,0.0,22.332309693840553,12073,San Rafael,True
12022,0199,El Raicero,18.053720555555557,-100.74387638888889,29,2.0,False,2.0,9.955197477987138,12003,La Caña Santa Fe,True
12022,0200,El Pato,18.038481944444445,-101.00745583333334,5,,True,0.22449032525807958,24.841466319469543,12022,Placeres del Oro,False
12022,0203,La Parotita,18.16243861111111,-100.95609305555556,2,,True,0.08979613010323183,10.186933239710887,12022,Placeres del Oro,False
12022,0206,El Mono,18.057641111111113,-101.1023361111111,175,8.0,False,8.0,19.451584769197222,12073,San Rafael,True
12022,0210,La Bolsa,18.155968888888886,-100.73386055555555,20,1.0,False,1.0,12.15060904890603,12003,La Caña Santa Fe,True
12022,0211,El Aguacatal,17.931676944444444,-101.18571777777778,4,,True,0.17959226020646366,14.671658319921795,12038,Vallecitos de Zaragoza,True
12022,0214,La Tigra,17.9191,-101.16808611111112,3,,True,0.13469419515484773,16.48513616981747,12038,Vallecitos de Zaragoza,True
12022,0215,Nueva Italia,18.116186944444447,-101.02462444444444,5,,True,0.22449032525807958,17.841330537846872,12073,San Rafael,True
12022,0219,Guajes de Ayala,17.873629722222223,-100.81143277777778,48,3.0,False,3.0,17.395056455117707,12022,El Durazno,False
12022,0220,Río Frío de los Fresnos,17.843135,-101.08322166666666,61,4.0,False,4.0,16.878851418844675,12022,El Durazno,False
12022,0221,El Pescado,17.88494111111111,-100.81763416666666,173,5.0,False,5.0,17.718287582010962,12022,El Durazno,False
12022,0222,Ceiba Amarilla,17.90033833333333,-100.80271888888889,6,,True,0.26938839030969547,20.040899348961123,12022,El Durazno,False
12022,0224,El Cristal,17.814830555555556,-100.99202472222223,10,,True,0.44898065051615915,6.972358498777355,12022,El Durazno,False
12022,0225,Los Ciruelos,17.929850555555557,-100.75884083333334,66,5.0,False,5.0,19.90623392431792,12003,La Caña Santa Fe,True
12022,0227,Barranca del Buey (El Buey),17.9761375,-100.85809805555554,15,1.0,False,1.0,23.855103581461996,12022,El Durazno,False
12022,0228,Las Mesas de Pineda,18.043989722222225,-100.96024694444445,409,15.0,False,15.0,22.432203283700762,12022,Placeres del Oro,False
12022,0229,Las Truchas,17.954604444444445,-100.80135916666666,3,,True,0.13469419515484773,20.825759190363765,12003,La Caña Santa Fe,True
12022,0230,Las Pachecas,17.93558611111111,-100.75358333333334,24,0.0,False,0.0,19.066562847718316,12003,La Caña Santa Fe,True
12022,0231,El Tule,17.92130138888889,-100.80601361111111,9,,True,0.40408258546454323,21.47863362506309,12022,El Durazno,False
12022,0233,El Saibal,17.89130361111111,-100.79448666666667,74,7.0,False,7.0,20.02604537084267,12022,El Durazno,False
12022,0234,Los Órganos,17.89714638888889,-100.79070527777777,102,11.0,False,11.0,20.750196849731825,12022,El Durazno,False
12022,0235,La Barranca del Otate,17.86358138888889,-100.84159749999999,10,1.0,False,1.0,14.24378153338948,12022,El Durazno,False
12022,0239,Los Laureles,17.878559722222224,-101.04509888888889,1,,True,0.044898065051615914,15.903033084480803,12022,El Durazno,False
12022,0244,El Chato,17.924355833333333,-100.87375499999999,14,,True,0.6285729107226228,17.8977957593072,12022,El Durazno,False
12022,0245,El Tejón,17.916961111111114,-100.7640225,34,2.0,False,2.0,21.403224687550566,12003,La Caña Santa Fe,True
12022,0246,La Escondida,17.872566111111112,-100.92923722222223,22,1.0,False,1.0,10.766381812116066,12022,El Durazno,False
12022,0250,Ocote Solo (Los Ocotes),17.909205,-100.89361166666667,25,7.0,False,7.0,15.575940839063337,12022,El Durazno,False
12022,0252,Pinzán Dulce,17.98624638888889,-100.80671527777777,37,3.0,False,3.0,19.17058384228911,12003,La Caña Santa Fe,True
12022,0262,Gachupines,17.895836666666668,-100.78256777777777,40,3.0,False,3.0,21.322740144026955,12022,El Durazno,False
12022,0267,San Fernando (El Timbre),18.244141111111112,-100.88959944444446,178,6.0,False,6.0,1.416193747598886,12022,Placeres del Oro,False
12022,0268,Frijolar,18.091224999999998,-101.27710638888888,44,,True,1.9755148622711003,19.622857579757625,12038,Vallecitos de Zaragoza,True
12022,0270,Ceiba Prieta,18.054807222222223,-101.1620913888889,5,,True,0.22449032525807958,19.279021814506596,12073,San Rafael,True
12022,0275,Fresnitos (Los Fresnillos),18.06245277777778,-101.30875444444445,13,,True,0.5836748456710069,15.870515684073508,12038,Vallecitos de Zaragoza,True
12022,0277,Bajareque,18.157564444444443,-100.74114444444444,13,,True,0.5836748456710069,12.823825142700342,12003,La Caña Santa Fe,True
12022,0282,Archimoro,18.13281361111111,-100.89596277777778,38,0.0,False,0.0,11.683748232485236,12022,Placeres del Oro,False
12022,0283,Dos Arroyos (Los Arroyos),18.166328055555553,-100.74366194444444,32,2.0,False,2.0,13.698172934648019,12003,La Caña Santa Fe,True
12022,0285,Las Abujitas (La Abujita),18.17621888888889,-101.00168194444444,10,,True,0.44898065051615915,12.628078478295764,12022,Placeres del Oro,False
12022,0287,El Aguacate,17.706396944444442,-100.85887805555555,7,,True,0.3142864553613114,11.591134390881441,12022,El Durazno,False
12022,0289,Arroyo Verde,17.90392083333333,-101.02906277777778,7,,True,0.3142864553613114,17.032921302507447,12022,El Durazno,False
12022,0293,El Balcón,17.971724166666665,-101.19327583333333,36,4.0,False,4.0,14.947215994984733,12038,Vallecitos de Zaragoza,True
12022,0304,Rancho Catana,18.248204166666667,-100.85048583333332,7,0.0,False,0.0,5.481075151554557,12022,Placeres del Oro,False
12022,0311,La Ciudad,17.829786666666667,-101.10539,7,0.0,False,0.0,18.485035980814075,12022,El Durazno,False
12022,0312,La Cañita,18.166140833333333,-100.88669361111111,32,2.0,False,2.0,8.111045973376362,12022,Placeres del Oro,False
12022,0314,Cruz Agua Fría (La Cruz),18.25129527777778,-100.73950111111111,68,3.0,False,3.0,9.862297018505302,12022,Coyuca de Catalán,False
12022,0316,El Cuajilote,18.164408055555555,-100.85325527777778,8,,True,0.3591845204129273,9.602309215809738,12022,Placeres del Oro,False
12022,0318,Cuchilla de los Nanches,18.280418055555554,-100.9598338888889,2,,True,0.08979613010323183,3.2656343088384356,12073,San José del Pilón,True
12022,0320,Las Cuevas (Barranca de las Flores),18.098483055555555,-101.28397722222222,3,,True,0.13469419515484773,20.240939721771436,12038,Vallecitos de Zaragoza,True
12022,0321,Las Cuevitas,18.05640916666667,-101.11087111111111,8,,True,0.3591845204129273,19.390928594352552,12073,San Rafael,True
12022,0324,Cundán Grande,17.9915075,-101.18679777777778,46,3.0,False,3.0,16.51436080483287,12038,Vallecitos de Zaragoza,True
12022,0325,El Cundancito,18.02119722222222,-101.13564555555556,213,5.0,False,5.0,22.845859419868773,12038,Vallecitos de Zaragoza,True
12022,0326,El Desperdicio,18.062456666666666,-101.16503611111112,5,,True,0.22449032525807958,18.462725974201785,12073,San Rafael,True
12022,0329,Rancho el Fresno,17.762094722222223,-100.87481555555554,4,,True,0.17959226020646366,7.0884499286973695,12022,El Durazno,False
12022,0336,La Higuerita,17.91618833333333,-101.17509194444445,22,2.0,False,2.0,15.750499560525757,12038,Vallecitos de Zaragoza,True
12022,0337,Las Hoyas,17.977641666666663,-101.14495666666667,13,,True,0.5836748456710069,19.968028298568598,12038,Vallecitos de Zaragoza,True
12022,0340,Rancho los Jiotes,18.099195833333333,-100.92806916666667,9,,True,0.40408258546454323,15.667817253790634,12022,Placeres del Oro,False
12022,0344,Las Juntas de Zihuaquio,18.06824472222222,-101.22283194444445,4,,True,0.17959226020646366,19.47404283257392,12073,San Rafael,True
12022,0349,El Lindero,18.07860361111111,-101.25427083333334,63,2.0,False,2.0,19.064564461707015,12038,Vallecitos de Zaragoza,True
12022,0366,El Nanche,18.032139722222222,-101.01691777777778,9,,True,0.40408258546454323,25.665896158717896,12073,San Rafael,True
12022,0369,La Palma,18.0755725,-101.23697083333333,29,,True,1.3020438864968615,19.428195930794093,12073,San Rafael,True
12022,0370,Palo Nuevo,18.037103333333334,-101.08131055555555,55,1.0,False,1.0,22.25772954377384,12073,San Rafael,True
12022,0374,La Piedra,17.823115,-100.90577916666668,28,1.0,False,1.0,6.347487986913448,12022,El Durazno,False
12022,0377,El Polvorín,18.114974722222225,-100.9459313888889,15,0.0,False,0.0,14.448465760727313,12022,Placeres del Oro,False
12022,0385,El Rincón de los Álamos,18.166571666666666,-100.93660750000001,3,,True,0.13469419515484773,8.755378752527475,12022,Placeres del Oro,False
12022,0391,Salsipuedes,17.927710833333336,-101.16891972222223,4,,True,0.17959226020646366,16.41569865054795,12038,Vallecitos de Zaragoza,True
12022,0395,Santa Gertrudis,18.04816138888889,-100.90513722222222,60,5.0,False,5.0,21.087566472515476,12022,Placeres del Oro,False
12022,0410,Las Vaquitas,18.12730722222222,-101.19495333333333,9,,True,0.40408258546454323,12.27612550185421,12073,San Rafael,True
12022,0411,El Ventarrón,18.33449472222222,-100.87255027777778,33,4.0,False,4.0,4.7287154502797115,12022,Paso de Arena,False
12022,0414,El Perro,17.79303,-100.85604972222221,7,,True,0.3142864553613114,9.089312668718296,12022,El Durazno,False
12022,0417,El Zapote (El Pachol),18.08600722222222,-101.27277694444444,22,,True,0.9877574311355501,19.18592428990709,12038,Vallecitos de Zaragoza,True
12022,0418,El Zapote,18.001457777777777,-101.04198972222223,40,1.0,False,1.0,27.26104589014267,12022,El Durazno,False
12022,0420,Arroyo el Viejo,18.05336861111111,-100.98144111111111,73,5.0,False,5.0,22.1878729188573,12022,Placeres del Oro,False
12022,0421,El Cacao,18.046205555555556,-100.99025805555556,30,0.0,False,0.0,23.286630513392403,12022,Placeres del Oro,False
12022,0424,Las Trincheras,18.0991875,-101.27961944444445,35,1.0,False,1.0,20.0577550718552,12073,San Rafael,True
12022,0425,La Piedra Colorada,17.93329138888889,-100.75478861111111,49,4.0,False,4.0,19.34956585520673,12003,La Caña Santa Fe,True
12022,0428,Los Diamantes,17.909982499999998,-100.94767416666667,25,0.0,False,0.0,14.887329506818029,12022,El Durazno,False
12022,0431,Limoncito (Kilómetro Sesenta y Cinco),18.07445111111111,-100.94487916666667,3,,True,0.13469419515484773,18.73716346491568,12022,Placeres del Oro,False
12022,0434,La Parotita,18.0559725,-101.08208666666667,41,1.0,False,1.0,20.2442745761825,12073,San Rafael,True
12022,0437,El Crucero de Placeres del Oro,18.21409388888889,-100.89432416666668,2,,True,0.08979613010323183,2.7312605571222983,12022,Placeres del Oro,False
12022,0438,Tierritas Coloradas (Tierra Colorada),18.035492222222224,-101.036255,31,2.0,False,2.0,24.310680774245434,12073,San Rafael,True
12022,0439,El Trueno,18.08436722222222,-101.2674763888889,10,,True,0.44898065051615915,19.177942554116886,12038,Vallecitos de Zaragoza,True
12022,0442,Las Ceibitas,18.1732725,-100.73088444444444,15,,True,0.6734709757742388,13.394484352479433,12003,La Caña Santa Fe,True
12022,0449,La Calavera,17.836326944444444,-101.07614055555555,9,1.0,False,1.0,15.876542875568568,12022,El Durazno,False
12022,0453,La Mesa,17.829676666666668,-101.1352713888889,2,,True,0.08979613010323183,21.501056193308056,12022,El Durazno,False
12022,0455,Ojo de Agua,17.821304444444444,-101.13269861111111,13,1.0,False,1.0,20.998711629897002,12022,El Durazno,False
12022,0457,Los Pantanos,17.864358333333335,-101.13307111111111,12,0.0,False,0.0,21.13364179471835,12038,Vallecitos de Zaragoza,True
12022,0459,Puerto del Cerezo,17.818124722222223,-101.14399,4,,True,0.17959226020646366,22.084562109005788,12022,El Durazno,False
12022,0460,San Francisco,17.824400833333332,-101.11934888888888,7,,True,0.3142864553613114,19.71940935943972,12022,El Durazno,False
12022,0462,El Aguacate,18.023276944444444,-101.1078325,47,1.0,False,1.0,23.071360392018963,12073,San Rafael,True
12022,0463,Aforación (Paso de la Puerta),18.150875,-100.88854055555556,11,2.0,False,2.0,9.754512632112931,12022,Placeres del Oro,False
12022,0464,El Capire,18.02220861111111,-101.12937888888888,23,0.0,False,0.0,22.899981027487772,12073,San Rafael,True
12022,0467,El Tepehuaje,18.035154444444448,-101.09429277777777,42,3.0,False,3.0,22.083788048204976,12073,San Rafael,True
12022,0468,El Aguacate,17.87334638888889,-100.88059805555555,18,0.0,False,0.0,12.494195673834355,12022,El Durazno,False
12022,0473,Los Bayados,17.721663611111108,-100.80682888888889,186,15.0,False,15.0,14.315856513969235,12057,Bajos del Balzamar,True
12022,0476,La Caña,18.01080138888889,-100.820075,6,,True,0.26938839030969547,19.15760548659451,12003,La Caña Santa Fe,True
12022,0479,Ceiba Mocha,18.0283625,-101.10293166666666,38,2.0,False,2.0,22.613939330105776,12073,San Rafael,True
12022,0481,Las Conchas,17.83765861111111,-101.11747555555554,15,1.0,False,1.0,19.98211019971721,12022,El Durazno,False
12022,0484,El Faisán,17.889105,-101.1018286111111,4,0.0,False,0.0,21.22537695255588,12022,El Durazno,False
12022,0490,La Mesa del Zarzal,17.835499166666665,-100.93170083333334,11,0.0,False,0.0,6.642853391253787,12022,El Durazno,False
12022,0494,El Otate,17.850424444444446,-100.87658416666666,8,,True,0.3591845204129273,10.636049750548063,12022,El Durazno,False
12022,0495,La Palma,17.8739725,-100.85955555555554,13,0.0,False,0.0,13.80663479531229,12022,El Durazno,False
12022,0501,Pinabete,17.83706638888889,-101.04130111111111,7,,True,0.3142864553613114,12.669280868432724,12022,El Durazno,False
12022,0507,Río del Oro,18.21587472222222,-100.88936444444445,35,3.0,False,3.0,2.7372899142668685,12022,Placeres del Oro,False
12022,0510,Puerto de Hilaria,18.117163333333334,-100.99100222222222,14,4.0,False,4.0,16.426674975478825,12022,Placeres del Oro,False
12022,0512,Rancho Quintero,18.001690555555555,-101.14616361111112,3,,True,0.13469419515484773,20.857066344633676,12038,Vallecitos de Zaragoza,True
12022,0513,El Río,17.86223027777778,-100.90932083333334,11,,True,0.4938787155677751,10.095179183280113,12022,El Durazno,False
12022,0514,El Recreo,17.935595,-101.13803555555556,7,,True,0.3142864553613114,19.734848855691958,12038,Vallecitos de Zaragoza,True
12022,0516,Las Tecomacas,18.025085555555556,-101.11359055555555,36,3.0,False,3.0,22.773369153666604,12073,San Rafael,True
12022,0517,Los Tecomates,18.331777777777777,-100.83762888888889,17,1.0,False,1.0,2.150237315454649,12022,Santa Teresa,False
12022,0521,Rancho los Catorce,18.322489166666667,-100.83264388888888,6,,True,0.26938839030969547,2.4159323556812966,12022,Santa Teresa,False
12022,0522,Barranca de los Lirios,17.80052416666667,-100.97508916666666,2,,True,0.08979613010323183,4.5829028921991934,12022,El Durazno,False
12022,0524,Los Mangos,18.135720833333334,-101.00208222222223,24,1.0,False,1.0,15.566415772158612,12022,Placeres del Oro,False
12022,0532,El Parado,18.095000555555554,-100.9386975,5,,True,0.22449032525807958,16.36179092098794,12022,Placeres del Oro,False
12022,0533,El Rancho de los Coyotes,18.266668888888887,-100.87466138888888,15,,True,0.6734709757742388,4.264569091233382,12022,Placeres del Oro,False
12022,0536,El Ojo de Agua,18.025790277777777,-100.92371944444444,28,,True,1.2571458214452456,23.69074523188624,12022,Placeres del Oro,False
12022,0542,El Pitero,18.05505388888889,-101.28980666666666,10,,True,0.44898065051615915,15.39486439245898,12038,Vallecitos de Zaragoza,True
12022,0545,El Bálsamo,18.076295833333333,-100.90980555555556,15,1.0,False,1.0,17.97802677434959,12022,Placeres del Oro,False
12022,0551,Las Guacamayas,17.89254111111111,-100.78879833333333,25,1.0,False,1.0,20.579117963375086,12022,El Durazno,False
12022,0553,La Cañada de Jaripo,18.339315,-100.71790027777779,1,,True,0.044898065051615914,2.2395348630966367,12022,Coyuca de Catalán,False
12022,0555,Loma Bonita (La Y de Loma Bonita),18.319801388888887,-100.78468638888889,4,,True,0.17959226020646366,4.28931210258531,12022,Santa Teresa,False
12022,0562,Las Trojas,18.113121944444448,-101.22583138888889,5,,True,0.22449032525807958,15.250762058798099,12073,San Rafael,True
12022,0563,Los Izotes,18.045379444444446,-101.21958666666667,4,,True,0.17959226020646366,17.738687501797074,12038,Vallecitos de Zaragoza,True
12022,0567,Los Hinojos,18.08624222222222,-101.24712611111111,20,2.0,False,2.0,18.986613029408677,12073,San Rafael,True
12022,0568,Mesa de la Higuera,18.0920475,-101.250605,11,0.0,False,0.0,18.67068023177105,12073,San Rafael,True
12022,0569,El Terrero,18.078693055555554,-101.27722944444444,9,,True,0.40408258546454323,18.27429633001285,12038,Vallecitos de Zaragoza,True
12022,0570,El Molinito,18.14263111111111,-101.27570861111111,6,,True,0.26938839030969547,16.620689276595975,12073,San Rafael,True
12022,0573,Aguacatito,18.148709444444442,-101.26654555555555,15,,True,0.6734709757742388,15.439921095439473,12073,San Rafael,True
12022,0574,Yesqueros,18.164099444444442,-101.25768805555556,3,,True,0.13469419515484773,13.72581838995301,12073,San Rafael,True
12022,0575,Rancho Quemado,18.170510555555555,-101.24844083333333,2,,True,0.08979613010323183,12.521810351754938,12073,San Rafael,True
12022,0579,Los Anonitos,18.069287777777777,-100.93936194444444,15,2.0,False,2.0,19.163109948253616,12022,Placeres del Oro,False
12022,0580,El Pinzancito,18.066469722222223,-100.93524944444445,12,,True,0.5387767806193909,19.384265008182144,12022,Placeres del Oro,False
12022,0582,El Algodón,18.140204444444443,-100.73454305555556,22,2.0,False,2.0,11.026191427001606,12003,La Caña Santa Fe,True
12022,0587,Rancho la Ventana,18.070082499999998,-100.9849038888889,5,,True,0.22449032525807958,20.636637479466085,12022,Placeres del Oro,False
12022,0590,La Hierba Buena,17.87781916666667,-100.82375444444445,17,0.0,False,0.0,16.70516290895197,12022,El Durazno,False
12022,0592,El Puerto del Huizachal,17.927522222222223,-100.80171555555555,2,,True,0.08979613010323183,22.29858267229937,12022,El Durazno,False
12022,0594,Tierras Blancas,17.860963333333334,-100.88105388888889,1,,True,0.044898065051615914,11.29951421033972,12022,El Durazno,False
12022,0600,El Crucero,17.697631944444446,-100.85490916666666,34,3.0,False,3.0,12.564387877265752,12022,El Durazno,False
12022,0601,El Fresnito,17.69955388888889,-100.85865638888889,9,,True,0.40408258546454323,12.13129447097881,12022,El Durazno,False
12022,0602,Santa Clara (Santa Clara del Cobre),17.707563333333333,-100.80734916666667,30,5.0,False,5.0,12.756175893323816,12057,Bajos del Balzamar,True
12022,0603,El Tabaquillo,17.714054166666667,-100.87256972222221,11,0.0,False,0.0,9.950174022829685,12022,El Durazno,False
12022,0615,La Mata de Bejuco,18.105531111111112,-100.96629250000001,2,,True,0.08979613010323183,16.232446976868946,12022,Placeres del Oro,False
12022,0616,Mesas del Tigre,17.896297222222223,-100.84886999999999,1,,True,0.044898065051615914,16.47000062081441,12022,El Durazno,False
12022,0619,Las Saibitas,18.115002222222223,-100.94291333333334,13,,True,0.5836748456710069,14.344459037520114,12022,Placeres del Oro,False
12022,0624,Los Alacranes,17.967506388888886,-100.91514472222222,2,,True,0.08979613010323183,21.42502810565093,12022,El Durazno,False
12022,0625,Arroyo Verde,18.072108888888888,-101.35285833333333,3,,True,0.13469419515484773,17.13923126647132,12038,Vallecitos de Zaragoza,True
12022,0626,Los Bálsamos,18.097038055555554,-101.33534777777777,8,,True,0.3591845204129273,19.672592762052112,12038,Vallecitos de Zaragoza,True
12022,0629,El Campamento (El Sobaco),18.08595833333333,-100.92706361111111,21,0.0,False,0.0,17.100220174632064,12022,Placeres del Oro,False
12022,0630,El Carrizito,18.06327472222222,-101.30131222222222,1,,True,0.044898065051615914,16.059498270542004,12038,Vallecitos de Zaragoza,True
12022,0634,La Barrera [Estación de Microondas],18.321825,-100.76543694444445,1,,True,0.044898065051615914,6.031792992983222,12022,Santa Teresa,False
12022,0636,Las Fraguas de Zihuaquio,18.073335,-101.22924388888889,7,,True,0.3142864553613114,19.259659664184152,12073,San Rafael,True
12022,0637,Los Huijules,18.241150277777777,-100.6972525,2,,True,0.08979613010323183,9.99395737207822,12022,Coyuca de Catalán,False
12022,0643,La Mesa Blanca,18.166038888888888,-101.2492225,8,,True,0.3591845204129273,12.850724704330627,12073,San Rafael,True
12022,0646,La Piedra de la Iglesia,17.957710833333334,-101.1639213888889,6,,True,0.26938839030969547,17.4229299730313,12038,Vallecitos de Zaragoza,True
12022,0649,El Puerto de las Ollas,17.772715277777777,-101.09780277777777,9,0.0,False,0.0,16.70601102500166,12022,El Durazno,False
12022,0653,Rancho Celso Díaz Molina,18.34208,-100.71565,3,,True,0.13469419515484773,2.182702385119365,12022,Coyuca de Catalán,False
12022,0655,La Silleta,17.799074166666667,-100.96434500000001,1,,True,0.044898065051615914,3.6082989266596193,12022,El Durazno,False
12022,0657,La Vinatita,17.951830277777777,-101.09762444444443,6,,True,0.26938839030969547,24.190047939799165,12038,Vallecitos de Zaragoza,True
12022,0660,La Barranca del Cristal,17.88610027777778,-100.82968749999999,2,,True,0.08979613010323183,16.900365576980416,12022,El Durazno,False
12022,0664,El Vizcaíno,18.254932222222223,-100.9025525,9,,True,0.40408258546454323,1.9136353160639845,12022,Placeres del Oro,False
12022,0667,Rancho Cantarranas,18.285201111111114,-100.67714805555556,6,,True,0.26938839030969547,5.573934736611677,12022,Coyuca de Catalán,False
12022,0678,La Ciénega,17.886990555555556,-101.04911583333333,7,,True,0.3142864553613114,16.874097789041752,12022,El Durazno,False
12022,0681,La Esperanza,18.042046944444447,-100.91659416666667,23,0.0,False,0.0,21.824001901689336,12022,Placeres del Oro,False
12022,0690,La Lajita,17.77300222222222,-100.86864361111111,13,,True,0.5836748456710069,7.572559745913656,12022,El Durazno,False
12022,0694,Mesa de Yesqueros,18.02365888888889,-101.09361166666666,38,4.0,False,4.0,23.341191981282474,12073,San Rafael,True
12022,0698,Puerto de la Trampa,17.89738361111111,-101.03042694444444,38,1.0,False,1.0,16.515486449757756,12022,El Durazno,False
12022,0700,El Puerto de los Nopales,18.24767166666667,-100.91255555555556,5,,True,0.22449032525807958,1.6271692490824168,12022,Placeres del Oro,False
12022,0701,Rancho el Triunfo,18.309070833333333,-100.69122305555555,20,1.0,False,1.0,2.5606986397232516,12022,Coyuca de Catalán,False
12022,0707,El Zarzal,18.004923333333334,-101.36613722222222,9,,True,0.40408258546454323,10.401302498862941,12038,Vallecitos de Zaragoza,True
12022,0712,La Zarza,18.092145277777778,-101.3416975,3,,True,0.13469419515484773,19.183831621907384,12038,Vallecitos de Zaragoza,True
12022,0718,Los Magueycitos,18.057468333333333,-101.14028055555556,3,,True,0.13469419515484773,18.920433378736995,12073,San Rafael,True
12022,0719,La Zapotera,17.978612499999997,-101.03353583333333,54,5.0,False,5.0,24.575039192470182,12022,El Durazno,False
12022,0720,Cerrito Miramar,17.72161361111111,-100.86947388888888,22,0.0,False,0.0,9.636957013055904,12022,El Durazno,False
12022,0724,Puerto Alegre,18.031799444444445,-101.02962388888889,4,,True,0.17959226020646366,25.00987437026548,12073,San Rafael,True
12022,0726,La Florida,17.877638611111113,-101.0205625,3,,True,0.13469419515484773,14.12740679149663,12022,El Durazno,False
12022,0727,Los Pozos,17.805525,-101.03853833333334,9,0.0,False,0.0,10.91996090359715,12022,El Durazno,False
12022,0733,Las Casitas,17.80956638888889,-101.0220625,1,,True,0.044898065051615914,9.43605483893504,12022,El Durazno,False
12022,0734,Santa María,17.923637777777778,-100.7591825,12,,True,0.5387767806193909,20.501633284647237,12003,La Caña Santa Fe,True
12022,0735,La Sierrita,17.885919166666667,-100.79377194444444,27,1.0,False,1.0,19.708681049131012,12022,El Durazno,False
12022,0737,Rancho el Tepamo,18.157787222222222,-101.23525694444444,1,,True,0.044898065051615914,12.190479602876437,12073,San Rafael,True
12022,0739,Colonia Vicente Guerrero,18.327432777777776,-100.71148944444445,5,,True,0.22449032525807958,1.421236404633887,12022,Coyuca de Catalán,False
12022,0743,La Ciénega,18.007179444444443,-100.89834361111112,3,,True,0.13469419515484773,25.642259331220302,12022,Placeres del Oro,False
12022,0744,Los Horcones,18.027525833333332,-100.89571388888889,7,,True,0.3142864553613114,23.38526925086495,12022,Placeres del Oro,False
12022,0747,Los Álamos,17.714738333333333,-100.88039555555555,31,0.0,False,0.0,9.316393156688981,12022,El Durazno,False
12022,0748,San Felipe,17.809343333333334,-100.85573916666667,6,,True,0.26938839030969547,9.655916498791186,12022,El Durazno,False
12023,0001,Cuajinicuilapa,16.471985555555555,-98.41674472222223,11245,665.0,False,665.0,0.0,12023,Cuajinicuilapa,False
12023,0002,Altos de Baraña,16.481401666666667,-98.5921461111111,59,7.0,False,7.0,1.7136284543803821,12023,Maldonado,False
12023,0003,Barajillas (Barajilla),16.508896666666665,-98.46358194444444,818,46.0,False,46.0,6.440381625757728,12023,El Terrero,False
12023,0004,La Bocana,16.504195833333334,-98.49695027777778,44,2.0,False,2.0,8.896468476970892,12023,El Terrero,False
12023,0005,Buenos Aires,16.483990555555557,-98.64545916666667,274,13.0,False,13.0,3.9858575231438294,12023,Maldonado,False
12023,0006,El Cacalote,16.463820277777778,-98.55023638888889,164,12.0,False,12.0,6.265252344351785,12023,San Nicolás,False
12023,0008,Cerro de las Tablas,16.575976944444445,-98.49180277777778,260,23.0,False,23.0,3.694047443278209,12046,Vista Hermosa,True
12023,0009,Cerro del Indio (El Indio),16.531646388888888,-98.4887575,646,27.0,False,27.0,6.270525785102737,12023,El Terrero,False
12023,0011,Comaltepec (Comal),16.57961277777778,-98.47078194444444,645,30.0,False,30.0,3.689945742078986,12046,Vista Hermosa,True
12023,0012,El Cuiji (El Cuije),16.576510833333334,-98.46297111111112,225,17.0,False,17.0,3.0253339790491567,12023,El Terrero,False
12023,0015,Colonia Agrícola Ganadera Tierra Colorada (Colonia Guadalupe),16.452555555555556,-98.66256694444445,4,0.0,False,0.0,6.746566696003978,12023,Maldonado,False
12023,0017,Jícaro Abajo,16.406177777777778,-98.57265388888888,152,10.0,False,10.0,5.989841092230266,12023,San Nicolás,False
12023,0018,Maldonado,16.483397500000002,-98.60808222222222,877,40.0,False,40.0,0.0,12023,Maldonado,False
12023,0019,Colonia Miguel Alemán Valdez,16.534855833333335,-98.52663722222222,759,45.0,False,45.0,9.248632042045779,12046,Vista Hermosa,True
12023,0020,Montecillos,16.39084777777778,-98.49732611111111,1058,67.0,False,67.0,0.0,12023,Montecillos,False
12023,0022,Punta Maldonado (El Faro),16.325696666666666,-98.56857,848,60.0,False,60.0,0.0,12023,Punta Maldonado (El Faro),False
12023,0023,El Quizá,16.52235083333333,-98.40533805555556,621,35.0,False,35.0,5.6747747413789265,12023,El Terrero,False
12023,0024,Rancho Blanco (Rancho los Límites),16.444630555555555,-98.34994083333333,1,,True,0.058098922146693203,7.746093422420042,12023,Cuajinicuilapa,False
12023,0025,Colonia San José,16.448820833333333,-98.61497388888888,86,3.0,False,3.0,3.914353698339442,12023,Maldonado,False
12023,0026,San Nicolás,16.416949722222224,-98.51763222222222,3249,193.0,False,193.0,0.0,12023,San Nicolás,False
12023,0027,Rancho de Santiago (Rancho Santiago),16.5127675,-98.39000250000001,77,5.0,False,5.0,5.356639603069336,12023,Cuajinicuilapa,False
12023,0028,El Tamale,16.40198333333333,-98.59822472222221,333,19.0,False,19.0,8.756055251848359,12023,San Nicolás,False
12023,0029,Tejas Crudas,16.370306111111113,-98.53997888888888,163,4.0,False,4.0,5.091377637258344,12023,Montecillos,False
12023,0030,El Terrero,16.561835000000002,-98.43906861111111,684,35.0,False,35.0,0.0,12023,El Terrero,False
12023,0031,Tierra Colorada,16.446900833333334,-98.64318750000001,816,56.0,False,56.0,5.521122507334597,12023,Maldonado,False
12023,0035,La Petaca (Hacienda la Petaca),16.5311225,-98.51562388888888,391,19.0,False,19.0,8.845850190217481,12023,El Terrero,False
12023,0036,El Pitahayo,16.531432499999998,-98.52818555555555,1583,98.0,False,98.0,9.66271723333754,12046,Vista Hermosa,True
12023,0055,Rancho de Fausto Mendoza (Faustino Mendoza),16.472584166666664,-98.56647472222222,4,,True,0.23239568858677281,4.596573834614511,12023,Maldonado,False
12023,0058,Rancho Agua Fría,16.445141111111113,-98.41967972222223,5,,True,0.290494610733466,3.0013299645886,12023,Cuajinicuilapa,False
12023,0059,Rancho las Golondrinas,16.43134388888889,-98.39539222222223,7,,True,0.4066924550268524,5.060415153395512,12023,Cuajinicuilapa,False
12023,0062,Calzada (La Calzada),16.554095555555556,-98.47548361111112,27,0.0,False,0.0,3.9755161161792407,12023,El Terrero,False
12023,0063,Pozos de Agua (Pozas de Agua),16.519451944444445,-98.4659075,23,,True,1.3362752093739436,5.513144743706103,12023,El Terrero,False
12023,0065,El Vaivén,16.50254111111111,-98.65979305555557,215,11.0,False,11.0,5.9100584519151536,12023,Maldonado,False
12023,0067,Rancho el Paraíso de los Sotelos (El Paraíso),16.52679361111111,-98.46520444444445,3,,True,0.1742967664400796,4.789897497508519,12023,El Terrero,False
12023,0080,Rancho el Rodeo,16.426078611111112,-98.41206611111112,5,,True,0.290494610733466,5.128945800519554,12023,Cuajinicuilapa,False
12023,0086,Rancho los Almendros,16.56631388888889,-98.46423138888889,8,,True,0.46479137717354563,2.727712442028978,12023,El Terrero,False
12023,0088,Rancho Antonio Orduño,16.54549888888889,-98.46857944444444,3,,True,0.1742967664400796,3.6322854564585523,12023,El Terrero,False
12023,0093,Rancho la Bonita (La Bonita),16.44842388888889,-98.35563777777777,4,,True,0.23239568858677281,7.023273451888889,12023,Cuajinicuilapa,False
12023,0097,El Carrizo (Rancho de Fausto Mendoza),16.472514444444442,-98.57083166666666,57,3.0,False,3.0,4.152210777615243,12023,Maldonado,False
12023,0098,Rancho Casa Blanca,16.339537777777778,-98.55133833333333,1,,True,0.058098922146693203,2.3978566708346896,12023,Punta Maldonado (El Faro),False
12023,0101,Rancho la Providencia,16.523249444444442,-98.46118222222222,4,,True,0.23239568858677281,4.895372139659949,12023,El Terrero,False
12023,0110,Rancho Hermanos Herrera,16.55952027777778,-98.51735472222222,1,,True,0.058098922146693203,6.367221961603359,12046,Vista Hermosa,True
12023,0114,Rancho Hermanos Álvarez Guzmán (Lote Número 38),16.53611666666667,-98.4994936111111,8,,True,0.46479137717354563,7.046977664243633,12023,El Terrero,False
12023,0116,Rancho Hilario Aguirre (El Monte de Jícara),16.541270555555556,-98.47184833333334,2,,True,0.11619784429338641,4.175668125499313,12023,El Terrero,False
12023,0119,Rancho el Mirador (Rancho de Martín Añorve),16.43658611111111,-98.41159,9,1.0,False,1.0,3.9744370824789015,12023,Cuajinicuilapa,False
12023,0126,Rancho la Petaca (Rancho Cerro de las Tablas),16.563714722222223,-98.51252972222223,1,,True,0.058098922146693203,5.708340588709631,12046,Vista Hermosa,True
12023,0155,El Cerro del Chivo (El Chivo),16.500029722222223,-98.45273833333334,4,,True,0.23239568858677281,4.944966252018427,12023,Cuajinicuilapa,False
12023,0156,El Charco de Ometepec,16.531518888888886,-98.43362833333333,1,,True,0.058098922146693203,3.4205096877238423,12023,El Terrero,False
12023,0157,El Cusuco (El Bajo),16.5046125,-98.50982472222222,2,,True,0.11619784429338641,9.78314757699833,12023,San Nicolás,False
12023,0165,Huerta Marcos Colón,16.534516111111113,-98.54431166666666,1,,True,0.058098922146693203,8.861762398174829,12023,Maldonado,False
12023,0166,Huerta Maurilio Torres Barroso (Lote Veintinueve),16.53555805555556,-98.53527749999999,1,,True,0.058098922146693203,9.636854669188256,12046,Vista Hermosa,True
12023,0185,Rancho el Pantanal (Rancho de Mateo Aguirre),16.55144611111111,-98.53019944444445,7,,True,0.4066924550268524,7.8683419981664375,12046,Vista Hermosa,True
12023,0192,Rancho de Santiago Pineda,16.489217500000002,-98.525375,4,,True,0.23239568858677281,8.07812056377406,12023,San Nicolás,False
12023,0197,Rancho el Pitique,16.5481325,-98.46869083333334,1,,True,0.058098922146693203,3.505716806518526,12023,El Terrero,False
12023,0202,Rancho Gila (Rancho Pablo Gil),16.44529916666667,-98.42462777777779,9,,True,0.5228902993202388,3.084166449941435,12023,Cuajinicuilapa,False
12023,0203,Rancho Gonzalo Coronado,16.537604166666668,-98.54302555555556,8,,True,0.46479137717354563,9.188837300189597,12023,Maldonado,False
12023,0205,Rancho Javier Mendoza Añorve,16.547496944444447,-98.47639166666667,4,,True,0.23239568858677281,4.285693347746025,12023,El Terrero,False
12023,0206,Rancho Juana Hernández,16.524168888888887,-98.429015,2,,True,0.11619784429338641,4.323204495267695,12023,El Terrero,False
12023,0212,Rancho las Ases,16.48514,-98.48917805555556,1,,True,0.058098922146693203,7.8606878981826345,12023,Cuajinicuilapa,False
12023,0213,Rancho las Niñas,16.460726944444446,-98.42269805555556,4,,True,0.23239568858677281,1.4036609680764038,12023,Cuajinicuilapa,False
12023,0214,Rancho los Laureles,16.406088055555553,-98.4060175,9,,True,0.5228902993202388,7.416241483525426,12023,Cuajinicuilapa,False
12023,0215,Rancho los Mangos,16.465798888888887,-98.38304444444444,1,,True,0.058098922146693203,3.6588157826467445,12023,Cuajinicuilapa,False
12023,0219,Rancho Margarito Guerrero Bravo,16.541654722222223,-98.498155,4,,True,0.23239568858677281,6.68568086016466,12023,El Terrero,False
12023,0220,Rancho Mario Navarrete,16.54825277777778,-98.55490638888888,3,,True,0.1742967664400796,9.172979801222251,12023,Maldonado,False
12023,0225,Rancho Pedro Lorenzo Bustos,16.530693333333332,-98.4228413888889,1,,True,0.058098922146693203,3.870748478447526,12023,El Terrero,False
12023,0228,Rancho Salvador Cruz (La Inar),16.46728138888889,-98.47047500000001,6,,True,0.3485935328801592,5.753228248843189,12023,Cuajinicuilapa,False
12023,0229,Rancho San Andrés,16.531566388888887,-98.46175805555556,2,,True,0.11619784429338641,4.144519673719451,12023,El Terrero,False
12023,0249,Domingo Vázquez,16.488134722222224,-98.49437944444445,1,,True,0.058098922146693203,8.294742560960497,12023,San Nicolás,False
12023,0257,Rancho de Manuel Guzmán,16.557365,-98.46617416666668,1,,True,0.058098922146693203,2.931436268184886,12023,El Terrero,False
12023,0258,Rancho de Nicolás Moreno Dos,16.550301944444445,-98.53162888888889,1,,True,0.058098922146693203,8.060740403075677,12046,Vista Hermosa,True
12023,0260,Rancho los Limones,16.434551944444443,-98.41140861111111,2,,True,0.11619784429338641,4.201145493687578,12023,Cuajinicuilapa,False
12023,0267,Rancho el Pocarín,16.54258805555556,-98.52014305555555,9,,True,0.5228902993202388,8.170933913768495,12046,Vista Hermosa,True
12023,0268,Rancho de Benito Pita,16.54136805555556,-98.51310027777778,6,,True,0.3485935328801592,8.003586934102463,12046,Vista Hermosa,True
12023,0271,Rancho Ingeniero Rodríguez,16.538681944444445,-98.44692166666667,6,,True,0.3485935328801592,2.70715764839124,12023,El Terrero,False
12023,0272,Rancho el Edén,16.54206027777778,-98.46903972222222,7,,True,0.4066924550268524,3.8781443757881355,12023,El Terrero,False
12023,0276,Rancho Miguel Marín,16.480620833333333,-98.454595,11,0.0,False,0.0,4.148584608692935,12023,Cuajinicuilapa,False
12023,0277,Rancho Eurípides Navarrete,16.4865625,-98.49771,12,,True,0.6971870657603184,8.026856745379163,12023,San Nicolás,False
12023,0278,Rancho Julián Medina Calleja,16.492184722222223,-98.55959861111111,2,,True,0.11619784429338641,5.2609810591230834,12023,Maldonado,False
12023,0286,Huerta de José Segura Dos,16.428684444444446,-98.55851055555556,3,,True,0.1742967664400796,4.551081444818071,12023,San Nicolás,False
12023,0296,Rancho Luis Lorenzo,16.52061638888889,-98.42879333333333,2,,True,0.11619784429338641,4.7123527279033555,12023,El Terrero,False
12023,0297,Vicente Cortez Dos [Rancho],16.463955555555554,-98.55973333333333,2,,True,0.11619784429338641,5.590380294821182,12023,Maldonado,False
12023,0298,Tres Hermanos [Rancho],16.427854722222225,-98.411085,2,,True,0.11619784429338641,4.944104881983111,12023,Cuajinicuilapa,False
12023,0299,Fraccionamiento San Valentín,16.40355861111111,-98.44498111111112,14,1.0,False,1.0,5.7598682785880095,12023,Montecillos,False
12023,0300,Flores del Carmen [Rancho],16.484958055555555,-98.40465722222223,1,,True,0.058098922146693203,1.9344004617168502,12023,Cuajinicuilapa,False
12023,0301,Las Bugambilias de Bonfilia Nieto [Rancho],16.48389722222222,-98.48631361111111,1,,True,0.058098922146693203,7.535315782811188,12023,Cuajinicuilapa,False
12024,0001,Cualác,17.742761666666667,-98.66072777777778,2204,143.0,False,143.0,0.0,12024,Cualác,False
12024,0002,Cuateconzingo,17.818934444444444,-98.63815722222223,108,7.0,False,7.0,7.936402878530894,12033,Huamuxtitlán,True
12024,0003,Coatlaco,17.700125277777776,-98.63930083333334,884,47.0,False,47.0,3.722282214232056,12024,San Martín Jolalpan,False
12024,0004,El Cuahulote,17.780103333333333,-98.61695222222221,352,21.0,False,21.0,5.266283402380971,12033,Santa Cruz,True
12024,0005,Chiaucingo (Chapancingo),17.741222222222223,-98.69692416666668,1426,100.0,False,100.0,3.837246278373071,12024,Cualác,False
12024,0006,San Martín Jolalpan,17.72163583333333,-98.6662263888889,637,43.0,False,43.0,0.0,12024,San Martín Jolalpan,False
12024,0007,Tecojcoyunca,17.788063333333334,-98.63082499999999,420,24.0,False,24.0,5.949885192634288,12024,Cualác,False
12024,0008,Tlalapa,17.70580972222222,-98.66649194444445,396,23.0,False,23.0,1.760008052833721,12024,San Martín Jolalpan,False
12024,0009,Tlalixtláhuac,17.71816222222222,-98.645865,55,6.0,False,6.0,2.190980141843282,12024,San Martín Jolalpan,False
12024,0010,Xalmolapa,17.73973,-98.63216833333333,200,8.0,False,8.0,3.043366013821822,12024,Cualác,False
12024,0012,Zootolo,17.76636583333333,-98.66270611111112,87,5.0,False,5.0,2.633011686119377,12024,Cualác,False
12024,0013,El Tezóquio,17.766048055555554,-98.60633972222222,245,15.0,False,15.0,3.921609433178074,12033,Santa Cruz,True
12024,0014,Cuescomapa,17.629616111111112,-98.72975277777778,197,14.0,False,14.0,6.788832937298672,12066,Chiepetepec,True
12024,0015,Azochítlan,17.752100277777778,-98.64757222222222,7,,True,0.4418338836677673,1.737622798429643,12024,Cualác,False
12024,0016,Aguaxotla (Pueblo Viejo),17.696508333333334,-98.71391472222223,201,14.0,False,14.0,3.5291243165933586,12024,Nuevo Paraíso,False
12024,0019,El Guayabo,17.809047500000002,-98.62476722222222,8,,True,0.5049530099060198,6.343331723907193,12033,Huamuxtitlán,True
12024,0020,Ahuexitlán,17.687896666666667,-98.6737938888889,92,3.0,False,3.0,3.8363089579469847,12024,San Martín Jolalpan,False
12024,0021,Nuevo Paraíso,17.69107138888889,-98.74673638888889,153,12.0,False,12.0,0.0,12024,Nuevo Paraíso,False
12024,0023,Tepotzcocingo,17.709037777777777,-98.66257777777778,65,7.0,False,7.0,1.4531724533989832,12024,San Martín Jolalpan,False
12024,0025,Yautepec,17.657899999999998,-98.72590305555556,8,,True,0.5049530099060198,4.298458266653004,12024,Nuevo Paraíso,False
12024,0027,Las Cruces,17.74498666666667,-98.63772972222223,37,1.0,False,1.0,2.4481473753532077,12024,Cualác,False
12024,0037,Amatitlán,17.737976111111113,-98.71289888888889,2,,True,0.12623825247650494,5.266596449289622,12024,San Martín Jolalpan,False
12024,0052,Los Pinos,17.636215555555555,-98.726735,59,2.0,False,2.0,6.457338712774531,12024,Nuevo Paraíso,False
12024,0053,Xontecomeja,17.67623638888889,-98.73650888888889,27,2.0,False,2.0,1.9735996332026573,12024,Nuevo Paraíso,False
12024,0071,Bartolo Suplicio,17.69870611111111,-98.67492972222223,4,,True,0.2524765049530099,2.711219927499063,12024,San Martín Jolalpan,False
12025,0001,Cuautepec,16.74900277777778,-99.00154555555555,4073,254.0,False,254.0,0.0,12025,Cuautepec,False
12025,0003,La Bocana,16.67425888888889,-98.85669833333333,25,1.0,False,1.0,4.195011721103334,12025,Zihuapoloya,False
12025,0004,Zihuapoloya,16.7118625,-98.85987666666666,308,15.0,False,15.0,0.0,12025,Zihuapoloya,False
12025,0005,Coacoyulichán,16.79457888888889,-98.93510333333333,1828,118.0,False,118.0,0.0,12025,Coacoyulichán,False
12025,0006,El Coquillo,16.726691944444443,-98.9316625,630,49.0,False,49.0,0.0,12025,El Coquillo,False
12025,0007,San Agustín Cuilutla (Cuilutla),16.74176027777778,-98.91894833333333,1134,60.0,False,60.0,2.154150457026639,12025,El Coquillo,False
12025,0008,La Dicha,16.766680833333332,-99.01120472222222,1267,80.0,False,80.0,2.2184904236989613,12025,Cuautepec,False
12025,0009,Los Hornos,16.73306138888889,-99.03399305555556,16,0.0,False,0.0,3.2008720906648915,12025,Jalapa,False
12025,0010,Huamuchititán (El Huamuchito),16.746180555555558,-98.95617694444445,600,59.0,False,59.0,3.3926820622310214,12025,El Coquillo,False
12025,0011,Jalapa,16.713284444444444,-99.05583361111111,1938,130.0,False,130.0,0.0,12025,Jalapa,False
12025,0012,El Líbano,16.66228,-99.04542722222222,387,25.0,False,25.0,3.4197877950844484,12025,El Pabellón,False
12025,0013,El Limoncito,16.735366666666668,-98.96893861111111,196,15.0,False,15.0,3.7886789457043344,12025,Cuautepec,False
12025,0014,Limón Grande,16.72653611111111,-98.95415750000001,135,6.0,False,6.0,2.395558554783477,12025,El Coquillo,False
12025,0015,El Llano,16.6956825,-98.95315722222223,667,44.0,False,44.0,4.138792562536198,12025,El Coquillo,False
12025,0017,El Pabellón,16.6761325,-99.01676416666666,1059,62.0,False,62.0,0.0,12025,El Pabellón,False
12025,0018,Las Parotas,16.73246111111111,-98.9944663888889,181,9.0,False,9.0,1.9878202205334148,12025,Cuautepec,False
12025,0019,Pochotillo,16.716715555555552,-99.01837833333333,9,0.0,False,0.0,4.007065133175873,12025,Jalapa,False
12025,0021,El Salto,16.6856525,-98.99590277777777,724,44.0,False,44.0,2.4613315255907233,12025,El Pabellón,False
12025,0022,San José las Palmas (San José),16.66798,-99.06041555555555,412,24.0,False,24.0,4.384318671140431,12030,Chautengo,True
12025,0025,Miramar,16.665550555555555,-98.89421250000001,29,3.0,False,3.0,5.551198396239182,12018,Atrixco,True
12025,0026,Paso Salinas,16.665706666666665,-98.93358666666667,184,17.0,False,17.0,3.3912662003042024,12018,Atrixco,True
12025,0027,El Maguey,16.672471944444446,-98.94096555555556,107,12.0,False,12.0,4.1751402517945735,12018,Atrixco,True
12025,0028,Zacatecomate (El Puerto),16.664749166666667,-98.95083083333334,5,0.0,False,0.0,3.6553438255012733,12018,Atrixco,True
12025,0029,Santa Clara,16.685044166666668,-99.0813736111111,241,10.0,False,10.0,4.154505607776044,12025,Jalapa,False
12025,0030,San Antonio (El Crucero),16.672945277777778,-99.06704527777778,209,13.0,False,13.0,4.320594796927047,12030,Chautengo,True
12025,0031,Estero del Marquez (Cachumbo),16.647579166666667,-99.10371666666666,137,11.0,False,11.0,1.5117145143363033,12030,Chautengo,True
12025,0037,Bocachahue,16.718605555555555,-98.889555,82,3.0,False,3.0,3.248357639108873,12025,Zihuapoloya,False
12025,0039,La Ceiba,16.650430555555555,-98.88016499999999,9,,True,0.5799459586466166,6.146047532394068,12018,Atrixco,True
12025,0044,La Bocanita,16.678722500000003,-98.90937583333334,102,9.0,False,9.0,5.583270884098753,12018,Atrixco,True
12025,0045,Vista Hermosa,16.72835444444444,-98.96073138888889,67,2.0,False,2.0,3.101050463669599,12025,El Coquillo,False
12025,0051,La Soledad,16.702783888888888,-99.10352472222222,260,22.0,False,22.0,3.187403046949721,12030,Cruz Grande,True
12025,0052,Tierra Macho,16.67139777777778,-99.0833225,1,,True,0.06443843984962407,3.4146441062024824,12030,Chautengo,True
12025,0053,Santa Fe,16.68089972222222,-99.07672583333333,2,,True,0.12887687969924813,4.233043721767845,12025,Jalapa,False
12026,0001,Cuetzala del Progreso,18.13414138888889,-99.83148555555555,2282,122.0,False,122.0,0.0,12026,Cuetzala del Progreso,False
12026,0002,Ahuaxotitla,18.146421944444445,-99.78159555555555,540,32.0,False,32.0,0.0,12026,Ahuaxotitla,False
12026,0003,Apetlanca,18.207724444444445,-99.78925166666666,886,43.0,False,43.0,0.0,12026,Apetlanca,False
12026,0004,Cuadrilla Nueva,17.94476277777778,-99.81544055555555,15,,True,0.7706721470019342,10.288975526506668,12032,Las Vinatas,True
12026,0005,Cuaxilotla,18.171297222222222,-99.85225833333332,430,15.0,False,15.0,4.642815646869767,12006,Tepoxtepec (Tepoztepec),True
12026,0006,Chilacachapa,18.273259444444445,-99.76093,1784,103.0,False,103.0,0.0,12026,Chilacachapa,False
12026,0007,Limón Real,17.939839166666665,-99.8464636111111,12,,True,0.6165377176015474,9.029071586776267,12032,Las Vinatas,True
12026,0008,Michapa,18.00229472222222,-99.86781583333332,35,0.0,False,0.0,7.1327213442479795,12006,Tlatzala,True
12026,0009,Molonial,18.216583333333332,-99.89067,66,3.0,False,3.0,2.2300751413937387,12026,Tlacaquipa,False
12026,0010,Ojo de Agua,18.08481611111111,-99.79977333333333,46,1.0,False,1.0,6.42768529961635,12026,Cuetzala del Progreso,False
12026,0011,La Parota,17.971893055555554,-99.83734916666666,6,0.0,False,0.0,10.708143587773895,12017,Nuevo Balsas,True
12026,0012,San Francisco Lagunita,18.176763611111113,-99.76696861111111,276,13.0,False,13.0,2.8000368725894993,12017,Tlanipatlán,True
12026,0013,San Luis,18.064240555555557,-99.79768916666667,51,0.0,False,0.0,5.356812509943482,12017,Nuevo Balsas,True
12026,0014,Tianquizolco,18.22366444444444,-99.7545625,749,36.0,False,36.0,0.0,12026,Tianquizolco,False
12026,0015,Tlacaquipa,18.22729833333333,-99.87282166666667,556,25.0,False,25.0,0.0,12026,Tlacaquipa,False
12026,0016,Tlaquilpa,18.17698277777778,-99.76062527777778,277,21.0,False,21.0,2.3845638255208645,12017,Tlanipatlán,True
12026,0017,Tomixtlahuacán,18.05764277777778,-99.81980805555555,257,11.0,False,11.0,6.977744998470746,12017,Nuevo Balsas,True
12026,0029,San Gaspar,18.237618055555558,-99.74913416666666,4,,True,0.20551257253384914,1.6541011703312578,12026,Tianquizolco,False
12027,0001,Cutzamala de Pinzón,18.465244444444444,-100.57851277777777,4717,241.0,False,241.0,0.0,12027,Cutzamala de Pinzón,False
12027,0003,Alborejo (El Borejo),18.667268055555557,-100.5819375,233,11.0,False,11.0,2.817017953151919,12027,Zacapuato (Tepetates),False
12027,0004,Nuevo Amilpillas (Milpillas),18.702595,-100.66611222222222,23,3.0,False,3.0,7.266657229328626,12027,Zacapuato (Tepetates),False
12027,0006,Arroyo Grande,18.678354444444444,-100.6888338888889,837,43.0,False,43.0,8.549084997489116,12027,Zacapuato (Tepetates),False
12027,0008,Atotonilco,18.628139166666667,-100.69372222222222,102,4.0,False,4.0,9.920935046179213,12027,Zacapuato (Tepetates),False
12027,0009,Balderrama (Orilla de Balderrama),18.729723888888888,-100.54430305555556,578,28.0,False,28.0,9.77286102276748,12027,Zacapuato (Tepetates),False
12027,0010,Barrabás,18.6874125,-100.60677,23,1.0,False,1.0,2.343346570910363,12027,Zacapuato (Tepetates),False
12027,0012,La Cagüirica,18.653590277777777,-100.62013583333332,16,0.0,False,0.0,1.8693210353623924,12027,Zacapuato (Tepetates),False
12027,0013,Camutla,18.69880722222222,-100.59597527777777,193,5.0,False,5.0,3.841838432598383,12027,Zacapuato (Tepetates),False
12027,0014,La Cañada (La Cañada y el Pinzán),18.6990075,-100.66201944444445,371,18.0,False,18.0,6.68749797834928,12027,Zacapuato (Tepetates),False
12027,0015,Vista Hermosa del Carmen (La Cantina),18.76332111111111,-100.4570813888889,68,3.0,False,3.0,19.26028107499534,12027,Zacapuato (Tepetates),False
12027,0016,Cañas Viejas,18.603002777777778,-100.67565222222223,29,0.0,False,0.0,9.976878724668719,12027,Zacapuato (Tepetates),False
12027,0017,El Limoncito,18.50934861111111,-100.60291555555555,18,1.0,False,1.0,4.0652007800880074,12027,Ixtapilla,False
12027,0018,La Ciénega,18.657991944444444,-100.67936250000001,89,5.0,False,5.0,7.50673268232281,12027,Zacapuato (Tepetates),False
12027,0019,La Comunidad,18.488023055555555,-100.56532222222222,272,23.0,False,23.0,2.8897436650185844,12027,Cutzamala de Pinzón,False
12027,0022,Cuadrilla Nueva,18.432635,-100.57147333333333,463,17.0,False,17.0,3.701249706734248,12027,Cutzamala de Pinzón,False
12027,0023,Linda Vista,18.801997500000002,-100.70851944444445,8,,True,0.37395919559818863,18.380957638559554,12027,Zacapuato (Tepetates),False
12027,0024,Cuataceo,18.54361111111111,-100.72583333333334,151,6.0,False,6.0,13.421115833976696,12027,Ixtapilla,False
12027,0026,Cuirindichapio,18.608653611111112,-100.74224527777778,187,10.0,False,10.0,15.470926368434405,12027,Zacapuato (Tepetates),False
12027,0027,Characo,18.542060833333334,-100.70066361111111,172,7.0,False,7.0,10.773270190996229,12027,Ixtapilla,False
12027,0028,Los Desposados,18.626274444444444,-100.58922027777777,148,5.0,False,5.0,4.911016027028562,12027,Zacapuato (Tepetates),False
12027,0029,La Fajilla,18.58424833333333,-100.66229722222222,43,0.0,False,0.0,7.972594850159031,12027,Ixtapilla,False
12027,0030,La Florida,18.669299722222224,-100.61121555555555,285,7.0,False,7.0,0.4185861921180352,12027,Zacapuato (Tepetates),False
12027,0032,El Guayabo,18.50048111111111,-100.56419305555555,149,10.0,False,10.0,4.199090084655211,12027,Cutzamala de Pinzón,False
12027,0033,Loma Bonita,18.718410555555554,-100.63026694444444,188,8.0,False,8.0,6.21335516660108,12027,Zacapuato (Tepetates),False
12027,0034,Huaratzio,18.43568611111111,-100.54490472222221,282,13.0,False,13.0,4.834182904628873,12027,Cutzamala de Pinzón,False
12027,0035,Ixtapilla,18.545671944444447,-100.5985425,462,17.0,False,17.0,0.0,12027,Ixtapilla,False
12027,0037,La Joya,18.78090027777778,-100.78291333333333,120,8.0,False,8.0,22.333676874073003,12027,Zacapuato (Tepetates),False
12027,0038,La Laja del Real [Lajita],18.812155833333335,-100.6615525,41,3.0,False,3.0,17.135948390101277,12027,Zacapuato (Tepetates),False
12027,0039,La Laja,18.701509166666664,-100.72008777777778,173,3.0,False,3.0,12.368644366927024,12027,Zacapuato (Tepetates),False
12027,0041,Las Latas,18.756619444444443,-100.47120583333333,8,1.0,False,1.0,17.61197472449153,12027,Zacapuato (Tepetates),False
12027,0042,Limón Grande,18.5241325,-100.53093694444445,259,14.0,False,14.0,3.7172379472065398,12064,Otlatepec (Agua del Padre),True
12027,0044,El Puerto del Mal Paso,18.54140611111111,-100.75070111111111,20,0.0,False,0.0,15.74211868094831,12022,Santo Domingo,True
12027,0047,La Mesa de Guerrero (La Mesa de Bejucos),18.7725625,-100.43256000000001,15,0.0,False,0.0,21.983261707367383,12027,Zacapuato (Tepetates),False
12027,0048,Las Mesas,18.492842222222222,-100.66007916666668,17,0.0,False,0.0,8.752470896813048,12027,Ixtapilla,False
12027,0049,La Mohonera (La Monera),18.583452777777776,-100.67196833333334,220,5.0,False,5.0,8.806377736500954,12027,Ixtapilla,False
12027,0052,Nuevo Galeana,18.54668527777778,-100.6269611111111,747,30.0,False,30.0,2.9980169270593398,12027,Ixtapilla,False
12027,0053,El Ojo de Agua,18.77059472222222,-100.75157777777778,153,8.0,False,8.0,18.992722613527057,12027,Zacapuato (Tepetates),False
12027,0054,Oxtotitlán (Totitlán),18.616151666666667,-100.6285211111111,136,7.0,False,7.0,5.967788003172944,12027,Zacapuato (Tepetates),False
12027,0055,Pácuaro,18.800172500000002,-100.59391333333333,61,3.0,False,3.0,14.95406717391898,12027,Zacapuato (Tepetates),False
12027,0057,La Palma (La Palma de Arriba y de Abajo),18.541864444444446,-100.61150694444444,71,1.0,False,1.0,1.430807720366825,12027,Ixtapilla,False
12027,0059,La Palmita (San José la Palmita),18.517073055555553,-100.58579277777777,76,1.0,False,1.0,3.452475892003441,12027,Ixtapilla,False
12027,0061,La Papaya,18.55762277777778,-100.51544972222223,13,1.0,False,1.0,5.58780373546036,12064,Otlatepec (Agua del Padre),True
12027,0062,Paso Real,18.6359975,-100.66186944444445,88,3.0,False,3.0,6.546909434859854,12027,Zacapuato (Tepetates),False
12027,0063,El Picacho,18.780081944444444,-100.58170555555556,1,,True,0.04674489944977358,12.954120468854669,12027,Zacapuato (Tepetates),False
12027,0064,Pie de la Cuesta,18.62866777777778,-100.54019944444444,9,0.0,False,0.0,8.345462143738365,12027,Zacapuato (Tepetates),False
12027,0066,Piñuela,18.723151388888887,-100.61568055555556,42,7.0,False,7.0,6.351980681549053,12027,Zacapuato (Tepetates),False
12027,0070,El Pochote,18.74339777777778,-100.51087861111111,119,4.0,False,4.0,13.391861161463707,12027,Zacapuato (Tepetates),False
12027,0072,La Puchimita (La Raisuda),18.750149722222222,-100.77718805555556,103,7.0,False,7.0,20.04297175367603,12027,Zacapuato (Tepetates),False
12027,0073,El Remudadero,18.533700833333334,-100.60469027777778,170,7.0,False,7.0,1.4805286113223235,12027,Ixtapilla,False
12027,0075,Rincón de Pácuaro,18.806876388888888,-100.57465083333332,7,,True,0.3272142961484151,16.024013338651628,12027,Zacapuato (Tepetates),False
12027,0076,Rincón de Tupatarillo,18.54893527777778,-100.56669,174,8.0,False,8.0,3.3774277373513195,12027,Ixtapilla,False
12027,0078,El Rosario,18.614949444444445,-100.65881250000001,19,1.0,False,1.0,7.788964896010916,12027,Zacapuato (Tepetates),False
12027,0080,El Salitre,18.744804722222224,-100.74113666666666,64,4.0,False,4.0,16.45131348011279,12027,Zacapuato (Tepetates),False
12027,0081,San Blas,18.419355,-100.57699027777777,82,7.0,False,7.0,5.105200114064247,12027,Cutzamala de Pinzón,False
12027,0082,San José,18.525280555555554,-100.58555916666666,246,10.0,False,10.0,2.648543458865331,12027,Ixtapilla,False
12027,0083,San Nicolás (Los Corongoros),18.416040277777775,-100.59142138888889,66,3.0,False,3.0,5.144555649929897,12050,Las Juntas de Chacámero,True
12027,0084,Tamácuaro,18.494665833333336,-100.65152277777779,931,41.0,False,41.0,7.960603199179619,12027,Ixtapilla,False
12027,0085,El Tepehuaje (Tepehuaje Grande),18.818963611111112,-100.7610988888889,121,5.0,False,5.0,23.353248954004748,12027,Zacapuato (Tepetates),False
12027,0088,El Tigre,18.585201666666666,-100.54366194444444,19,0.0,False,0.0,7.265342832840502,12027,Ixtapilla,False
12027,0089,El Timbinal,18.703789999999998,-100.73493916666666,89,2.0,False,2.0,13.93534057172677,12027,Zacapuato (Tepetates),False
12027,0092,Tucuruato,18.49088777777778,-100.61719972222221,180,10.0,False,10.0,4.977653962268555,12027,Cutzamala de Pinzón,False
12027,0093,El Tule,18.781713055555553,-100.66586527777778,90,4.0,False,4.0,14.165297989949192,12027,Zacapuato (Tepetates),False
12027,0094,Los Tules,18.46937972222222,-100.6404438888889,252,9.0,False,9.0,6.547970714178273,12027,Cutzamala de Pinzón,False
12027,0095,Tupatarillo (Tupatario),18.54110277777778,-100.57636277777777,309,16.0,False,16.0,2.392793171931994,12027,Ixtapilla,False
12027,0096,Vetarrón,18.753631944444443,-100.4749125,11,2.0,False,2.0,17.102079275819147,12027,Zacapuato (Tepetates),False
12027,0097,Zacango,18.595902499999998,-100.67383638888889,151,6.0,False,6.0,9.704757299995553,12027,Ixtapilla,False
12027,0098,Zacapuato (Tepetates),18.66641472222222,-100.60866305555555,1697,83.0,False,83.0,0.0,12027,Zacapuato (Tepetates),False
12027,0101,Zirandanganguío,18.474268055555555,-100.54538944444444,83,3.0,False,3.0,3.6346711462717463,12027,Cutzamala de Pinzón,False
12027,0102,El Salitre (Sirapitiro),18.59291083333333,-100.58146055555555,535,18.0,False,18.0,5.552752622271257,12027,Ixtapilla,False
12027,0109,El Pinzán,18.709845833333333,-100.63614055555556,300,11.0,False,11.0,5.630197332440913,12027,Zacapuato (Tepetates),False
12027,0115,La Peña Blanca,18.665465555555553,-100.6550513888889,3,0.0,False,0.0,4.88797195999093,12027,Zacapuato (Tepetates),False
12027,0117,Tlanexpa (Nexpa),18.75977138888889,-100.52680222222222,61,4.0,False,4.0,13.493996635720034,12027,Zacapuato (Tepetates),False
12027,0119,Las Juntas del Rosario,18.72439861111111,-100.5547625,126,6.0,False,6.0,8.590771995789645,12027,Zacapuato (Tepetates),False
12027,0120,Las Juntas,18.597101666666667,-100.50058055555556,9,,True,0.4207040950479622,9.705470545471913,12064,Otlatepec (Agua del Padre),True
12027,0121,Cuahulote,18.716975277777777,-100.56574222222221,73,4.0,False,4.0,7.2142847086264466,12027,Zacapuato (Tepetates),False
12027,0124,El Aguacate,18.612998333333334,-100.69806916666667,61,3.0,False,3.0,11.136268200063546,12027,Zacapuato (Tepetates),False
12027,0127,El Molcajete,18.774901666666665,-100.55949361111111,2,,True,0.09348979889954716,13.12759866947437,12027,Zacapuato (Tepetates),False
12027,0128,El Cundán,18.6368525,-100.71095694444445,78,3.0,False,3.0,11.267342214710037,12027,Zacapuato (Tepetates),False
12027,0129,La Fundición Dos,18.68065111111111,-100.49901027777778,40,5.0,False,5.0,11.658948868116576,12027,Zacapuato (Tepetates),False
12027,0131,El Guariche (El Guarichi),18.597560833333333,-100.69745861111112,68,4.0,False,4.0,11.916218924712084,12027,Ixtapilla,False
12027,0133,La Papaya,18.721251388888888,-100.63192694444444,40,2.0,False,2.0,6.571489949361653,12027,Zacapuato (Tepetates),False
12027,0134,El Agua Buena,18.77960111111111,-100.72530833333333,11,,True,0.5141938939475094,17.58685607142921,12027,Zacapuato (Tepetates),False
12027,0141,La Bolsa,18.47758888888889,-100.56302833333334,33,1.0,False,1.0,2.133334531250922,12027,Cutzamala de Pinzón,False
12027,0145,La Carrera,18.801433055555556,-100.61494499999999,1,,True,0.04674489944977358,15.027920266578045,12027,Zacapuato (Tepetates),False
12027,0146,Los Casahuates,18.646924444444444,-100.53058888888889,6,,True,0.28046939669864146,8.505985120886702,12027,Zacapuato (Tepetates),False
12027,0148,El Cirián,18.830820555555555,-100.60957777777777,17,2.0,False,2.0,18.2813482980689,12027,Zacapuato (Tepetates),False
12027,0154,Los Cueramos (Villa Cárdenas),18.590543888888888,-100.64333222222223,37,0.0,False,0.0,6.869104273505347,12027,Ixtapilla,False
12027,0155,Los Cuirindales,18.6362775,-100.72083083333334,12,0.0,False,0.0,12.283414306179258,12027,Zacapuato (Tepetates),False
12027,0158,El Fresno,18.794441944444447,-100.62782388888888,11,2.0,False,2.0,14.37826052404773,12027,Zacapuato (Tepetates),False
12027,0160,La Garra,18.435925,-100.57150999999999,113,7.0,False,7.0,3.342802825977416,12027,Cutzamala de Pinzón,False
12027,0167,Las Juntas del Real (Las Juntas),18.800428611111112,-100.67827111111112,30,1.0,False,1.0,16.606888260739385,12027,Zacapuato (Tepetates),False
12027,0168,Las Juntas,18.749986111111113,-100.51842472222222,13,,True,0.6076836928470565,13.292044289239744,12027,Zacapuato (Tepetates),False
12027,0169,Limón de Pungarancho,18.82891,-100.65514611111112,24,2.0,False,2.0,18.719821473223202,12027,Zacapuato (Tepetates),False
12027,0179,Los Palmerito,18.82033722222222,-100.5647725,3,,True,0.14023469834932073,17.728395111429172,12027,Zacapuato (Tepetates),False
12027,0181,Palo Gordo,18.858735000000003,-100.58200805555555,16,0.0,False,0.0,21.568397233785547,12027,Zacapuato (Tepetates),False
12027,0182,La Soledad,18.639960833333333,-100.6615288888889,77,2.0,False,2.0,6.29868495934386,12027,Zacapuato (Tepetates),False
12027,0184,Pinzán Gacho,18.768932222222222,-100.53406944444444,19,1.0,False,1.0,13.844121192248252,12027,Zacapuato (Tepetates),False
12027,0188,Puerta Vieja,18.844881666666666,-100.5920911111111,2,,True,0.09348979889954716,19.921180834759184,12027,Zacapuato (Tepetates),False
12027,0189,Pungarancho,18.830175,-100.65393694444445,4,,True,0.18697959779909432,18.82297412542183,12027,Zacapuato (Tepetates),False
12027,0195,El Rosario,18.728582222222222,-100.55530305555556,17,0.0,False,0.0,8.909123385189254,12027,Zacapuato (Tepetates),False
12027,0200,San Sebastián,18.792348055555557,-100.54654527777778,9,,True,0.4207040950479622,15.455687005497802,12027,Zacapuato (Tepetates),False
12027,0208,San José,18.771266944444445,-100.471605,3,,True,0.14023469834932073,18.554627658386753,12027,Zacapuato (Tepetates),False
12027,0213,Pueblo Nuevo,18.847862222222222,-100.72554444444445,15,0.0,False,0.0,23.633010134809087,12027,Zacapuato (Tepetates),False
12027,0219,Coquito,18.51077111111111,-100.58354555555555,20,1.0,False,1.0,4.190537614708494,12027,Ixtapilla,False
12027,0220,Cuinio,18.42051111111111,-100.58094305555555,11,0.0,False,0.0,4.980721328363976,12027,Cutzamala de Pinzón,False
12027,0221,Potrero de Zacango,18.587230555555553,-100.64787694444445,43,1.0,False,1.0,6.956799976831572,12027,Ixtapilla,False
12027,0222,Los Capires,18.467745555555553,-100.56289166666666,348,22.0,False,22.0,1.6708571875879035,12027,Cutzamala de Pinzón,False
12027,0224,El Coyol,18.621168055555557,-100.52752222222222,36,2.0,False,2.0,9.919586554494998,12027,Zacapuato (Tepetates),False
12027,0225,Las Escobitas,18.478659999999998,-100.58669027777778,28,4.0,False,4.0,1.7231107938428116,12027,Cutzamala de Pinzón,False
12027,0226,San José,18.524520555555554,-100.5908986111111,24,0.0,False,0.0,2.4861603284860445,12027,Ixtapilla,False
12027,0230,Arcelia de los Libres (Chumbítaro),18.48592277777778,-100.70529388888889,153,5.0,False,5.0,9.630814260707263,12022,Santo Domingo,True
12027,0233,Luvianos,18.6918525,-100.49671722222223,4,,True,0.18697959779909432,12.12663935857561,12027,Zacapuato (Tepetates),False
12027,0239,La Cuindera,18.697748055555557,-100.499795,2,,True,0.09348979889954716,11.98532559210921,12027,Zacapuato (Tepetates),False
12027,0240,El Cuirindal,18.65053888888889,-100.56210388888888,6,,True,0.28046939669864146,5.21304049264435,12027,Zacapuato (Tepetates),False
12027,0241,La Frontera,18.43445611111111,-100.60430777777778,9,0.0,False,0.0,4.373031410371674,12027,Cutzamala de Pinzón,False
12027,0249,Ninguno [Escuela Misión Ma. la Gran Señal],18.46834388888889,-100.5897386111111,6,,True,0.28046939669864146,1.2331206531123788,12027,Cutzamala de Pinzón,False
12027,0250,Angapar,18.441335,-100.59801277777777,11,,True,0.5141938939475094,3.361350100504517,12027,Cutzamala de Pinzón,False
12027,0251,El Charco,18.47540861111111,-100.54072416666666,26,4.0,False,4.0,4.14260728745168,12027,Cutzamala de Pinzón,False
12027,0256,Loma Bonita,18.592636944444443,-100.66070805555556,51,4.0,False,4.0,8.3790843942082,12027,Ixtapilla,False
12027,0258,El Puente de San José,18.497522777777778,-100.57512444444444,160,7.0,False,7.0,3.6069309047134093,12027,Cutzamala de Pinzón,False
12027,0259,Loma de San Blas,18.41501361111111,-100.57644527777778,33,2.0,False,2.0,5.5896700714413585,12027,Cutzamala de Pinzón,False
12027,0260,La Playa y Anexos,18.781644166666666,-100.71995583333333,162,5.0,False,5.0,17.3647696334438,12027,Zacapuato (Tepetates),False
12027,0264,La Cañita,18.540947222222226,-100.53918027777777,4,,True,0.18697959779909432,5.463966787681675,12064,Otlatepec (Agua del Padre),True
12027,0265,Colonia San Andrés,18.47264361111111,-100.5932436111111,6,,True,0.28046939669864146,1.7580338517769252,12027,Cutzamala de Pinzón,False
12027,0266,Cuirindales,18.827956944444445,-100.59209277777778,23,0.0,False,0.0,18.04721466347894,12027,Zacapuato (Tepetates),False
12027,0267,La Escondida,18.818398333333334,-100.71155361111111,3,,True,0.14023469834932073,20.07445766968532,12027,Zacapuato (Tepetates),False
12027,0271,Tirinchicua,18.830636666666667,-100.66636166666667,62,8.0,False,8.0,19.244770805357764,12027,Zacapuato (Tepetates),False
12027,0276,La Pastorilla,18.5620775,-100.5591225,35,4.0,False,4.0,4.5382576895559765,12027,Ixtapilla,False
12027,0279,Fresno,18.6317175,-100.49438361111112,14,0.0,False,0.0,12.64315162067287,12027,Zacapuato (Tepetates),False
12027,0281,Rancho el Caporal,18.458455833333332,-100.61753222222221,3,,True,0.14023469834932073,4.18412398382901,12027,Cutzamala de Pinzón,False
12027,0282,Rancho el Coco,18.43915888888889,-100.59775388888889,2,,True,0.09348979889954716,3.5401007211820934,12027,Cutzamala de Pinzón,False
12027,0284,Las Latas [Rancho],18.590049999999998,-100.69802222222222,9,,True,0.4207040950479622,11.588937747546067,12027,Ixtapilla,False
12027,0285,Nanche Rayado,18.799369444444444,-100.59101944444444,13,0.0,False,0.0,14.900181295880023,12027,Zacapuato (Tepetates),False
12027,0286,Agua de los Cuches,18.54589388888889,-100.55112722222222,1,,True,0.04674489944977358,4.9986056914752925,12027,Ixtapilla,False
12028,0001,Chilapa de Álvarez,17.59423222222222,-99.17768166666667,33783,2023.0,False,2023.0,0.0,12028,Chilapa de Álvarez,False
12028,0002,Acalco,17.505,-99.16583333333334,971,56.0,False,56.0,1.8205761311432525,12028,Ayahualulco,False
12028,0003,Acatlán,17.65717944444444,-99.16869333333334,3719,198.0,False,198.0,4.083215621942196,12074,Zitlala,True
12028,0004,Acazacatla,17.576939444444445,-99.16901361111111,478,26.0,False,26.0,2.131107600106132,12028,Chilapa de Álvarez,False
12028,0005,Acuentla,17.518628888888887,-99.24882305555556,534,34.0,False,34.0,1.210966627480837,12028,Ahuexotitlán,False
12028,0006,Ahuexotitlán,17.528490277777777,-99.24397694444444,1062,72.0,False,72.0,0.0,12028,Ahuexotitlán,False
12028,0007,Ahuihuiyuco,17.629694722222222,-99.22724138888888,1156,85.0,False,85.0,2.796624875109086,12074,Topiltepec,True
12028,0008,Ahuixtla,17.530335277777777,-99.03565083333334,655,49.0,False,49.0,0.0,12028,Ahuixtla,False
12028,0009,Tlalpizaco Ajacayán,17.61917,-99.1992,131,5.0,False,5.0,3.5903492009085802,12028,Chilapa de Álvarez,False
12028,0010,Alcozacán,17.505089166666668,-99.0949275,1184,79.0,False,79.0,5.6664831315046325,12028,El Jagüey,False
12028,0011,Amate Amarillo,17.5866975,-99.20459194444445,749,41.0,False,41.0,2.9728709363483836,12028,Chilapa de Álvarez,False
12028,0012,Los Amates,17.54546638888889,-99.19269166666668,644,41.0,False,41.0,1.9496782294552883,12028,Santa Catarina,False
12028,0013,Amiltepec,17.489659722222225,-98.93973444444445,592,41.0,False,41.0,5.703096914858806,12010,El Duraznal,True
12028,0015,Atempa,17.596610277777778,-99.13358611111111,1160,74.0,False,74.0,3.8471625430885656,12028,Xulchuchuio,False
12028,0017,Atenxoxola,17.488194166666666,-99.14284916666668,791,73.0,False,73.0,0.40802544019181197,12028,El Jagüey,False
12028,0018,Atzacoaloya,17.54612861111111,-99.13778861111112,2312,133.0,False,133.0,0.0,12028,Atzacoaloya,False
12028,0019,Axopilco,17.52736472222222,-99.20225333333333,525,33.0,False,33.0,3.5140223105566974,12028,Ayahualulco,False
12028,0020,Ayahualco,17.623515277777777,-99.18645722222223,430,23.0,False,23.0,3.386355586854178,12028,Chilapa de Álvarez,False
12028,0022,Ayahualulco,17.501861944444446,-99.18268277777779,3855,234.0,False,234.0,0.0,12028,Ayahualulco,False
12028,0024,Barranca Honda,17.57844,-99.19530055555556,197,21.0,False,21.0,2.563473004690402,12028,Chilapa de Álvarez,False
12028,0028,Calhuaxtitlán,17.519096944444442,-99.14299305555556,379,23.0,False,23.0,3.0560184350164,12028,Atzacoaloya,False
12028,0029,El Calvario,17.527515277777777,-99.15528972222222,191,14.0,False,14.0,2.7797312728981707,12028,Atzacoaloya,False
12028,0030,La Ciénega,17.60266916666667,-99.16308611111111,132,9.0,False,9.0,1.8092298228186978,12028,Chilapa de Álvarez,False
12028,0031,Coaquimixco,17.57962472222222,-99.23567888888888,686,41.0,False,41.0,5.753545526678459,12028,Ahuexotitlán,False
12028,0032,Coatzingo,17.513822222222224,-99.14120333333334,334,24.0,False,24.0,2.6717383196752205,12028,El Jagüey,False
12028,0033,Colotepec,17.497764444444446,-99.1298125,328,24.0,False,24.0,1.91362969879105,12028,El Jagüey,False
12028,0034,Cuadrilla Nueva,17.577420277777776,-99.21506972222222,872,56.0,False,56.0,4.381847529387588,12028,Chilapa de Álvarez,False
12028,0035,Rancho Coaquimixco,17.589020833333333,-99.24353,141,6.0,False,6.0,6.067191628615086,12061,Zoquiapa,True
12028,0036,Cuauhtenango,17.54689638888889,-99.20558194444445,1108,75.0,False,75.0,3.2937711427490286,12028,Santa Catarina,False
12028,0037,Cuonetzingo,17.527359444444443,-99.26579166666667,1553,90.0,False,90.0,0.0,12028,Cuonetzingo,False
12028,0039,Chautla,17.578028333333332,-99.20282611111111,406,14.0,False,14.0,3.2171535457406257,12028,Chilapa de Álvarez,False
12028,0040,El Epazote,17.36462388888889,-99.05297999999999,1071,66.0,False,66.0,0.0,12028,El Epazote,False
12028,0042,San Antonio (Hueitepec),17.466420833333334,-98.91907611111111,424,32.0,False,32.0,5.144707398430226,12010,El Duraznal,True
12028,0044,El Jagüey,17.490241944444445,-99.14604166666668,2069,115.0,False,115.0,0.0,12028,El Jagüey,False
12028,0046,Lamazintla,17.59026111111111,-99.10910861111111,334,19.0,False,19.0,3.0573698533973226,12028,Xulchuchuio,False
12028,0047,El Limón,17.56984361111111,-99.21021861111112,293,14.0,False,14.0,4.3874230553774645,12028,Chilapa de Álvarez,False
12028,0048,Lodo Grande,17.609722222222224,-99.21194444444444,1046,59.0,False,59.0,4.019238113130083,12028,Chilapa de Álvarez,False
12028,0049,Macuixcatlán,17.560939444444447,-99.15942277777778,934,67.0,False,67.0,2.12916381046911,12028,Santa Catarina,False
12028,0051,Mexcaltepec I,17.518394722222222,-99.10387,518,45.0,False,45.0,4.7375284719365975,12028,Atzacoaloya,False
12028,0052,Mexcalcingo,17.385723055555555,-98.99969333333334,1821,146.0,False,146.0,0.0,12028,Mexcalcingo,False
12028,0053,Miraflor,17.56737638888889,-99.15094944444445,272,19.0,False,19.0,2.743868443908587,12028,Atzacoaloya,False
12028,0054,La Mohonera,17.63866972222222,-99.20240916666667,1534,90.0,False,90.0,2.681739698158473,12074,Topiltepec,True
12028,0055,Nejapa,17.611250555555557,-99.1454425,4361,272.0,False,272.0,3.9059857131014044,12028,Chilapa de Álvarez,False
12028,0056,Ocuituco,17.56402611111111,-99.18934416666667,737,60.0,False,60.0,2.344989785063334,12028,Santa Catarina,False
12028,0058,Pantitlán,17.639994444444444,-99.11010972222222,2616,182.0,False,182.0,0.0,12028,Pantitlán,False
12028,0059,El Paraíso,17.579740555555556,-99.18043138888889,532,29.0,False,29.0,1.6375471265046744,12028,Chilapa de Álvarez,False
12028,0060,El Peral,17.571348333333333,-99.25094972222222,250,12.0,False,12.0,4.0447762741429925,12061,Zoquiapa,True
12028,0061,Popoyatlajco,17.50086111111111,-99.26949416666666,531,31.0,False,31.0,2.780842557949597,12044,Monte Alegre,True
12028,0062,La Providencia,17.600876111111113,-99.20819250000001,486,27.0,False,27.0,3.3171968335066278,12028,Chilapa de Álvarez,False
12028,0064,El Refugio,17.559807777777777,-99.21162972222223,405,23.0,False,23.0,4.132297328583126,12028,Santa Catarina,False
12028,0066,San Ángel,17.481933888888886,-99.16563333333333,1177,94.0,False,94.0,2.273937293911971,12028,El Jagüey,False
12028,0067,San Jerónimo Palantla,17.52852777777778,-99.08855861111111,567,28.0,False,28.0,5.574543127800102,12028,Atzacoaloya,False
12028,0068,San Marcos,17.34772,-99.0034125,628,36.0,False,36.0,3.6297883538160165,12028,Cajeltitlán,False
12028,0069,Santa Ana,17.574535277777777,-99.22198611111111,637,47.0,False,47.0,5.181850606788348,12028,Chilapa de Álvarez,False
12028,0070,Santa Catarina,17.548346666666667,-99.17455194444445,1462,101.0,False,101.0,0.0,12028,Santa Catarina,False
12028,0071,Santa Cruz,17.650581944444443,-99.11762611111111,675,41.0,False,41.0,1.4213834297554178,12028,Pantitlán,False
12028,0073,Tenexatlajco (Tenexatlaco),17.554582777777778,-99.2631138888889,317,25.0,False,25.0,1.8309146746454106,12061,Zoquiapa,True
12028,0074,Teomatatlán,17.571906944444443,-99.1252961111111,471,26.0,False,26.0,3.157585252897313,12028,Atzacoaloya,False
12028,0076,Tepehuixco,17.606781666666667,-99.25158194444444,720,53.0,False,53.0,5.937167655500132,12061,Almolonga,True
12028,0077,Tetitlán de la Lima,17.622493055555555,-99.24455527777778,104,6.0,False,6.0,4.285253106148713,12074,Topiltepec,True
12028,0078,Tepetlacingo,17.562675833333333,-99.14860861111111,527,36.0,False,36.0,2.1682524996527133,12028,Atzacoaloya,False
12028,0079,Tepozcuautla,17.621626666666668,-99.22708305555555,803,52.0,False,52.0,3.675923926348993,12074,Topiltepec,True
12028,0081,Tepozonalco,17.572525555555554,-99.0307675,632,54.0,False,54.0,4.5002944152681055,12010,Petatlán,True
12028,0083,El Terrero I,17.597363333333334,-99.15634083333335,538,37.0,False,37.0,2.288604784152007,12028,Chilapa de Álvarez,False
12028,0084,Tetitlán II,17.49816722222222,-98.95299472222223,98,8.0,False,8.0,6.498536838839779,12079,Tomactilicán,True
12028,0086,Tlacoaxtla,17.555155833333334,-99.20294972222223,918,57.0,False,57.0,3.104428635418144,12028,Santa Catarina,False
12028,0089,Tlalixtlahuacán,17.485729444444445,-99.11962416666665,599,47.0,False,47.0,2.846297780297979,12028,El Jagüey,False
12028,0091,Tlamixtlahuacan,17.503119444444444,-99.225875,3207,207.0,False,207.0,0.0,12028,Tlamixtlahuacan,False
12028,0092,Tlanipatla,17.533033055555556,-99.14557611111111,479,26.0,False,26.0,1.6739579175021781,12028,Atzacoaloya,False
12028,0094,Tlaxinga (Clatzinga),17.520966666666666,-99.19338111111111,1110,62.0,False,62.0,2.408293821055435,12028,Ayahualulco,False
12028,0098,Trigomila,17.584457777777775,-99.12649916666666,722,44.0,False,44.0,4.338915333508801,12028,Xulchuchuio,False
12028,0099,Vista Hermosa,17.495974444444446,-99.22441222222223,409,29.0,False,29.0,0.809490448628375,12028,Tlamixtlahuacan,False
12028,0100,Xicotlán,17.5119725,-99.11597416666666,405,33.0,False,33.0,4.000720766633176,12028,El Jagüey,False
12028,0101,Xiloxuchicán,17.473076944444443,-99.15805722222223,788,54.0,False,54.0,2.2949901821964054,12028,El Jagüey,False
12028,0102,Xochitempa,17.527736388888886,-99.16947027777778,641,48.0,False,48.0,2.3542410702491106,12028,Santa Catarina,False
12028,0103,Xolotepec,17.506595833333332,-99.059935,434,40.0,False,40.0,3.6876636980866793,12028,Ahuixtla,False
12028,0104,Xulchuchuio,17.617416388888888,-99.10458416666665,721,47.0,False,47.0,0.0,12028,Xulchuchuio,False
12028,0105,Zacapexco,17.462767499999998,-99.07926333333333,456,35.0,False,35.0,3.44993438558474,12028,Zelocotitlán,False
12028,0107,Santa Cruz (Zacazonapa),17.45029611111111,-99.13502611111112,459,28.0,False,28.0,2.8877423258523094,12028,Zelocotitlán,False
12028,0108,Zelocotitlán,17.448065833333334,-99.10790388888888,1076,85.0,False,85.0,0.0,12028,Zelocotitlán,False
12028,0110,Zinzintitlán,17.538038611111112,-99.15277361111112,622,53.0,False,53.0,1.825761439577878,12028,Atzacoaloya,False
12028,0111,Zizicazapa,17.515604166666666,-99.15266638888889,1139,59.0,False,59.0,2.906337479039653,12028,El Jagüey,False
12028,0112,Zompeltepec,17.56050527777778,-99.06315333333333,609,39.0,False,39.0,4.444844560777946,12028,Ahuixtla,False
12028,0113,Zoquitipa,17.53798111111111,-99.183505,519,27.0,False,27.0,1.4931584103138649,12028,Santa Catarina,False
12028,0119,Samacingo,17.475038888888886,-99.18352972222223,84,3.0,False,3.0,2.9839399303281167,12028,Ayahualulco,False
12028,0120,Los Claveles,17.604091944444445,-99.19414583333334,70,3.0,False,3.0,2.0608654102848423,12028,Chilapa de Álvarez,False
12028,0125,Zinantla,17.530599166666665,-99.18765583333334,432,15.0,False,15.0,2.413444489962848,12028,Santa Catarina,False
12028,0126,Tecongo,17.338704444444442,-99.03230138888888,421,29.0,False,29.0,2.831976912050216,12051,Platanillo,True
12028,0127,Ahuehueijtic,17.54670777777778,-99.08474416666667,609,42.0,False,42.0,5.5143580379287025,12028,Ahuixtla,False
12028,0128,Buenavista del Río,17.4388875,-99.09157083333334,340,26.0,False,26.0,2.010873337917282,12028,Zelocotitlán,False
12028,0129,Coamacingo (Coamancin),17.42483916666667,-98.9377225,411,28.0,False,28.0,6.294990740723284,12010,Xalpitzáhuac,True
12028,0130,Mexcaltepec II,17.463368888888887,-98.90451277777778,967,67.0,False,67.0,4.608242336351556,12010,El Duraznal,True
12028,0131,Acahuehuetlán,17.5022475,-99.10351027777777,360,24.0,False,24.0,4.70388808050905,12028,El Jagüey,False
12028,0132,Los Magueyes,17.628465833333333,-99.17180611111111,895,59.0,False,59.0,3.8572012895969015,12028,Chilapa de Álvarez,False
12028,0133,Ahuacuotzintla,17.652078888888887,-99.12362027777777,218,12.0,False,12.0,1.9634503138984183,12028,Pantitlán,False
12028,0134,Papaxtla,17.58882583333333,-99.067685,288,26.0,False,26.0,5.040016649138526,12028,Xulchuchuio,False
12028,0137,Pueblo Viejo,17.407389444444444,-99.06141416666667,104,9.0,False,9.0,4.838802212994049,12028,El Epazote,False
12028,0139,Popocatzin,17.377005833333335,-99.02106388888889,756,65.0,False,65.0,2.4662591211027363,12028,Mexcalcingo,False
12028,0140,Teypalco,17.373350833333333,-98.99981166666667,647,40.0,False,40.0,1.3757856517299027,12028,Mexcalcingo,False
12028,0141,Tlayelpa,17.359793333333336,-98.99411083333334,322,29.0,False,29.0,1.9940997705048613,12028,Cajeltitlán,False
12028,0142,Tres Cruces,17.36422638888889,-98.98180277777777,384,43.0,False,43.0,0.7952442208130892,12028,Cajeltitlán,False
12028,0144,Acostapachtlán,17.393915833333335,-99.05266388888889,386,34.0,False,34.0,3.2572883521098874,12028,El Epazote,False
12028,0145,Agua Zarca,17.596217777777778,-99.1401663888889,395,26.0,False,26.0,3.9824728359693826,12028,Chilapa de Álvarez,False
12028,0148,Crucero Alto,17.464439444444444,-99.18312777777778,39,2.0,False,2.0,4.16145978031828,12028,Ayahualulco,False
12028,0151,El Mezón,17.361219444444444,-98.97408833333334,325,22.0,False,22.0,1.2296410999222176,12028,Cajeltitlán,False
12028,0153,Olingachacatlán (Camposanto Viejo),17.372641666666667,-99.04141777777778,172,17.0,False,17.0,1.5167275214455236,12028,El Epazote,False
12028,0156,San Pedro,17.475604722222222,-99.1554088888889,182,11.0,False,11.0,1.906835370956631,12028,El Jagüey,False
12028,0158,Tepango,17.356671944444447,-98.96877222222223,47,2.0,False,2.0,1.9572862413744558,12028,Cajeltitlán,False
12028,0160,Tlalahuapan,17.367269722222222,-99.00234583333334,334,33.0,False,33.0,2.071134201948542,12028,Mexcalcingo,False
12028,0162,Zoyacomulco,17.52615638888889,-99.06387388888889,106,7.0,False,7.0,3.028408047285121,12028,Ahuixtla,False
12028,0163,Ocutla,17.360331111111112,-98.98218305555555,215,25.0,False,25.0,1.223121318846098,12028,Cajeltitlán,False
12028,0164,Matlala,17.471676666666664,-99.19970083333334,162,13.0,False,13.0,3.7245209474065666,12051,Achigca,True
12028,0165,Terrero,17.546734166666667,-99.16541166666667,68,6.0,False,6.0,0.9855069315075388,12028,Santa Catarina,False
12028,0166,Tlalhuic (Ocoixtlahuac),17.365278055555557,-99.01403944444445,121,13.0,False,13.0,2.7360604738002037,12028,Mexcalcingo,False
12028,0168,El Pinoral,17.538323611111114,-99.26775277777777,397,33.0,False,33.0,1.2066272663324655,12061,Zoquiapa,True
12028,0169,Zinenezintla,17.57862527777778,-99.1621063888889,94,4.0,False,4.0,2.39526301920052,12028,Chilapa de Álvarez,False
12028,0172,Cerrito de San Marcos,17.448024166666666,-98.93283083333334,307,22.0,False,22.0,6.29938393406822,12010,Xalpitzáhuac,True
12028,0177,Xalocán,17.519041666666666,-98.95210333333334,33,3.0,False,3.0,5.351556564498747,12010,Atlixtac,True
12028,0178,Xicaixtlahuac (La Laguna),17.353734444444445,-99.02933694444444,1277,86.0,False,86.0,2.786121673374372,12028,El Epazote,False
12028,0180,Ahuexotitlán II,17.34577583333333,-98.98608555555556,452,47.0,False,47.0,2.8937026429232233,12028,Cajeltitlán,False
12028,0182,Cajeltitlán,17.37101888888889,-98.9794575,183,14.0,False,14.0,0.0,12028,Cajeltitlán,False
12028,0183,Cuamañotepec,17.549718611111114,-99.05279277777778,122,12.0,False,12.0,2.8193369103993424,12028,Ahuixtla,False
12028,0186,Terrero,17.584763888888887,-99.0831411111111,94,11.0,False,11.0,4.283453900199584,12028,Xulchuchuio,False
12028,0187,Tlalcorral,17.39109,-99.02350555555556,41,4.0,False,4.0,2.5963130073300804,12028,Mexcalcingo,False
12028,0190,Chacaltlá,17.378395833333332,-99.03192305555555,188,17.0,False,17.0,2.708997646109704,12028,El Epazote,False
12028,0193,Tenezintla,17.5222375,-99.12305916666666,16,0.0,False,0.0,3.081623187178469,12028,Atzacoaloya,False
12028,0196,Agua Fría,17.532353055555554,-99.17634222222223,241,16.0,False,16.0,1.7885093959131015,12028,Santa Catarina,False
12028,0197,Agua Tapada,17.464189166666667,-99.17941888888889,29,3.0,False,3.0,4.203300131111587,12028,Ayahualulco,False
12028,0199,Agua Zarca,17.620003611111112,-99.20834305555556,66,6.0,False,6.0,4.066024497735054,12074,Topiltepec,True
12028,0200,Agua Zarca (Las Carboneras),17.599614166666665,-99.10584916666666,10,0.0,False,0.0,1.9840518559191358,12028,Xulchuchuio,False
12028,0201,Ahuazoitic,17.521986388888887,-99.08557416666666,1,,True,0.06483891304699245,5.37431983162085,12028,Ahuixtla,False
12028,0203,El Ranchito Amolixtlahuacan,17.478622777777776,-98.8980288888889,33,1.0,False,1.0,2.778551499333614,12010,El Duraznal,True
12028,0206,Ayacaztepec,17.382460000000002,-99.04820388888889,15,0.0,False,0.0,2.0470264228710255,12028,El Epazote,False
12028,0207,Buena Vista del Plan,17.35547027777778,-99.05344611111111,92,3.0,False,3.0,1.0190365234355834,12028,El Epazote,False
12028,0208,Buena Vista de las Pilas,17.473066944444444,-98.99192694444444,244,19.0,False,19.0,1.7351112352171432,12079,Tomactilicán,True
12028,0210,El Chautle,17.661599444444445,-99.11431277777777,29,1.0,False,1.0,2.443298275681047,12028,Pantitlán,False
12028,0211,La Ciénega (Zapotitlán de la Ciénega),17.521554444444444,-99.12815499999999,6,,True,0.38903347828195467,2.917193616464148,12028,Atzacoaloya,False
12028,0215,Copancingo,17.53499166666667,-99.1729138888889,1,,True,0.06483891304699245,1.4951294090623757,12028,Santa Catarina,False
12028,0218,El Crucero de Santa Ana,17.56571388888889,-99.22054333333334,16,1.0,False,1.0,4.827470082275828,12028,Ahuexotitlán,False
12028,0219,Cruztlalamulco (Tlalamulco),17.529990277777777,-99.13481138888889,22,0.0,False,0.0,1.822052872128037,12028,Atzacoaloya,False
12028,0227,Ignotepec (Cruz de Limón),17.53451638888889,-99.19486361111112,73,5.0,False,5.0,2.646260379834524,12028,Santa Catarina,False
12028,0230,La Laguna,17.601113055555558,-99.08917444444444,20,3.0,False,3.0,2.4400275101159594,12028,Xulchuchuio,False
12028,0239,Plan de Conejo,17.379038333333334,-99.04110222222222,74,6.0,False,6.0,2.0390890715511123,12028,El Epazote,False
12028,0241,Puente Carrizal (Atexca),17.555334722222224,-99.1368975,28,3.0,False,3.0,1.0280231255131203,12028,Atzacoaloya,False
12028,0243,Rincón de Chautla,17.47237222222222,-99.07745305555555,113,13.0,False,13.0,4.211597569766437,12028,Zelocotitlán,False
12028,0253,El Tepehuaje,17.459679722222223,-99.08313277777778,59,1.0,False,1.0,2.9278038181076127,12028,Zelocotitlán,False
12028,0254,Los Tepetates (Ajoloapa),17.59014361111111,-99.14521166666667,74,6.0,False,6.0,3.4715411107082397,12028,Chilapa de Álvarez,False
12028,0256,Tepexaxocotitlán,17.48741027777778,-98.90186083333334,85,6.0,False,6.0,2.189329834654755,12010,El Duraznal,True
12028,0258,Tepozcocruz (Puerto Buena Vista),17.585176666666666,-99.06582722222223,4,,True,0.2593556521879698,5.452121401904185,12028,Xulchuchuio,False
12028,0259,Tepozonalco del Sur,17.434569444444445,-99.1018286111111,2,,True,0.1296778260939849,1.633262730695435,12028,Zelocotitlán,False
12028,0261,Tetlixtac,17.368669166666667,-98.97123805555556,151,12.0,False,12.0,0.9105718887972426,12028,Cajeltitlán,False
12028,0263,Tlalixteltepan,17.375809444444446,-98.98920805555555,101,9.0,False,9.0,1.1638127947712864,12028,Cajeltitlán,False
12028,0264,Tonalapa,17.51814861111111,-99.09079055555556,7,,True,0.45387239132894713,5.874688334202225,12028,Atzacoaloya,False
12028,0267,Zacamalinalijtic,17.536304722222223,-99.05453916666666,7,0.0,False,0.0,2.1098451782928676,12028,Ahuixtla,False
12028,0269,Zochitempa (Laguna Seca),17.519033055555553,-99.07978305555555,129,11.0,False,11.0,4.845339997156214,12028,Ahuixtla,False
12028,0273,Ciénega Uno,17.604081944444445,-99.16788583333334,120,10.0,False,10.0,1.5091529921824332,12028,Chilapa de Álvarez,False
12028,0283,El Rincón,17.509865555555557,-99.05085666666666,4,,True,0.2593556521879698,2.7893591413746903,12028,Ahuixtla,False
12028,0284,Tlatempa,17.522724999999998,-99.04895277777777,41,6.0,False,6.0,1.6448253864921816,12028,Ahuixtla,False
12028,0285,El Edén,17.46961972222222,-98.90409416666667,30,1.0,False,1.0,3.9587142576471437,12010,El Duraznal,True
12028,0296,Colonia Cojtenco,17.49673166666667,-99.13786333333334,79,12.0,False,12.0,1.1282749862015706,12028,El Jagüey,False
12028,0299,Pochutla,17.586226944444444,-99.21237027777778,159,9.0,False,9.0,3.783059458236435,12028,Chilapa de Álvarez,False
12028,0301,Tlalauas,17.53618777777778,-99.04838055555555,37,4.0,False,4.0,1.4984140558053949,12028,Ahuixtla,False
12028,0302,Acueponalco,17.467462777777776,-99.07148194444444,15,0.0,False,0.0,4.424673898845892,12028,Zelocotitlán,False
12028,0303,Escuinapa,17.472422777777776,-99.06794027777778,28,3.0,False,3.0,5.030351637967297,12028,Zelocotitlán,False
12028,0311,Colonia la Poyeca,17.501526388888887,-99.18775638888889,43,3.0,False,3.0,0.5393359631454243,12028,Ayahualulco,False
12028,0312,Flor Morada,17.582360555555557,-99.16339444444445,211,16.0,False,16.0,2.0089775205971394,12028,Chilapa de Álvarez,False
12028,0319,La Villa,17.493333055555556,-98.93234833333334,443,33.0,False,33.0,4.851638258453427,12010,El Duraznal,True
12028,0321,Tlatempa,17.570755555555554,-99.05751472222222,161,13.0,False,13.0,5.057060351216146,12028,Ahuixtla,False
12028,0322,Tula Guerrero,17.499769166666667,-99.11967222222222,90,5.0,False,5.0,2.9904494629415668,12028,El Jagüey,False
12028,0325,Colonia Xacayahuitic,17.511502222222223,-98.93040222222223,21,2.0,False,2.0,4.694731848189354,12010,El Duraznal,True
12028,0326,Xochicalco,17.50429,-99.14749444444445,360,20.0,False,20.0,1.5696519422305952,12028,El Jagüey,False
12028,0327,Tierra Blanca Ocotito,17.34144583333333,-99.00315611111111,130,7.0,False,7.0,4.139993170036284,12028,Cajeltitlán,False
12028,0330,Tecongo II,17.531081666666665,-99.028795,243,19.0,False,19.0,0.7316502651623414,12028,Ahuixtla,False
12028,0331,Colonia Frente de Defensa Popular,17.618065277777777,-99.1796688888889,130,14.0,False,14.0,2.6584711625499224,12028,Chilapa de Álvarez,False
12028,0332,Cantera Rosa,17.560788055555555,-99.10129722222221,82,9.0,False,9.0,4.198100614043674,12028,Atzacoaloya,False
12028,0333,Fraccionamiento los Reyes,17.61300388888889,-99.1966163888889,20,4.0,False,4.0,2.8955704945470093,12028,Chilapa de Álvarez,False
12028,0335,Colonia Ahuacuotzingo,17.44362138888889,-99.09356666666666,10,0.0,False,0.0,1.5991714497908798,12028,Zelocotitlán,False
12028,0336,24 de Febrero,17.593513055555555,-99.15374972222223,62,6.0,False,6.0,2.537892204521813,12028,Chilapa de Álvarez,False
12028,0337,Chilapa de Álvarez [Cereso],17.594539166666664,-99.20857333333333,13,0.0,False,0.0,3.274486346924042,12028,Chilapa de Álvarez,False
12028,0338,Buena Vista,17.50463611111111,-99.0854611111111,127,9.0,False,9.0,6.005276282930437,12028,Ahuixtla,False
12028,0340,Ichpochuapa [Rancho],17.647330555555556,-99.17420833333334,4,,True,0.2593556521879698,4.923440476649157,12074,Zitlala,True
12028,0341,Corral de Piedra,17.58738472222222,-99.1469038888889,10,,True,0.6483891304699245,3.34997801257604,12028,Chilapa de Álvarez,False
12028,0342,Tecoyutla,17.624347222222223,-99.16311111111112,33,2.0,False,2.0,3.687556890197576,12028,Chilapa de Álvarez,False
12028,0343,El Paraíso,17.480713888888886,-98.90250833333334,29,1.0,False,1.0,2.808907356897247,12010,El Duraznal,True
12028,0344,Xochimilco,17.59368333333333,-99.20291611111111,230,16.0,False,16.0,2.6753836469277066,12028,Chilapa de Álvarez,False
12029,0001,Chilpancingo de los Bravo,17.551649444444447,-99.50106277777778,225728,12100.0,False,12100.0,0.0,12029,Chilpancingo de los Bravo,False
12029,0024,Acahuizotla,17.36129027777778,-99.46703861111111,1142,53.0,False,53.0,0.0,12029,Acahuizotla,False
12029,0025,Agua Hernández,17.41485222222222,-99.70480444444445,253,25.0,False,25.0,5.829828207699197,12029,Inscuinatoyac (El Pueblito),False
12029,0026,Amojileca,17.568886944444444,-99.56888777777777,1296,74.0,False,74.0,0.0,12029,Amojileca,False
12029,0027,Azinyahualco (Cañada de Azinyahualco),17.406768888888887,-99.55564,360,20.0,False,20.0,0.0,12029,Azinyahualco (Cañada de Azinyahualco),False
12029,0028,Buena Vista de la Salud,17.259554722222223,-99.50244111111111,1970,109.0,False,109.0,0.0,12029,Buena Vista de la Salud,False
12029,0029,Cajelitos,17.267993055555554,-99.4930825,1230,85.0,False,85.0,1.3667268303764912,12029,Buena Vista de la Salud,False
12029,0030,Carrizal de la Vía,17.205262777777776,-99.51293861111111,461,19.0,False,19.0,4.146220922341698,12039,Tierra Colorada,True
12029,0031,Carrizal de Pinzón,17.354075833333336,-99.74228111111111,420,24.0,False,24.0,2.059438446346082,12029,Inscuinatoyac (El Pueblito),False
12029,0032,El Ciruelar,17.231524722222222,-99.67525833333333,276,12.0,False,12.0,10.141573431167304,12001,Pablo Galeana (Coacoyular),True
12029,0033,Coacoyulillo,17.335184444444444,-99.64935527777779,1589,95.0,False,95.0,0.0,12029,Coacoyulillo,False
12029,0034,Coapango,17.506454444444444,-99.63657305555556,208,9.0,False,9.0,5.088847329372098,12029,San Vicente,False
12029,0035,Chautipan,17.509963055555556,-99.74117444444444,539,29.0,False,29.0,6.082255953078382,12029,San Vicente,False
12029,0036,La Esperanza,17.388238333333334,-99.60898916666666,665,49.0,False,49.0,0.0,12029,La Esperanza,False
12029,0037,El Fresno,17.43114416666667,-99.58651805555554,1231,96.0,False,96.0,0.0,12029,El Fresno,False
12029,0038,La Haciendita,17.20468222222222,-99.49636916666667,424,20.0,False,20.0,4.8144732767653196,12039,Tierra Colorada,True
12029,0039,Huiteco,17.587521388888888,-99.47759861111112,34,1.0,False,1.0,4.700790783597767,12029,Chilpancingo de los Bravo,False
12029,0040,Inscuinatoyac (El Pueblito),17.368027222222224,-99.72951833333333,663,59.0,False,59.0,0.0,12029,Inscuinatoyac (El Pueblito),False
12029,0041,Jaleaca de Catalán,17.445712222222223,-99.859935,2359,139.0,False,139.0,0.0,12029,Jaleaca de Catalán,False
12029,0042,Julián Blanco (Dos Caminos),17.21886333333333,-99.52468999999999,2037,100.0,False,100.0,3.35160159039906,12029,Ocotito,False
12029,0043,Mazatlán,17.434904166666666,-99.46523916666666,6093,327.0,False,327.0,0.0,12029,Mazatlán,False
12029,0044,Mohoneras,17.23511277777778,-99.51622388888889,1844,101.0,False,101.0,1.3577240732563578,12029,Ocotito,False
12029,0045,Ocotito,17.2470375,-99.513475,6757,391.0,False,391.0,0.0,12029,Ocotito,False
12029,0046,Palo Blanco,17.404538888888887,-99.46538611111112,2674,123.0,False,123.0,0.0,12029,Palo Blanco,False
12029,0047,Petaquillas,17.486165555555555,-99.45514972222223,12544,763.0,False,763.0,4.217678167512466,12029,Tepechicotlán,False
12029,0048,Rincón de Alcaparrosa,17.44748472222222,-99.69599555555556,397,25.0,False,25.0,7.475201635401724,12029,San Vicente,False
12029,0049,Rincón de la Vía,17.28939805555556,-99.48090166666667,720,40.0,False,40.0,4.030201400613454,12029,Buena Vista de la Salud,False
12029,0050,Río Verde,17.200993333333333,-99.78183861111111,245,14.0,False,14.0,9.619222223059268,12021,Santa Rosa de Lima,True
12029,0051,San Cristóbal,17.277290833333332,-99.9389063888889,1162,86.0,False,86.0,0.0,12029,San Cristóbal,False
12029,0052,San Miguel,17.23520361111111,-99.83590416666667,355,25.0,False,25.0,3.0638072278764716,12021,Santa Rosa de Lima,True
12029,0053,Santa Bárbara,17.311050833333333,-99.86746777777778,542,24.0,False,24.0,0.0,12029,Santa Bárbara,False
12029,0055,San Vicente,17.51372222222222,-99.68395277777778,2259,165.0,False,165.0,0.0,12029,San Vicente,False
12029,0056,Tecoanapa,17.496783055555557,-99.49476777777778,3,,True,0.1637245283285219,6.137269783845139,12029,Chilpancingo de los Bravo,False
12029,0057,Tepechicotlán,17.48269611111111,-99.41554861111112,1469,85.0,False,85.0,0.0,12029,Tepechicotlán,False
12029,0058,Tlahuizapa,17.302272777777777,-99.60286972222222,648,33.0,False,33.0,0.0,12029,Tlahuizapa,False
12029,0059,Xocomanatlán,17.550968055555558,-99.6356375,42,3.0,False,3.0,6.587564082615005,12029,San Vicente,False
12029,0061,Zoyatepec,17.329449444444442,-99.55574833333333,636,35.0,False,35.0,0.0,12029,Zoyatepec,False
12029,0097,Colonia General Heliodoro Castillo (Chicahuales),17.511379166666668,-99.91784333333334,236,18.0,False,18.0,0.0,12029,Colonia General Heliodoro Castillo (Chicahuales),False
12029,0098,El Aguajito,17.490205555555555,-99.69723944444445,221,14.0,False,14.0,2.970388030027289,12029,San Vicente,False
12029,0099,Llanos de Tepoxtepec,17.475591666666666,-99.52787222222221,163,7.0,False,7.0,7.9452017904803816,12029,El Fresno,False
12029,0100,Omiltemi,17.55683388888889,-99.68650722222223,181,10.0,False,10.0,4.801443605636315,12029,San Vicente,False
12029,0103,Huacalapa,17.47916611111111,-99.61746777777778,35,0.0,False,0.0,6.268284100727789,12029,El Fresno,False
12029,0104,Chacualcingo,17.47323861111111,-99.57398805555555,10,0.0,False,0.0,4.865742545462101,12029,El Fresno,False
12029,0105,Los Cimientos,17.379929166666667,-99.67190972222222,17,1.0,False,1.0,5.5212698140469545,12029,Coacoyulillo,False
12029,0109,Agua de Obispo,17.319228055555556,-99.46815972222223,10,0.0,False,0.0,4.678619236092163,12029,Acahuizotla,False
12029,0111,Los Amates (El Potrero),17.350651388888892,-99.61329138888888,3,,True,0.1637245283285219,4.196429131339356,12029,Coacoyulillo,False
12029,0112,Bordo Colorado,17.54596277777778,-99.55915416666666,9,,True,0.49117358498556574,2.749999142407194,12029,Amojileca,False
12029,0114,Acapulco González [Restaurante],17.334071666666667,-99.47690194444445,1,,True,0.05457484277617397,3.2025084507524264,12029,Acahuizotla,False
12029,0115,El Calvario,17.465944722222222,-99.51396055555556,87,4.0,False,4.0,6.214811984182831,12029,Mazatlán,False
12029,0118,Los Joveros,17.345124166666665,-99.47638083333334,11,0.0,False,0.0,2.0529128399616012,12029,Acahuizotla,False
12029,0123,Ixtemalco,17.526526666666665,-99.60021944444443,10,,True,0.5457484277617397,5.763749330075532,12029,Amojileca,False
12029,0126,Lagunillas,17.56169388888889,-99.5398111111111,27,1.0,False,1.0,3.18450683019132,12029,Amojileca,False
12029,0135,Santa Rita y Tecalco,17.311945833333333,-99.791645,67,3.0,False,3.0,8.049803451044918,12029,Santa Bárbara,False
12029,0138,El Zapote (El Chivero),17.382118333333334,-99.63901444444446,2,,True,0.10914968555234794,3.2580041559626416,12029,La Esperanza,False
12029,0139,Cerro de Tixtla [Antena de Microondas Frontera],17.56576777777778,-99.46632138888889,4,,True,0.21829937110469588,4.003700745098087,12029,Chilpancingo de los Bravo,False
12029,0146,Tierras Prietas,17.60571888888889,-99.51706638888889,30,1.0,False,1.0,5.36238261337447,12075,Zumpango del Río,True
12029,0150,El Reparo,17.343638888888886,-99.64717861111112,1,,True,0.05457484277617397,0.9680645706910936,12029,Coacoyulillo,False
12029,0157,Rancho Posada de la Paz (Casas Blancas),17.378918333333335,-99.45464833333334,1,,True,0.05457484277617397,2.3603320396510505,12029,Acahuizotla,False
12029,0162,Lorena [Restaurante],17.355573055555556,-99.48040611111111,34,0.0,False,0.0,1.5546274289736495,12029,Acahuizotla,False
12029,0164,Las Margaritas,17.370349166666667,-99.48091611111111,5,,True,0.27287421388086985,1.784295741226958,12029,Acahuizotla,False
12029,0166,El Mexicano [Restaurante],17.359976944444448,-99.47835555555555,7,,True,0.3820238994332178,1.2099073279132768,12029,Acahuizotla,False
12029,0175,Tres Palitos (El Ranchito),17.490043333333336,-99.61514944444444,10,0.0,False,0.0,7.219167891086043,12029,El Fresno,False
12029,0176,Yola [Restaurante],17.350111666666667,-99.47866083333334,20,1.0,False,1.0,1.7511619533414682,12029,Acahuizotla,False
12029,0194,Lucero [Restaurante],17.33357472222222,-99.47161833333334,17,3.0,False,3.0,3.1199268357037564,12029,Acahuizotla,False
12029,0195,Rosy [Restaurante],17.3356475,-99.47786222222223,2,,True,0.10914968555234794,3.0740649994856026,12029,Acahuizotla,False
12029,0200,Conchita,17.331071388888887,-99.46882722222223,7,,True,0.3820238994332178,3.365545506720149,12029,Acahuizotla,False
12029,0204,Taco Time [Restaurante],17.355024722222225,-99.47963055555556,3,,True,0.1637245283285219,1.5070963358267884,12029,Acahuizotla,False
12029,0207,Villa Nueva,17.3654875,-99.48116861111112,2,,True,0.10914968555234794,1.57053503192277,12029,Acahuizotla,False
12029,0229,Ocotempa,17.269410277777776,-99.54445944444444,1,,True,0.05457484277617397,4.124831706159399,12029,Ocotito,False
12029,0232,El Pesebre,17.483675,-99.46606805555555,8,,True,0.43659874220939177,5.359111599562321,12029,Tepechicotlán,False
12029,0234,Pozquila,17.4829525,-99.47722777777778,4,,True,0.21829937110469588,5.4919846388874864,12029,Mazatlán,False
12029,0246,Paola [Restaurante],17.334915833333334,-99.4771363888889,9,,True,0.49117358498556574,3.122401858168966,12029,Acahuizotla,False
12029,0247,Tecolotlicha,17.4848725,-99.47262055555555,5,,True,0.27287421388086985,5.611119385341204,12029,Mazatlán,False
12029,0248,Tecontitlán,17.199145555555557,-99.4992286111111,3,,True,0.1637245283285219,4.136264443178761,12039,Tierra Colorada,True
12029,0250,Tepancalco (Piedra Grande),17.49571416666667,-99.47983638888888,3,,True,0.1637245283285219,6.614431472091551,12029,Chilpancingo de los Bravo,False
12029,0261,Ninguno [Taller Mecánico],17.2740975,-99.4914386111111,8,,True,0.43659874220939177,1.9949561206011783,12029,Buena Vista de la Salud,False
12029,0267,Colonia Progreso,17.255000555555554,-99.49889222222222,164,9.0,False,9.0,0.6312367521222584,12029,Buena Vista de la Salud,False
12029,0269,Cuenca Lechera,17.269603888888888,-99.5065575,15,0.0,False,0.0,1.1998643856422093,12029,Buena Vista de la Salud,False
12029,0270,Manantial de la Cruz,17.26508111111111,-99.50339916666667,30,3.0,False,3.0,0.6228704494154822,12029,Buena Vista de la Salud,False
12029,0276,El Chapopote,17.231978055555555,-99.52316361111112,14,0.0,False,0.0,1.9653879265508385,12029,Ocotito,False
12029,0281,El Zapotillo,17.25385861111111,-99.51415972222222,5,,True,0.27287421388086985,0.7619503687916374,12029,Ocotito,False
12029,0321,Valle Esmeralda,17.512376944444444,-99.47669333333333,31,2.0,False,2.0,5.0740823245534035,12029,Chilpancingo de los Bravo,False
12029,0323,Campestre Villa Esmeralda,17.512867222222223,-99.47448194444445,19,1.0,False,1.0,5.151680103719787,12029,Chilpancingo de los Bravo,False
12029,0330,Corralón,17.281475555555556,-99.48561833333333,1,,True,0.05457484277617397,3.0219350474683826,12029,Buena Vista de la Salud,False
12029,0331,La Crucecita (Los Manguitos),17.348587777777777,-99.47983388888889,11,,True,0.6003232705379137,1.9593839473179193,12029,Acahuizotla,False
12029,0339,El Tejocote (Iglesia Vieja),17.437054166666666,-99.52909888888888,78,1.0,False,1.0,4.389708684530466,12029,Azinyahualco (Cañada de Azinyahualco),False
12029,0342,Trituradora de Piedra Dos,17.596320555555554,-99.52789777777778,1,,True,0.05457484277617397,5.308858811970855,12029,Amojileca,False
12029,0343,Ranchito Viejo,17.47692611111111,-99.45326333333334,1,,True,0.05457484277617397,4.0511615869840885,12029,Tepechicotlán,False
12029,0347,Zoquitipa,17.50778138888889,-99.49152055555555,8,,True,0.43659874220939177,4.981730932331685,12029,Chilpancingo de los Bravo,False
12029,0421,Zeutla,17.269533888888887,-99.89531833333334,2,,True,0.10914968555234794,4.707862157393543,12029,San Cristóbal,False
12029,0423,Comochoapa,17.356755833333334,-99.66410055555556,1,,True,0.05457484277617397,2.8640448775630065,12029,Coacoyulillo,False
12029,0425,Chamilpa,17.478776944444444,-99.44919611111112,2,,True,0.10914968555234794,3.595154760124082,12029,Tepechicotlán,False
12029,0427,La Marmaja,17.5039675,-99.61035444444444,2,,True,0.10914968555234794,7.879624773896257,12029,San Vicente,False
12029,0433,La Ciénega,17.50225,-99.55222694444444,9,1.0,False,1.0,7.617352897964358,12029,Amojileca,False
12029,0439,Planta Purificadora la Sierrita,17.353841388888892,-99.47937555555556,9,,True,0.49117358498556574,1.5493242227501496,12029,Acahuizotla,False
12029,0440,Colonia Tierras Prietas,17.597194166666664,-99.51292277777777,66,1.0,False,1.0,5.218060903673082,12029,Chilpancingo de los Bravo,False
12029,0447,Ampliación Trinchera,17.555386944444447,-99.47328694444445,16,0.0,False,0.0,2.973898103463637,12029,Chilpancingo de los Bravo,False
12029,0450,El Durazno,17.479461388888886,-99.53340166666666,5,,True,0.27287421388086985,7.785271142339828,12029,El Fresno,False
12029,0454,La Cieneguita,17.52311138888889,-99.52038361111111,13,0.0,False,0.0,3.7770620331421236,12029,Chilpancingo de los Bravo,False
12029,0457,Renacimiento Agua Hernández,17.372309444444443,-99.67458111111111,240,24.0,False,24.0,4.920291830773772,12029,Coacoyulillo,False
12029,0458,Los Eucaliptos,17.55731888888889,-99.54185583333333,27,0.0,False,0.0,3.1411502815378705,12029,Amojileca,False
12029,0459,El Potrero,17.318266944444446,-99.6385788888889,1,,True,0.05457484277617397,2.201636932715812,12029,Coacoyulillo,False
12029,0461,Yaulingo,17.288934444444447,-99.91362694444445,5,,True,0.27287421388086985,2.979979468851525,12029,San Cristóbal,False
12029,0462,La Cruz de Tenamicoya,17.551916666666667,-99.54641055555555,27,1.0,False,1.0,3.0395604275173747,12029,Amojileca,False
12029,0463,Tlacolotlán,17.571046944444443,-99.4797763888889,2,,True,0.10914968555234794,3.121633168439291,12029,Chilpancingo de los Bravo,False
12030,0001,Cruz Grande,16.723880555555553,-99.12378722222222,13440,739.0,False,739.0,0.0,12030,Cruz Grande,False
12030,0002,Acapulquito,16.685225555555554,-99.17564111111112,29,0.0,False,0.0,3.976335105236265,12030,Las Ánimas,False
12030,0004,Las Ánimas,16.65853472222222,-99.20048416666667,581,28.0,False,28.0,0.0,12030,Las Ánimas,False
12030,0005,Arroyo Seco,16.698209722222224,-99.12285833333333,253,13.0,False,13.0,2.8561801183825226,12030,Cruz Grande,False
12030,0006,Boca del Río,16.63415638888889,-99.22859972222223,459,22.0,False,22.0,4.039788964579443,12030,Las Ánimas,False
12030,0007,Cantarranas,16.7016375,-99.1108775,173,10.0,False,10.0,2.8297564394466477,12030,Cruz Grande,False
12030,0008,Cuatro Bancos,16.676178333333336,-99.17758861111112,786,38.0,False,38.0,3.1300548783442315,12030,Las Ánimas,False
12030,0009,Charco del Pozo,16.684220555555555,-99.13523611111111,309,18.0,False,18.0,4.57545670131198,12030,Cruz Grande,False
12030,0010,Chautengo,16.641579166666666,-99.09098361111111,744,32.0,False,32.0,0.0,12030,Chautengo,False
12030,0011,Las Garzas,16.700935833333332,-99.14094722222222,355,19.0,False,19.0,3.1383277280344632,12030,Cruz Grande,False
12030,0012,Las Isletas,16.76147,-99.1125111111111,162,13.0,False,13.0,4.348795361520653,12030,Cruz Grande,False
12030,0013,Rancho la Esperanza,16.73578777777778,-99.09032555555555,2,,True,0.11146067415730337,3.801313414968289,12030,Cruz Grande,False
12030,0014,Tecualuya (Lomas de Tecualuya),16.707529722222223,-99.17014916666668,8,,True,0.4458426966292135,5.261486948530452,12030,Cruz Grande,False
12030,0015,Llano Grande,16.73714,-99.17335555555556,706,45.0,False,45.0,5.480478226774321,12030,Cruz Grande,False
12030,0016,Rancho los Manzanárez,16.69824388888889,-99.09825805555555,63,2.0,False,2.0,3.939329983392369,12030,Cruz Grande,False
12030,0017,La Máquina de Nexpa,16.755197777777777,-99.19546277777778,259,14.0,False,14.0,3.562112618844908,12053,Las Vigas,True
12030,0018,El Médano,16.625540833333332,-99.18162722222223,293,25.0,False,25.0,4.182786026421142,12030,Las Ánimas,False
12030,0019,Pico del Monte,16.610535000000002,-99.12144777777777,700,29.0,False,29.0,4.73829717880793,12030,Chautengo,False
12030,0020,Playa Larga Vieja (Playa Larga),16.704599444444444,-99.19942527777778,294,28.0,False,28.0,4.181062672524672,12053,Estero Verde,True
12030,0022,El Porvenir,16.776450555555556,-99.19534333333334,478,32.0,False,32.0,3.9517029699850075,12053,Las Vigas,True
12030,0024,Los Tamarindos,16.644114444444444,-99.13087638888888,236,19.0,False,19.0,4.259389205127511,12030,Chautengo,False
12030,0025,Vista Hermosa,16.76682472222222,-99.18525416666667,137,10.0,False,10.0,4.655980731109422,12053,Las Vigas,True
12030,0027,El Atrancadero,16.710626944444442,-99.15296666666667,38,1.0,False,1.0,3.439229434774974,12030,Cruz Grande,False
12030,0028,Concha (La Concha),16.735400277777778,-99.20045111111111,51,6.0,False,6.0,4.079477458271895,12053,Las Vigas,True
12030,0029,Los Charquitos,16.733340000000002,-99.15825472222222,96,5.0,False,5.0,3.818152315258177,12030,Cruz Grande,False
12030,0030,Dios Te Libre,16.756878888888888,-99.18194055555556,123,6.0,False,6.0,4.96979338022098,12053,Las Vigas,True
12030,0031,La Rusia,16.727966944444443,-99.19702916666667,101,4.0,False,4.0,4.9226035612534735,12053,Las Vigas,True
12030,0033,Vista Hermosa,16.769780555555556,-99.12178416666666,36,4.0,False,4.0,5.108301597778698,12030,Cruz Grande,False
12030,0034,Llano de la Barra,16.601549444444444,-99.10886694444444,154,8.0,False,8.0,4.841800226782363,12030,Chautengo,False
12030,0037,El Chamizal,16.70360722222222,-99.10587694444443,206,14.0,False,14.0,2.9529636344114745,12030,Cruz Grande,False
12030,0047,Colonia Emiliano Zapata (Los Palma),16.655043888888887,-99.18237916666668,63,2.0,False,2.0,1.9673810362363302,12030,Las Ánimas,False
12030,0048,Colonia Rosevalles,16.739025555555557,-99.17841277777778,24,2.0,False,2.0,5.836907899864715,12053,Las Vigas,True
12030,0057,El Recodo,16.660762777777776,-99.09929972222221,35,3.0,False,3.0,2.309779252045899,12030,Chautengo,False
12030,0058,San José de las Flores,16.643806666666666,-99.21212444444444,279,20.0,False,20.0,2.0542083392582335,12030,Las Ánimas,False
12030,0061,Las Marías,16.723606388888886,-99.11088777777778,32,3.0,False,3.0,1.3740226752171283,12030,Cruz Grande,False
12030,0066,El Tejoruco,16.686284722222222,-99.19766083333333,77,5.0,False,5.0,3.005875568173295,12053,Estero Verde,True
12030,0067,Los Llanitos,16.775423055555553,-99.125515,68,5.0,False,5.0,5.734216376984941,12030,Cruz Grande,False
12030,0081,Colonia Ampliación los Tamarindos,16.648340833333332,-99.13382916666667,101,2.0,False,2.0,4.626086850615651,12030,Chautengo,False
12030,0083,Colonia la Libertad,16.708359444444444,-99.11165194444443,35,3.0,False,3.0,2.156110848656526,12030,Cruz Grande,False
12030,0084,La Cuba,16.661679999999997,-99.11819722222222,40,2.0,False,2.0,3.660684271413225,12030,Chautengo,False
12030,0085,Huerta Grande,16.718231666666664,-99.19338666666667,39,4.0,False,4.0,5.791770199588003,12053,Estero Verde,True
12030,0087,El Mesón,16.67032777777778,-99.20688083333333,57,0.0,False,0.0,1.477799734369409,12030,Las Ánimas,False
12030,0092,Pénjamo,16.67127166666667,-99.12318388888889,15,1.0,False,1.0,4.761060261322308,12030,Chautengo,False
12030,0093,La Agrícola,16.662361388888886,-99.18475000000001,42,4.0,False,4.0,1.7292812951276297,12030,Las Ánimas,False
12030,0094,Colonia 1° de Mayo,16.70229611111111,-99.10204944444443,61,0.0,False,0.0,3.334624479442274,12030,Cruz Grande,False
12030,0095,Cleofas Plateros,16.7145475,-99.20277166666666,2,,True,0.11146067415730337,4.940437277465459,12053,Estero Verde,True
12030,0096,Los Mangos (Los Chicurros),16.700336944444444,-99.19038888888889,8,,True,0.4458426966292135,4.508898217175139,12053,Estero Verde,True
12031,0001,Acapetlahuaya,18.418484722222225,-100.07205166666667,1617,96.0,False,96.0,0.0,12031,Acapetlahuaya,False
12031,0002,Amates Grandes,18.394612777777777,-100.11744083333333,157,7.0,False,7.0,5.475309539738972,12031,Acapetlahuaya,False
12031,0003,Arroyo Seco,18.372149444444446,-100.1170925,172,9.0,False,9.0,6.264408046145546,12007,Almoloya (Almoloya el Grande),True
12031,0004,El Cantón,18.40635611111111,-100.04732916666667,244,12.0,False,12.0,2.936323328469281,12031,Acapetlahuaya,False
12031,0005,Las Cañitas,18.410723055555554,-100.0254625,49,2.0,False,2.0,4.990411807822252,12031,Acapetlahuaya,False
12031,0006,El Cascalote,18.39112722222222,-100.15171777777779,158,6.0,False,6.0,3.6571993608649773,12007,Almoloya (Almoloya el Grande),True
12031,0007,Callehualtitla,18.454309444444444,-100.0912075,29,0.0,False,0.0,2.505757129850311,12031,Ixtepec de San Simón,False
12031,0008,Las Ceibitas,18.401750277777776,-100.08134888888888,115,5.0,False,5.0,2.103491214619734,12031,Acapetlahuaya,False
12031,0011,Cuadrilla Nueva,18.412620555555556,-100.16083944444445,151,5.0,False,5.0,5.2297994559868535,12007,Almoloya (Almoloya el Grande),True
12031,0012,Cuahuxilopa (Cuaxilopa),18.432061944444445,-100.21620250000001,5,0.0,False,0.0,5.539120563098757,12058,Miahuatepec,True
12031,0013,Cueva del Tigre,18.46559027777778,-100.13131888888888,98,6.0,False,6.0,4.075440680659736,12031,Ixtepec de San Simón,False
12031,0014,Los Encinos,18.420402777777777,-100.14275222222223,257,18.0,False,18.0,6.823756068095886,12007,Almoloya (Almoloya el Grande),True
12031,0015,Encino Solo,18.402794444444442,-100.13346000000001,92,4.0,False,4.0,5.95411275089631,12007,Almoloya (Almoloya el Grande),True
12031,0016,La Esmeralda,18.3442275,-100.08141472222222,123,3.0,False,3.0,6.809749374375913,12007,Ixcatepec,True
12031,0017,Huey-Cal (Filo Hueycalli),18.450758333333333,-100.17005027777778,15,,True,0.7645747053201657,8.474603627298393,12031,Ixtepec de San Simón,False
12031,0018,Hueyatenco,18.432536666666667,-100.10622472222222,42,1.0,False,1.0,3.929117191611937,12031,Acapetlahuaya,False
12031,0019,Hueycalli,18.450133055555554,-100.1506663888889,82,2.0,False,2.0,6.61889019430157,12031,Ixtepec de San Simón,False
12031,0020,Ixtepec de San Simón,18.476630555555555,-100.09447166666666,549,26.0,False,26.0,0.0,12031,Ixtepec de San Simón,False
12031,0021,Lídice,18.466425,-100.02164583333334,675,36.0,False,36.0,0.0,12031,Lídice,False
12031,0022,Mina de la Concepción,18.434289166666666,-100.18734583333334,169,12.0,False,12.0,6.607385723593283,12058,Miahuatepec,True
12031,0023,Ocotepec,18.420023333333333,-100.10986083333333,83,5.0,False,5.0,3.9924738717347834,12031,Acapetlahuaya,False
12031,0024,Pata de Venado,18.43650472222222,-100.13229472222221,73,1.0,False,1.0,5.985224905083729,12031,Ixtepec de San Simón,False
12031,0025,La Providencia,18.40374,-100.14386916666668,139,7.0,False,7.0,5.249439604672903,12007,Almoloya (Almoloya el Grande),True
12031,0026,El Salto,18.437136944444443,-100.03592555555555,53,3.0,False,3.0,3.5881237525973275,12031,Lídice,False
12031,0028,Colonia Simón Tovar (Puente de Arroyo Seco),18.378900555555557,-100.1549888888889,18,1.0,False,1.0,2.5572796686490804,12007,Almoloya (Almoloya el Grande),True
12031,0029,Teteyo el Bajo (Teteyo),18.461746944444442,-100.11584277777777,87,2.0,False,2.0,2.7963035514166426,12031,Ixtepec de San Simón,False
12031,0030,El Texcal,18.392895833333334,-100.09336305555556,25,0.0,False,0.0,3.6265370069420553,12031,Acapetlahuaya,False
12031,0031,Tianquizolco,18.403005277777776,-100.16250388888889,211,5.0,False,5.0,4.162491015206904,12007,Almoloya (Almoloya el Grande),True
12031,0034,Los Mangos,18.432700555555556,-100.02741083333333,7,,True,0.35680152914941066,3.7989706680120485,12031,Lídice,False
12031,0037,Parota San Simón,18.479225555555555,-100.01379083333333,61,5.0,False,5.0,1.6468890228315383,12031,Lídice,False
12031,0038,Río Chiquito,18.499203333333334,-100.05785194444444,102,5.0,False,5.0,4.6057915467162855,12031,Ixtepec de San Simón,False
12031,0041,El Cruztel,18.385043333333332,-100.14744583333334,29,1.0,False,1.0,3.5894312046398706,12007,Almoloya (Almoloya el Grande),True
12031,0049,El Ocotito,18.466279166666666,-100.07720638888888,59,2.0,False,2.0,2.1541933852098323,12031,Ixtepec de San Simón,False
12031,0055,Los Amatitos,18.428265833333334,-100.08881638888889,16,0.0,False,0.0,2.07626419672353,12031,Acapetlahuaya,False
12031,0059,Sabino Alto,18.403614166666664,-100.11831388888888,54,1.0,False,1.0,5.153309193053648,12031,Acapetlahuaya,False
12031,0060,El Barrancón,18.429655833333335,-100.12666416666666,11,1.0,False,1.0,5.8937570103333945,12031,Acapetlahuaya,False
12031,0062,Los Hornos,18.480990277777774,-100.1590388888889,15,,True,0.7645747053201657,6.826611357668606,12031,Ixtepec de San Simón,False
12031,0064,Los Peña,18.477990833333333,-100.06938388888888,53,4.0,False,4.0,2.6501458170779046,12031,Ixtepec de San Simón,False
12031,0070,Vuelta Grande,18.49050777777778,-100.04885722222222,82,4.0,False,4.0,3.9251275299872317,12031,Lídice,False
12031,0075,Chipilatlán (La Memela),18.456532222222222,-100.16371055555557,20,0.0,False,0.0,7.636893982041006,12031,Ixtepec de San Simón,False
12031,0077,Nahuicalli (Cuadrilla Nueva),18.43229388888889,-100.06704722222221,3,,True,0.15291494106403314,1.6237338230504896,12031,Acapetlahuaya,False
12031,0084,Pozo Blanco,18.366119444444447,-100.10335888888888,4,,True,0.20388658808537752,6.69453252768967,12031,Acapetlahuaya,False
12031,0087,El Crucero de Acapetlahuaya,18.40065722222222,-100.06384416666667,11,,True,0.5606881172347882,2.163204055556534,12031,Acapetlahuaya,False
12031,0097,El Revelado,18.37721277777778,-100.15192916666668,3,,True,0.15291494106403314,2.769984659410969,12007,Almoloya (Almoloya el Grande),True
12031,0099,Teteyo el Alto,18.4604075,-100.10877611111111,27,1.0,False,1.0,2.351637207719557,12031,Ixtepec de San Simón,False
12031,0109,Peña el Órgano Sur,18.450224444444444,-100.19966944444445,15,2.0,False,2.0,7.790081771391301,12058,Miahuatepec,True
12031,0110,Los Pinzanes,18.397411388888887,-100.14978722222223,21,4.0,False,4.0,4.30878818512721,12007,Almoloya (Almoloya el Grande),True
12031,0112,Puerto del Aire,18.402920555555554,-100.01989638888888,6,1.0,False,1.0,5.7683156996214535,12031,Acapetlahuaya,False
12031,0118,Toribio Alejandro,18.418274444444446,-100.07980694444444,4,,True,0.20388658808537752,0.8185075739688614,12031,Acapetlahuaya,False
12031,0120,El Mirador,18.466999444444443,-100.01407583333334,130,11.0,False,11.0,0.800953360204928,12031,Lídice,False
12031,0121,Los Cuajilotes el Bajo,18.460166944444445,-100.0103563888889,57,4.0,False,4.0,1.3791389818396904,12031,Lídice,False
12032,0001,Tlacotepec,17.789448055555557,-99.97831777777778,8442,595.0,False,595.0,0.0,12032,Tlacotepec,False
12032,0002,Acatlán del Río,17.931092777777778,-99.9008725,569,26.0,False,26.0,9.598480469666631,12032,Las Vinatas,False
12032,0005,El Ahuejote,17.70271972222222,-99.97134722222222,257,16.0,False,16.0,2.4822993721909956,12032,Puerto del Varal,False
12032,0006,Amacahuite,17.95043861111111,-100.07926527777778,211,18.0,False,18.0,3.5980691811795027,12032,Tetela del Río,False
12032,0007,El Amate,17.884883333333335,-99.86892416666666,135,14.0,False,14.0,3.448140789501753,12032,Las Vinatas,False
12032,0011,Buenavista del Sur (Buenavista),17.660273333333333,-100.08620722222221,165,10.0,False,10.0,3.456164039901737,12032,La Ciénega,False
12032,0013,Campo Morado,17.58241027777778,-100.18236527777778,728,61.0,False,61.0,0.0,12032,Campo Morado,False
12032,0014,El Capire (El Capire de la Palma),17.931185000000003,-100.10408472222221,52,3.0,False,3.0,6.366212020542401,12032,Tetela del Río,False
12032,0015,Nuevo Poblado el Caracol,17.95891222222222,-100.02256166666666,621,36.0,False,36.0,6.434612823405067,12032,Tetela del Río,False
12032,0016,Las Ceibas,17.79887666666667,-100.1198686111111,251,17.0,False,17.0,2.2401691958461942,12032,El Limoncito,False
12032,0017,Cerro Pelón,17.868117222222224,-100.03153111111111,7,,True,0.48083427282976327,7.593320927431025,12032,Chichiltepec,False
12032,0018,La Ciénega,17.814312222222224,-99.87207583333333,651,37.0,False,37.0,3.741629259940885,12032,La Venta,False
12032,0020,Ciruelo Amarillo,17.837398333333333,-99.94925305555556,80,3.0,False,3.0,5.496888211621488,12032,La Venta,False
12032,0022,Colonia Baluarte,17.771213888888887,-100.02641583333333,68,5.0,False,5.0,1.7311192442746066,12032,Zompantle,False
12032,0023,Colonia Guerrero (El Rincón),17.839448055555554,-99.86633277777777,89,8.0,False,8.0,2.6706326280206465,12032,Las Vinatas,False
12032,0026,Chapultepec,17.812558333333335,-99.94466416666667,367,23.0,False,23.0,4.016760113982161,12032,La Venta,False
12032,0028,Chicahuales,17.700710833333332,-100.11819916666666,255,18.0,False,18.0,0.0,12032,Chicahuales,False
12032,0029,Chichiltepec,17.80766611111111,-100.06489944444444,919,57.0,False,57.0,0.0,12032,Chichiltepec,False
12032,0030,Durazno Oriente,17.798951666666667,-99.83986166666666,136,11.0,False,11.0,6.761937223403835,12032,Las Vinatas,False
12032,0031,Durazno del Rosario,17.755196666666667,-100.12343638888888,509,40.0,False,40.0,0.0,12032,Durazno del Rosario,False
12032,0032,Durazno San Vicente (El Durazno),17.607222222222223,-100.16972222222223,359,32.0,False,32.0,3.0671934206700637,12032,Campo Morado,False
12032,0033,El Frío,17.57458527777778,-100.14594583333334,341,21.0,False,21.0,3.1476624130748343,12032,Los Capulines (Los Fríos Antiguos),False
12032,0034,Los Hoyos,17.68393916666667,-100.13454333333334,783,49.0,False,49.0,0.0,12032,Los Hoyos,False
12032,0035,El Huamúchil,17.8386975,-100.00612333333333,40,1.0,False,1.0,6.217273769504467,12032,Tlacotepec,False
12032,0036,Huautla,17.853584166666668,-100.10290666666666,798,54.0,False,54.0,0.0,12032,Huautla,False
12032,0037,Huerta Vieja,17.679383055555558,-99.94355333333334,722,35.0,False,35.0,0.0,12032,Huerta Vieja,False
12032,0038,Hueyáhuatl,17.81396388888889,-99.91284166666668,115,9.0,False,9.0,0.8527031454784983,12032,La Venta,False
12032,0040,Ixtayotla,17.919878333333333,-100.09783416666666,153,10.0,False,10.0,7.302065190467519,12032,Tetela del Río,False
12032,0041,Ixtlahuaca,17.782315555555556,-99.99205583333334,208,10.0,False,10.0,1.6567546024712345,12032,Tlacotepec,False
12032,0042,Izotepec,17.58487333333333,-99.9545088888889,1126,64.0,False,64.0,0.0,12032,Izotepec,False
12032,0044,Las Laderas,17.85815777777778,-99.9736913888889,8,1.0,False,1.0,7.65585272108006,12032,Tlacotepec,False
12032,0045,La Laguna (Comunitlalit),17.8822125,-100.03665055555555,26,0.0,False,0.0,7.700751116246363,12032,Huautla,False
12032,0047,El Limoncillo,17.842116388888886,-99.91486416666667,59,3.0,False,3.0,3.803760821825533,12032,La Venta,False
12032,0049,El Mango,17.712987777777776,-100.04936805555555,8,,True,0.5495248832340152,6.627532521313412,12032,Zompantle,False
12032,0050,Maxíuhitl,17.783242777777776,-100.03962888888888,44,1.0,False,1.0,3.6610203816062206,12032,Zompantle,False
12032,0052,El Morro,17.742160000000002,-99.94349583333334,321,19.0,False,19.0,3.8028357665554147,12032,Puerto del Varal,False
12032,0053,Naranjito Zapotitla (Naranjito),17.698481666666666,-100.06173972222221,80,6.0,False,6.0,5.985960066743668,12032,Chicahuales,False
12032,0055,Los Naranjos (El Amatito del Naranjo),17.824993055555556,-100.11576222222222,2,,True,0.1373812208085038,1.9448830463716824,12032,El Limoncito,False
12032,0056,Los Ocotes,17.81294972222222,-100.02119027777778,260,20.0,False,20.0,4.664455506509232,12032,Chichiltepec,False
12032,0057,Ojo de Agua (Ojo de Agua del Progreso),17.651160833333332,-99.92416527777779,204,8.0,False,8.0,2.55490792108977,12040,Corral de Piedra,True
12032,0058,El Órgano,17.900813888888887,-100.11854305555555,36,3.0,False,3.0,5.5062297901596615,12032,Huautla,False
12032,0060,Palo Verde,17.935678333333332,-99.98186111111112,5,,True,0.3434530520212595,9.717737005883269,12006,Zacapostepec,True
12032,0063,Paso Chiantepec,17.77008222222222,-100.06946888888889,3,,True,0.20607183121275569,4.207048953245449,12032,Chichiltepec,False
12032,0067,Pelón Xóchitl,17.82059111111111,-100.07180527777777,21,3.0,False,3.0,1.6124516154051791,12032,Chichiltepec,False
12032,0069,Las Piñas,17.860415833333334,-100.06990222222223,64,6.0,False,6.0,3.5747729469473293,12032,Huautla,False
12032,0070,La Primavera,17.639261944444446,-100.13189555555554,362,12.0,False,12.0,4.1693666766711335,12054,Pandoloma,True
12032,0071,La Primaverita,17.65712361111111,-100.13580888888889,110,10.0,False,10.0,2.984766953135426,12032,Los Hoyos,False
12032,0072,Pueblo Viejo,17.538418611111112,-100.11764083333333,871,77.0,False,77.0,0.0,12032,Pueblo Viejo,False
12032,0073,Puerto Castro,17.776625,-100.11889388888888,109,5.0,False,5.0,2.4307898877536664,12032,Durazno del Rosario,False
12032,0074,Puerto del Varal,17.70831611111111,-99.94866166666667,532,53.0,False,53.0,0.0,12032,Puerto del Varal,False
12032,0075,Puerto Gallo [Campamento],17.476498333333332,-100.17897305555556,105,7.0,False,7.0,8.000229222624812,12032,Tejamanil,False
12032,0076,Puerto Tejas,17.79538027777778,-100.03526194444444,74,5.0,False,5.0,3.422248732439437,12032,Chichiltepec,False
12032,0077,Rancho Viejo,17.886500833333333,-100.0485411111111,160,14.0,False,14.0,6.8190805304118,12032,Huautla,False
12032,0078,La Reforma,17.69824722222222,-99.95435055555556,266,11.0,False,11.0,1.2714854431395601,12032,Puerto del Varal,False
12032,0080,San Antonio de las Palmas,17.927758055555557,-99.970445,71,2.0,False,2.0,10.401839920388538,12006,Zacapostepec,True
12032,0081,San Vicente Norte (Asumiates),17.920953611111113,-99.86164166666666,28,1.0,False,1.0,6.999549732652787,12032,Las Vinatas,False
12032,0083,El Tarasco,17.896300277777776,-99.998335,24,0.0,False,0.0,12.042807868184468,12032,Huautla,False
12032,0084,Tecomaxúchitl del Norte,17.861584722222222,-99.92527166666667,270,14.0,False,14.0,6.187125924461709,12032,La Venta,False
12032,0085,Tecomazúchitl Sur,17.623607777777778,-100.04593555555556,358,23.0,False,23.0,2.4680046626044336,12032,La Ciénega,False
12032,0086,Tepehuaje,17.85008861111111,-100.05758166666666,311,25.0,False,25.0,4.780345341843548,12032,Chichiltepec,False
12032,0088,Tetela del Río,17.982773888888886,-100.07798472222221,399,30.0,False,30.0,0.0,12032,Tetela del Río,False
12032,0091,Tlacotenco,17.778555,-99.92946444444445,564,42.0,False,42.0,0.0,12032,Tlacotenco,False
12032,0095,La Venta,17.808751944444445,-99.90693333333334,475,33.0,False,33.0,0.0,12032,La Venta,False
12032,0096,Verde Rico (Huerto de Verde Rico),17.70687222222222,-99.90496805555556,905,48.0,False,48.0,4.631101379717556,12032,Puerto del Varal,False
12032,0097,Villaxóchitl,17.636428055555555,-99.99856416666667,235,19.0,False,19.0,6.234411917588171,12040,Corral de Piedra,True
12032,0098,Las Vinatas,17.858771944444445,-99.8513486111111,586,38.0,False,38.0,0.0,12032,Las Vinatas,False
12032,0099,Xochitepec,17.78767416666667,-100.0162263888889,39,3.0,False,3.0,2.8954256903673046,12032,Zompantle,False
12032,0100,La Yerbabuena,17.81904388888889,-99.84847638888888,139,9.0,False,9.0,4.428007415913814,12032,Las Vinatas,False
12032,0102,Zompantle,17.76177277777778,-100.01341694444444,799,51.0,False,51.0,0.0,12032,Zompantle,False
12032,0103,Zopilostoc,17.740000000000002,-99.99229194444445,516,33.0,False,33.0,3.296397060133815,12032,Zompantle,False
12032,0104,Tlacomulito,17.83170361111111,-99.97128722222223,114,7.0,False,7.0,4.7571891143206875,12032,Tlacotepec,False
12032,0106,El Carrizal,17.927038055555556,-100.0539236111111,33,0.0,False,0.0,6.69980953648505,12032,Tetela del Río,False
12032,0108,Apintla,17.840406666666667,-99.87974138888889,47,2.0,False,2.0,3.6333564673092824,12032,Las Vinatas,False
12032,0109,Los Ranchos,17.801810833333334,-100.02081361111111,158,16.0,False,16.0,4.520390371867361,12032,Zompantle,False
12032,0110,Huixilac (Huitzilac),17.706258333333334,-99.92260361111111,67,4.0,False,4.0,2.769714739498116,12032,Puerto del Varal,False
12032,0111,Zoyacalco,17.751738888888887,-99.94967638888889,14,2.0,False,2.0,3.670434461646989,12032,Tlacotenco,False
12032,0112,Coacoyula,17.727666666666664,-99.9788775,1,,True,0.0686906104042519,3.8565256955427736,12032,Puerto del Varal,False
12032,0113,Barrio Nuevo,17.79915777777778,-99.92998972222223,184,10.0,False,10.0,2.291599341398812,12032,Tlacotenco,False
12032,0114,La Comunidad,17.7321125,-100.08905472222222,6,,True,0.41214366242551137,4.455000573076604,12032,Durazno del Rosario,False
12032,0115,Las Mesas (Anonos),17.873931111111112,-99.88625444444445,125,9.0,False,9.0,4.060570469681383,12032,Las Vinatas,False
12032,0116,Los Ciruelos (El Ciruelo),17.77284111111111,-100.10753166666666,232,16.0,False,16.0,2.5857063809170073,12032,Durazno del Rosario,False
12032,0118,Las Pilas,17.77069611111111,-100.11899361111111,39,2.0,False,2.0,1.7865185483639583,12032,Durazno del Rosario,False
12032,0120,El Encanto,17.664481944444443,-100.0472525,278,27.0,False,27.0,3.040090302453187,12032,La Ciénega,False
12032,0121,El Periconal,17.71977638888889,-100.06437944444444,8,,True,0.5495248832340152,6.082282037667034,12032,Chicahuales,False
12032,0124,Las Margaritas,17.58222222222222,-100.06583333333333,383,32.0,False,32.0,6.110744695127811,12032,Los Capulines (Los Fríos Antiguos),False
12032,0125,La Guitarra (Puerto la Guitarra),17.49361388888889,-100.09926944444445,81,4.0,False,4.0,5.349386833536137,12032,Pueblo Viejo,False
12032,0127,Tejamanil,17.532596666666667,-100.13173611111111,441,45.0,False,45.0,0.0,12032,Tejamanil,False
12032,0130,Aguacate,17.82885,-100.07337722222222,26,2.0,False,2.0,2.520718225334871,12032,Chichiltepec,False
12032,0132,Los Amatitos (Los Amates),17.68763638888889,-100.09769333333332,121,14.0,False,14.0,2.613877187007261,12032,Chicahuales,False
12032,0134,Atlihuaca,17.875707777777777,-99.9532413888889,25,1.0,False,1.0,8.913784794550114,12032,La Venta,False
12032,0138,Chilpancinguito,17.595358055555554,-100.18658861111112,290,20.0,False,20.0,1.5077176595260802,12032,Campo Morado,False
12032,0139,La Ciénega,17.6979575,-100.13054361111111,148,15.0,False,15.0,1.3430270121116756,12032,Chicahuales,False
12032,0140,Coatepec del Ocote,17.782164166666664,-99.85552694444443,215,13.0,False,13.0,6.193764100462353,12032,La Venta,False
12032,0141,Comunitlali (La Laguna),17.877025833333335,-100.02416638888889,22,0.0,False,0.0,8.731479981812907,12032,Huautla,False
12032,0143,Cruz Nueva,17.515914166666665,-100.03735611111111,44,2.0,False,2.0,8.872973501066333,12032,Pueblo Viejo,False
12032,0144,Derrumbado,17.66224611111111,-100.11406472222221,69,3.0,False,3.0,3.2443602830456273,12032,Los Hoyos,False
12032,0146,El Escosor,17.953363333333332,-100.07490888888888,21,3.0,False,3.0,3.286447282226896,12032,Tetela del Río,False
12032,0147,La Felicidad,17.677524444444444,-100.10236499999999,15,0.0,False,0.0,3.0758642867900186,12032,Chicahuales,False
12032,0148,Filo del Águila,17.647888333333334,-100.12017777777777,132,9.0,False,9.0,4.287897341706204,12032,Los Hoyos,False
12032,0152,Los Hornos,17.565299166666666,-100.12095722222222,17,1.0,False,1.0,2.9769571685359804,12032,Los Capulines (Los Fríos Antiguos),False
12032,0153,Huerta Vieja,17.906968888888887,-100.06171888888889,22,4.0,False,4.0,7.3644661854919224,12032,Huautla,False
12032,0156,La Joya del Cirián,17.77866861111111,-100.08214249999999,39,4.0,False,4.0,3.705334447260941,12032,Chichiltepec,False
12032,0158,Las Juntas,17.557921111111114,-100.16106527777778,183,11.0,False,11.0,3.5374417833680583,12032,Campo Morado,False
12032,0161,Limoncito,17.674198055555557,-100.04140361111111,289,27.0,False,27.0,4.2854077809262465,12032,La Ciénega,False
12032,0163,Ocotepec,17.771907777777777,-100.08670888888888,2,,True,0.1373812208085038,4.310312505811799,12032,Durazno del Rosario,False
12032,0165,La Parota Dos,17.854728055555558,-100.01703527777778,6,,True,0.41214366242551137,7.283893359196162,12032,Chichiltepec,False
12032,0166,Parrales,17.569303055555554,-100.09935555555555,35,2.0,False,2.0,3.526239419665146,12032,Los Capulines (Los Fríos Antiguos),False
12032,0167,Las Pascuas,17.912665277777776,-99.86827249999999,22,4.0,False,4.0,6.254547830501291,12032,Las Vinatas,False
12032,0171,Pinzampantle,17.941406944444445,-100.08481833333333,58,6.0,False,6.0,4.656241834406769,12032,Tetela del Río,False
12032,0172,Plan de la Ilusión (Plan de Campozano),17.49897916666667,-100.07115944444445,40,3.0,False,3.0,6.597357012979852,12032,Pueblo Viejo,False
12032,0175,El Plan,17.632286666666666,-99.98157722222223,95,3.0,False,3.0,4.974366028036918,12040,Corral de Piedra,True
12032,0179,El Salitre,17.7165,-100.09090166666667,122,9.0,False,9.0,3.3827889977071193,12032,Chicahuales,False
12032,0181,Tecolhuistle,17.694864444444445,-100.100225,89,6.0,False,6.0,2.0119669226298758,12032,Chicahuales,False
12032,0183,Tiquimil,17.829820555555557,-100.10398194444444,147,12.0,False,12.0,2.00065066181133,12032,El Limoncito,False
12032,0184,Las Tinas,17.85942138888889,-100.10810555555555,2,,True,0.1373812208085038,0.850915668690525,12032,Huautla,False
12032,0185,Tlacontequito (Los Cruces),17.784494722222224,-99.92271305555556,18,2.0,False,2.0,0.9732608910834731,12032,Tlacotenco,False
12032,0186,Tlanípatl,17.738854444444446,-99.97392916666666,41,5.0,False,5.0,4.323564894584925,12032,Puerto del Varal,False
12032,0188,Viento Frío,17.533651111111112,-99.95375888888888,17,2.0,False,2.0,4.54273855370387,12029,Colonia General Heliodoro Castillo (Chicahuales),True
12032,0189,Yerba Santa,17.514270833333335,-99.96708222222222,44,1.0,False,1.0,5.231232032282491,12029,Colonia General Heliodoro Castillo (Chicahuales),True
12032,0197,Altamira,17.517389722222223,-100.05917972222223,13,0.0,False,0.0,6.625125928317182,12032,Pueblo Viejo,False
12032,0198,La Aurora,17.549680833333333,-100.20482527777779,502,33.0,False,33.0,0.0,12032,La Aurora,False
12032,0199,Los Bajos,17.50003361111111,-100.00790083333334,33,2.0,False,2.0,9.633127167740202,12029,Colonia General Heliodoro Castillo (Chicahuales),True
12032,0200,Bugambilias,17.668213333333334,-100.07650027777777,15,0.0,False,0.0,3.4896510862870156,12032,La Ciénega,False
12032,0207,Las Cañitas,17.801991666666666,-100.0388486111111,21,3.0,False,3.0,2.829234093743745,12032,Chichiltepec,False
12032,0210,Coatepec de los Naranjos,17.875478055555558,-99.80927,95,6.0,False,6.0,4.825182538116005,12032,Las Vinatas,False
12032,0212,El Crucero (El Crucero de Vanidad),17.591395277777778,-100.1380188888889,3,,True,0.20607183121275569,1.6402782034210945,12032,Los Capulines (Los Fríos Antiguos),False
12032,0215,Cueva de Guerrero,17.584491666666665,-100.19891305555556,97,5.0,False,5.0,1.7692618574704075,12032,Campo Morado,False
12032,0218,Escalerilla,17.472176388888887,-100.03868444444444,42,7.0,False,7.0,11.151747260016863,12032,Pueblo Viejo,False
12032,0220,El Guayabal,17.764035833333335,-100.08427833333333,13,0.0,False,0.0,4.2615684496980935,12032,Durazno del Rosario,False
12032,0221,Los Guayabos,17.699837777777777,-100.05033888888889,9,,True,0.6182154936382671,6.6942595782396035,12032,La Ciénega,False
12032,0227,Los Lavaderos,17.653771388888888,-100.09125666666667,168,12.0,False,12.0,3.5255844670042076,12032,La Ciénega,False
12032,0228,Loma del Ciruelo,17.803573611111112,-100.03504277777778,5,0.0,False,0.0,3.1934735418679776,12032,Chichiltepec,False
12032,0232,Ojo de Agua,17.81489861111111,-100.11402027777777,13,0.0,False,0.0,1.1482953661537438,12032,El Limoncito,False
12032,0234,El Papayo,17.830428055555554,-99.93961055555556,57,4.0,False,4.0,4.2161157528397135,12032,La Venta,False
12032,0235,Las Canoas,17.66988277777778,-100.13411972222222,24,0.0,False,0.0,1.5636433232708031,12032,Los Hoyos,False
12032,0236,Paso Cacahuananche (Pinzán Morado),17.784188055555557,-100.07661611111111,23,4.0,False,4.0,2.890375732896479,12032,Chichiltepec,False
12032,0238,Las Piñas,17.88422111111111,-99.89794805555556,12,,True,0.8242873248510227,5.685814789445543,12032,Las Vinatas,False
12032,0242,Puerto Colorado,17.590284166666667,-100.13108305555555,24,3.0,False,3.0,0.9241809243964327,12032,Los Capulines (Los Fríos Antiguos),False
12032,0245,Puerto de los Espinos,17.87871722222222,-99.98692361111111,30,3.0,False,3.0,9.96798972804915,12032,Tlacotepec,False
12032,0246,Puerto Escondido,17.513938888888887,-100.04611666666666,9,,True,0.6182154936382671,8.057635073885704,12032,Pueblo Viejo,False
12032,0248,El Ranchito,17.672490833333335,-100.08262111111111,19,0.0,False,0.0,4.228540292631756,12032,La Ciénega,False
12032,0250,Rancho la Gloria,17.871070833333334,-99.85309777777778,16,1.0,False,1.0,1.3800464732661621,12032,Las Vinatas,False
12032,0252,El Renacimiento,17.564708333333336,-100.20370666666668,281,15.0,False,15.0,1.6751846287597714,12032,La Aurora,False
12032,0253,Los Sauces,17.743852222222223,-100.08557388888889,5,,True,0.3434530520212595,4.203452263278426,12032,Durazno del Rosario,False
12032,0254,El Tanque,17.76828,-100.08504333333333,7,,True,0.48083427282976327,4.3180664652461305,12032,Durazno del Rosario,False
12032,0256,El Tiquimil,17.530983055555556,-99.93074638888889,14,0.0,False,0.0,2.573655510515465,12029,Colonia General Heliodoro Castillo (Chicahuales),True
12032,0257,Tlalchitín,17.86977388888889,-99.99343083333333,7,,True,0.48083427282976327,9.073963067911263,12032,Tlacotepec,False
12032,0259,Las Tranquillas,17.768793055555555,-99.92976194444445,63,6.0,False,6.0,1.085935701616528,12032,Tlacotenco,False
12032,0261,La Vuelta del Choque,17.51227888888889,-100.05671944444444,4,,True,0.2747624416170076,7.083524609982189,12032,Pueblo Viejo,False
12032,0262,Xocutla,17.78825416666667,-99.96773027777778,10,,True,0.686906104042519,1.1288227841880483,12032,Tlacotepec,False
12032,0264,El Zoquial,17.687445833333335,-99.93511305555556,5,,True,0.3434530520212595,1.2662247528042292,12032,Huerta Vieja,False
12032,0265,El Aguacate Tres,17.853317500000003,-99.89534861111112,35,2.0,False,2.0,4.696230026455787,12032,Las Vinatas,False
12032,0266,Buenavista,17.685923333333335,-100.080135,32,5.0,False,5.0,4.354697589645884,12032,Chicahuales,False
12032,0267,Parota,17.672428333333336,-100.01635416666667,150,11.0,False,11.0,5.917484896732411,12032,La Ciénega,False
12032,0276,Agua Zarca,17.53968388888889,-100.18679555555556,269,29.0,False,29.0,2.211269878678415,12032,La Aurora,False
12032,0277,Los Capulines (Los Fríos Antiguos),17.592028055555556,-100.12255805555554,322,25.0,False,25.0,0.0,12032,Los Capulines (Los Fríos Antiguos),False
12032,0278,La Cieneguita,17.753296944444443,-100.11809722222222,93,11.0,False,11.0,0.6035840626562144,12032,Durazno del Rosario,False
12032,0282,La Huertita,17.640655833333334,-99.98439083333334,7,1.0,False,1.0,4.68607504305704,12040,Corral de Piedra,True
12032,0284,El Pedregal,17.781351666666666,-100.09782027777777,73,3.0,False,3.0,3.4451207527884082,12032,El Limoncito,False
12032,0297,Las Parotas,17.876094166666668,-100.07456333333333,32,1.0,False,1.0,3.9067927850024,12032,Huautla,False
12032,0298,Rancho Viejo,17.718343333333333,-100.04120638888888,2,,True,0.1373812208085038,5.655300807719983,12032,Zompantle,False
12032,0303,Vuelta del Sur,17.491156944444445,-100.02917666666667,58,3.0,False,3.0,10.752477256558144,12032,Pueblo Viejo,False
12032,0304,El Naranjo,17.809037777777778,-99.85589833333333,21,1.0,False,1.0,5.4029994635298015,12032,La Venta,False
12032,0307,Montevideo,17.68441888888889,-100.1060275,27,6.0,False,6.0,2.22360300484011,12032,Chicahuales,False
12032,0308,El Río,17.630075,-99.94117250000001,5,,True,0.3434530520212595,2.975252849580064,12040,Yextla,True
12032,0311,Los Arrayanes,17.699290555555557,-100.14873472222223,25,1.0,False,1.0,2.2746403155854567,12032,Los Hoyos,False
12032,0312,Buenavista (Cashacuauilt),17.992383055555557,-100.16021416666668,60,2.0,False,2.0,7.310274939058464,12054,Pericotepec,True
12032,0315,Corralitos (El Banco de Grava),17.502049166666666,-100.20025444444445,6,,True,0.41214366242551137,5.318528533668512,12032,La Aurora,False
12032,0318,La Joya,17.662824722222222,-100.07024305555555,44,5.0,False,5.0,2.666725989718257,12032,La Ciénega,False
12032,0323,Los Otates,17.638334166666667,-99.95636916666668,6,,True,0.41214366242551137,2.78471081153308,12040,Corral de Piedra,True
12032,0325,La Vuelta de las Flores,17.58661972222222,-100.1055336111111,37,3.0,False,3.0,1.9020973618179606,12032,Los Capulines (Los Fríos Antiguos),False
12032,0328,La Ciénega,17.640504166666666,-100.0610375,10,0.0,False,0.0,0.0,12032,La Ciénega,False
12032,0337,Las Montañitas,17.557216944444445,-100.1001061111111,10,0.0,False,0.0,2.7973737913471126,12032,Pueblo Viejo,False
12032,0345,El Zancudo,17.534445833333336,-100.15797555555557,55,3.0,False,3.0,2.7897274740339437,12032,Tejamanil,False
12032,0355,La Casa de Teja,17.845453888888887,-100.00100805555556,1,,True,0.0686906104042519,6.674751171200405,12032,Tlacotepec,False
12032,0356,Colonia Santa Cruz,17.82205527777778,-99.93915583333333,88,6.0,False,6.0,3.7180994098653684,12032,La Venta,False
12032,0361,Las Juntas del Naranjito,17.83137111111111,-99.91485194444445,18,1.0,False,1.0,2.651150594834105,12032,La Venta,False
12032,0362,El Limoncito,17.811830833333335,-100.10366305555554,7,,True,0.48083427282976327,0.0,12032,El Limoncito,False
12032,0365,Las Parotas de las Laderas,17.84415472222222,-99.98162916666666,23,3.0,False,3.0,6.093195968928031,12032,Tlacotepec,False
12032,0370,Xocomulco,17.81801611111111,-99.98894166666666,2,,True,0.1373812208085038,3.3698652187446414,12032,Tlacotepec,False
12032,0374,Monte Cristo,17.596493888888887,-100.11305055555555,24,2.0,False,2.0,1.123437908974114,12032,Los Capulines (Los Fríos Antiguos),False
12032,0377,El Naranjo (La Barranca Honda),17.906599999999997,-99.96577861111112,14,,True,0.9616685456595265,12.536645585992998,12032,La Venta,False
12032,0380,El Ranchito,17.689411944444444,-100.14583888888889,12,0.0,False,0.0,1.3424878587719258,12032,Los Hoyos,False
12032,0385,Plan de las Flores,17.510245,-100.06229333333333,21,0.0,False,0.0,6.652534673969777,12032,Pueblo Viejo,False
12032,0392,Los Chirimoyos,17.73135361111111,-100.08504055555555,1,,True,0.0686906104042519,4.854282726943218,12032,Durazno del Rosario,False
12032,0393,Los Colorines,17.855025555555557,-99.99843472222223,2,,True,0.1373812208085038,7.596485636209273,12032,Tlacotepec,False
12032,0397,Las Jarillas,17.877328333333335,-99.98135888888889,29,1.0,False,1.0,9.777141817790964,12032,Tlacotepec,False
12032,0398,La Joya del Pinzán,17.807191666666668,-100.04377777777778,10,1.0,False,1.0,2.236721337672561,12032,Chichiltepec,False
12032,0399,Las Joyas,17.748866944444444,-99.93736722222222,3,,True,0.20607183121275569,3.405581761902,12032,Tlacotenco,False
12032,0402,Las Papitas (Los Duraznitos),17.518025277777777,-100.14919611111112,7,0.0,False,0.0,2.460233384851015,12032,Tejamanil,False
12032,0405,Las Pilitas,17.749855833333335,-99.98594916666667,7,,True,0.48083427282976327,3.1963947427404698,12032,Zompantle,False
12032,0406,Puerto del Clavel,17.514095277777777,-100.04905944444444,11,3.0,False,3.0,7.758580442255345,12032,Pueblo Viejo,False
12032,0408,Limón Grande,17.921266111111112,-100.04255777777777,3,,True,0.20607183121275569,7.798755613897967,12032,Tetela del Río,False
12032,0410,El Naranjo (El Nuevo Naranjo),17.638275277777776,-99.97926361111111,201,13.0,False,13.0,4.370047911733441,12040,Corral de Piedra,True
12032,0413,El Puerto de la Parota,17.881097222222223,-99.97642472222222,15,1.0,False,1.0,10.192892205499504,12032,Tlacotepec,False
12032,0415,Rancho Santiaguito,17.853002500000002,-99.971735,34,2.0,False,2.0,7.101205731871217,12032,Tlacotepec,False
12032,0417,Rancho la Conchita,17.809897222222222,-99.9637788888889,9,,True,0.6182154936382671,2.7458508001348174,12032,Tlacotepec,False
12032,0418,Risco de Oro,17.542713333333335,-99.91163611111112,461,32.0,False,32.0,3.5458197786969268,12029,Colonia General Heliodoro Castillo (Chicahuales),True
12033,0001,Huamuxtitlán,17.802174444444447,-98.56528666666667,7783,475.0,False,475.0,0.0,12033,Huamuxtitlán,False
12033,0002,Conhuaxo,17.79058555555556,-98.57838833333334,483,32.0,False,32.0,1.8933245969724257,12033,Huamuxtitlán,False
12033,0003,Coyahualco,17.7416775,-98.56644416666667,1359,74.0,False,74.0,2.7783239242136712,12033,Santa Cruz,False
12033,0004,Jilotepec,17.9630225,-98.48290777777778,354,16.0,False,16.0,6.400399332760789,12070,Xochihuehuetlán,True
12033,0005,San Pedro Aytec,17.69806277777778,-98.52643305555556,817,48.0,False,48.0,3.4127243109543937,12005,Alpoyeca,True
12033,0006,Santa Cruz,17.766514166666667,-98.56930888888888,1275,63.0,False,63.0,0.0,12033,Santa Cruz,False
12033,0007,Tepetlapa,17.926986666666668,-98.54595277777777,404,15.0,False,15.0,4.217289732061462,12070,San Miguel Comitlipa,True
12033,0008,Tlalquetzala,17.706267222222223,-98.53952805555555,1048,64.0,False,64.0,4.89510302982486,12005,Alpoyeca,True
12033,0009,Tlaquiltepec (San Bartolomé Tlaquiltepec),17.733585,-98.54780833333334,1382,62.0,False,62.0,4.311781523615223,12033,Santa Cruz,False
12033,0010,San Miguel Totolapa,17.86943777777778,-98.57291583333333,2439,133.0,False,133.0,0.0,12033,San Miguel Totolapa,False
12033,0012,Los Amates,17.760826944444446,-98.55524805555555,22,1.0,False,1.0,1.6176809497568032,12033,Santa Cruz,False
12033,0014,La Huerta,17.827424166666667,-98.52514138888888,4,,True,0.227355901189387,5.093579610063102,12033,Huamuxtitlán,False
12033,0016,Paraje Tecuapa,17.785385,-98.56140472222222,26,2.0,False,2.0,1.9116075131816668,12033,Huamuxtitlán,False
12033,0018,Rancho la Miradita,17.819651666666665,-98.56012138888889,9,0.0,False,0.0,2.0188454459239495,12033,Huamuxtitlán,False
12033,0026,La Tabiquera,17.819603333333333,-98.56548555555555,26,2.0,False,2.0,1.9381183968434703,12033,Huamuxtitlán,False
12033,0028,El Ojo de Mar,17.79326277777778,-98.56063583333334,5,0.0,False,0.0,1.1065276170399407,12033,Huamuxtitlán,False
12033,0030,Las Pilas,17.773630277777777,-98.59684222222222,52,7.0,False,7.0,3.020966055384371,12033,Santa Cruz,False
12034,0001,Ciudad de Huitzuco,18.30598,-99.33430305555555,17550,942.0,False,942.0,0.0,12034,Ciudad de Huitzuco,False
12034,0002,Acaquila,18.112869444444446,-99.28518888888888,299,15.0,False,15.0,9.310437446459977,12008,Tequicuilco,True
12034,0004,Amatitlán Grande,18.262774722222222,-99.2839275,21,2.0,False,2.0,7.167209711313807,12034,Ciudad de Huitzuco,False
12034,0007,Atetetla,18.327383333333334,-99.37486277777776,668,34.0,False,34.0,3.606279313605359,12059,San Vicente Palapa,True
12034,0008,Atopula,18.300821111111112,-99.27352555555555,193,11.0,False,11.0,6.441825632532963,12034,Ciudad de Huitzuco,False
12034,0010,Cacahuananche,18.19176861111111,-99.35660333333333,898,36.0,False,36.0,4.966012150364154,12034,Tlapala,False
12034,0014,Cuahuilotla,18.37843888888889,-99.12382555555556,202,10.0,False,10.0,1.1811430403782397,12008,San Juan Teocalcingo,True
12034,0018,Chaucingo,18.30005361111111,-99.11394527777777,1297,68.0,False,68.0,0.0,12034,Chaucingo,False
12034,0019,Escuchapa,18.308554722222222,-99.24427222222222,633,31.0,False,31.0,7.739235693152659,12034,San Miguel de las Palmas,False
12034,0023,Lagunillas,18.216974999999998,-99.29745277777778,641,26.0,False,26.0,5.697962127661107,12034,Tlapala,False
12034,0025,Nanche Dulce,18.21453111111111,-99.30362444444444,360,15.0,False,15.0,5.2128468186141,12034,Tlapala,False
12034,0026,Ojo de Agua (El Bordo),18.37984388888889,-99.17204083333334,3,,True,0.1544557702292788,4.978455788848454,12008,San Juan Teocalcingo,True
12034,0029,Paso Morelos (Cuetlajuchi),18.22149888888889,-99.20959083333334,1081,67.0,False,67.0,3.5213065696815677,12034,San Miguel de las Palmas,False
12034,0030,Pololcingo,18.280655555555555,-99.39209472222223,1660,83.0,False,83.0,0.0,12034,Pololcingo,False
12034,0032,Quetzalapa,18.333892777777777,-99.18865138888889,842,48.0,False,48.0,8.737733634057976,12034,Chaucingo,False
12034,0036,San Francisco Ozomatlán,17.924857222222222,-99.33949638888889,889,36.0,False,36.0,2.191219150080706,12042,San Juan Totolcintla,True
12034,0037,San Miguel de las Palmas,18.25217138888889,-99.20129694444445,1178,50.0,False,50.0,0.0,12034,San Miguel de las Palmas,False
12034,0038,Tecoacuilco,18.09826972222222,-99.30843666666667,228,16.0,False,16.0,9.646750700211705,12034,Tulimán,False
12034,0039,Tecolotla,18.25678111111111,-99.36220916666666,328,19.0,False,19.0,2.807531867160694,12034,Tlapala,False
12034,0041,Texahualco (Teyahualco),18.227935833333333,-99.35237777777778,255,8.0,False,8.0,0.9869387908185563,12034,Tlapala,False
12034,0043,Tlapala,18.235621666666667,-99.34770388888889,615,33.0,False,33.0,0.0,12034,Tlapala,False
12034,0044,Tlaxmalac,18.360956666666667,-99.41486861111112,2109,71.0,False,71.0,0.0,12034,Tlaxmalac,False
12034,0047,Tulimán,18.028195277777776,-99.25463777777777,3511,200.0,False,200.0,0.0,12034,Tulimán,False
12034,0048,Xilocintla,18.1697425,-99.38364055555556,870,51.0,False,51.0,4.680110054839571,12059,Santa Cruz,True
12034,0049,Xoyacuautla,18.2506475,-99.29089305555556,178,9.0,False,9.0,6.227862245729672,12034,Tlapala,False
12034,0052,El Mango,18.265613055555555,-99.36542194444444,1,,True,0.05148525674309294,3.2755752417467314,12034,Pololcingo,False
12034,0072,El Potrero,18.374779166666666,-99.19590777777778,1,,True,0.05148525674309294,7.55896294474032,12008,San Juan Teocalcingo,True
12034,0075,Rancho San Roque,18.29496527777778,-99.30503888888889,1,,True,0.05148525674309294,3.323368075833569,12034,Ciudad de Huitzuco,False
12034,0079,Amatitlán Chico,18.26879138888889,-99.29565638888889,5,,True,0.2574262837154647,5.809337546298938,12034,Ciudad de Huitzuco,False
12034,0087,El Guayabal,18.324536944444443,-99.26747527777778,1,,True,0.05148525674309294,7.35005932600375,12034,Ciudad de Huitzuco,False
12034,0095,Rancho el Mirador,18.251005,-99.16270527777779,7,0.0,False,0.0,4.077372568988765,12034,San Miguel de las Palmas,False
12034,0107,El Perillo,18.37441527777778,-99.08190472222222,28,2.0,False,2.0,4.906849139493241,12008,San Juan Teocalcingo,True
12034,0123,La Presa,18.24418,-99.28404777777777,1,,True,0.05148525674309294,6.789608471165577,12034,Tlapala,False
12034,0128,Chichicastla,18.30746,-99.32101305555555,1,,True,0.05148525674309294,1.412606946902115,12034,Ciudad de Huitzuco,False
12034,0129,Colonia Vicente Guerrero (El Bonete),18.29745888888889,-99.3152586111111,19,1.0,False,1.0,2.2226070672902014,12034,Ciudad de Huitzuco,False
12034,0132,Alejandro Ocampo Villalva,18.309731666666668,-99.34775333333333,1,,True,0.05148525674309294,1.4799123257184272,12034,Ciudad de Huitzuco,False
12034,0134,Rancho el Paraíso,18.285735555555558,-99.332245,1,,True,0.05148525674309294,2.261541108244398,12034,Ciudad de Huitzuco,False
12034,0137,La Chía,18.235465,-99.20038666666667,1,,True,0.05148525674309294,1.8601512958605915,12034,San Miguel de las Palmas,False
12034,0141,Rancho Tlaltizapán (Los Laureles),18.28399777777778,-99.33346527777778,1,,True,0.05148525674309294,2.445911314353628,12034,Ciudad de Huitzuco,False
12034,0143,El Paraíso,18.34619361111111,-99.40549472222223,3,,True,0.1544557702292788,1.9166385310597627,12034,Tlaxmalac,False
12034,0145,Rancho la Jilguerilla (El Canal),18.296916388888892,-99.2828088888889,2,,True,0.10297051348618588,5.528891768830349,12034,Ciudad de Huitzuco,False
12034,0148,Campestre [Restaurante],18.297831666666667,-99.28260527777778,10,,True,0.5148525674309294,5.532438276652941,12034,Ciudad de Huitzuco,False
12035,0001,Iguala de la Independencia,18.344549166666667,-99.53836833333334,132854,6993.0,False,6993.0,0.0,12035,Iguala de la Independencia,False
12035,0002,Ahuehuepan,18.34032611111111,-99.65032611111111,693,30.0,False,30.0,0.0,12035,Ahuehuepan,False
12035,0003,Colonia Álvaro Obregón,18.253249166666667,-99.64427944444445,189,6.0,False,6.0,2.6315843021064813,12017,Cocula,True
12035,0004,El Capire de Santa Ana,18.25762277777778,-99.63136277777777,21,2.0,False,2.0,3.9716720711298974,12017,Cocula,True
12035,0005,Colonia el Carmen,18.4153725,-99.55378999999999,14,0.0,False,0.0,6.750595054834105,12015,Los Amates,True
12035,0006,Ceja Blanca,18.293672222222224,-99.56182222222222,589,27.0,False,27.0,0.0,12035,Ceja Blanca,False
12035,0007,Coacoyula de Álvarez,18.07860611111111,-99.63117555555554,2539,131.0,False,131.0,0.0,12035,Coacoyula de Álvarez,False
12035,0010,Joya de Pantla,18.263238055555554,-99.53328222222223,419,22.0,False,22.0,4.496133628614299,12035,Tepochica,False
12035,0011,Metlapa,18.30956638888889,-99.60807805555555,1606,81.0,False,81.0,0.0,12035,Metlapa,False
12035,0012,El Naranjo,18.401200277777775,-99.53466972222222,996,41.0,False,41.0,5.069178985562143,12015,Los Amates,True
12035,0013,Olea (Estación Olea),18.10548166666667,-99.71345944444445,145,8.0,False,8.0,7.001316113334897,12017,Tlanipatlán,True
12035,0014,Pantla de Zapotal,18.26330777777778,-99.562355,321,15.0,False,15.0,3.3768407498875312,12035,Ceja Blanca,False
12035,0015,Platanillo,18.388591944444443,-99.50465166666666,437,18.0,False,18.0,3.585824030730043,12015,Los Amates,True
12035,0016,Pueblo Viejo,18.362482500000002,-99.57915944444444,1,,True,0.05238919914641344,4.74444650359043,12035,Iguala de la Independencia,False
12035,0017,Rancho del Cura,18.29315277777778,-99.51244138888889,702,38.0,False,38.0,1.5276885524300268,12035,Tepochica,False
12035,0018,Santa Teresa,18.231011666666664,-99.50335527777777,2809,148.0,False,148.0,0.0,12035,Santa Teresa,False
12035,0019,Tepantlán,18.331059444444445,-99.47719166666667,39,1.0,False,1.0,2.0424803888147007,12035,Tuxpan,False
12035,0020,Tepochica,18.302489722222223,-99.52305666666666,734,35.0,False,35.0,0.0,12035,Tepochica,False
12035,0021,Tijeritas,18.388571388888888,-99.54646472222223,1,,True,0.05238919914641344,4.969056405558924,12035,Iguala de la Independencia,False
12035,0023,Tuxpan,18.349355,-99.47891416666667,2349,122.0,False,122.0,0.0,12035,Tuxpan,False
12035,0024,Zacacoyuca,18.250366944444444,-99.52769055555555,1474,86.0,False,86.0,3.3521373687068476,12035,Santa Teresa,False
12035,0027,El Cirián,18.27751472222222,-99.516435,10,1.0,False,1.0,2.8637362887119977,12035,Tepochica,False
12035,0030,Crucero de Santa Teresa,18.232947222222222,-99.53156833333333,3,,True,0.15716759743924033,2.9874189936120863,12035,Santa Teresa,False
12035,0034,Colonia Loma de los Coyotes,18.343853333333332,-99.57869,454,25.0,False,25.0,4.256426584231409,12035,Iguala de la Independencia,False
12035,0037,El Tercer Mundo,18.270484166666666,-99.51815694444444,10,0.0,False,0.0,3.596256633231055,12035,Tepochica,False
12035,0042,Los Alacranes,18.317845277777778,-99.55870194444444,11,1.0,False,1.0,2.708029716987484,12035,Ceja Blanca,False
12035,0048,El Mango,18.23333527777778,-99.51560694444444,3,,True,0.15716759743924033,1.319473889301079,12035,Santa Teresa,False
12035,0051,Colonia California,18.322543888888887,-99.5624886111111,324,11.0,False,11.0,3.2111535255618118,12035,Ceja Blanca,False
12035,0053,Colonia Mota,18.3227925,-99.55041388888888,9,,True,0.47150279231772096,2.7329802332520363,12035,Iguala de la Independencia,False
12035,0065,San Miguel,18.203784444444445,-99.52575472222222,1,,True,0.05238919914641344,3.8422963497695104,12035,Santa Teresa,False
12035,0073,El Calvario,18.235370555555555,-99.49729694444444,10,,True,0.5238919914641345,0.8026868790459978,12035,Santa Teresa,False
12035,0075,Los Guajes (La Cañada),18.34855083333333,-99.58280805555555,7,,True,0.3667243940248941,4.711356411109259,12035,Iguala de la Independencia,False
12035,0078,El Polvorín,18.32823861111111,-99.59620722222222,7,,True,0.3667243940248941,2.425088903223072,12035,Metlapa,False
12035,0087,Las Palmas [Restaurante],18.305455555555557,-99.50464305555556,1,,True,0.05238919914641344,1.9716800316197283,12035,Tepochica,False
12035,0088,El Mancebo,18.309939166666666,-99.50350888888889,25,0.0,False,0.0,2.2236535079182205,12035,Tepochica,False
12035,0093,La Compuerta de la Laguna de Tuxpan,18.35097277777778,-99.51432972222223,2,,True,0.10477839829282688,2.635715357958723,12035,Iguala de la Independencia,False
12035,0097,El Progreso [Granja Avícola],18.28358111111111,-99.50954361111111,4,,True,0.20955679658565377,2.5408672048336824,12035,Tepochica,False
12035,0098,El Guardaganado (El Zoquital),18.334636944444444,-99.59136555555556,7,0.0,False,0.0,3.299022188816133,12035,Metlapa,False
12035,0099,Colonia Gobernadores,18.326438333333332,-99.56152027777777,48,3.0,False,3.0,3.166558422507381,12035,Iguala de la Independencia,False
12035,0101,Rancho Bonifacio Valle,18.32177888888889,-99.59644222222222,12,,True,0.6286703897569613,1.8310639594725762,12035,Metlapa,False
12035,0106,Rincón del Marqués,18.320926944444444,-99.56003083333333,120,6.0,False,6.0,3.03648146022677,12035,Ceja Blanca,False
12035,0109,Huerta Velázquez,18.331654722222222,-99.54737777777778,12,,True,0.6286703897569613,1.7204766409500922,12035,Iguala de la Independencia,False
12035,0111,CERESO,18.340188333333334,-99.50220888888889,503,,True,26.35176717064596,2.6615309068591104,12035,Tuxpan,False
12035,0122,Huerta Carrión,18.338239444444444,-99.51016,20,3.0,False,3.0,3.0588297743860378,12035,Iguala de la Independencia,False
12035,0125,El Amate,18.3300525,-99.54253277777778,7,,True,0.3667243940248941,1.6708101567282727,12035,Iguala de la Independencia,False
12035,0126,Colonia 24 de Febrero,18.330540555555555,-99.52809416666666,2,,True,0.10477839829282688,1.8979878344211307,12035,Iguala de la Independencia,False
12035,0127,Colonia CNOP Uno,18.329068055555556,-99.52734416666667,24,1.0,False,1.0,2.0777938911769924,12035,Iguala de la Independencia,False
12035,0129,Colonia Santa Elena (El Caolín),18.08588083333333,-99.62515027777778,162,11.0,False,11.0,1.0295481992353763,12035,Coacoyula de Álvarez,False
12035,0137,Fermín Rabadán Cervantes,18.31527777777778,-99.56722222222221,2137,129.0,False,129.0,2.469137744157875,12035,Ceja Blanca,False
12035,0142,Tonalapita del Norte (Puente González),18.37122638888889,-99.51472194444445,11,0.0,False,0.0,3.876480850968167,12035,Iguala de la Independencia,False
12035,0150,Colonia Periférico Oriente,18.352933333333336,-99.51770416666666,4,,True,0.20955679658565377,2.3718322737046043,12035,Iguala de la Independencia,False
12035,0153,Colonia Cristo Rey,18.28139361111111,-99.51472583333333,3,,True,0.15716759743924033,2.505249083079172,12035,Tepochica,False
12035,0168,Ficus,18.384635555555555,-99.53057972222223,235,16.0,False,16.0,4.532553194456106,12035,Iguala de la Independencia,False
12035,0176,El Mezquite,18.349919166666666,-99.51801166666667,332,21.0,False,21.0,2.2299261678117817,12035,Iguala de la Independencia,False
12035,0177,San Miguel,18.37484527777778,-99.54913694444444,96,5.0,False,5.0,3.555304119254062,12035,Iguala de la Independencia,False
12035,0178,San Antonio,18.376954444444443,-99.55214888888888,19,3.0,False,3.0,3.885722041171416,12035,Iguala de la Independencia,False
12035,0182,Las Parotas,18.36924611111111,-99.57220805555555,117,6.0,False,6.0,4.505092922809383,12035,Iguala de la Independencia,False
12035,0184,El Cielo de Cheguevara,18.365213888888892,-99.58134666666666,55,5.0,False,5.0,5.084660837150206,12035,Iguala de la Independencia,False
12035,0185,Coloso,18.360283055555556,-99.57814583333332,28,2.0,False,2.0,4.5480555690059346,12035,Iguala de la Independencia,False
12035,0189,Puerto del Aire,18.372863333333335,-99.51193416666666,15,2.0,False,2.0,4.206546220860336,12035,Iguala de la Independencia,False
12035,0190,Filadelfia,18.373711111111113,-99.51547166666667,51,5.0,False,5.0,4.043990118022599,12035,Iguala de la Independencia,False
12035,0194,Eufemio Zapata,18.315075833333335,-99.55538027777777,125,3.0,False,3.0,2.4752298454694213,12035,Ceja Blanca,False
12035,0195,Colonia el Tomatal (Kilómetro 128),18.301895833333333,-99.50611527777778,15,2.0,False,2.0,1.789720493049906,12035,Tepochica,False
12035,0196,Las Granjas,18.304166666666667,-99.50861111111111,38,1.0,False,1.0,1.5363644501201756,12035,Tepochica,False
12035,0197,Colonia Ernesto Che Guevara (La Che Guevara),18.32729527777778,-99.62807972222221,160,11.0,False,11.0,2.759196687466929,12035,Ahuehuepan,False
12035,0200,Las Uvas [Rancho],18.232711666666663,-99.54035416666666,2,,True,0.10477839829282688,3.9121237510809403,12035,Santa Teresa,False
12036,0001,Igualapa,16.743713333333336,-98.4766175,3110,212.0,False,212.0,0.0,12036,Igualapa,False
12036,0002,Acalmani,16.816324166666668,-98.50626666666666,807,48.0,False,48.0,0.0,12036,Acalmani,False
12036,0003,Colonia Enrique Rodríguez Cruz,16.67598416666667,-98.48465916666667,307,13.0,False,13.0,2.6121151499059394,12036,San Juan de los Llanos,False
12036,0004,La Libertad,16.758139444444446,-98.46982833333334,342,27.0,False,27.0,1.7594703273109364,12036,Igualapa,False
12036,0005,Chacalapa,16.807227222222224,-98.45784222222223,1449,98.0,False,98.0,5.252734273375126,12036,Acalmani,False
12036,0006,Llano Grande de los Hilarios,16.761049166666666,-98.43967055555557,782,50.0,False,50.0,0.0,12036,Llano Grande de los Hilarios,False
12036,0008,La Reforma,16.69433527777778,-98.50276444444444,619,36.0,False,36.0,0.0,12036,La Reforma,False
12036,0009,San José Buenavista,16.851681944444447,-98.49618083333334,712,53.0,False,53.0,0.0,12036,San José Buenavista,False
12036,0010,San Juan de los Llanos,16.657791666666665,-98.50017277777778,1041,54.0,False,54.0,0.0,12036,San Juan de los Llanos,False
12036,0011,Tepatahuac,16.694917222222223,-98.47023361111111,146,10.0,False,10.0,3.465398152046541,12036,La Reforma,False
12036,0012,La Victoria,16.760272222222223,-98.49704111111112,485,31.0,False,31.0,2.8494284873492512,12036,Igualapa,False
12036,0017,El Barrero,16.66647222222222,-98.488165,2,,True,0.13271999318510946,1.6024605026029806,12036,San Juan de los Llanos,False
12036,0018,Boca de Talapa,16.667243333333335,-98.49105916666667,6,,True,0.3981599795553284,1.4307602735684641,12036,San Juan de los Llanos,False
12036,0019,El Capulín,16.671193055555555,-98.5057688888889,253,20.0,False,20.0,1.6049799095149777,12036,San Juan de los Llanos,False
12036,0024,Chimalapa,16.931041944444445,-98.4630363888889,791,56.0,False,56.0,0.0,12036,Chimalapa,False
12036,0025,Llano Grande de Juárez,16.89841472222222,-98.47694027777779,754,60.0,False,60.0,0.0,12036,Llano Grande de Juárez,False
12036,0027,Rancho el Arbolito (Juan Cristóbal),16.874978055555555,-98.4855113888889,91,9.0,False,9.0,2.7610004824782286,12036,Llano Grande de Juárez,False
12036,0031,El Mango,16.666809166666667,-98.49622027777778,2,,True,0.13271999318510946,1.0875136170063717,12036,San Juan de los Llanos,False
12036,0034,Dos Postes,16.732406666666666,-98.47117250000001,40,2.0,False,2.0,1.3844981471833329,12036,Igualapa,False
12037,0001,Ixcateopan de Cuauhtémoc,18.50245222222222,-99.79356944444444,2493,116.0,False,116.0,0.0,12037,Ixcateopan de Cuauhtémoc,False
12037,0002,Amealco,18.47779583333333,-99.71535166666666,56,1.0,False,1.0,6.310353893792691,12055,Temaxcalapa,True
12037,0003,San Martín Pachivia (Pachivia),18.40916888888889,-99.78747055555556,978,55.0,False,55.0,0.0,12037,San Martín Pachivia (Pachivia),False
12037,0004,Pipincatla,18.447368333333333,-99.80688416666666,350,24.0,False,24.0,2.1704276572521497,12037,Simatel,False
12037,0005,El Potrero,18.452934444444445,-99.74414055555556,122,2.0,False,2.0,6.582738555352092,12055,Temaxcalapa,True
12037,0007,Romita,18.489843333333333,-99.81159277777778,189,13.0,False,13.0,2.361765816447268,12037,Ixcateopan de Cuauhtémoc,False
12037,0008,San Juan,18.516016944444445,-99.80136138888889,114,6.0,False,6.0,1.7175831327883,12037,Ixcateopan de Cuauhtémoc,False
12037,0009,San Pedro Guadalupe,18.54869888888889,-99.76346916666667,123,7.0,False,7.0,5.220920439078588,12047,Rancho Nuevo,True
12037,0010,Simatel,18.454201666666666,-99.82615888888888,415,26.0,False,26.0,0.0,12037,Simatel,False
12037,0011,Tecociapa,18.423782777777777,-99.80922166666666,72,1.0,False,1.0,2.811840219177943,12037,San Martín Pachivia (Pachivia),False
12037,0012,Tenanguillo de las Cañas,18.477336388888887,-99.8290886111111,365,17.0,False,17.0,2.5909552381905216,12037,Simatel,False
12037,0013,Teucizapan,18.453855,-99.71329027777779,309,7.0,False,7.0,3.9824286192863587,12055,Temaxcalapa,True
12037,0014,Xalostoc,18.426101666666668,-99.73249805555555,149,7.0,False,7.0,4.7135446181156135,12055,Temaxcalapa,True
12037,0015,Zacatales (Agua Verde),18.48664388888889,-99.78999833333333,3,,True,0.15053763440860216,1.7976921427704642,12037,Ixcateopan de Cuauhtémoc,False
12037,0016,Zozoquitla,18.538521944444447,-99.78545111111112,15,0.0,False,0.0,3.197219182206441,12047,Rancho Nuevo,True
12037,0032,Zazacuala (El Rancho del Limón),18.478368611111108,-99.78795805555555,43,3.0,False,3.0,2.7425748617140133,12037,Ixcateopan de Cuauhtémoc,False
12037,0033,Huixquila,18.523306666666667,-99.79191888888889,76,4.0,False,4.0,2.3254300206369556,12037,Ixcateopan de Cuauhtémoc,False
12037,0046,Loma Linda (Tlatoloya),18.453547222222223,-99.79258861111111,13,2.0,False,2.0,3.5416448896660326,12037,Simatel,False
12037,0047,El Amate Prieto,18.422978611111112,-99.73559527777778,5,0.0,False,0.0,5.062068173591255,12055,Temaxcalapa,True
12037,0050,Tilapa,18.48741638888889,-99.82756527777778,48,4.0,False,4.0,3.696285892024394,12037,Simatel,False
12037,0060,Barrio de los García (Pata de Marrano),18.453309166666667,-99.83796888888888,15,2.0,False,2.0,1.2496329331738871,12037,Simatel,False
12037,0061,Barrio de los Tejas (Las Maravillas),18.45816861111111,-99.832505,9,,True,0.4516129032258065,0.8016336879100852,12037,Simatel,False
12037,0062,El Crucero de San Martín Pachivia,18.391360555555554,-99.7797086111111,1,,True,0.05017921146953405,2.142866751512741,12037,San Martín Pachivia (Pachivia),False
12037,0063,La Loma el Ocote,18.48620777777778,-99.79313916666666,1,,True,0.05017921146953405,1.8068696069756354,12037,Ixcateopan de Cuauhtémoc,False
12037,0065,La Monera Tecorral,18.496839444444447,-99.81062472222222,69,5.0,False,5.0,1.903675826825653,12037,Ixcateopan de Cuauhtémoc,False
12037,0067,Paredones,18.458391111111112,-99.803195,14,0.0,False,0.0,2.466522221911427,12037,Simatel,False
12037,0068,El Puente (Puente Delgado),18.521771388888887,-99.81258055555556,91,6.0,False,6.0,2.9381936177626615,12037,Ixcateopan de Cuauhtémoc,False
12038,0001,Zihuatanejo,17.650457499999998,-101.54817555555556,70760,3629.0,False,3629.0,0.0,12038,Zihuatanejo,False
12038,0002,Los Achotes,17.60139416666667,-101.41791833333333,1122,64.0,False,64.0,7.684129111161547,12038,El Coacoyul,False
12038,0005,Los Almendros,17.61211916666667,-101.43907555555556,1157,47.0,False,47.0,5.158625738928794,12038,El Coacoyul,False
12038,0006,Los Angelitos (Los Angellitos),18.028192777777775,-101.32767861111111,4,,True,0.1980936659232863,11.986707800036598,12038,Vallecitos de Zaragoza,False
12038,0007,Paso del Burro,17.77869361111111,-101.57967777777777,12,0.0,False,0.0,7.441902609862556,12038,Pantla,False
12038,0010,Barranca de la Bandera,17.76015388888889,-101.4592725,40,1.0,False,1.0,7.695164020045409,12038,El Calabazalito,False
12038,0011,Barranca del Montor (Montor Uno),17.794497777777778,-101.37272638888888,7,,True,0.34666391536575103,8.088262236830422,12038,La Laja (Buenavista),False
12038,0012,Barrio Nuevo,17.720295555555555,-101.6360025,1493,91.0,False,91.0,2.055086522512012,12038,Pantla,False
12038,0013,San José Ixtapa (Barrio Viejo),17.706180277777776,-101.62707527777778,8988,456.0,False,456.0,3.748155737801043,12038,Pantla,False
12038,0015,El Calabazal,17.709342777777778,-101.49186083333333,92,6.0,False,6.0,2.544103249009695,12038,El Calabazalito,False
12038,0016,El Calabazalito,17.71567888888889,-101.51493972222222,207,5.0,False,5.0,0.0,12038,El Calabazalito,False
12038,0018,El Capirillo,17.803038333333333,-101.31409083333332,38,3.0,False,3.0,10.691210022343686,12038,La Laja (Buenavista),False
12038,0021,La Ciénega,17.856056111111112,-101.39886194444445,51,1.0,False,1.0,1.2843108115360136,12038,La Laja (Buenavista),False
12038,0022,Los Ciruelos,17.87895277777778,-101.3595325,17,0.0,False,0.0,3.6964364019980906,12038,La Laja (Buenavista),False
12038,0023,El Coacoyul,17.63900472222222,-101.47874583333333,6905,341.0,False,341.0,0.0,12038,El Coacoyul,False
12038,0026,El Colorín,17.819618333333334,-101.31673833333333,1,,True,0.04952341648082158,9.368273240154224,12038,La Laja (Buenavista),False
12038,0028,El Corrientoso,17.892598333333332,-101.35205138888888,10,0.0,False,0.0,4.29776957699951,12038,Vallecitos de Zaragoza,False
12038,0029,El Corte,17.667180277777778,-101.44543250000001,48,1.0,False,1.0,4.719674154245325,12038,El Coacoyul,False
12038,0030,Cuahulotito,17.834895555555555,-101.38262694444444,4,,True,0.1980936659232863,3.4769254232650195,12038,La Laja (Buenavista),False
12038,0032,El Chico,17.822824722222222,-101.3461486111111,1,,True,0.04952341648082158,6.698123971738161,12038,La Laja (Buenavista),False
12038,0034,El Encanto,17.687313055555556,-101.45755750000001,6,,True,0.29714049888492944,5.821889435778867,12038,El Coacoyul,False
12038,0037,El Escobillal,17.784779444444446,-101.45920944444445,6,,True,0.29714049888492944,9.68869478858628,12038,El Calabazalito,False
12038,0038,El Espinalillo,17.86774388888889,-101.43047333333334,10,0.0,False,0.0,4.160087461926673,12038,La Laja (Buenavista),False
12038,0040,Las Higueritas,17.81373138888889,-101.41530972222223,46,1.0,False,1.0,6.249548426474718,12038,La Laja (Buenavista),False
12038,0043,Huipililla,17.90368583333333,-101.42819805555555,25,1.0,False,1.0,5.806686487230221,12038,La Laja (Buenavista),False
12038,0045,La Laja (Buenavista),17.86506361111111,-101.39126611111112,139,8.0,False,8.0,0.0,12038,La Laja (Buenavista),False
12038,0046,Loma Bonita,17.56615777777778,-101.40920694444445,1,,True,0.04952341648082158,6.800244544510756,12048,San Jeronimito (San Jerónimo),True
12038,0047,Los Llanitos,17.592335277777778,-101.42424222222223,316,10.0,False,10.0,7.765047758967793,12038,El Coacoyul,False
12038,0049,El Mamey,17.803463055555557,-101.58209722222222,12,,True,0.5942809977698589,9.187889005309053,12038,Pantla,False
12038,0050,Mesa del Mango,17.8097225,-101.31512833333333,7,,True,0.34666391536575103,10.139898841738592,12038,La Laja (Buenavista),False
12038,0053,Los Naranjos,17.762102777777777,-101.44707472222223,42,2.0,False,2.0,8.849113846210695,12038,El Calabazalito,False
12038,0055,Las Ollas,17.764770833333333,-101.52331833333334,215,1.0,False,1.0,5.530427465409607,12038,El Calabazalito,False
12038,0057,Pantla,17.73877722222222,-101.63608583333334,4213,184.0,False,184.0,0.0,12038,Pantla,False
12038,0058,La Parota,17.733510833333334,-101.40227027777779,114,7.0,False,7.0,12.097170837228624,12038,El Calabazalito,False
12038,0060,Rancho las Parotas,17.594391388888887,-101.41673861111111,6,,True,0.29714049888492944,8.233734134030092,12038,El Coacoyul,False
12038,0063,El Perú,17.85103555555556,-101.39960722222223,56,1.0,False,1.0,1.7923356661416332,12038,La Laja (Buenavista),False
12038,0064,Las Piedras de Amolar,17.723540277777776,-101.55122833333333,17,0.0,False,0.0,3.9418214244557555,12038,El Calabazalito,False
12038,0065,Plan del Cuche (Puerto el Pino),17.774762777777777,-101.40126555555557,37,1.0,False,1.0,10.096637231327911,12038,La Laja (Buenavista),False
12038,0066,Plan de los Hernández,17.85584388888889,-101.41778166666667,49,1.0,False,1.0,2.9876970394084883,12038,La Laja (Buenavista),False
12038,0067,Playa Blanca,17.571169444444443,-101.44561944444445,364,17.0,False,17.0,8.32002432249065,12038,El Coacoyul,False
12038,0070,Rabo de Iguana,17.837569166666665,-101.33213944444444,36,1.0,False,1.0,6.964909473063503,12038,La Laja (Buenavista),False
12038,0071,Real de Guadalupe (El Mineral de Guadalupe),18.01102861111111,-101.30581583333333,30,0.0,False,0.0,10.251344013854844,12038,Vallecitos de Zaragoza,False
12038,0074,San Antonio (La Curva),17.968121388888886,-101.25394194444445,10,,True,0.4952341648082158,9.102274903854937,12038,Vallecitos de Zaragoza,False
12038,0075,El Sandial,17.799361944444446,-101.62675083333333,52,6.0,False,6.0,6.808848381127474,12038,Pantla,False
12038,0076,San Ignacio,17.858766388888892,-101.54247111111111,85,2.0,False,2.0,16.01811759873409,12038,La Laja (Buenavista),False
12038,0077,San Miguelito,17.634764722222222,-101.438235,849,33.0,False,33.0,4.31867607819009,12038,El Coacoyul,False
12038,0079,Siemprevival,17.820329722222223,-101.37560305555554,19,0.0,False,0.0,5.243190940344862,12038,La Laja (Buenavista),False
12038,0080,La Soledad,17.75889638888889,-101.61075972222221,57,2.0,False,2.0,3.492629043019882,12038,Pantla,False
12038,0081,El Tamarindo,17.911516388888888,-101.33555166666666,3,,True,0.14857024944246472,1.584070707732499,12038,Vallecitos de Zaragoza,False
12038,0087,La Vainilla,17.69867138888889,-101.52104888888888,35,3.0,False,3.0,1.9988022580341431,12038,El Calabazalito,False
12038,0088,El Vainillo (Vainillos),17.942420833333333,-101.42696500000001,1,,True,0.04952341648082158,9.394563446699006,12038,La Laja (Buenavista),False
12038,0089,Vallecitos de Zaragoza,17.92045388888889,-101.32389277777777,316,14.0,False,14.0,0.0,12038,Vallecitos de Zaragoza,False
12038,0090,El Varillo (El Barillo),18.00316888888889,-101.30967444444444,5,,True,0.2476170824041079,9.319638553726262,12038,Vallecitos de Zaragoza,False
12038,0091,Los Varillos,17.89906361111111,-101.44102694444445,28,2.0,False,2.0,6.482461476762538,12038,La Laja (Buenavista),False
12038,0093,Zapotillo,17.766749166666667,-101.59522944444444,13,1.0,False,1.0,5.328643809275155,12038,Pantla,False
12038,0094,El Zarco,17.61740111111111,-101.40823805555556,736,29.0,False,29.0,7.848607872834768,12038,El Coacoyul,False
12038,0095,Zumatlán,17.813791944444446,-101.44596111111112,142,7.0,False,7.0,8.125274720895533,12038,La Laja (Buenavista),False
12038,0100,El Aguacate,17.771740277777777,-101.42634722222223,5,,True,0.2476170824041079,11.021594570169675,12038,La Laja (Buenavista),False
12038,0104,Puerto de Bálsamo,17.980409444444444,-101.21733361111112,11,0.0,False,0.0,13.096004875917261,12038,Vallecitos de Zaragoza,False
12038,0106,Barbulillas,17.684956666666668,-101.61054305555555,899,42.0,False,42.0,6.5677515955530374,12038,Pantla,False
12038,0109,El Camalote,17.75487888888889,-101.5416575,126,10.0,False,10.0,5.196790067589783,12038,El Calabazalito,False
12038,0118,La Garita,18.010257222222222,-101.31041277777777,33,2.0,False,2.0,10.086956167287042,12038,Vallecitos de Zaragoza,False
12038,0124,Ixtapa Zihuatanejo,17.661034722222222,-101.60099694444443,13806,608.0,False,608.0,5.719050123950829,12038,Zihuatanejo,False
12038,0128,Pie de la Cuesta,17.815674166666668,-101.5710825,16,1.0,False,1.0,10.976626005642848,12038,Pantla,False
12038,0143,La Perica,17.7477075,-101.56643861111111,49,2.0,False,2.0,6.514128537401708,12038,El Calabazalito,False
12038,0149,El Limoncito,18.023124444444445,-101.30874166666666,12,1.0,False,1.0,11.52836953238571,12038,Vallecitos de Zaragoza,False
12038,0156,El Chilcahuite,17.782091666666666,-101.49302722222222,7,,True,0.34666391536575103,7.740790825260636,12038,El Calabazalito,False
12038,0157,El Higo,17.81237638888889,-101.47282222222222,29,0.0,False,0.0,10.432876762261062,12038,La Laja (Buenavista),False
12038,0159,El Guayabal,17.87674277777778,-101.42732166666667,38,2.0,False,2.0,4.0306943294485835,12038,La Laja (Buenavista),False
12038,0162,Pueblo Viejo,17.98063583333333,-101.293295,23,1.0,False,1.0,7.433581134922084,12038,Vallecitos de Zaragoza,False
12038,0164,Figueroa,17.978446944444443,-101.314605,22,1.0,False,1.0,6.522949360858449,12038,Vallecitos de Zaragoza,False
12038,0166,Las Cuevas (Cuevitas),18.016179166666667,-101.29624722222222,11,,True,0.5447575812890374,11.038510074800172,12038,Vallecitos de Zaragoza,False
12038,0171,El Caracol,17.99994416666667,-101.31633472222222,2,,True,0.09904683296164316,8.874997056385533,12038,Vallecitos de Zaragoza,False
12038,0172,La Cañita,18.01891861111111,-101.31514,5,0.0,False,0.0,10.98784848214526,12038,Vallecitos de Zaragoza,False
12038,0173,La Mesa de los Bravos,17.851889722222225,-101.3426886111111,29,1.0,False,1.0,5.345921931034214,12038,La Laja (Buenavista),False
12038,0174,Paso del Aguacate,17.960180555555556,-101.26920305555555,28,1.0,False,1.0,7.2791416603177455,12038,Vallecitos de Zaragoza,False
12038,0185,Las Pipinas,17.745497500000003,-101.57349972222222,99,5.0,False,5.0,6.670248746104412,12038,Pantla,False
12038,0186,Los Robles (Los Roblitos),17.803481666666666,-101.43536166666667,11,1.0,False,1.0,8.287096801096961,12038,La Laja (Buenavista),False
12038,0187,La Gardenia,17.803376944444445,-101.44484916666667,28,0.0,False,0.0,8.900514520882032,12038,La Laja (Buenavista),False
12038,0190,La Puerta de Ixtapa,17.665787499999997,-101.57409583333333,15,1.0,False,1.0,3.2324073930308677,12038,Zihuatanejo,False
12038,0191,El Posquelite,17.675405555555557,-101.5664275,698,35.0,False,35.0,3.381624237436178,12038,Zihuatanejo,False
12038,0192,La Salitrera,17.719656388888886,-101.60198888888888,977,49.0,False,49.0,4.190732829191803,12038,Pantla,False
12038,0193,Mata de Sandía,17.678344444444445,-101.54975416666666,99,4.0,False,4.0,3.1053942660436316,12038,Zihuatanejo,False
12038,0197,Las Mesillas,17.791452222222222,-101.46603805555556,10,1.0,False,1.0,9.889864951589452,12038,El Calabazalito,False
12038,0203,Valle Nuevo,17.67177611111111,-101.50939,5,,True,0.2476170824041079,4.7441806110089555,12038,Zihuatanejo,False
12038,0204,La Esmeralda,17.675752777777777,-101.45028111111111,1,,True,0.04952341648082158,5.078715865777714,12038,El Coacoyul,False
12038,0206,Colonia Aeropuerto,17.621325833333334,-101.45992416666667,1784,103.0,False,103.0,2.8004834117363644,12038,El Coacoyul,False
12038,0207,Villa Hermosa (Las Pozas),17.635019444444445,-101.46491361111111,1484,91.0,False,91.0,1.5312984083583536,12038,El Coacoyul,False
12038,0208,Los Reyes (Las Chiveras),17.638975,-101.48960638888889,861,27.0,False,27.0,1.1508659094972828,12038,El Coacoyul,False
12038,0209,Buena Vista,17.77045222222222,-101.67671722222222,1016,39.0,False,39.0,5.560523370446016,12038,Pantla,False
12038,0210,Los Tamarindos,17.85994388888889,-101.41982305555555,7,,True,0.34666391536575103,3.075467328417052,12038,La Laja (Buenavista),False
12038,0211,El Huicumo,17.942961944444445,-101.37614222222221,7,,True,0.34666391536575103,6.067855502083326,12038,Vallecitos de Zaragoza,False
12038,0215,El Arenosito,17.71995944444444,-101.47112527777777,73,6.0,False,6.0,4.665197146750829,12038,El Calabazalito,False
12038,0221,El Callado,17.88595,-101.25346361111112,3,,True,0.14857024944246472,8.38179396452943,12038,Vallecitos de Zaragoza,False
12038,0230,El Columpio,17.61810416666667,-101.45106472222223,5,,True,0.2476170824041079,3.7424998556945854,12038,El Coacoyul,False
12038,0239,El Limón,17.737128333333334,-101.40105861111111,23,1.0,False,1.0,12.295326430522335,12038,El Calabazalito,False
12038,0245,Plan la Caña (Plan de la Caña),17.92101027777778,-101.30606861111112,1,,True,0.04952341648082158,1.8868131285977303,12038,Vallecitos de Zaragoza,False
12038,0246,Puerto de Casitas,17.776696666666666,-101.39049722222222,13,0.0,False,0.0,9.826293017913763,12038,La Laja (Buenavista),False
12038,0247,Puertecito,17.862109722222225,-101.51717944444444,31,2.0,False,2.0,13.329980018512375,12038,La Laja (Buenavista),False
12038,0254,La Vainilla,17.824659722222222,-101.55108194444445,14,2.0,False,2.0,12.708080831904667,12038,El Calabazalito,False
12038,0255,Vista Hermosa [Nuevo Centro de Población Ejidal],17.575056944444444,-101.43990388888889,54,3.0,False,3.0,8.216373310229425,12038,El Coacoyul,False
12038,0256,Las Cucharas,17.877572222222224,-101.42927361111111,21,1.0,False,1.0,4.256010095385137,12038,La Laja (Buenavista),False
12038,0257,Plan de Ortiz,17.86658305555556,-101.42586472222223,17,2.0,False,2.0,3.6655649985186227,12038,La Laja (Buenavista),False
12038,0258,Palos Dulces,17.993436666666668,-101.30805388888889,9,,True,0.4457107483273942,8.286455214757426,12038,Vallecitos de Zaragoza,False
12038,0259,Arroyo Seco,17.78776388888889,-101.57241277777777,47,2.0,False,2.0,8.66792368482371,12038,Pantla,False
12038,0260,Piedras Rodadas,17.775441944444445,-101.58770166666666,6,0.0,False,0.0,6.547842645318361,12038,Pantla,False
12038,0261,La Planilla,18.00939138888889,-101.30288333333333,15,,True,0.7428512472123237,10.136004397203987,12038,Vallecitos de Zaragoza,False
12038,0264,El Capire,17.71386222222222,-101.61329638888888,79,4.0,False,4.0,3.6744332805289375,12038,Pantla,False
12038,0266,La Ciénega,17.973018611111108,-101.37337805555555,1,,True,0.04952341648082158,7.846407566138646,12038,Vallecitos de Zaragoza,False
12038,0274,Las Juntas,17.996446111111112,-101.31133972222221,3,,True,0.14857024944246472,8.5536415564484,12038,Vallecitos de Zaragoza,False
12038,0275,La Laguna,17.80749527777778,-101.43722222222223,27,2.0,False,2.0,8.039889583335876,12038,La Laja (Buenavista),False
12038,0276,El Norte,17.6971425,-101.43917194444445,5,,True,0.2476170824041079,7.705283181307831,12038,El Coacoyul,False
12038,0277,Rancho las Gaviotas,17.597305277777778,-101.44014722222222,6,,True,0.29714049888492944,6.18328835233049,12038,El Coacoyul,False
12038,0279,Rancho la Laguna,17.796830833333335,-101.46083888888889,22,1.0,False,1.0,10.573596089907555,12038,La Laja (Buenavista),False
12038,0280,Atzacualoya,17.614568333333334,-101.44343583333334,116,11.0,False,11.0,4.624433026067721,12038,El Coacoyul,False
12038,0289,La Alameda,17.88746,-101.34916777777778,20,0.0,False,0.0,4.5400329715664505,12038,Vallecitos de Zaragoza,False
12038,0290,Apatzingán de las Flores,17.881787222222222,-101.35141805555556,8,0.0,False,0.0,4.608857880272889,12038,La Laja (Buenavista),False
12038,0295,Rancho la Esperanza,17.732963888888886,-101.55732722222221,20,0.0,False,0.0,4.883659569702727,12038,El Calabazalito,False
12038,0303,El Progreso,17.9689475,-101.31453027777778,6,,True,0.29714049888492944,5.482446590889356,12038,Vallecitos de Zaragoza,False
12038,0304,Rancho Quemado,17.81668861111111,-101.39927416666667,2,,True,0.09904683296164316,5.445430346462073,12038,La Laja (Buenavista),False
12038,0324,Las Palancas,17.712305277777777,-101.61670027777777,15,0.0,False,0.0,3.588908251125898,12038,Pantla,False
12038,0326,Colonia el Manguito,17.619923055555557,-101.4452438888889,113,7.0,False,7.0,4.136004142356113,12038,El Coacoyul,False
12038,0327,El Merlín,17.979647777777775,-101.32474916666666,12,,True,0.5942809977698589,6.582683519970667,12038,Vallecitos de Zaragoza,False
12038,0328,Mesas de Pueblo Viejo,17.99072361111111,-101.28665194444444,9,,True,0.4457107483273942,8.75048917817149,12038,Vallecitos de Zaragoza,False
12038,0329,Montor Dos,17.79340638888889,-101.36468805555555,40,1.0,False,1.0,8.450030388179592,12038,La Laja (Buenavista),False
12038,0331,Nuevo Amanecer,17.74335388888889,-101.55907083333334,8,,True,0.3961873318465726,5.596159666321538,12038,El Calabazalito,False
12038,0336,Puerto de Pueblo Viejo (Puerto de la Higuerita),17.976249999999997,-101.30256166666666,8,1.0,False,1.0,6.601845040535294,12038,Vallecitos de Zaragoza,False
12038,0337,La Quebradora,17.64683972222222,-101.48152222222222,316,11.0,False,11.0,0.9195455637505473,12038,El Coacoyul,False
12038,0341,El Crucero a Altamirano,17.728671111111108,-101.6067861111111,26,0.0,False,0.0,3.300373852105068,12038,Pantla,False
12038,0343,Colonia Baltazar R. Leyva Mancilla,17.90991083333333,-101.5716475,67,3.0,False,3.0,13.660608413731081,12068,El Tibor,True
12038,0354,Ampliación las Chiveras,17.638044166666667,-101.49619722222222,116,6.0,False,6.0,1.8523591032091207,12038,El Coacoyul,False
12038,0358,Colonia el Paraíso,17.629738333333332,-101.47281555555556,138,6.0,False,6.0,1.2068960473849961,12038,El Coacoyul,False
12038,0364,Playa Larga,17.619733055555557,-101.50155388888889,53,2.0,False,2.0,3.23018759019557,12038,El Coacoyul,False
12038,0365,Rancho las Pozas,17.618385833333335,-101.47815861111111,3,,True,0.14857024944246472,2.2935602140373335,12038,El Coacoyul,False
12038,0366,Puerto del Pino,17.798787222222224,-101.30694111111112,2,,True,0.09904683296164316,11.57520671529002,12038,La Laja (Buenavista),False
12038,0367,Rancho el Avillo,17.807775,-101.57166638888889,2,,True,0.09904683296164316,10.26605632259435,12038,Pantla,False
12038,0370,La Compuerta,17.788611111111113,-101.63694833333334,3,,True,0.14857024944246472,5.542028259487356,12038,Pantla,False
12038,0376,Colonia Vista Mar,17.605368333333335,-101.42603222222223,760,44.0,False,44.0,6.722888630989849,12038,El Coacoyul,False
12038,0378,Las Huertas,17.6436,-101.50594083333333,23,0.0,False,0.0,2.926687821332157,12038,El Coacoyul,False
12038,0380,Rancho Agua Dulce,17.5798175,-101.42240916666667,7,,True,0.34666391536575103,8.35734889723165,12048,San Jeronimito (San Jerónimo),True
12038,0384,Rancho la Vainilla,17.71288722222222,-101.52011361111111,6,,True,0.29714049888492944,0.6298407734651946,12038,El Calabazalito,False
12038,0385,Rancho los Pinos,17.60810361111111,-101.43487583333334,3,,True,0.14857024944246472,5.781109486914617,12038,El Coacoyul,False
12038,0386,Rancho los Ujes,17.597091666666664,-101.4265025,5,,True,0.2476170824041079,7.237102727207069,12038,El Coacoyul,False
12038,0387,La Pedrera,17.65981833333333,-101.54659277777778,39,3.0,False,3.0,1.0543012021186087,12038,Zihuatanejo,False
12038,0393,Entronque a Ixtapa,17.679241944444446,-101.60014777777778,224,13.0,False,13.0,6.369183749509732,12038,Zihuatanejo,False
12038,0394,El Agüita,17.66826916666667,-101.55410388888889,13,1.0,False,1.0,2.0777876698498865,12038,Zihuatanejo,False
12038,0397,Colonia Tres de Diciembre,17.73403,-101.61247583333333,404,28.0,False,28.0,2.5556358885886765,12038,Pantla,False
12038,0399,Isla Grande de Ixtapa,17.677671111111113,-101.65591166666667,16,2.0,False,2.0,7.111830076320086,12038,Pantla,False
12038,0401,Rancho el Paraíso,17.596452777777777,-101.40913888888889,5,,True,0.2476170824041079,7.626897961239484,12048,San Jeronimito (San Jerónimo),True
12038,0410,Colonia las Palomas,17.68880777777778,-101.61840888888888,34,3.0,False,3.0,5.863349938527372,12038,Pantla,False
12038,0411,Rancho San Antonio,17.594206666666665,-101.40421694444446,1,,True,0.04952341648082158,7.0487115336285955,12048,San Jeronimito (San Jerónimo),True
12038,0413,Agua Fría,17.893333333333334,-101.55388888888889,1,,True,0.04952341648082158,15.48200917381418,12068,El Tibor,True
12038,0414,El Infiernillo,17.7348925,-101.58579777777777,29,0.0,False,0.0,5.343464465742192,12038,Pantla,False
12038,0415,El Zapotillo,17.848897777777776,-101.39187305555556,3,,True,0.14857024944246472,1.7987060924742497,12038,La Laja (Buenavista),False
12038,0416,Rancho el Limoncito,17.79802111111111,-101.45449083333334,2,,True,0.09904683296164316,10.018179982055061,12038,La Laja (Buenavista),False
12038,0417,El Granadillo,17.736445,-101.56019333333333,14,1.0,False,1.0,5.320281352816687,12038,El Calabazalito,False
12038,0420,El Zapote,17.67138888888889,-101.42555555555556,3,,True,0.14857024944246472,6.688076005456989,12038,El Coacoyul,False
12038,0421,El Anonal,17.663016944444443,-101.41168333333334,6,,True,0.29714049888492944,7.591014910404452,12038,El Coacoyul,False
12038,0422,Rancho los Hernández,17.68,-101.42,6,,True,0.29714049888492944,7.715111906322768,12038,El Coacoyul,False
12038,0423,Rancho el Tejón,17.64472222222222,-101.42083333333333,3,,True,0.14857024944246472,6.169563529150643,12038,El Coacoyul,False
12038,0424,Fraccionamiento Ayocuán,17.62483888888889,-101.43990638888889,385,21.0,False,21.0,4.406981581035055,12038,El Coacoyul,False
12038,0425,Rancho de la Cruz,17.844481388888887,-101.32925333333333,7,,True,0.34666391536575103,6.950973641916866,12038,La Laja (Buenavista),False
12038,0429,Las Higueras,17.866666666666667,-101.35138888888888,8,0.0,False,0.0,4.224081256726663,12038,La Laja (Buenavista),False
12038,0430,El Tiradero,17.685130277777777,-101.58613361111111,133,9.0,False,9.0,5.57118874217587,12038,Zihuatanejo,False
12038,0431,Playa el Aeropuerto,17.60126527777778,-101.4767175,29,2.0,False,2.0,4.201936700752963,12038,El Coacoyul,False
12038,0432,Fragata,17.64152861111111,-101.50136388888889,862,28.0,False,28.0,2.413126721603424,12038,El Coacoyul,False
12038,0434,La Carrerita,17.647534444444442,-101.48281583333333,77,4.0,False,4.0,1.0419110245181347,12038,El Coacoyul,False
12038,0435,Puerto de los Ángeles,17.822501944444443,-101.56791361111111,3,,True,0.14857024944246472,11.780309332749379,12038,Pantla,False
12038,0436,Paso Miraflores,17.726744444444442,-101.55181999999999,4,,True,0.1980936659232863,4.095510272374475,12038,El Calabazalito,False
12039,0001,Tierra Colorada,17.169004444444447,-99.52204694444444,12262,698.0,False,698.0,0.0,12039,Tierra Colorada,False
12039,0002,Garrapatas (Garrapata),17.18898111111111,-99.51920277777778,777,46.0,False,46.0,2.241759262371724,12039,Tierra Colorada,False
12039,0003,Michapa,17.128464166666667,-99.4086513888889,449,34.0,False,34.0,3.697668325045721,12039,Tlayolapa,False
12039,0004,Omitlán,17.117139166666668,-99.50738166666666,581,35.0,False,35.0,3.9169047288117276,12039,La Palma,False
12039,0005,La Palma,17.08196138888889,-99.50930083333333,1694,94.0,False,94.0,0.0,12039,La Palma,False
12039,0006,Palo Gordo,17.15497333333333,-99.54858805555556,946,51.0,False,51.0,3.222675152729302,12039,Tierra Colorada,False
12039,0007,Papagayo,17.158642777777775,-99.58772611111111,193,10.0,False,10.0,2.8172240847951118,12001,Xolapa,True
12039,0008,Las Piñas,17.100035833333333,-99.53281472222223,231,12.0,False,12.0,3.2070311088889443,12039,La Palma,False
12039,0009,El Potrero Oriental,17.161410277777776,-99.49726777777778,678,30.0,False,30.0,2.7647051659564847,12039,Tierra Colorada,False
12039,0010,El Puente (San José del Puente),17.154595555555556,-99.4038888888889,772,41.0,False,41.0,3.7681046105599556,12039,Tlayolapa,False
12039,0012,El Tabacal,17.11383166666667,-99.34320444444444,588,31.0,False,31.0,1.1644897513417973,12039,El Terrero,False
12039,0013,El Tepehuaje,17.106783611111112,-99.49682472222223,176,14.0,False,14.0,3.0620969247974967,12039,La Palma,False
12039,0014,El Terrero,17.123292222222222,-99.34790388888888,1099,57.0,False,57.0,0.0,12039,El Terrero,False
12039,0015,Tlayolapa,17.135447777777777,-99.37462944444444,908,56.0,False,56.0,0.0,12039,Tlayolapa,False
12039,0016,Villa Guerrero (Jobero o Tajarito),17.132984166666667,-99.50945722222222,358,28.0,False,28.0,4.2227408448557675,12039,Tierra Colorada,False
12039,0017,El Zapote,17.061666666666667,-99.49388888888889,294,14.0,False,14.0,2.788605608778331,12039,La Palma,False
12039,0019,Plan de Lima,17.179400833333336,-99.57928277777778,327,15.0,False,15.0,4.257446971405228,12001,Xolapa,True
12039,0020,Zihuazaloya,17.151106666666664,-99.49338083333333,6,,True,0.3437703598666309,3.6382048245835525,12039,Tierra Colorada,False
12039,0023,Tlalchocohuite,17.090001666666666,-99.5393275,181,4.0,False,4.0,2.796750118332886,12001,Agua del Perro,True
12039,0026,Amatlán,17.18978,-99.56761666666667,40,2.0,False,2.0,5.364000375199249,12039,Tierra Colorada,False
12039,0030,La Ladrillera (La Granja),17.165066666666664,-99.54277055555555,151,5.0,False,5.0,2.2448147558472575,12039,Tierra Colorada,False
12039,0033,El Tepehuaje Dos,17.194008055555557,-99.58619694444444,74,3.0,False,3.0,4.7608350497860075,12001,Xolapa,True
12039,0036,Ojo de Agua,17.174614166666668,-99.49978277777778,2,,True,0.11459011995554363,2.44617408930774,12039,Tierra Colorada,False
12039,0040,El Amate,17.17390138888889,-99.58709694444444,16,1.0,False,1.0,3.2362154672040004,12001,Xolapa,True
12039,0042,La Caseta [Estación Hidrométrica el Puente],17.14896111111111,-99.41442444444445,4,,True,0.22918023991108727,4.4874759006574,12039,Tlayolapa,False
12039,0043,El Palacio,17.06714472222222,-99.50108583333333,44,1.0,False,1.0,1.8646359183169505,12039,La Palma,False
12039,0044,San Juan del Reparo Norte (San Juan del Reparo),17.000346944444445,-99.52977583333333,1056,70.0,False,70.0,0.0,12039,San Juan del Reparo Norte (San Juan del Reparo),False
12039,0045,San Juan del Reparo Sur (San Juan del Reparo),16.997633333333333,-99.53299916666667,1126,76.0,False,76.0,0.4566515318778065,12039,San Juan del Reparo Norte (San Juan del Reparo),False
12039,0046,La Miel Pura,17.175819444444446,-99.54837666666667,22,1.0,False,1.0,2.8980447337795296,12039,Tierra Colorada,False
12039,0056,Chacalapa de Bravos,17.0298375,-99.47536638888889,927,60.0,False,60.0,3.1557153273219063,12053,Las Mesas,True
12039,0060,Las Juntas,17.195339166666667,-99.57487499999999,8,0.0,False,0.0,5.690608468551287,12001,Xolapa,True
12039,0062,Fraccionamiento Nuevo Omitlán,17.121970277777777,-99.5084,103,6.0,False,6.0,4.4498155087620885,12039,La Palma,False
12040,0001,Chichihualco,17.660801944444444,-99.67734055555556,12483,634.0,False,634.0,0.0,12040,Chichihualco,False
12040,0002,Atlixtac,17.643662222222222,-99.63075416666666,1078,48.0,False,48.0,3.1018009631885213,12075,El Palmar,True
12040,0003,El Balzamar,17.574582499999998,-99.80931944444444,891,51.0,False,51.0,6.002253098627647,12040,Carrizal de Bravo,False
12040,0004,Carrizal de Bravo,17.621027222222224,-99.83817777777777,1003,51.0,False,51.0,0.0,12040,Carrizal de Bravo,False
12040,0005,Coatepec de la Escalera,17.72083333333333,-99.8461111111111,339,11.0,False,11.0,7.803104025860291,12040,Puerto General Nicolás Bravo (Filo de Caballos),False
12040,0007,Corral de Piedra,17.661270833333333,-99.94581833333334,755,40.0,False,40.0,0.0,12040,Corral de Piedra,False
12040,0009,Iyotla,17.621935,-99.74757111111111,831,52.0,False,52.0,0.0,12040,Iyotla,False
12040,0010,Las Joyitas,17.552572222222224,-99.77504722222223,221,17.0,False,17.0,6.720012262282569,12040,Tepozonalco,False
12040,0012,Los Morros,17.687400555555556,-99.80248722222223,354,16.0,False,16.0,5.693704645700823,12040,Puerto General Nicolás Bravo (Filo de Caballos),False
12040,0013,El Naranjo,17.70318083333333,-99.74812805555555,755,46.0,False,46.0,0.0,12040,El Naranjo,False
12040,0014,Polixtepec,17.63713111111111,-99.90266777777778,282,12.0,False,12.0,0.0,12040,Polixtepec,False
12040,0015,Puerto General Nicolás Bravo (Filo de Caballos),17.6508875,-99.84016333333332,812,38.0,False,38.0,0.0,12040,Puerto General Nicolás Bravo (Filo de Caballos),False
12040,0016,La Soledad,17.519381666666664,-99.75750111111111,24,1.0,False,1.0,7.824326664146861,12029,San Vicente,True
12040,0017,Tepozonalco,17.603410833333335,-99.74077,816,39.0,False,39.0,0.0,12040,Tepozonalco,False
12040,0018,Tierra Colorada,17.4792,-99.82750388888888,1140,80.0,False,80.0,0.0,12040,Tierra Colorada,False
12040,0019,Yextla,17.604572222222224,-99.93267777777778,3262,200.0,False,200.0,0.0,12040,Yextla,False
12040,0319,Agua de Panteón de Corralitos,17.669228333333333,-99.86390472222222,172,9.0,False,9.0,3.238360465726015,12040,Puerto General Nicolás Bravo (Filo de Caballos),False
12040,0322,Campo de Aviación,17.65599222222222,-99.82086333333334,184,8.0,False,8.0,2.122314183433295,12040,Puerto General Nicolás Bravo (Filo de Caballos),False
12040,0327,La Felicidad de García Suazo,17.62147138888889,-99.79724472222222,160,6.0,False,6.0,4.338263609529701,12040,Carrizal de Bravo,False
12040,0328,Los Paredones,17.710988055555553,-99.62115777777777,23,0.0,False,0.0,6.840392726386502,12075,El Palmar,True
12040,0331,Los Limones,17.634551666666667,-99.65923222222223,5,,True,0.2663429070076261,3.4930982710019327,12040,Chichihualco,False
12040,0342,Los Pichones,17.649209444444445,-99.78502777777777,1,,True,0.05326858140152521,4.995266199262141,12040,Iyotla,False
12040,0346,La Pastilla,17.59469111111111,-99.81542083333333,53,5.0,False,5.0,3.7938169696459574,12040,Carrizal de Bravo,False
12040,0347,Puerto Hondo,17.575911666666666,-99.85223472222222,4,,True,0.21307432560610085,5.233193092673038,12040,Carrizal de Bravo,False
12040,0349,La Yerbabuenita,17.643413888888887,-99.67668444444445,5,,True,0.2663429070076261,1.93471303539641,12040,Chichihualco,False
12040,0351,Aserradero el Sereno,17.554864722222224,-99.8886413888889,7,0.0,False,0.0,5.741745430546369,12029,Colonia General Heliodoro Castillo (Chicahuales),True
12040,0353,Puentecillas,17.647017777777776,-99.85021222222221,192,6.0,False,6.0,1.1484490440774477,12040,Puerto General Nicolás Bravo (Filo de Caballos),False
12040,0355,Tres Caminos,17.567431111111112,-99.87190944444444,10,0.0,False,0.0,6.949821532601584,12040,Carrizal de Bravo,False
12040,0361,El Guaje,17.624005555555556,-99.65763583333334,2,,True,0.10653716280305042,4.593555620047067,12040,Chichihualco,False
12040,0362,La Herradura (La Ceiba),17.640983333333335,-99.65480333333333,2,,True,0.10653716280305042,3.249489558264126,12040,Chichihualco,False
12040,0364,La Vuelta,17.661375277777775,-99.84748027777778,17,0.0,False,0.0,1.4003766701406857,12040,Puerto General Nicolás Bravo (Filo de Caballos),False
12040,0387,El Naranjito,17.55485861111111,-99.85631194444444,56,2.0,False,2.0,7.604551984692399,12040,Carrizal de Bravo,False
12040,0390,Las Pozas (Andrés Guzmán Mosso),17.618211111111112,-99.82862444444444,18,0.0,False,0.0,1.0597663678857863,12040,Carrizal de Bravo,False
12040,0394,La Nueva Soledad,17.53566027777778,-99.75184361111111,278,25.0,False,25.0,7.6008254712266226,12029,San Vicente,True
12040,0395,Puerto Chico [Centro de Acopio],17.603060555555558,-99.83376583333333,14,1.0,False,1.0,2.0517930143157157,12040,Carrizal de Bravo,False
12040,0396,El Asoleadero,17.58663333333333,-99.83709722222221,17,0.0,False,0.0,3.8261403501656313,12040,Carrizal de Bravo,False
12040,0397,Camotla la Torre,17.648194444444442,-99.82430277777777,91,6.0,False,6.0,1.7070683981417,12040,Puerto General Nicolás Bravo (Filo de Caballos),False
12041,0001,Malinaltepec,17.244628333333335,-98.6711075,1371,104.0,False,104.0,0.0,12041,Malinaltepec,False
12041,0002,Alacatlatzala,17.28645861111111,-98.63471027777778,278,24.0,False,24.0,0.0,12041,Alacatlatzala,False
12041,0004,Colombia de Guadalupe,17.08786861111111,-98.75910888888889,1165,116.0,False,116.0,0.0,12041,Colombia de Guadalupe,False
12041,0006,Cuatzoquitengo,17.288329166666667,-98.61620805555555,975,83.0,False,83.0,0.0,12041,Cuatzoquitengo,False
12041,0007,Colonia Encino Roble,17.277362222222223,-98.65870805555556,69,5.0,False,5.0,2.7413857781483575,12041,Alacatlatzala,False
12041,0009,Colonia del Obispo (Loma del Obispo),17.26452638888889,-98.65162000000001,260,21.0,False,21.0,3.028392146915532,12041,Alacatlatzala,False
12041,0010,Mesón de Ixtláhuac,17.103705,-98.8004825,917,63.0,False,63.0,4.736744649003943,12041,Colombia de Guadalupe,False
12041,0011,Monte Alegre,17.22949472222222,-98.71581861111112,426,25.0,False,25.0,4.82706090553959,12063,Tlacoapa,True
12041,0012,Moyotepec (Moyotepec de Juárez),17.331968888888888,-98.68684305555556,857,64.0,False,64.0,0.0,12041,Moyotepec (Moyotepec de Juárez),False
12041,0013,Ojo de Agua de Cuauhtémoc,17.20227138888889,-98.656625,510,25.0,False,25.0,4.9546847476122755,12041,Malinaltepec,False
12041,0014,Paraje Montero (Paraje Montero de Zaragoza),17.163025833333332,-98.70379222222222,1200,87.0,False,87.0,0.0,12041,Paraje Montero (Paraje Montero de Zaragoza),False
12041,0016,El Potrerillo (Potrerillo del Rincón),16.957331944444444,-98.73102111111112,1393,107.0,False,107.0,0.0,12041,El Potrerillo (Potrerillo del Rincón),False
12041,0017,Rancho Viejo,17.037241944444446,-98.80404861111111,522,30.0,False,30.0,2.0430812975150854,12052,Pascala del Oro,True
12041,0018,El Rincón (Santa Cruz del Rincón),16.995839166666666,-98.73610388888889,1677,138.0,False,138.0,0.0,12041,El Rincón (Santa Cruz del Rincón),False
12041,0019,Colonia San Mateo,17.270455277777778,-98.67908833333334,340,19.0,False,19.0,2.994260697305134,12041,Malinaltepec,False
12041,0020,San Miguel el Progreso,17.143865555555553,-98.75241472222223,494,48.0,False,48.0,0.0,12041,San Miguel el Progreso,False
12041,0021,La Soledad,17.195194166666667,-98.68341944444445,347,16.0,False,16.0,4.180757495534679,12041,Paraje Montero (Paraje Montero de Zaragoza),False
12041,0022,Tapayoltepec,17.185743055555555,-98.70395555555555,441,22.0,False,22.0,2.5260994555498018,12041,Paraje Montero (Paraje Montero de Zaragoza),False
12041,0023,El Tejocote,17.328353888888888,-98.65877666666667,1088,91.0,False,91.0,0.0,12041,El Tejocote,False
12041,0024,El Tepeyac,17.332700555555554,-98.63347861111112,172,18.0,False,18.0,2.7284609668344375,12041,El Tejocote,False
12041,0025,Tierra Colorada,17.038381944444446,-98.76110722222222,1020,89.0,False,89.0,0.0,12041,Tierra Colorada,False
12041,0026,Tilapa,17.04917527777778,-98.74898972222222,521,42.0,False,42.0,0.0,12041,Tilapa,False
12041,0028,Unión de las Peras,17.321135277777778,-98.64917194444445,174,16.0,False,16.0,1.2975952545082539,12041,El Tejocote,False
12041,0029,Xochiatenco,17.135524166666666,-98.64954083333333,224,12.0,False,12.0,6.525220030225424,12041,Paraje Montero (Paraje Montero de Zaragoza),False
12041,0030,San Miguel,17.259711944444444,-98.68683555555556,266,24.0,False,24.0,2.3669862221440745,12041,Malinaltepec,False
12041,0031,Laguna Seca,17.239399444444444,-98.66001194444445,350,22.0,False,22.0,1.3139661187480651,12041,Malinaltepec,False
12041,0032,La Ciénega,17.228116944444444,-98.63372916666667,360,23.0,False,23.0,1.1960483842136778,12052,Mixtecapa,True
12041,0033,Loma del Faisán,17.22325111111111,-98.65768472222223,138,7.0,False,7.0,2.7717251077736966,12041,Malinaltepec,False
12041,0034,Llano Pantanoso,17.2124225,-98.6850075,303,24.0,False,24.0,3.8734739518693804,12041,Malinaltepec,False
12041,0039,El Cocoyul,17.020173888888888,-98.77902305555556,418,28.0,False,28.0,2.779831067110278,12041,Tierra Colorada,False
12041,0043,Hondura Verde,17.21382611111111,-98.72713944444445,48,5.0,False,5.0,5.595544144248042,12063,Tlacoapa,True
12041,0044,La Taberna,17.20124,-98.70807,126,11.0,False,11.0,4.273452617016942,12041,Paraje Montero (Paraje Montero de Zaragoza),False
12041,0045,Loma Concha,17.180079444444445,-98.75179083333333,56,2.0,False,2.0,4.027346228876456,12041,San Miguel el Progreso,False
12041,0046,El Portezuelo de Santa Cruz (Cruzamiento),17.19022888888889,-98.72121694444445,92,4.0,False,4.0,3.546311991581166,12041,Paraje Montero (Paraje Montero de Zaragoza),False
12041,0053,Cuadrilla Mango,17.14759361111111,-98.70972444444445,3,,True,0.23078481012658225,1.8280763654776178,12041,Paraje Montero (Paraje Montero de Zaragoza),False
12041,0054,La Divina Providencia,17.1665225,-98.7475738888889,69,5.0,False,5.0,2.571301893192731,12041,San Miguel el Progreso,False
12041,0058,Loma Mamey,17.04098777777778,-98.72558027777778,152,20.0,False,20.0,2.649968895792614,12041,Tilapa,False
12041,0059,La Lucerna,17.319779722222222,-98.67219,374,23.0,False,23.0,1.7135584573580005,12041,El Tejocote,False
12041,0061,Llano Grande,17.173586111111113,-98.6977925,301,25.0,False,25.0,1.3360971968407171,12041,Paraje Montero (Paraje Montero de Zaragoza),False
12041,0062,San Camilo,17.145578611111112,-98.73322027777778,37,2.0,False,2.0,2.0483583313235565,12041,San Miguel el Progreso,False
12041,0064,Ahuejuyo Viejo,17.123026944444444,-98.80225722222222,113,13.0,False,13.0,3.8712091663588364,12063,Totomixtlahuaca,True
12041,0073,La Parota,17.021254444444445,-98.7669986111111,163,15.0,False,15.0,2.004850043496874,12041,Tierra Colorada,False
12041,0074,El Salto,17.057835555555556,-98.74207611111112,225,26.0,False,26.0,1.211400227819557,12041,Tilapa,False
12041,0075,Xkua Xtuti,17.346995555555555,-98.66198194444445,135,8.0,False,8.0,2.1005930407754603,12041,El Tejocote,False
12041,0078,Espino Blanco,17.114420000000003,-98.7593661111111,269,22.0,False,22.0,2.9525063001871485,12041,Colombia de Guadalupe,False
12041,0101,Colonia Jardín de Cafetales,17.04377388888889,-98.75414888888889,64,5.0,False,5.0,0.8133562036973727,12041,Tilapa,False
12041,0102,Llano de Epazote,17.137880833333334,-98.74199694444445,82,5.0,False,5.0,1.2915851936328273,12041,San Miguel el Progreso,False
12041,0103,Llano Majahua,17.167394722222223,-98.72652972222222,183,15.0,False,15.0,2.4640420977789828,12041,Paraje Montero (Paraje Montero de Zaragoza),False
12041,0104,Villa del Perdón,17.158609444444444,-98.72010916666667,49,2.0,False,2.0,1.8017998049735306,12041,Paraje Montero (Paraje Montero de Zaragoza),False
12041,0105,San Antonio Abad (San Antonio),17.138966666666665,-98.70772916666667,33,2.0,False,2.0,2.707762412280644,12041,Paraje Montero (Paraje Montero de Zaragoza),False
12041,0106,San Lorenzo,17.145676666666667,-98.73749,98,10.0,False,10.0,1.5985439276830171,12041,San Miguel el Progreso,False
12041,0107,Santa Teresa,17.128010833333335,-98.73557277777778,74,4.0,False,4.0,2.512116655141335,12041,San Miguel el Progreso,False
12041,0108,Laguna Tres Marías,17.12902138888889,-98.6983625,118,12.0,False,12.0,3.8248821142948923,12041,Paraje Montero (Paraje Montero de Zaragoza),False
12041,0111,El Mango (Xabo Nikil),17.02736583333333,-98.73842027777778,202,13.0,False,13.0,2.6727843762553616,12041,Tilapa,False
12041,0112,La Canoa,17.326294722222222,-98.66600027777778,86,6.0,False,6.0,0.8002339948000682,12041,El Tejocote,False
12041,0113,Cerro el Timbre (Portezuelo la Ciénega),17.089623888888887,-98.81732694444445,190,18.0,False,18.0,3.956338043309927,12052,Pascala del Oro,True
12041,0114,Crucero Loma del Faisán,17.22315722222222,-98.64341083333333,179,13.0,False,13.0,2.2987429801800756,12052,Mixtecapa,True
12041,0115,Cúpula del Sur,17.199313055555557,-98.6959013888889,69,8.0,False,8.0,4.121110542730639,12041,Paraje Montero (Paraje Montero de Zaragoza),False
12041,0116,Colonia Linda Vista (Laguna Seca),17.23826138888889,-98.67652361111112,41,5.0,False,5.0,0.9121722989986826,12041,Malinaltepec,False
12041,0117,Llano de Manzano,17.178025,-98.70476500000001,89,4.0,False,4.0,1.6710301095885716,12041,Paraje Montero (Paraje Montero de Zaragoza),False
12041,0119,Loma Larga,17.218300555555555,-98.66559583333334,28,0.0,False,0.0,2.985463734557526,12041,Malinaltepec,False
12041,0120,Loma Linda Vista (Cerro Luna),17.069689722222222,-98.78955777777777,37,5.0,False,5.0,2.7114899302188413,12052,Pascala del Oro,True
12041,0121,La Magueyera,17.288938333333334,-98.68365666666666,71,2.0,False,2.0,4.796721376408022,12041,Moyotepec (Moyotepec de Juárez),False
12041,0122,La Mina,17.220964444444444,-98.67251972222223,11,0.0,False,0.0,2.6355753779630597,12041,Malinaltepec,False
12041,0123,El Paraíso,17.031198888888888,-98.76611,77,6.0,False,6.0,0.9596074583188043,12041,Tierra Colorada,False
12041,0124,San Juan de las Nieves,17.355297222222223,-98.67169333333334,144,11.0,False,11.0,3.05195033857445,12041,Moyotepec (Moyotepec de Juárez),False
12041,0125,Barranca Panal,17.147230277777776,-98.63606166666668,74,4.0,False,4.0,7.407464726584698,12041,Paraje Montero (Paraje Montero de Zaragoza),False
12041,0127,Filo de Acatepec,17.328494166666665,-98.64577000000001,131,12.0,False,12.0,1.3807215828453303,12041,El Tejocote,False
12041,0129,Colonia Santa Anita,17.28904,-98.63921666666667,227,18.0,False,18.0,0.5579475285962523,12041,Alacatlatzala,False
12041,0131,Colonia San Vicente,17.037791666666667,-98.74890666666667,56,2.0,False,2.0,1.2658305987006926,12041,Tilapa,False
12041,0133,Laguna Alta (Veinticinco de Abril),17.16649,-98.68570861111111,3,,True,0.23078481012658225,1.9594791004378085,12041,Paraje Montero (Paraje Montero de Zaragoza),False
12041,0134,Colonia Laguna Chalma,17.162517777777776,-98.70847611111111,301,17.0,False,17.0,0.5008289131661073,12041,Paraje Montero (Paraje Montero de Zaragoza),False
12041,0135,Loma Colorada,17.224003888888888,-98.68301944444445,46,2.0,False,2.0,2.619121761788159,12041,Malinaltepec,False
12041,0136,Llano de Heno,17.253717777777776,-98.65196194444445,86,4.0,False,4.0,2.2705007990411095,12041,Malinaltepec,False
12041,0137,Portezuelo (Crucero de Xochiatenco),17.157723055555554,-98.69148666666668,1,,True,0.07692827004219409,1.4342163452502845,12041,Paraje Montero (Paraje Montero de Zaragoza),False
12041,0138,Plan de Natividad,17.284572500000003,-98.65932083333334,32,0.0,False,0.0,2.621377510141763,12041,Alacatlatzala,False
12041,0139,Rancho Rosalía Candia Rivera,17.188358055555558,-98.65854583333333,13,0.0,False,0.0,5.571332552930366,12041,Paraje Montero (Paraje Montero de Zaragoza),False
12041,0140,Rancho Ponciano Rea Bruno,17.23032222222222,-98.66480555555556,17,1.0,False,1.0,1.7258221497234265,12041,Malinaltepec,False
12041,0141,Ahuejuyo Nuevo,17.105833611111112,-98.7924961111111,19,1.0,False,1.0,4.07208063892158,12041,Colombia de Guadalupe,False
12041,0142,Crucero de Espino Blanco,17.098786666666665,-98.74251583333333,16,0.0,False,0.0,2.1410338096561627,12041,Colombia de Guadalupe,False
12041,0143,El Huamúchil,17.036480555555556,-98.74155027777778,123,10.0,False,10.0,1.6180568252144016,12041,Tilapa,False
12041,0145,Colonia Campo de Aviación,17.258098611111112,-98.67356277777779,106,2.0,False,2.0,1.5203505203095078,12041,Malinaltepec,False
12041,0148,Pie de la Cuesta,17.028235833333333,-98.75821222222223,65,0.0,False,0.0,1.169427314092258,12041,Tierra Colorada,False
12041,0149,Piedra Pintada,17.006184444444443,-98.77102,191,12.0,False,12.0,2.649814397202937,12052,Tlaxcalixtlahuaca,True
12041,0150,Rayo Alto,17.100474722222224,-98.77711277777777,112,14.0,False,14.0,2.371992725243075,12041,Colombia de Guadalupe,False
12041,0151,San Diego Vista Hermosa,17.279609722222222,-98.64065388888889,194,13.0,False,13.0,0.9890458491251631,12041,Alacatlatzala,False
12041,0153,Cerro Zacatón (Zacatón),17.118610555555556,-98.78777444444444,181,9.0,False,9.0,4.5788957195788,12041,Colombia de Guadalupe,False
12041,0154,Cerro Tlalixtatepec,17.3526275,-98.67751583333335,29,3.0,False,3.0,2.5013804009221454,12041,Moyotepec (Moyotepec de Juárez),False
12041,0156,Filo del Gavilán (Barranca de los Muertos),17.345446666666664,-98.67243888888889,10,0.0,False,0.0,2.140908098297833,12041,Moyotepec (Moyotepec de Juárez),False
12041,0157,Pie del Cerro San Marcos,17.338281388888888,-98.6719363888889,7,,True,0.5384978902953587,1.7309611907816715,12041,Moyotepec (Moyotepec de Juárez),False
12041,0158,La Piedra del Zorro,17.241133055555558,-98.70116250000001,18,0.0,False,0.0,3.215340999053926,12041,Malinaltepec,False
12041,0159,Linda Vista,17.237513055555556,-98.68214444444445,172,12.0,False,12.0,1.4141446741761736,12041,Malinaltepec,False
12041,0160,Loma Colorada,17.245921944444447,-98.68076194444446,73,7.0,False,7.0,1.0353055685109498,12041,Malinaltepec,False
12041,0161,Colonia Capilla del Sauce,17.28384388888889,-98.66894388888889,31,5.0,False,5.0,3.646299358087777,12041,Alacatlatzala,False
12041,0162,Portezuelo del Coyote,17.23852,-98.70971611111112,64,6.0,False,6.0,4.156043003933355,12041,Malinaltepec,False
12041,0163,Rancho Armando Arce,17.27304611111111,-98.69022416666667,1,,True,0.07692827004219409,3.7557702880519983,12041,Malinaltepec,False
12041,0165,Colonia las Flores,17.144418055555555,-98.74555222222223,97,7.0,False,7.0,0.731752346954849,12041,San Miguel el Progreso,False
12041,0166,La Parota,17.16153222222222,-98.78472805555555,5,,True,0.38464135021097046,1.9586801872783783,12063,Totomixtlahuaca,True
12041,0167,Loma Toro,17.096288333333334,-98.78946333333333,51,4.0,False,4.0,3.3592874222311337,12041,Colombia de Guadalupe,False
12041,0169,Piedra Negra,17.155903055555555,-98.77818,3,,True,0.23078481012658225,2.619721560631084,12063,Totomixtlahuaca,True
12041,0171,Agua Fría,17.083367777777777,-98.7383711111111,86,4.0,False,4.0,2.260270714821663,12041,Colombia de Guadalupe,False
12041,0172,Cerro Pelón,17.052557222222223,-98.71820805555556,62,10.0,False,10.0,3.29385416341464,12041,Tilapa,False
12041,0173,Colonia Hidalgo,17.029508611111112,-98.79935888888889,160,9.0,False,9.0,3.0202832348446718,12052,Pascala del Oro,True
12041,0174,Hombro del Cerro Ardilla (Cerro Ardilla),17.036998611111112,-98.71067500000001,69,9.0,False,9.0,2.8084244473292514,12081,Iliatenco,True
12041,0188,San Marcos,17.03496138888889,-98.75849666666667,265,25.0,False,25.0,0.4708446023762124,12041,Tierra Colorada,False
12041,0189,El Tepeyac,17.055803333333333,-98.75398861111111,131,8.0,False,8.0,0.9086136864491872,12041,Tilapa,False
12041,0190,Filo de Gallo,17.173396944444445,-98.71750777777778,18,3.0,False,3.0,1.8582725403850437,12041,Paraje Montero (Paraje Montero de Zaragoza),False
12041,0191,Yautepec,17.265345833333335,-98.63185055555554,216,19.0,False,19.0,2.367188656303575,12041,Alacatlatzala,False
12041,0192,Santa Cruz,17.05291916666667,-98.74858972222222,336,24.0,False,24.0,0.41846755421138193,12041,Tilapa,False
12041,0193,La Villa de Guadalupe,17.051111111111112,-98.7525,267,24.0,False,24.0,0.43080190777263694,12041,Tilapa,False
12041,0194,El Carrizal,17.187605,-98.68434527777778,76,9.0,False,9.0,3.426069722110935,12041,Paraje Montero (Paraje Montero de Zaragoza),False
12041,0195,Guadalupe,17.249748055555557,-98.67665333333333,40,3.0,False,3.0,0.8191079520846558,12041,Malinaltepec,False
12041,0196,Monte de Olivo,17.294488333333334,-98.64313194444445,167,12.0,False,12.0,1.263595307201573,12041,Alacatlatzala,False
12041,0197,Colonia el Paraíso,17.250348055555556,-98.69299916666667,57,2.0,False,2.0,2.4102096374141726,12041,Malinaltepec,False
12041,0198,Colonia el Paraíso Malina,17.254580277777777,-98.67785444444445,26,1.0,False,1.0,1.3183031379069776,12041,Malinaltepec,False
12041,0199,Aviación Florida,17.272595,-98.62504694444443,161,19.0,False,19.0,1.8517908364081754,12041,Alacatlatzala,False
12041,0200,San Miguel el Rincón,16.999121666666667,-98.7364275,983,88.0,False,88.0,0.36661594663095526,12041,El Rincón (Santa Cruz del Rincón),False
12041,0201,Chapultepec,17.279430833333333,-98.61170555555555,101,8.0,False,8.0,1.0988812688404859,12041,Cuatzoquitengo,False
12041,0202,Emiliano Zapata,17.294009444444445,-98.61925888888888,428,27.0,False,27.0,0.709828449912,12041,Cuatzoquitengo,False
12041,0203,Rancho Nuevo,17.284164166666667,-98.60945749999999,113,11.0,False,11.0,0.8533339249303453,12041,Cuatzoquitengo,False
12041,0204,Santa Cruz,17.276974166666665,-98.62960888888888,176,15.0,False,15.0,1.1855809571336515,12041,Alacatlatzala,False
12041,0205,El Mirador,17.04784888888889,-98.74444361111111,256,28.0,False,28.0,0.5052948189795502,12041,Tilapa,False
12041,0206,San Marcos [Colonia],17.33314972222222,-98.67491222222223,18,1.0,False,1.0,1.273195860372948,12041,Moyotepec (Moyotepec de Juárez),False
12041,0207,Adolfo López Mateos,17.052200833333334,-98.73965972222223,24,4.0,False,4.0,1.0473518607793952,12041,Tilapa,False
12041,0208,El Paraíso,17.329876944444443,-98.69330972222222,77,3.0,False,3.0,0.7247586152608759,12041,Moyotepec (Moyotepec de Juárez),False
12041,0209,Colonia Genaro Vázquez,17.026453333333333,-98.77840166666667,16,3.0,False,3.0,2.267197793074009,12041,Tierra Colorada,False
12041,0210,Lino Carrasco,17.136074999999998,-98.66897416666667,84,6.0,False,6.0,4.760960451671271,12041,Paraje Montero (Paraje Montero de Zaragoza),False
12041,0211,Colonia Natividad,17.328504444444444,-98.68141166666668,91,10.0,False,10.0,0.6933855316484584,12041,Moyotepec (Moyotepec de Juárez),False
12041,0212,Colonia la Guadalupe,17.28225638888889,-98.6406863888889,53,3.0,False,3.0,0.7879936937405554,12041,Alacatlatzala,False
12041,0213,Santa Cruz,17.276182499999997,-98.67535500000001,40,1.0,False,1.0,3.5375339799776166,12041,Malinaltepec,False
12041,0214,Llano de Cayolosuchil,17.267950833333334,-98.66476611111112,8,,True,0.6154261603375527,2.679344360808456,12041,Malinaltepec,False
12041,0215,Aguazarca,16.941301111111112,-98.73295361111111,54,4.0,False,4.0,1.7943594739127129,12041,El Potrerillo (Potrerillo del Rincón),False
12041,0216,Diamante Guadalupe Victoria,17.263034444444443,-98.63962333333335,36,1.0,False,1.0,2.656374788976176,12041,Alacatlatzala,False
12041,0217,Rancho el Limón,17.2496975,-98.64815527777779,11,0.0,False,0.0,2.501738006571964,12041,Malinaltepec,False
12042,0001,Apango,17.741925277777778,-99.3293411111111,4917,296.0,False,296.0,0.0,12042,Apango,False
12042,0002,Aixcualco,17.799060833333336,-99.36389805555555,516,25.0,False,25.0,7.331630427622502,12042,Apango,False
12042,0003,Ahuexotitlán,17.79385305555556,-99.38759222222222,434,21.0,False,21.0,6.868221518245414,12075,Tlanipatla,True
12042,0004,Ahuetlixpa,17.90295638888889,-99.29435166666667,201,1.0,False,1.0,3.5730032733244657,12042,San Juan Totolcintla,False
12042,0005,Analco,17.943384444444444,-99.43998444444445,465,12.0,False,12.0,1.0612519751601561,12059,San Agustín Oapan,True
12042,0006,La Esperanza,17.760482222222223,-99.24888027777777,2293,157.0,False,157.0,2.3488505332829317,12074,Rancho de las Lomas,True
12042,0007,Hueyitlalpan,17.674733333333336,-99.29555277777777,1869,123.0,False,123.0,3.934111663700776,12061,Almolonga,True
12042,0008,San Agustín Ostotipan,17.920003055555558,-99.34890638888888,565,28.0,False,28.0,2.5814218610749196,12042,San Juan Totolcintla,False
12042,0010,San Juan Totolcintla,17.90874861111111,-99.32756694444444,1864,109.0,False,109.0,0.0,12042,San Juan Totolcintla,False
12042,0011,San Marcos Oacatzingo,17.934329722222223,-99.48255722222223,694,21.0,False,21.0,5.052978812655858,12059,San Agustín Oapan,True
12042,0013,Tlamamacan,17.922543055555558,-99.52630583333334,751,40.0,False,40.0,8.346403959701423,12075,Mezcala,True
12042,0014,Tlaixcuac,17.793759166666668,-99.28366222222222,50,2.0,False,2.0,7.222231418617563,12074,Rancho de las Lomas,True
12042,0015,Tula del Río,17.926270000000002,-99.36255972222222,690,22.0,False,22.0,4.183647473542282,12042,San Juan Totolcintla,False
12042,0016,Zotoltitlán,17.715978888888888,-99.29475972222222,2712,152.0,False,152.0,4.662496803768608,12042,Apango,False
12042,0017,Xicomulco,17.785042500000003,-99.26968027777778,358,23.0,False,23.0,5.642330353454849,12074,Rancho de las Lomas,True
12042,0018,Tebernillas,17.773860555555554,-99.27342777777778,176,13.0,False,13.0,4.7886073582628566,12074,Rancho de las Lomas,True
12042,0020,El Paderón,17.782556666666665,-99.28895694444444,42,4.0,False,4.0,6.220966575443389,12042,Apango,False
12042,0027,El Mirador,17.931677222222223,-99.37379555555555,15,0.0,False,0.0,5.205419011841462,12059,San Miguel Tecuiciapan,True
12042,0030,San Francisco,17.738222500000003,-99.34328277777777,1,,True,0.05635845914146027,1.5328574231187062,12042,Apango,False
12043,0001,Metlatónoc,17.195372222222222,-98.40709944444446,4011,271.0,False,271.0,0.0,12043,Metlatónoc,False
12043,0003,San Pablo Atzompa,17.24724666666667,-98.37005083333332,856,65.0,False,65.0,4.706125324864294,12043,Huexoapa (San Juan Huexoapa),False
12043,0006,Cocuilotlazala (Cocuitlazala el Viejo),17.30006138888889,-98.42714722222223,473,45.0,False,45.0,5.811106216448352,12043,Huexoapa (San Juan Huexoapa),False
12043,0008,Colonia de Guadalupe,17.292765000000003,-98.5059275,241,17.0,False,17.0,2.1821616576272405,12043,San Juan Puerto Montaña,False
12043,0010,Chilixtlahuaca,17.02109527777778,-98.51101583333333,855,65.0,False,65.0,0.0,12043,Chilixtlahuaca,False
12043,0012,Francisco I. Madero,17.306109722222224,-98.5088486111111,518,28.0,False,28.0,2.42877044035229,12043,Juanacatlán,False
12043,0013,Huexoapa (San Juan Huexoapa),17.249257222222223,-98.41431694444445,1380,122.0,False,122.0,0.0,12043,Huexoapa (San Juan Huexoapa),False
12043,0015,Juanacatlán,17.32782388888889,-98.51132472222223,634,32.0,False,32.0,0.0,12043,Juanacatlán,False
12043,0016,Lagunilla Yucutuni,17.30060027777778,-98.46763,516,35.0,False,35.0,4.190280321113104,12078,San Agustín el Viejo,True
12043,0020,Ojo de Pescado,17.135214444444443,-98.54522416666667,338,30.0,False,30.0,0.0,12043,Ojo de Pescado,False
12043,0024,San Juan Puerto Montaña,17.27899888888889,-98.52057555555555,822,69.0,False,69.0,0.0,12043,San Juan Puerto Montaña,False
12043,0029,Vicente Guerrero,17.34403861111111,-98.47433694444445,364,23.0,False,23.0,4.320237140747032,12043,Juanacatlán,False
12043,0031,Valle Hermoso,17.138460277777778,-98.26302611111112,313,21.0,False,21.0,2.3036554588584344,12043,El Zapote,False
12043,0032,Yucunduta,17.269862222222223,-98.52021055555555,338,24.0,False,24.0,1.0166899123483273,12043,San Juan Puerto Montaña,False
12043,0033,Yuvinani,17.21338361111111,-98.39385527777779,676,52.0,False,52.0,2.4474815812799147,12043,Metlatónoc,False
12043,0034,Zitlaltepec,17.19223,-98.54953555555555,676,39.0,False,39.0,0.0,12043,Zitlaltepec,False
12043,0036,Buena Vista,17.356831666666668,-98.4898175,111,8.0,False,8.0,3.951587413349444,12043,Juanacatlán,False
12043,0042,Itia Zuti,17.190126666666668,-98.29921333333333,295,18.0,False,18.0,4.655065376364027,12043,El Zapote,False
12043,0044,Los Llanos (Yoso Tiañu'u),17.196818611111112,-98.35759527777778,155,2.0,False,2.0,5.261006720649021,12043,Metlatónoc,False
12043,0045,Llano de la Rana (Xaha Cucho Dij),17.15654222222222,-98.32317805555556,179,13.0,False,13.0,4.8265009361865765,12043,El Zapote,False
12043,0047,Llano de Tepehuaje (Tepehuaje),17.14832,-98.26789916666667,239,19.0,False,19.0,1.2085350916459658,12043,El Zapote,False
12043,0049,Llano de Nopal,17.31759222222222,-98.48045861111112,167,8.0,False,8.0,3.4683884722720952,12043,Juanacatlán,False
12043,0052,Santa Catarina,17.160663611111108,-98.38332916666666,180,12.0,False,12.0,4.6121484889258095,12043,Metlatónoc,False
12043,0053,Tehuixtepec,16.937103055555557,-98.46745722222222,137,14.0,False,14.0,0.821810732809631,12036,Chimalapa,True
12043,0054,Villa de Guadalupe (Tres Ríos),17.15732444444444,-98.2979111111111,132,4.0,False,4.0,2.1711047030025523,12043,El Zapote,False
12043,0055,Xacundutia,17.16498083333333,-98.34758444444444,121,6.0,False,6.0,7.1689573908482584,12043,Metlatónoc,False
12043,0059,Yozo Chum,17.150236666666665,-98.35270638888888,109,3.0,False,3.0,7.653818695469495,12043,Metlatónoc,False
12043,0062,El Zapote,17.15357138888889,-98.27785777777778,317,19.0,False,19.0,0.0,12043,El Zapote,False
12043,0064,San Antonio,17.290379166666668,-98.523355,120,10.0,False,10.0,1.2993832163764216,12043,San Juan Puerto Montaña,False
12043,0066,Santa Cruz Cafetal,17.14245888888889,-98.56351277777777,164,7.0,False,7.0,2.1036400547139342,12043,Ojo de Pescado,False
12043,0078,El Coyulito (El Corazón),17.166686944444447,-98.33967138888889,129,10.0,False,10.0,6.727363859336147,12043,El Zapote,False
12043,0080,El Choki,17.178883333333335,-98.31544166666666,26,1.0,False,1.0,4.885236634796149,12043,El Zapote,False
12043,0083,Mini Nuhuma,17.19716027777778,-98.37183611111111,287,17.0,False,17.0,3.751094025670107,12043,Metlatónoc,False
12043,0085,Ojo de Luna,17.171194444444446,-98.55714027777778,17,0.0,False,0.0,2.474630089365478,12043,Zitlaltepec,False
12043,0088,Pueblo Viejo (Colonia de Guadalupe),17.1808875,-98.57368,23,2.0,False,2.0,2.8581818897711355,12043,Zitlaltepec,False
12043,0096,Yu'u Timi,17.165760833333334,-98.35323749999999,100,5.0,False,5.0,6.601661204749011,12043,Metlatónoc,False
12043,0104,Itia-Ndichikoo,17.1217475,-98.55620472222222,56,4.0,False,4.0,1.8983836910190195,12043,Ojo de Pescado,False
12043,0105,Itia Nivehe Xahaxiqui,17.149649444444442,-98.33524027777777,89,5.0,False,5.0,6.112458283830714,12043,El Zapote,False
12043,0107,Llano de las Flores Número 1,17.056292222222222,-98.52651444444444,121,4.0,False,4.0,4.246434890226227,12043,Chilixtlahuaca,False
12043,0110,San Marcos,17.156980277777777,-98.55570194444444,277,20.0,False,20.0,2.6640265673542065,12043,Ojo de Pescado,False
12043,0114,Río San Martín (Xaha Caaba Tañuhu),17.16267361111111,-98.31152388888889,12,0.0,False,0.0,3.7173317281032285,12043,El Zapote,False
12043,0128,Llano de León,17.198507222222222,-98.32013777777777,3,,True,0.2091839440055146,6.7187284287329465,12043,El Zapote,False
12043,0129,Loma Bonita,17.146527222222222,-98.31473638888889,134,4.0,False,4.0,3.9959001749545657,12043,El Zapote,False
12043,0130,El Paraíso,17.337364166666667,-98.49086750000001,90,8.0,False,8.0,2.416721411498641,12043,Juanacatlán,False
12043,0131,Río San Martín,17.193885,-98.59836805555555,76,5.0,False,5.0,5.190548882751389,12043,Zitlaltepec,False
12043,0134,Yuvitiaqui (Barranca Soltera),17.17340638888889,-98.39563944444446,72,4.0,False,4.0,2.729072327535378,12043,Metlatónoc,False
12043,0146,Yoso Cano,17.194650833333334,-98.39534861111112,13,,True,0.90646375735723,1.2508066707274996,12043,Metlatónoc,False
12043,0155,Francisco Villa (Virgen de la Villa),17.158478055555555,-98.29582527777778,63,8.0,False,8.0,1.985434739269647,12043,El Zapote,False
12043,0159,Kahua Na Anu,17.076914166666665,-98.52511638888889,27,2.0,False,2.0,6.385225668454742,12043,Chilixtlahuaca,False
12043,0176,Chon Da Va,17.168378611111113,-98.36323166666666,50,4.0,False,4.0,5.543160743774336,12043,Metlatónoc,False
12043,0177,Colonia Moreno,17.192251944444443,-98.39747944444446,118,7.0,False,7.0,1.0791855516871307,12043,Metlatónoc,False
12043,0178,Colonia San José Uno,17.191779166666667,-98.40096777777778,78,9.0,False,9.0,0.7641133185954341,12043,Metlatónoc,False
12043,0179,Estrella 2000 (Colonia Vicente Guerrero),17.182824166666666,-98.54903055555555,8,,True,0.5578238506813723,1.0472558550196729,12043,Zitlaltepec,False
12043,0181,Nuhu Savi Kani,17.04329611111111,-98.52451555555555,93,5.0,False,5.0,2.855532210766818,12043,Chilixtlahuaca,False
12043,0196,Llano de la Parota (El Rancho),17.030829444444443,-98.51787194444444,133,14.0,False,14.0,1.3049670463664635,12043,Chilixtlahuaca,False
12043,0202,Llano de Ocote (Yoso Tuxa),17.010749444444443,-98.51957527777778,116,14.0,False,14.0,1.4668725113818615,12043,Chilixtlahuaca,False
12043,0215,Kundi Canu,17.15144611111111,-98.3474375,13,,True,0.90646375735723,7.396574682347608,12043,El Zapote,False
12043,0216,La Primavera,17.14411611111111,-98.3480525,57,2.0,False,2.0,7.532029833286437,12043,El Zapote,False
12043,0221,Llano de las Flores,17.0591975,-98.526185,162,11.0,False,11.0,4.533322050086039,12043,Chilixtlahuaca,False
12043,0234,Xini Icu,17.14882111111111,-98.36549166666666,13,0.0,False,0.0,6.806825026556054,12043,Metlatónoc,False
12043,0238,Yoso Shunducu,17.24345138888889,-98.40056555555556,6,,True,0.4183678880110292,1.59666886119452,12043,Huexoapa (San Juan Huexoapa),False
12043,0240,Chokii Dos,17.17471,-98.30345416666667,20,,True,1.3945596267034308,3.5944640287397154,12043,El Zapote,False
12043,0241,Kava Cua,17.163266666666665,-98.37359888888888,11,,True,0.767007794686887,5.040879680339909,12043,Metlatónoc,False
12043,0242,Valle del Durazno,17.208491944444443,-98.39939611111112,77,4.0,False,4.0,1.6726552961324443,12043,Metlatónoc,False
12043,0244,Tres Ríos,17.155857777777776,-98.28281944444444,8,,True,0.5578238506813723,0.5852699375095645,12043,El Zapote,False
12043,0247,Arroyo Ciruelo,16.9588225,-98.46463916666667,1,,True,0.06972798133517154,3.093757701941192,12036,Chimalapa,True
12043,0254,Colonia Jardín de los Hilarios,17.061339444444446,-98.52811777777778,14,0.0,False,0.0,4.830201144276306,12043,Chilixtlahuaca,False
12043,0255,Costa Rica Colorada,17.187418055555554,-98.295115,278,24.0,False,24.0,4.186387106373137,12043,El Zapote,False
12043,0257,Colonia Guerrero,17.039973333333336,-98.5234836111111,105,8.0,False,8.0,2.482642913156252,12043,Chilixtlahuaca,False
12043,0258,Colonia los Mendoza,17.0355825,-98.5210736111111,6,,True,0.4183678880110292,1.9335238034617348,12043,Chilixtlahuaca,False
12043,0259,Xiki Yuukun,17.15957583333333,-98.38934027777779,40,4.0,False,4.0,4.404864471369339,12043,Metlatónoc,False
12043,0260,Colonia San Isidro,17.28214583333333,-98.51855111111111,38,5.0,False,5.0,0.41066917301268585,12043,San Juan Puerto Montaña,False
12043,0261,Colonia Trinidad,17.288120833333334,-98.52148833333334,66,3.0,False,3.0,1.0189332482166098,12043,San Juan Puerto Montaña,False
12043,0262,San Pedro Atzompa,17.249283333333334,-98.3727275,270,21.0,False,21.0,4.416541784219122,12043,Huexoapa (San Juan Huexoapa),False
12043,0263,Xaa Too,17.208091944444444,-98.34453194444444,26,0.0,False,0.0,6.7948226179282445,12043,Metlatónoc,False
12044,0001,Mochitlán,17.472357777777777,-99.37129444444444,6052,328.0,False,328.0,0.0,12044,Mochitlán,False
12044,0003,Cuajilotla,17.284777222222225,-99.3612386111111,75,4.0,False,4.0,10.964535641760946,12051,Jalapa,True
12044,0004,Coatomatitlán,17.47178444444444,-99.32389472222222,732,31.0,False,31.0,3.186203838876613,12051,San Martín,True
12044,0005,Coaxtlahuacán,17.391582222222222,-99.34725972222222,698,31.0,False,31.0,0.0,12044,Coaxtlahuacán,False
12044,0006,Chacotla,17.427745555555557,-99.42468583333334,326,25.0,False,25.0,4.3752602790627035,12029,Mazatlán,True
12044,0007,Chapolapa,17.27176611111111,-99.37830138888889,20,2.0,False,2.0,11.479384887076408,12051,Nacaxtlán,True
12044,0008,Los Dircios,17.315992222222224,-99.35511277777778,82,4.0,False,4.0,8.446447446505024,12044,Coaxtlahuacán,False
12044,0010,Lagunilla,17.39315277777778,-99.43303250000001,354,18.0,False,18.0,3.658980740518245,12029,Palo Blanco,True
12044,0011,El Naranjo,17.444627222222223,-99.34728527777777,159,9.0,False,9.0,2.4639131291991894,12044,Tlacotitlanapa,False
12044,0012,Ojo de Agua de San Francisco,17.335625555555556,-99.39844305555556,38,3.0,False,3.0,7.819828474841285,12029,Acahuizotla,True
12044,0015,Rancho Viejo,17.194056944444444,-99.30623972222222,32,2.0,False,2.0,0.9995178932487341,12051,Nacaxtlán,True
12044,0017,El Rincón de Tlapacholapa (El Rincón),17.40358833333333,-99.31734527777778,144,13.0,False,13.0,3.443485787412716,12044,Coaxtlahuacán,False
12044,0018,El Salado,17.397927222222222,-99.42404,396,24.0,False,24.0,4.448243547059943,12029,Palo Blanco,True
12044,0019,San Miguel,17.464654166666666,-99.30235472222222,929,71.0,False,71.0,0.7812338430736497,12051,San Martín,True
12044,0020,San Roque,17.361040833333334,-99.42212416666668,302,17.0,False,17.0,4.766814594977471,12029,Acahuizotla,True
12044,0022,Tlacotepec,17.425479444444445,-99.35417472222221,237,14.0,False,14.0,0.6935570445498839,12044,Tlacotitlanapa,False
12044,0023,Tlacotitlanapa,17.422495833333336,-99.34843388888888,240,21.0,False,21.0,0.0,12044,Tlacotitlanapa,False
12044,0024,Tlapacholapa,17.415131388888888,-99.31966638888889,142,6.0,False,6.0,3.1600558300796795,12044,Tlacotitlanapa,False
12044,0025,La Vieja,17.33819388888889,-99.37705194444443,45,4.0,False,4.0,6.725986932155848,12044,Coaxtlahuacán,False
12044,0026,Xomilcotitlán,17.352125833333336,-99.40613083333334,8,0.0,False,0.0,6.5440796910869485,12029,Acahuizotla,True
12044,0027,Zacaxtlahuacán,17.305198333333333,-99.37103027777778,12,0.0,False,0.0,9.931255013689572,12044,Coaxtlahuacán,False
12044,0028,Zintlanapa,17.237443333333335,-99.31715916666666,156,7.0,False,7.0,4.4782383365733995,12051,Nacaxtlán,True
12044,0033,Monte Alegre,17.497223333333334,-99.29543749999999,611,40.0,False,40.0,0.0,12044,Monte Alegre,False
12044,0034,Laguna de San Isidro,17.349255277777775,-99.32567083333333,122,7.0,False,7.0,5.2345632113967016,12044,Coaxtlahuacán,False
12044,0036,Las Parotas,17.20106277777778,-99.31595138888889,57,1.0,False,1.0,1.7055735222132102,12051,Nacaxtlán,True
12044,0038,El Barro,17.49491888888889,-99.28582638888889,21,2.0,False,2.0,1.0509819438425048,12044,Monte Alegre,False
12044,0041,El Fresno,17.429656666666666,-99.34622916666666,44,2.0,False,2.0,0.8298926043160263,12044,Tlacotitlanapa,False
12044,0046,El Guayabo (San Jerónimo),17.287534444444447,-99.42296388888889,55,5.0,False,5.0,8.994121490426828,12029,Buena Vista de la Salud,True
12044,0047,El Pochote,17.455515833333333,-99.36860833333333,1,,True,0.05716819867763264,1.8942879386636935,12044,Mochitlán,False
12044,0048,Potrerillo,17.257694166666667,-99.3525936111111,15,,True,0.8575229801644896,8.45490532896809,12051,Nacaxtlán,True
12044,0050,La Cajita,17.461163055555556,-99.36637666666667,9,0.0,False,0.0,1.3496678895147678,12044,Mochitlán,False
12044,0053,La Villita,17.479273055555552,-99.37376194444444,254,17.0,False,17.0,0.8122600616778475,12044,Mochitlán,False
12044,0056,Los Tanques,17.452437777777778,-99.35437222222221,1,,True,0.05716819867763264,2.850977506087881,12044,Mochitlán,False
12044,0058,Los Álamos,17.474214444444442,-99.38097638888888,5,,True,0.2858409933881632,1.047453631072207,12044,Mochitlán,False
12044,0059,Tonalapa,17.468587222222222,-99.36077416666666,15,1.0,False,1.0,1.1920087759974098,12044,Mochitlán,False
12044,0060,El Limón,17.279139722222222,-99.43376305555556,13,0.0,False,0.0,7.610620618787922,12029,Buena Vista de la Salud,True
12045,0001,Olinalá,17.77833222222222,-98.74125638888889,6971,416.0,False,416.0,0.0,12045,Olinalá,False
12045,0002,Ahuacatlán,17.912209444444443,-98.71924027777779,920,73.0,False,73.0,0.0,12045,Ahuacatlán,False
12045,0003,Amatlicha,17.82728138888889,-98.80365944444443,643,28.0,False,28.0,6.488825741540547,12045,Teticic,False
12045,0004,Iyocingo (Ventanas Iyocingo),17.943856666666665,-98.74217333333334,222,8.0,False,8.0,3.9077978588474,12045,Tecolapa,False
12045,0005,La Libertad,17.746090555555558,-98.7383575,1045,71.0,False,71.0,3.5982282071348997,12045,Olinalá,False
12045,0006,Mextiopam (Mextiopa),17.82570861111111,-98.71912305555556,32,1.0,False,1.0,5.765665568340008,12045,Olinalá,False
12045,0007,Ocotitlán,17.826206111111112,-98.75529666666667,429,24.0,False,24.0,5.5269722246093025,12045,Olinalá,False
12045,0008,El Progreso (Chupandillo),17.810480277777778,-98.71163888888888,64,4.0,False,4.0,4.755153159330309,12045,Olinalá,False
12045,0009,El Refugio,17.90470861111111,-98.90919722222223,137,7.0,False,7.0,7.675116305734105,12045,Teticic,False
12045,0010,San Antonio Coyahuacán,17.861902222222223,-98.68017694444445,1847,132.0,False,132.0,2.5888218612562595,12045,Temalacatzingo,False
12045,0011,Santa Cruz Lomalapa (Lomalapa),17.915466666666664,-98.67158194444445,585,26.0,False,26.0,3.4952360477777846,12045,Temalacatzingo,False
12045,0012,Tecolapa,17.972390555555553,-98.76373972222223,506,24.0,False,24.0,0.0,12045,Tecolapa,False
12045,0013,Tecorrales,17.89838888888889,-98.65395666666667,453,28.0,False,28.0,3.163198760610746,12045,Temalacatzingo,False
12045,0014,Tehuaxtitlán,17.757579166666666,-98.7964625,489,29.0,False,29.0,6.284813238675737,12045,Olinalá,False
12045,0015,Temalacatzingo,17.88518277777778,-98.68043333333334,4344,274.0,False,274.0,0.0,12045,Temalacatzingo,False
12045,0016,Tepetlacingo,17.920673055555557,-98.7629225,715,46.0,False,46.0,4.716540674814965,12045,Ahuacatlán,False
12045,0017,Teticic,17.86741111111111,-98.84816833333333,411,29.0,False,29.0,0.0,12045,Teticic,False
12045,0019,Tomatepec,17.90737972222222,-98.83203444444445,164,8.0,False,8.0,4.760955214993556,12045,Teticic,False
12045,0020,Xixila,17.94493138888889,-98.851295,323,10.0,False,10.0,8.6262078400752,12045,Teticic,False
12045,0021,Xochimilco,17.769786944444444,-98.71039222222223,175,11.0,False,11.0,3.4034542836214534,12045,Olinalá,False
12045,0022,Zacango,17.797788611111113,-98.77696333333333,344,15.0,False,15.0,4.355868205975432,12045,Olinalá,False
12045,0023,Zontecomatlán,17.872940555555555,-98.64478833333334,674,42.0,False,42.0,4.0102408963219425,12045,Temalacatzingo,False
12045,0024,Zumpango,17.933720833333332,-98.68282333333333,1158,76.0,False,76.0,4.534980571554693,12045,Ahuacatlán,False
12045,0025,San José Amoltepec (Amoltepec),17.906702499999998,-98.69860361111111,320,19.0,False,19.0,2.2677387016967856,12045,Ahuacatlán,False
12045,0028,Duraznotitlán,17.87610388888889,-98.73208416666667,175,8.0,False,8.0,4.238558200495502,12045,Ahuacatlán,False
12045,0029,Las Juntas,17.801605833333333,-98.82132055555554,383,24.0,False,24.0,5.490316286042119,12002,Tecozajca (Tepehuaje),True
12045,0032,El Reparo,17.96736361111111,-98.79381694444444,23,1.0,False,1.0,3.230023050227782,12045,Tecolapa,False
12045,0036,Tepetitlán,17.84077611111111,-98.84568972222222,173,3.0,False,3.0,2.9732725966186293,12045,Teticic,False
12045,0038,Llano Grande,17.776991944444443,-98.79943916666666,15,1.0,False,1.0,6.162497509651944,12045,Olinalá,False
12045,0040,Zacachautipa,17.769890277777776,-98.81164333333334,25,2.0,False,2.0,7.1996660857216925,12002,Xitopontla,True
12045,0041,La Ciénega,17.850839166666667,-98.70302666666667,192,11.0,False,11.0,4.505640982734578,12045,Temalacatzingo,False
12045,0042,San José Tecomulco,17.86775111111111,-98.71555416666666,24,0.0,False,0.0,4.191780728347804,12045,Temalacatzingo,False
12045,0043,Zompepelco Uno (Rancho Viejo),17.865153055555556,-98.81726388888889,39,5.0,False,5.0,3.2803200366185408,12045,Teticic,False
12045,0045,Xotla,17.889385,-98.90669472222223,4,,True,0.24003374815439782,6.658115809125732,12045,Teticic,False
12045,0047,Santa Gertrudis (La Colonia),17.99224527777778,-98.78504333333333,73,1.0,False,1.0,3.1544844329320387,12045,Tecolapa,False
12045,0050,San Lázaro (Tecojcosco),17.892839444444444,-98.70483361111111,578,48.0,False,48.0,2.6387110118900967,12045,Ahuacatlán,False
12045,0051,Tehuixtla,17.87055,-98.89771777777779,88,5.0,False,5.0,5.25546785074799,12045,Teticic,False
12045,0057,La Cañada,17.98755527777778,-98.81529055555555,63,4.0,False,4.0,5.707057645798916,12045,Tecolapa,False
12045,0058,El Aguacate,17.93944388888889,-98.80522333333333,5,,True,0.3000421851929973,5.716349194182134,12045,Tecolapa,False
12045,0060,Chilatlajco,17.881542500000002,-98.6543925,1,,True,0.060008437038599455,2.7852732986015836,12045,Temalacatzingo,False
12045,0062,Los Cajones,17.754114166666668,-98.74763444444444,4,,True,0.24003374815439782,2.776326594252639,12045,Olinalá,False
12045,0064,Coyú,17.959070277777776,-98.78994944444445,4,,True,0.24003374815439782,3.1431460269413813,12045,Tecolapa,False
12045,0066,Lomas de Cocoyoc,17.86231111111111,-98.71883027777778,78,3.0,False,3.0,4.793722342597268,12045,Temalacatzingo,False
12045,0068,Palito Redondo (Hijiotepec),17.747005833333333,-98.77356999999999,2,,True,0.12001687407719891,4.882876145010149,12045,Olinalá,False
12045,0069,San Gabriel,17.874505,-98.73435277777777,39,3.0,False,3.0,4.487170543352757,12045,Ahuacatlán,False
12045,0070,Zicatlán,17.858374166666668,-98.67169722222222,290,16.0,False,16.0,3.1210604920677407,12045,Temalacatzingo,False
12045,0071,Tecorrales de las Minas,17.88625083333333,-98.86309444444444,188,10.0,False,10.0,2.6236587536860116,12045,Teticic,False
12045,0072,Lomas de Tecojcoyunca,17.923807500000002,-98.70404944444445,119,7.0,False,7.0,2.0606621277399246,12045,Ahuacatlán,False
12045,0076,Vista Hermosa,17.771674166666667,-98.76968027777778,113,3.0,False,3.0,3.099432953729819,12045,Olinalá,False
12045,0077,San Felipe Amatitlán (Amatitlán),17.843201944444445,-98.69444194444445,111,4.0,False,4.0,4.897836360073011,12045,Temalacatzingo,False
12045,0078,Amatitlán,17.951731944444443,-98.75777416666666,7,,True,0.42005905927019616,2.3822239939779277,12045,Tecolapa,False
12045,0080,Chautipa,17.859514722222222,-98.87370277777777,149,7.0,False,7.0,2.8414815833249216,12045,Teticic,False
12045,0081,Colonia Altamirano,17.90358361111111,-98.68709722222222,146,7.0,False,7.0,2.164178788842281,12045,Temalacatzingo,False
12045,0083,Huilotlán,17.961923055555555,-98.81061166666666,2,,True,0.12001687407719891,5.092551034317959,12045,Tecolapa,False
12045,0084,Limontitlán,17.80363388888889,-98.71168833333334,24,0.0,False,0.0,4.2090241094589205,12045,Olinalá,False
12045,0086,Loma de Mazatepec (Mazatepec),17.877773055555554,-98.71255416666666,203,12.0,False,12.0,3.497570395251056,12045,Temalacatzingo,False
12045,0088,Zacamolica,17.97399944444444,-98.73426388888889,23,1.0,False,1.0,3.122750008828978,12045,Tecolapa,False
12045,0089,San Diego,17.96325222222222,-98.81984166666666,4,,True,0.24003374815439782,6.020384182578146,12045,Tecolapa,False
12045,0091,Tetelcingo,17.79309611111111,-98.79383777777778,33,4.0,False,4.0,5.80433922822842,12045,Olinalá,False
12045,0092,Tres Luces,17.906665555555556,-98.70402555555556,64,6.0,False,6.0,1.7238153188488454,12045,Ahuacatlán,False
12045,0093,Chachiltepec (Casas Blancas),17.92334277777778,-98.67273305555555,7,,True,0.42005905927019616,4.32071475475422,12045,Temalacatzingo,False
12045,0094,Vista Hermosa,17.906591944444443,-98.68031055555556,257,11.0,False,11.0,2.380626166952666,12045,Temalacatzingo,False
12045,0095,Rancho Limón,17.853192500000002,-98.65737750000001,12,0.0,False,0.0,4.313589106673496,12045,Temalacatzingo,False
12045,0096,Colonia San Pedro,17.895287222222223,-98.6646688888889,181,8.0,False,8.0,2.0112616757371073,12045,Temalacatzingo,False
12045,0098,Nantzinyo,17.880693611111113,-98.64353305555557,8,,True,0.48006749630879564,3.936660931076,12045,Temalacatzingo,False
12045,0099,Rancho Bonito,17.85772916666667,-98.85345805555555,11,4.0,False,4.0,1.2134447430089752,12045,Teticic,False
12045,0100,Shitepec,17.914332777777776,-98.6531513888889,6,,True,0.36005062223159673,4.340471975798345,12045,Temalacatzingo,False
12045,0101,Teapan,17.906745833333332,-98.65614500000001,4,,True,0.24003374815439782,3.5148571795504404,12045,Temalacatzingo,False
12045,0102,Metlatijca,17.86034111111111,-98.69361027777778,38,1.0,False,1.0,3.094308967800138,12045,Temalacatzingo,False
12045,0105,Tlahuancatepec,17.896368055555556,-98.70008805555555,2,,True,0.12001687407719891,2.4233380755193954,12045,Temalacatzingo,False
12045,0106,Tzicapotzaltzi,17.866525000000003,-98.65657722222223,25,3.0,False,3.0,3.267700504803141,12045,Temalacatzingo,False
12045,0107,El Carrizo,17.88085,-98.82413555555556,88,8.0,False,8.0,2.949849122164776,12045,Teticic,False
12045,0108,Loma Larga (El Lambedero),17.883826111111112,-98.88200083333332,52,1.0,False,1.0,4.018805637506579,12045,Teticic,False
12045,0109,Colonia Lázaro Cárdenas,17.85636638888889,-98.68354833333333,20,1.0,False,1.0,3.2211497509987144,12045,Temalacatzingo,False
12045,0110,La Escalera,17.882753055555558,-98.70652527777779,92,12.0,False,12.0,2.7742891551696265,12045,Temalacatzingo,False
12045,0111,El Alcanfor,17.749348333333334,-98.73312444444444,1,,True,0.060008437038599455,3.335919930305242,12045,Olinalá,False
12045,0112,La Ciénega,17.802589444444447,-98.76317805555556,12,,True,0.7201012444631935,3.5584300748309348,12045,Olinalá,False
12045,0114,El Crucero Tecosajca,17.83027277777778,-98.85555694444444,27,4.0,False,4.0,2.2323879573331706,12002,Tecozajca (Tepehuaje),True
12045,0115,Rancho la Esperanza (El Crucero de Teticic),17.85738388888889,-98.85952138888888,65,8.0,False,8.0,1.6391743575690405,12045,Teticic,False
12045,0116,El Cuajilote,17.909881388888888,-98.93901666666667,29,2.0,False,2.0,7.541044523205425,12019,San Francisco Oztutla,True
12045,0118,Rancho los Joselitos,17.79995611111111,-98.76522944444444,18,0.0,False,0.0,3.4962930410043485,12045,Olinalá,False
12045,0120,Las Minas (Tlalchichiltipan),17.90738722222222,-98.6635825,90,5.0,False,5.0,3.045552579559798,12045,Temalacatzingo,False
12045,0121,Rancho Antonio Alonso Apresa,17.93112388888889,-98.81223833333333,2,,True,0.12001687407719891,6.882964740485879,12045,Tecolapa,False
12045,0122,Rancho Manuel González,17.8393825,-98.78128194444444,2,,True,0.12001687407719891,7.734954238102415,12045,Teticic,False
12045,0127,Tlaltenango,17.830621944444445,-98.8271975,12,0.0,False,0.0,4.654145257339617,12045,Teticic,False
12045,0128,Linda Vista,17.750681666666665,-98.738125,56,5.0,False,5.0,3.0924307126098656,12045,Olinalá,False
12045,0130,Cuamanalpan,17.918441666666666,-98.69199277777778,6,,True,0.36005062223159673,2.964997759261656,12045,Ahuacatlán,False
12045,0131,Loma Bonita,17.804838333333333,-98.80773277777777,31,4.0,False,4.0,6.799176618112143,12002,Tecozajca (Tepehuaje),True
12045,0132,Los Mangos,17.74398916666667,-98.73939472222223,4,,True,0.24003374815439782,3.8238587846279257,12045,Olinalá,False
12045,0135,El Zopilote (Rancho Emilio Guevara),17.88237861111111,-98.80432388888889,5,,True,0.3000421851929973,4.929403425459093,12045,Teticic,False
12045,0137,Rancho Ismael Patrón,17.7418175,-98.72940666666666,5,,True,0.3000421851929973,4.249735593468195,12045,Olinalá,False
12045,0139,Huixotitlán (Rancho Pablo Martínez),17.747054722222224,-98.78907722222222,3,,True,0.18002531111579836,6.143231826173831,12045,Olinalá,False
12045,0140,El Tejón,17.886223333333334,-98.87650472222222,3,,True,0.18002531111579836,3.6562463166903565,12045,Teticic,False
12045,0142,Viacrucis,17.866806666666665,-98.6481325,41,2.0,False,2.0,3.982452368084469,12045,Temalacatzingo,False
12045,0147,Cozahuatitlán,17.849975833333332,-98.68157916666667,13,0.0,False,0.0,3.9167113115127483,12045,Temalacatzingo,False
12045,0149,La Cueva del Chochosco,17.788315555555556,-98.72958444444444,12,2.0,False,2.0,1.6612137298353404,12045,Olinalá,False
12045,0150,La Encinera (Los Terreros),17.85595888888889,-98.7549536111111,2,,True,0.12001687407719891,7.307872054005941,12045,Ahuacatlán,False
12045,0158,La Pastoría,17.960219444444444,-98.77188916666667,14,,True,0.8401181185403923,1.6045640170768074,12045,Tecolapa,False
12045,0165,El Totole (Rancho Rómulo Andrew),17.961900277777776,-98.78321166666666,16,2.0,False,2.0,2.3669741093767995,12045,Tecolapa,False
12045,0166,San Nicolás,17.92922916666667,-98.77194305555555,8,,True,0.48006749630879564,4.877146907248454,12045,Tecolapa,False
12045,0169,San Andrés,17.807845,-98.71806861111111,13,0.0,False,0.0,4.098358225679044,12045,Olinalá,False
12045,0171,Tierra Colorada,17.775907222222223,-98.75900861111111,4,,True,0.24003374815439782,1.8989456411872434,12045,Olinalá,False
12045,0172,Tlaxco,17.839703333333333,-98.70057138888889,2,,True,0.12001687407719891,5.487856342378892,12045,Temalacatzingo,False
12045,0173,Los Terrerillos,17.796319722222226,-98.72294861111111,1,,True,0.060008437038599455,2.785307677766462,12045,Olinalá,False
12045,0174,El Terrero,17.929606111111113,-98.82425027777778,5,,True,0.3000421851929973,7.364309428638033,12045,Teticic,False
12045,0175,El Zapote,17.741152777777778,-98.74206111111111,7,,True,0.42005905927019616,4.135043781800998,12045,Olinalá,False
12045,0176,Barranca el Tanque,17.849953333333332,-98.82889805555556,3,,True,0.18002531111579836,2.8156566111490715,12045,Teticic,False
12045,0183,Rancho el Consuelo (Eliseo de los Santos),17.774209166666665,-98.72575361111112,10,,True,0.6000843703859946,1.7043476357458818,12045,Olinalá,False
12045,0188,Tlanitzingo,17.902181666666664,-98.80756472222222,10,0.0,False,0.0,5.780163625414968,12045,Teticic,False
12045,0192,Cuahulotitlán,17.866861111111113,-98.6203225,8,,True,0.48006749630879564,5.025290626185837,12033,San Miguel Totolapa,True
12045,0194,La Cumbre,17.86171638888889,-98.63128222222221,15,0.0,False,0.0,5.819371899404503,12045,Temalacatzingo,False
12045,0196,El Portezuelo,17.866325,-98.66409,19,1.0,False,1.0,2.7181497991171946,12045,Temalacatzingo,False
12045,0197,Rancho el Mirador,17.870435,-98.65706750000001,10,,True,0.6000843703859946,2.9670647472012557,12045,Temalacatzingo,False
12045,0199,Teohuaxtitlán (Tepehuaje),17.860881666666668,-98.66749638888889,10,0.0,False,0.0,3.029207718425108,12045,Temalacatzingo,False
12045,0200,Xalatzingo,17.904185833333333,-98.6429075,23,1.0,False,1.0,4.498040033489012,12045,Temalacatzingo,False
12045,0201,Agua Zarca (Zompepeltzin),17.875740833333335,-98.8179886111111,2,,True,0.12001687407719891,3.3254924870358753,12045,Teticic,False
12045,0205,Las Anonas,17.858098333333334,-98.88780333333334,28,0.0,False,0.0,4.320684593271851,12045,Teticic,False
12045,0207,Axoxuca,17.80836,-98.72562500000001,1,,True,0.060008437038599455,3.726591018146552,12045,Olinalá,False
12045,0209,Colonia Benito Juárez,17.859364722222224,-98.67404722222223,97,4.0,False,4.0,2.949314804475846,12045,Temalacatzingo,False
12045,0211,Cerro de Ahuacatlán,17.888178333333332,-98.69480916666667,43,4.0,False,4.0,1.5572960526681794,12045,Temalacatzingo,False
12045,0214,La Coronilla,17.963484444444443,-98.83538361111111,2,,True,0.12001687407719891,7.642343512656405,12045,Tecolapa,False
12045,0216,Las Dos Cruces,17.87141638888889,-98.70743583333334,10,0.0,False,0.0,3.2417277098014847,12045,Temalacatzingo,False
12045,0217,La Guadalupita,17.876525,-98.71857527777777,78,4.0,False,4.0,3.968553084530078,12045,Ahuacatlán,False
12045,0221,La Lobera,17.857114444444445,-98.70949111111112,15,0.0,False,0.0,4.381517173943718,12045,Temalacatzingo,False
12045,0223,Rincón de Zompepelco (Zilpozotitlán),17.869612222222223,-98.80976916666667,4,,True,0.24003374815439782,4.0711949618328065,12045,Teticic,False
12045,0224,Los Mangos,17.9097275,-98.77478472222222,2,,True,0.12001687407719891,5.883407730318813,12045,Ahuacatlán,False
12045,0228,La Parota,17.92738027777778,-98.80934583333332,8,,True,0.48006749630879564,6.95150265577267,12045,Tecolapa,False
12045,0230,Las Pilas,17.899751944444443,-98.83792722222222,19,0.0,False,0.0,3.7558867569936214,12045,Teticic,False
12045,0234,Rancho Antonino García,17.897897222222223,-98.92552805555556,5,,True,0.3000421851929973,8.860527737923073,12045,Teticic,False
12045,0253,Rancho Miguel Amaro,17.84916472222222,-98.71606333333334,15,2.0,False,2.0,5.5008292527975495,12045,Temalacatzingo,False
12045,0257,Rancho Edilberto García Moreno,17.82825111111111,-98.72901166666666,3,,True,0.18002531111579836,5.700095823358408,12045,Olinalá,False
12045,0259,Tlaxicalteyo,17.916935555555558,-98.78647916666667,22,0.0,False,0.0,6.618905905705093,12045,Tecolapa,False
12045,0264,Temolzingo,17.94095638888889,-98.71566666666666,7,,True,0.42005905927019616,3.2187956700151346,12045,Ahuacatlán,False
12045,0265,El Tenanyo,17.864480833333335,-98.69846611111112,6,,True,0.36005062223159673,2.9901220206072026,12045,Temalacatzingo,False
12045,0271,Zolapa,17.887289166666665,-98.81790472222222,12,2.0,False,2.0,3.8913663423044302,12045,Teticic,False
12045,0274,Colonia Nazareth,17.840547777777775,-98.63992750000001,10,1.0,False,1.0,6.558268109521908,12045,Temalacatzingo,False
12045,0275,Rancho el Coyotomate,17.862186944444446,-98.82916138888889,7,,True,0.42005905927019616,2.093767283466632,12045,Teticic,False
12045,0276,Las Casitas,17.801324444444447,-98.78847999999999,24,1.0,False,1.0,5.615666304765108,12045,Olinalá,False
12045,0277,Zompepelco,17.863308333333336,-98.82604694444444,34,0.0,False,0.0,2.3852103285923745,12045,Teticic,False
12045,0278,La Guamuchilera,17.954650555555556,-98.80167138888889,3,,True,0.18002531111579836,4.470897096196356,12045,Tecolapa,False
12045,0279,Colonia Bugambilias,17.873538611111112,-98.68848833333334,14,0.0,False,0.0,1.5501782456494761,12045,Temalacatzingo,False
12045,0280,Rancho Viejo,17.835800833333334,-98.78798611111111,3,,True,0.18002531111579836,7.275193376749303,12045,Teticic,False
12045,0284,Lomas de Euxila,17.86048888888889,-98.72499777777777,38,1.0,False,1.0,5.457298795091057,12045,Temalacatzingo,False
12045,0285,Colonia San Felipe,17.861780000000003,-98.67341027777778,17,0.0,False,0.0,2.70632823091036,12045,Temalacatzingo,False
12045,0286,Las Manzanitas,17.87315361111111,-98.72086972222222,47,5.0,False,5.0,4.346232023774729,12045,Ahuacatlán,False
12045,0287,Tlahuitzingo,17.907665833333333,-98.70536055555556,15,1.0,False,1.0,1.5530415743842783,12045,Ahuacatlán,False
12046,0001,Ometepec,16.685089166666668,-98.40442138888889,27607,1712.0,False,1712.0,0.0,12046,Ometepec,False
12046,0002,Acatepec,16.737798055555558,-98.42843333333334,3828,236.0,False,236.0,0.0,12046,Acatepec,False
12046,0004,El Capricho (La Poza),16.578891388888888,-98.43097277777778,127,4.0,False,4.0,2.083628051553391,12023,El Terrero,True
12046,0005,La Catalina,16.584482777777776,-98.27402305555556,171,16.0,False,16.0,5.527428449157266,12046,Huajintepec,False
12046,0006,Cerro Grande,16.676594722222223,-98.44083222222223,373,22.0,False,22.0,3.9916859122959902,12046,Ometepec,False
12046,0007,Cochoapa,16.72194111111111,-98.37447888888889,5173,340.0,False,340.0,0.0,12046,Cochoapa,False
12046,0008,Villa Hidalgo,16.72584388888889,-98.3980738888889,663,39.0,False,39.0,2.5498714238130264,12046,Cochoapa,False
12046,0009,La Concepción,16.66022083333333,-98.25927388888888,745,52.0,False,52.0,3.147605718433481,12046,La Guadalupe,False
12046,0010,Cruz de Corazón,16.69314027777778,-98.44197138888889,605,40.0,False,40.0,4.098461336139394,12046,Ometepec,False
12046,0011,Cruz Verde I,16.621879166666666,-98.26716333333333,122,8.0,False,8.0,4.28694459104012,12046,Huajintepec,False
12046,0012,Cumbre de Barranca Honda,16.731484166666664,-98.33674972222222,1437,121.0,False,121.0,0.0,12046,Cumbre de Barranca Honda,False
12046,0013,El Charco de la Puerta,16.60603111111111,-98.42706777777778,390,26.0,False,26.0,2.7716020358798437,12046,Las Iguanas,False
12046,0014,La Guadalupe,16.688450833333334,-98.26145333333334,1149,80.0,False,80.0,0.0,12046,La Guadalupe,False
12046,0015,Huajintepec,16.609354444444445,-98.22911222222223,2443,143.0,False,143.0,0.0,12046,Huajintepec,False
12046,0016,Huixtepec,16.65592388888889,-98.3044636111111,3387,292.0,False,292.0,0.0,12046,Huixtepec,False
12046,0017,Las Iguanas,16.630118333333336,-98.42037805555556,479,30.0,False,30.0,0.0,12046,Las Iguanas,False
12046,0018,La Ladrillera,16.633333055555557,-98.2908361111111,333,31.0,False,31.0,2.901352557637774,12046,Huixtepec,False
12046,0019,La Libertad,16.62615,-98.40417055555557,192,11.0,False,11.0,1.7823142695589522,12046,Las Iguanas,False
12046,0020,El Mango (El Mango Solo Sur),16.655124722222222,-98.37234527777777,75,6.0,False,6.0,1.7885362448381588,12046,Piedra del Tigre,False
12046,0021,Milpillas,16.58092611111111,-98.46148555555556,572,34.0,False,34.0,3.1959841985887367,12023,El Terrero,True
12046,0022,Paso del Tabaco,16.638438055555554,-98.40083944444444,93,8.0,False,8.0,2.2779813913463673,12046,Las Iguanas,False
12046,0023,Piedra Ancha,16.586970277777777,-98.36071638888889,581,35.0,False,35.0,0.0,12046,Piedra Ancha,False
12046,0024,Piedra Boluda,16.653399999999998,-98.44330222222223,329,18.0,False,18.0,3.5590226270571703,12046,Las Iguanas,False
12046,0025,Piedra del Tigre,16.66050333333333,-98.3565225,75,5.0,False,5.0,0.0,12046,Piedra del Tigre,False
12046,0026,Piedra Labrada,16.62576888888889,-98.38068694444443,202,12.0,False,12.0,4.2564591098321705,12046,Las Iguanas,False
12046,0027,San Isidro,16.619610555555557,-98.48590166666666,255,15.0,False,15.0,1.1988101124014743,12046,Vista Hermosa,False
12046,0028,Santa Cruz Teconte (El Teconte),16.6368825,-98.47495833333333,148,8.0,False,8.0,3.370218964707808,12046,Vista Hermosa,False
12046,0029,Santa María (Santa María Asunción),16.76992,-98.39131416666667,2194,111.0,False,111.0,0.0,12046,Santa María (Santa María Asunción),False
12046,0030,La Soledad,16.730730555555553,-98.40239611111112,919,50.0,False,50.0,2.881819304811076,12046,Acatepec,False
12046,0031,El Tamarindo,16.599763888888887,-98.41312416666668,294,26.0,False,26.0,3.462626873905061,12046,Las Iguanas,False
12046,0032,Tierra Blanca,16.60962166666667,-98.32220888888888,948,54.0,False,54.0,0.0,12046,Tierra Blanca,False
12046,0033,Las Vigas,16.676821111111114,-98.45660194444444,854,56.0,False,56.0,5.100889784674968,12036,San Juan de los Llanos,True
12046,0034,Vista Hermosa,16.608889166666668,-98.48708472222222,440,23.0,False,23.0,0.0,12046,Vista Hermosa,False
12046,0035,Zacoalpan,16.741754444444446,-98.28777972222223,5412,459.0,False,459.0,0.0,12046,Zacoalpan,False
12046,0036,El Sepudo,16.642924722222222,-98.49126027777778,435,39.0,False,39.0,1.9063924820205203,12036,San Juan de los Llanos,True
12046,0037,Cruz Verde II,16.69812222222222,-98.29459472222221,643,65.0,False,65.0,3.690031218742563,12046,La Guadalupe,False
12046,0038,El Limón,16.637577222222223,-98.4375175,249,24.0,False,24.0,2.0055951391100275,12046,Las Iguanas,False
12046,0040,Las Palmas,16.580311388888887,-98.44611111111111,68,7.0,False,7.0,2.1872906063792503,12023,El Terrero,True
12046,0041,Paso Cuahulote,16.692695277777776,-98.31947138888889,280,32.0,False,32.0,4.390193544014127,12046,Huixtepec,False
12046,0042,Potrerillos,16.575508055555556,-98.44663027777779,12,1.0,False,1.0,1.7207627590251178,12023,El Terrero,True
12046,0043,San José Ejido (San José),16.709829166666665,-98.37106027777777,395,25.0,False,25.0,1.3951275090545359,12046,Cochoapa,False
12046,0044,San Vicente (San Vicente de Benítez),16.710715555555556,-98.41008944444445,82,3.0,False,3.0,2.9127688763299453,12046,Ometepec,False
12046,0047,Plan Juste,16.736324166666666,-98.25485,361,24.0,False,24.0,3.5580719787385977,12046,Zacoalpan,False
12046,0048,Rancho San Francisco,16.75153277777778,-98.25994527777777,64,6.0,False,6.0,3.156933714820423,12046,Zacoalpan,False
12046,0051,Tierra Colorada,16.769664166666665,-98.26705305555555,131,6.0,False,6.0,3.352699110159076,12071,Cozoyoapán,True
12046,0052,La Mira,16.643885833333332,-98.41175777777778,40,5.0,False,5.0,1.785230948761201,12046,Las Iguanas,False
12046,0055,Cuadrilla Nueva (Chilpancinguito),16.68933861111111,-98.28927416666666,103,9.0,False,9.0,2.964874006448361,12046,La Guadalupe,False
12046,0059,Rancho los Moreno,16.6424675,-98.46954472222222,87,5.0,False,5.0,3.6810290111305437,12036,San Juan de los Llanos,True
12046,0061,Rancho Ángel Manuel Estrada Trani,16.662608888888887,-98.43354444444445,1,,True,0.0671192106382043,3.87552896251249,12046,Las Iguanas,False
12046,0065,Rancho Ojo de Agua (Rancho Víctor Hilario Marín),16.682940277777778,-98.43305527777778,1,,True,0.0671192106382043,3.0592533337473764,12046,Ometepec,False
12046,0068,Arroyo Barranca Honda,16.74331777777778,-98.32363,1184,101.0,False,101.0,1.919154756459909,12046,Cumbre de Barranca Honda,False
12046,0073,La Cresta (Palma de Molina),16.63725388888889,-98.48311694444445,82,6.0,False,6.0,2.9183674197954157,12036,San Juan de los Llanos,True
12046,0080,Rancho Anatolio Guerrero,16.70707361111111,-98.3829786111111,7,,True,0.46983447446743004,1.8847852624160517,12046,Cochoapa,False
12046,0082,Rancho el Calvario,16.703344166666668,-98.38563305555556,52,6.0,False,6.0,2.3847952887794577,12046,Cochoapa,False
12046,0088,Mazapa,16.66601861111111,-98.36962999999999,8,1.0,False,1.0,1.5250266424653425,12046,Piedra del Tigre,False
12046,0091,Rancho el Pizote,16.691888055555555,-98.38471305555557,5,,True,0.3355960531910215,2.2311482250394583,12046,Ometepec,False
12046,0094,Rancho Rafael Aburto (Los Carreño),16.670144166666667,-98.38024527777777,5,,True,0.3355960531910215,2.745032787537681,12046,Piedra del Tigre,False
12046,0096,Rancho Sigifredo Morales Uno,16.666743611111112,-98.43674305555555,1,,True,0.0671192106382043,4.001819831484994,12046,Ometepec,False
12046,0099,Rancho los Barroso (La Cañada),16.6174575,-98.40126972222222,7,,True,0.46983447446743004,2.4752826099633234,12046,Las Iguanas,False
12046,0101,Cañada de las Flores,16.73003,-98.27817527777778,6,,True,0.40271526382922573,1.656986679719206,12046,Zacoalpan,False
12046,0102,Cerro Pájaro,16.719884444444443,-98.31054638888888,234,19.0,False,19.0,3.074093783828834,12046,Cumbre de Barranca Honda,False
12046,0107,Mango Norte (El Mango Solo Norte),16.66940027777778,-98.33546944444444,93,8.0,False,8.0,2.451175054983206,12046,Piedra del Tigre,False
12046,0111,Rancho los Parajes,16.614429166666667,-98.37433777777777,4,,True,0.2684768425528172,3.380742747634553,12046,Piedra Ancha,False
12046,0116,Arroyo Zapote,16.760292777777778,-98.26276027777777,55,6.0,False,6.0,3.3683892100402715,12046,Zacoalpan,False
12046,0117,Rancho Gonzalo Molina Estrada (Las Palmas),16.689291944444445,-98.4593375,3,,True,0.20135763191461287,4.659256956320978,12036,La Reforma,True
12046,0119,Rancho Jesús Estrada García (Predio los Mangos),16.68820638888889,-98.3855525,1,,True,0.0671192106382043,2.0394426720143497,12046,Ometepec,False
12046,0122,Rancho los Salinas,16.674753333333335,-98.36885861111111,4,,True,0.2684768425528172,2.058527234679729,12046,Piedra del Tigre,False
12046,0123,Rancho Mario Navarrete Gutiérrez,16.621945555555556,-98.45134472222223,8,,True,0.5369536851056343,3.4222464675459268,12046,Las Iguanas,False
12046,0133,Rancho Napoleón Justo (Rancho el Tamarindo),16.718644444444443,-98.45392638888889,14,,True,0.9396689489348601,3.4504746098351564,12046,Acatepec,False
12046,0137,Colonia Rivieras Palmas,16.67693388888889,-98.42563472222223,50,4.0,False,4.0,2.4347282256264995,12046,Ometepec,False
12046,0139,Arroyo Tecojochén,16.74324777777778,-98.25868305555555,49,3.0,False,3.0,3.102696604405809,12046,Zacoalpan,False
12046,0143,Ninguno [Centro Emisor de Televisa],16.68979527777778,-98.42796416666667,4,,True,0.2684768425528172,2.5616084794640774,12046,Ometepec,False
12046,0144,Cuadrilla de San Antonio,16.7157375,-98.3638561111111,40,2.0,False,2.0,1.324991944646047,12046,Cochoapa,False
12046,0146,Los Pantanos,16.708250833333334,-98.38384500000001,4,,True,0.2684768425528172,1.8199695503260511,12046,Cochoapa,False
12046,0147,La Pastoría,16.604833055555556,-98.49236472222222,9,,True,0.6040728957438386,0.721082030828225,12046,Vista Hermosa,False
12046,0150,Rancho el Carmen,16.688635,-98.43799055555556,4,,True,0.2684768425528172,3.5972031647669587,12046,Ometepec,False
12046,0152,Rancho el Bramadero (Rancho Epifanio Bustos),16.691133611111113,-98.44181527777778,22,2.0,False,2.0,4.039195372367568,12046,Ometepec,False
12046,0160,Rancho de Martha,16.691483055555555,-98.39420555555556,2,,True,0.1342384212764086,1.2997868894073898,12046,Ometepec,False
12046,0161,El Cuije,16.73827027777778,-98.28260055555556,17,2.0,False,2.0,0.6739720781888667,12046,Zacoalpan,False
12046,0162,Las Palmas,16.664141388888886,-98.34716972222222,137,20.0,False,20.0,1.075308626593633,12046,Piedra del Tigre,False
12046,0168,Rancho Santa Ana (Rancho del Médico Arbieyga),16.630721666666666,-98.48455055555556,4,,True,0.2684768425528172,2.4426331315451626,12046,Vista Hermosa,False
12046,0173,Arroyo el Guate,16.733394166666667,-98.26150361111111,27,1.0,False,1.0,2.9483758555505717,12046,Zacoalpan,False
12046,0174,Arroyo Chachalaco,16.760470833333333,-98.27055083333333,50,5.0,False,5.0,2.774264221074558,12046,Zacoalpan,False
12046,0178,Rancho María Abarca,16.734058611111113,-98.27938888888889,9,,True,0.6040728957438386,1.237177409107997,12046,Zacoalpan,False
12046,0179,Rancho Taurino Cárdenas Aparicio,16.61724638888889,-98.48036944444445,1,,True,0.0671192106382043,1.1728399579592106,12046,Vista Hermosa,False
12046,0184,Rancho Adolfo Muñoz,16.708297777777776,-98.42323861111112,14,1.0,False,1.0,3.2675032498722856,12046,Ometepec,False
12046,0185,Rancho el Cuapinole Grande,16.723687499999997,-98.3994988888889,8,,True,0.5369536851056343,2.671503698085889,12046,Cochoapa,False
12046,0187,Rancho Eloy Ortiz,16.6813325,-98.35144333333332,1,,True,0.0671192106382043,2.378451497287579,12046,Piedra del Tigre,False
12046,0188,Rancho el Paso del Toro,16.71143972222222,-98.40520444444445,6,,True,0.40271526382922573,2.9312347904562728,12046,Ometepec,False
12046,0190,Cerro Tierra Blanca,16.727864999999998,-98.26498833333333,6,,True,0.40271526382922573,2.8766973434134755,12046,Zacoalpan,False
12046,0191,Cerro Zorro,16.729100555555554,-98.25255583333333,24,2.0,False,2.0,4.0060533137098195,12046,Zacoalpan,False
12046,0200,Rancho de los Carbajales,16.74751527777778,-98.36419694444444,1,,True,0.0671192106382043,3.0472102161387924,12046,Cochoapa,False
12046,0202,Rancho Efrén Montalbán,16.708575277777776,-98.42724472222223,1,,True,0.0671192106382043,3.2518890410858936,12046,Acatepec,False
12046,0210,Rancho Socorro Marroquín,16.74829666666667,-98.42265722222223,1,,True,0.0671192106382043,1.3195022562916545,12046,Acatepec,False
12046,0214,El Crucero,16.71887361111111,-98.35726833333332,2,,True,0.1342384212764086,1.864282924049999,12046,Cochoapa,False
12046,0215,Neftalí Benito Miranda,16.71942472222222,-98.36333388888889,6,,True,0.40271526382922573,1.2194068004107692,12046,Cochoapa,False
12046,0219,Rancho los Pinos,16.70511833333333,-98.4165375,3,,True,0.20135763191461287,2.573994168313913,12046,Ometepec,False
12046,0220,Rancho San Agustín,16.676408055555555,-98.39437972222223,6,,True,0.40271526382922573,1.4407740668251017,12046,Ometepec,False
12046,0221,Colonia Tejería,16.726164999999998,-98.36588972222222,5,,True,0.3355960531910215,1.0282134965249856,12046,Cochoapa,False
12046,0224,Rancho Pantaleón Vázquez,16.648054722222223,-98.41179027777778,2,,True,0.1342384212764086,2.1942821674691855,12046,Las Iguanas,False
12046,0225,Rancho San Isidro (El Pantano),16.622641944444446,-98.48437222222222,4,,True,0.2684768425528172,1.5563116491881615,12046,Vista Hermosa,False
12046,0226,Rancho el Mesías,16.715724444444444,-98.43884472222223,9,1.0,False,1.0,2.6932651582241975,12046,Acatepec,False
12046,0227,Finca San Isidro,16.716543055555555,-98.44305555555556,8,,True,0.5369536851056343,2.830283355529917,12046,Acatepec,False
12046,0228,Rancho la Herradura,16.715150555555553,-98.4332313888889,1,,True,0.0671192106382043,2.5695983649544023,12046,Acatepec,False
12046,0229,San Francisco [Rancho],16.708835277777776,-98.41735166666668,5,,True,0.3355960531910215,2.9780083340064794,12046,Ometepec,False
12046,0231,Luis Gil [Rancho],16.670110833333336,-98.3713025,1,,True,0.0671192106382043,1.902657269410934,12046,Piedra del Tigre,False
12046,0233,Caritino Jiménez [Rancho],16.670514444444446,-98.36364472222222,2,,True,0.1342384212764086,1.3471412510631446,12046,Piedra del Tigre,False
12046,0235,El Nuevo Capricho,16.568116666666665,-98.40153222222223,286,13.0,False,13.0,4.061147210607931,12023,El Terrero,True
12046,0236,La Parota,16.765991944444444,-98.27136444444444,29,1.0,False,1.0,3.2122191954987596,12046,Zacoalpan,False
12046,0237,Granja Don Guay,16.71780861111111,-98.44028666666667,5,,True,0.3355960531910215,2.556128737635156,12046,Acatepec,False
12046,0238,La Parota [Rancho Benjamín Cortazar  Hernández],16.615626944444447,-98.25996694444444,1,,True,0.0671192106382043,3.360852882791712,12046,Huajintepec,False
12046,0239,La Laguna [Rancho],16.602410833333334,-98.44447944444445,1,,True,0.0671192106382043,4.0108585529213014,12046,Las Iguanas,False
12047,0001,Ixcapuzalco,18.512364166666668,-99.88701777777779,737,43.0,False,43.0,0.0,12047,Ixcapuzalco,False
12047,0002,Acatla,18.55355666666667,-99.90997111111112,105,4.0,False,4.0,5.180359100702447,12047,Ixcapuzalco,False
12047,0003,Agua Colorada,18.442129166666668,-99.95278333333333,41,2.0,False,2.0,5.343385397607586,12047,Ixtlahuacatengo,False
12047,0004,Ahuehuetitla,18.5763025,-99.88568527777778,17,1.0,False,1.0,4.384711298568019,12047,Tlanilpa,False
12047,0005,Atotongo,18.545254722222225,-99.79863388888889,141,13.0,False,13.0,1.6240331882594372,12047,Rancho Nuevo,False
12047,0006,Atotonilco,18.559353611111113,-99.91636722222223,48,2.0,False,2.0,6.072450886831771,12047,Ixcapuzalco,False
12047,0007,La Aurora,18.571430555555555,-99.84656249999999,18,1.0,False,1.0,2.9879510677592034,12047,Tlanilpa,False
12047,0008,Ayahualco,18.576501944444445,-99.79784388888889,112,6.0,False,6.0,3.2869387594431796,12047,Rancho Nuevo,False
12047,0009,Azuláquez,18.57954972222222,-99.80833055555556,211,15.0,False,15.0,3.250956779211721,12047,Rancho Nuevo,False
12047,0010,La Campana,18.61235611111111,-99.87823277777777,99,7.0,False,7.0,3.2911755817517143,12047,Tlanilpa,False
12047,0011,Cañada de Tepoxonal,18.577754166666665,-99.77287749999999,32,1.0,False,1.0,3.495798278615422,12047,San Pablo,False
12047,0012,Capulines,18.587822777777777,-99.78777666666666,183,9.0,False,9.0,2.5187717381465995,12047,Tejocotes,False
12047,0013,Cerro Grande,18.49629138888889,-99.83611444444443,163,8.0,False,8.0,4.5383364512212925,12037,Ixcateopan de Cuauhtémoc,True
12047,0014,Cirián Grande,18.584710833333332,-99.93043027777779,55,2.0,False,2.0,8.50730948975745,12047,Tlanilpa,False
12047,0015,Cuahuazalpa,18.538384444444446,-99.83226333333333,102,8.0,False,8.0,2.449997613184384,12047,Rancho Nuevo,False
12047,0016,Cuadrilla Nueva,18.504944166666668,-99.90859361111112,9,0.0,False,0.0,2.42002009151073,12047,Ixcapuzalco,False
12047,0017,Cuajinicuila,18.523015277777777,-99.93443972222222,18,0.0,False,0.0,3.98112339049487,12047,Ixtlahuacatengo,False
12047,0018,Los Cuatlix,18.48769777777778,-99.9028213888889,36,3.0,False,3.0,3.209354067465123,12047,Ixcapuzalco,False
12047,0019,Chicahuaca,18.524808055555553,-99.82812055555556,137,17.0,False,17.0,3.2878297489413195,12047,Rancho Nuevo,False
12047,0020,Ixcapaneca,18.498535,-99.92431583333334,120,5.0,False,5.0,1.7079622801653453,12047,Ixtlahuacatengo,False
12047,0021,Ixtlahuacatengo,18.487220833333335,-99.93527,454,26.0,False,26.0,0.0,12047,Ixtlahuacatengo,False
12047,0022,Llano de la Merced,18.498082500000002,-99.90069972222223,40,0.0,False,0.0,2.145526380808124,12047,Ixcapuzalco,False
12047,0023,Llanos de Ixcapaneca,18.510122222222222,-99.95760194444445,57,5.0,False,5.0,3.4684699029092343,12047,Ixtlahuacatengo,False
12047,0024,Metlixtapa,18.547432222222223,-99.84698027777777,32,2.0,False,2.0,3.6048854726493946,12047,Rancho Nuevo,False
12047,0025,Nopala,18.549844444444446,-99.92930222222223,21,1.0,False,1.0,6.102711020146353,12047,Ixcapuzalco,False
12047,0026,Otates,18.603943333333333,-99.88232222222221,122,7.0,False,7.0,3.3737562423761367,12047,Tlanilpa,False
12047,0027,Peña del Chivo,18.57750638888889,-99.93452583333334,17,0.0,False,0.0,8.806340821824861,12047,Ixcapuzalco,False
12047,0028,Pericones,18.601468055555557,-99.89077277777778,70,2.0,False,2.0,4.21643866485174,12047,Tlanilpa,False
12047,0029,Piedra Colgada,18.553815,-99.9524763888889,40,2.0,False,2.0,7.503320760559405,12058,Tlalpexco,True
12047,0030,Piedra Grande,18.56017138888889,-99.9432725,46,3.0,False,3.0,7.964459612622736,12047,Ixcapuzalco,False
12047,0032,Rancho Nuevo,18.550643333333333,-99.8129525,122,8.0,False,8.0,0.0,12047,Rancho Nuevo,False
12047,0033,Rancho Viejo,18.47720861111111,-99.86236777777778,141,4.0,False,4.0,4.596632256870168,12037,Simatel,True
12047,0034,La Reforma,18.443066666666667,-99.93330611111112,47,2.0,False,2.0,4.914086630939336,12047,Ixtlahuacatengo,False
12047,0035,Rincón de Jumapa,18.437393888888888,-99.95169194444445,111,7.0,False,7.0,5.1112438947767975,12058,Acatlán de la Cruz,True
12047,0036,Salitre Chiquito,18.5676125,-99.81864777777777,92,6.0,False,6.0,1.9800906340574729,12047,Rancho Nuevo,False
12047,0037,Salitre Grande (El Salitre),18.584949166666664,-99.81208972222223,133,11.0,False,11.0,2.9223391398520535,12047,Tejocotes,False
12047,0038,San Pablo,18.608780833333334,-99.7782286111111,119,11.0,False,11.0,0.0,12047,San Pablo,False
12047,0039,San Pedro Atengo,18.55488888888889,-99.76245444444444,99,5.0,False,5.0,5.3442069687019975,12047,Rancho Nuevo,False
12047,0040,Santa Lucía,18.53701138888889,-99.80925277777777,147,14.0,False,14.0,1.5651783544295914,12047,Rancho Nuevo,False
12047,0041,Santiago Salinas,18.57128833333333,-99.87046027777777,50,1.0,False,1.0,3.611775457123013,12047,Tlanilpa,False
12047,0042,Los Sauces,18.553774166666667,-99.78142611111112,77,4.0,False,4.0,3.3415882940064874,12047,Rancho Nuevo,False
12047,0044,Teacalco,18.5674225,-99.90838583333334,36,7.0,False,7.0,6.523505499900478,12047,Ixcapuzalco,False
12047,0045,Tecamachalco,18.49768638888889,-99.87882083333332,47,3.0,False,3.0,1.8468358689109081,12047,Ixcapuzalco,False
12047,0046,Tecolotlipa,18.527344166666666,-99.91051305555555,46,1.0,False,1.0,2.9851931720714213,12047,Ixcapuzalco,False
12047,0047,El Tecolote,18.59155722222222,-99.81482055555556,72,9.0,False,9.0,2.4926340019074376,12047,Tejocotes,False
12047,0048,Tepatulco,18.53537888888889,-99.90689305555556,39,3.0,False,3.0,3.3076198167240847,12047,Ixcapuzalco,False
12047,0049,Tlanilpa,18.597980555555555,-99.85093333333333,274,10.0,False,10.0,0.0,12047,Tlanilpa,False
12047,0050,Yahualtengo,18.54244277777778,-99.87564833333333,97,9.0,False,9.0,3.552908924172521,12047,Ixcapuzalco,False
12047,0051,Cerro de Zacahuixtepec,18.504661944444443,-99.86630444444444,155,5.0,False,5.0,2.346005051566327,12047,Ixcapuzalco,False
12047,0052,Zacatlán Grande,18.512424444444445,-99.84756527777778,229,17.0,False,17.0,4.159922141297345,12047,Ixcapuzalco,False
12047,0053,Agua del Monte,18.605710555555557,-99.78120416666667,197,13.0,False,13.0,0.46355222373739,12047,San Pablo,False
12047,0054,Amate Amarillo,18.49045361111111,-99.84352472222221,48,1.0,False,1.0,4.427597488859615,12037,Simatel,True
12047,0055,Amate de la Piedra,18.489483611111112,-99.87796305555555,168,3.0,False,3.0,2.717464520253777,12047,Ixcapuzalco,False
12047,0057,La Camila (Puente de Dios),18.460547777777776,-99.91788111111111,59,4.0,False,4.0,3.487099489430422,12047,Ixtlahuacatengo,False
12047,0059,El Cuahuilote,18.577965833333334,-99.85820194444445,19,1.0,False,1.0,2.3536937143690126,12047,Tlanilpa,False
12047,0060,El Copal,18.58895,-99.86912416666667,35,1.0,False,1.0,2.1642069033071443,12047,Tlanilpa,False
12047,0062,Chitosto,18.618859166666667,-99.77336861111111,10,2.0,False,2.0,1.2321382135827947,12047,San Pablo,False
12047,0063,La Gavia,18.532036388888887,-99.85938888888889,96,3.0,False,3.0,3.642915128696251,12047,Ixcapuzalco,False
12047,0065,Huixpa,18.578800277777777,-99.78809416666667,20,1.0,False,1.0,3.430638005626642,12047,Tejocotes,False
12047,0066,El Manto,18.60044027777778,-99.86432388888889,18,1.0,False,1.0,1.437457990871485,12047,Tlanilpa,False
12047,0069,El Paraje,18.56265888888889,-99.795965,16,0.0,False,0.0,2.234222357546346,12047,Rancho Nuevo,False
12047,0070,Puente Delgado (El Puente),18.518021666666666,-99.82056388888888,9,,True,0.5265686828716789,3.331512266545338,12037,Ixcateopan de Cuauhtémoc,True
12047,0071,Puerto de la Marcela,18.5364825,-99.85885916666666,104,6.0,False,6.0,4.000802344190121,12047,Ixcapuzalco,False
12047,0072,Puerto del Muerto,18.536137500000002,-99.91528361111112,17,1.0,False,1.0,3.983641470804162,12047,Ixcapuzalco,False
12047,0073,Puerto Hondo,18.52114361111111,-99.91295694444445,6,,True,0.35104578858111923,2.9039923024584815,12047,Ixcapuzalco,False
12047,0074,Puerto Oscuro,18.62757722222222,-99.79527388888889,1,,True,0.058507631430186544,2.210368366728119,12047,Tejocotes,False
12047,0080,Tejocotes,18.607966944444446,-99.79870694444445,217,10.0,False,10.0,0.0,12047,Tejocotes,False
12047,0082,Tulatengo,18.54365638888889,-99.94960944444445,21,1.0,False,1.0,6.4549167048711045,12047,Ixtlahuacatengo,False
12047,0084,Momuxtle,18.552871944444444,-99.89189694444445,24,1.0,False,1.0,4.533537701810546,12047,Ixcapuzalco,False
12047,0085,Zalquitzaya,18.60645388888889,-99.79084361111111,26,1.0,False,1.0,0.8455652995909109,12047,Tejocotes,False
12047,0090,La Legua,18.48195833333333,-99.89459305555556,23,1.0,False,1.0,3.4740605316636235,12047,Ixcapuzalco,False
12047,0091,Cruz Alta,18.635928055555556,-99.78413277777777,36,6.0,False,6.0,3.0820783227853226,12047,San Pablo,False
12047,0092,Pata de Res,18.480485277777777,-99.91325444444445,36,3.0,False,3.0,2.4395452901798027,12047,Ixtlahuacatengo,False
12047,0095,Tierra Colorada,18.49692888888889,-99.85484749999999,14,0.0,False,0.0,3.8017044502680584,12047,Ixcapuzalco,False
12047,0099,Huerta Vieja,18.555400000000002,-99.86008694444443,5,,True,0.29253815715093273,4.832041606806578,12047,Tlanilpa,False
12047,0100,Los Fresnos,18.548886666666668,-99.87117305555554,25,2.0,False,2.0,4.391271376353604,12047,Ixcapuzalco,False
12047,0101,El Manguito,18.530730277777778,-99.88526666666667,34,3.0,False,3.0,2.0505472131574876,12047,Ixcapuzalco,False
12047,0103,Puerto del Coyote,18.538844166666667,-99.82825666666666,36,3.0,False,3.0,2.079511958256839,12047,Rancho Nuevo,False
12047,0104,La Tecama,18.495694722222222,-99.8921813888889,5,,True,0.29253815715093273,1.9318743331006807,12047,Ixcapuzalco,False
12047,0105,Xochipisca,18.593886666666666,-99.77410527777778,3,,True,0.17552289429055962,1.7122146783497596,12047,San Pablo,False
12047,0106,Camino a Tepatulco,18.51755083333333,-99.89135,21,2.0,False,2.0,0.7357129902313446,12047,Ixcapuzalco,False
12047,0107,La Castrejona,18.578107222222222,-99.87528138888888,11,0.0,False,0.0,3.3865027663146505,12047,Tlanilpa,False
12047,0108,El Limón,18.60924166666667,-99.88713666666668,31,2.0,False,2.0,4.015510059829715,12047,Tlanilpa,False
12047,0110,Santa María Sinoquila,18.618179166666668,-99.80632444444444,50,1.0,False,1.0,1.39062347783342,12047,Tejocotes,False
12047,0111,Plan del Escorpión,18.605635000000003,-99.86223694444443,55,1.0,False,1.0,1.464065451560138,12047,Tlanilpa,False
12047,0113,El Puente Colorado,18.528121111111112,-99.81339527777777,39,2.0,False,2.0,2.50479184944256,12047,Rancho Nuevo,False
12047,0114,Agua Fría,18.561331111111112,-99.8606486111111,28,0.0,False,0.0,4.201912276274753,12047,Tlanilpa,False
12047,0115,Buena Vista,18.52182861111111,-99.83427138888888,97,6.0,False,6.0,3.913762125274667,12047,Rancho Nuevo,False
12048,0001,Petatlán,17.538206666666667,-101.27455194444444,23363,1228.0,False,1228.0,0.0,12048,Petatlán,False
12048,0004,La Aguacatera,17.65248944444444,-101.03375833333334,3,,True,0.15772828208061368,8.090181973130942,12048,El Mameyal,False
12048,0005,Los Alambrados,17.83334222222222,-101.18784388888889,47,2.0,False,2.0,17.35266661041318,12038,Vallecitos de Zaragoza,True
12048,0006,Alpuyeque,17.44348666666667,-101.17617,88,4.0,False,4.0,5.695384775394136,12048,Juluchuca,False
12048,0007,La Angostura,17.613240555555556,-101.02674638888888,8,,True,0.42060875221496985,4.219516835191644,12048,El Mameyal,False
12048,0009,El Anonal,17.75953277777778,-101.3119825,20,1.0,False,1.0,14.42727747851341,12038,La Laja (Buenavista),True
12048,0010,El Anono,17.552354444444447,-101.02102805555556,34,0.0,False,0.0,4.907278105421604,12048,El Mameyal,False
12048,0012,El Anonito,17.536360277777778,-101.02128472222222,29,1.0,False,1.0,4.383265771980202,12048,Las Mesas,False
12048,0015,Arroyo Seco,17.374878333333335,-101.11331388888888,329,19.0,False,19.0,5.983780170530963,12048,Coyuquilla Norte,False
12048,0016,El Balcón de la Bandera,17.837748055555554,-101.20522833333334,38,3.0,False,3.0,15.565016434542743,12038,Vallecitos de Zaragoza,True
12048,0018,La Bolsa,17.774349166666667,-101.26078694444445,18,1.0,False,1.0,17.103625377263974,12038,La Laja (Buenavista),True
12048,0029,Barrio Nuevo,17.478043611111108,-101.03839305555556,76,4.0,False,4.0,4.427527039577785,12048,Las Mesas,False
12048,0030,Puente la Barrita,17.42015361111111,-101.18483333333333,120,5.0,False,5.0,6.044492729455823,12048,Juluchuca,False
12048,0035,El Cabritero de Domínguez (Cabritero),17.534941944444448,-101.33062833333332,170,8.0,False,8.0,3.700902790885697,12048,San Jeronimito (San Jerónimo),False
12048,0036,El Cacao,17.75899,-101.32173388888889,46,1.0,False,1.0,13.903343638695034,12038,La Laja (Buenavista),True
12048,0038,La Calera de Santa Lucía,17.410799444444443,-101.09818222222222,137,6.0,False,6.0,5.655421465013002,12048,Coyuquilla Norte,False
12048,0039,La Calerilla,17.428619444444447,-101.14804305555556,5,,True,0.26288047013435617,9.025179044781046,12048,Juluchuca,False
12048,0040,El Camalote,17.72231111111111,-101.21206083333334,85,5.0,False,5.0,21.515960982661603,12048,Petatlán,False
12048,0041,El Camalotito,17.679694444444447,-101.25783777777778,30,4.0,False,4.0,15.729401919693785,12048,San Jeronimito (San Jerónimo),False
12048,0042,El Camarón,17.52584138888889,-101.0266875,34,2.0,False,2.0,3.318987364449968,12048,Las Mesas,False
12048,0043,El Camotal,17.83099888888889,-101.22327250000001,17,0.0,False,0.0,14.571502529169688,12038,Vallecitos de Zaragoza,True
12048,0045,Las Canalejas,17.625164166666668,-101.08626472222221,113,13.0,False,13.0,10.38101284637775,12048,El Mameyal,False
12048,0046,La Candelaria,17.7746575,-101.23868444444444,8,,True,0.42060875221496985,18.551580753905046,12038,Vallecitos de Zaragoza,True
12048,0048,El Capire (El Capire de San Aparicio),17.561994722222224,-101.23437750000001,4,,True,0.21030437610748492,5.01377419412897,12048,Petatlán,False
12048,0050,Casas Viejas,17.585025555555553,-101.0053475,27,1.0,False,1.0,1.1203608282808852,12048,El Mameyal,False
12048,0051,El Cayacal,17.38944777777778,-101.16145944444445,173,6.0,False,6.0,10.19084276251866,12048,Juluchuca,False
12048,0055,Ciénega (Ciénega del Cayacal),17.41448361111111,-101.14436722222223,58,3.0,False,3.0,9.99999941430471,12048,Juluchuca,False
12048,0056,La Ciénega de López,17.73603277777778,-101.33560861111111,70,5.0,False,5.0,15.510480707947236,12038,La Laja (Buenavista),True
12048,0058,Los Cimientos (Los Cimientos de Esquivel),17.80665861111111,-101.2460938888889,9,,True,0.4731848462418411,15.096526973111912,12038,Vallecitos de Zaragoza,True
12048,0065,La Cocolmeca,17.7367275,-101.30170027777777,21,1.0,False,1.0,17.133569546375483,12038,La Laja (Buenavista),True
12048,0067,Corrales,17.667046111111112,-100.95802166666667,61,1.0,False,1.0,9.521110021689822,12048,El Mameyal,False
12048,0068,Coyuquilla Norte,17.378453611111112,-101.05705166666667,1889,120.0,False,120.0,0.0,12048,Coyuquilla Norte,False
12048,0069,Coyuquilla Sur (Coyuquilla Viejo),17.35861888888889,-101.06969388888888,349,17.0,False,17.0,2.581541881975337,12048,Coyuquilla Norte,False
12048,0070,La Cruz de Otate,17.84949472222222,-101.19909527777779,20,3.0,False,3.0,15.383816861285379,12038,Vallecitos de Zaragoza,True
12048,0072,Los Cuahulotitos,17.814935555555557,-101.24966777777777,25,0.0,False,0.0,14.11992794603684,12038,Vallecitos de Zaragoza,True
12048,0073,Chaveta,17.69571388888889,-101.3845088888889,197,11.0,False,11.0,11.80896946652255,12038,El Coacoyul,True
12048,0075,Los Enanos (Esmir),17.557543333333335,-101.12787722222221,5,,True,0.26288047013435617,9.047702797342701,12048,Las Mesas,False
12048,0076,La Escondida,17.47985083333333,-101.16260916666667,22,1.0,False,1.0,7.506037470539154,12048,Juluchuca,False
12048,0077,La Esperanza,17.698149166666667,-101.30312277777777,1,,True,0.05257609402687123,15.432304061968445,12048,San Jeronimito (San Jerónimo),False
12048,0078,La Finca (La Finca de Gildardo),17.64079,-100.98950972222222,99,7.0,False,7.0,5.757436308677184,12048,El Mameyal,False
12048,0081,Las Galeras,17.666635555555555,-101.0937961111111,2,,True,0.10515218805374246,13.4783346444425,12048,El Mameyal,False
12048,0082,La Gloria,17.583859166666667,-101.32380083333332,2,,True,0.10515218805374246,3.0604334500984156,12048,San Jeronimito (San Jerónimo),False
12048,0083,Guapinolar,17.86881222222222,-101.20511777777779,23,1.0,False,1.0,13.817921582415273,12038,Vallecitos de Zaragoza,True
12048,0090,El Higueral,17.59959138888889,-100.93026472222223,38,4.0,False,4.0,7.039491686115902,12048,El Mameyal,False
12048,0097,El Jovero,17.549075833333337,-101.31940138888889,9,,True,0.4731848462418411,3.261260384051976,12048,San Jeronimito (San Jerónimo),False
12048,0098,Juluchuca,17.455122777777778,-101.22845666666667,691,42.0,False,42.0,0.0,12048,Juluchuca,False
12048,0100,Río Frío,17.578683333333334,-101.01285722222222,4,,True,0.21030437610748492,2.1624819127609163,12048,El Mameyal,False
12048,0104,El Limón,17.57071861111111,-101.02339666666667,54,1.0,False,1.0,3.5847599469953573,12048,El Mameyal,False
12048,0106,Loma Bonita,17.42644361111111,-101.1889738888889,51,5.0,False,5.0,5.264285434577871,12048,Juluchuca,False
12048,0108,Longares,17.440399444444445,-101.08455638888888,32,1.0,False,1.0,7.4807610535718645,12048,Coyuquilla Norte,False
12048,0112,Llanos de la Puerta,17.645018611111112,-101.30992083333334,57,1.0,False,1.0,9.620878440712776,12048,San Jeronimito (San Jerónimo),False
12048,0114,El Mameyal,17.58936111111111,-100.9958063888889,195,9.0,False,9.0,0.0,12048,El Mameyal,False
12048,0118,Los Mangos,17.772424166666667,-101.29401388888888,16,0.0,False,0.0,14.563738599158972,12038,La Laja (Buenavista),True
12048,0119,Las Mesas,17.514335555555554,-101.05556888888889,495,27.0,False,27.0,0.0,12048,Las Mesas,False
12048,0121,El Calvario (El Mirador),17.376606388888888,-101.14834305555556,1,,True,0.05257609402687123,9.689993370707395,12048,Coyuquilla Norte,False
12048,0123,La Molonga,17.5083475,-101.2167925,126,7.0,False,7.0,6.046229897468766,12048,Juluchuca,False
12048,0125,La Morena,17.703223055555554,-101.1827025,99,8.0,False,8.0,20.77103693501946,12048,Petatlán,False
12048,0126,Murga,17.682044444444447,-101.31099194444444,194,9.0,False,9.0,13.480252146842254,12048,San Jeronimito (San Jerónimo),False
12048,0130,Ocote de Cadena,17.61312277777778,-101.22837444444444,41,2.0,False,2.0,9.662032960551565,12048,Petatlán,False
12048,0131,Ocote de Peregrino,17.72813111111111,-101.30841583333333,323,12.0,False,12.0,17.572126006702476,12038,La Laja (Buenavista),True
12048,0135,La Otatera,17.616972222222223,-101.30426,31,1.0,False,1.0,7.196702586594436,12048,San Jeronimito (San Jerónimo),False
12048,0138,La Palma,17.613177222222223,-101.34429999999999,191,11.0,False,11.0,5.330501629848522,12048,San Jeronimito (San Jerónimo),False
12048,0139,Palos Blancos,17.55771777777778,-101.33218444444444,1523,76.0,False,76.0,1.6017495511682407,12048,San Jeronimito (San Jerónimo),False
12048,0142,El Parotal,17.49229888888889,-101.03893416666666,153,14.0,False,14.0,3.019301394609299,12048,Las Mesas,False
12048,0145,Las Parotitas,17.502784722222223,-101.03017777777778,8,,True,0.42060875221496985,2.983212755576541,12048,Las Mesas,False
12048,0146,La Pasión,17.691850555555554,-101.09162944444444,25,0.0,False,0.0,15.263662906834027,12048,El Mameyal,False
12048,0148,Paso de la Ceiba,17.47548388888889,-101.19066694444444,77,5.0,False,5.0,4.603526874766836,12048,Juluchuca,False
12048,0154,Las Peñas,17.519601666666667,-101.34297527777777,12,1.0,False,1.0,5.080088128080925,12048,San Jeronimito (San Jerónimo),False
12048,0155,La Pequeña (Hacienda la Pequeña),17.367944166666668,-101.09206111111111,11,0.0,False,0.0,3.894730462828564,12048,Coyuquilla Norte,False
12048,0157,Piedra de Veliano,17.66394722222222,-101.30637694444444,85,2.0,False,2.0,11.716207263997765,12048,San Jeronimito (San Jerónimo),False
12048,0159,Las Placitas,17.504917222222222,-101.15448277777779,57,0.0,False,0.0,9.602700198750574,12048,Juluchuca,False
12048,0160,Los Planes,17.56879861111111,-100.98248444444445,94,5.0,False,5.0,2.687381268338365,12048,El Mameyal,False
12048,0162,Potrerillos,17.66621333333333,-101.33386583333333,220,5.0,False,5.0,11.289812376378144,12048,San Jeronimito (San Jerónimo),False
12048,0164,Rancho Nuevo,17.47545138888889,-101.21465416666668,192,9.0,False,9.0,2.6931241288610646,12048,Juluchuca,False
12048,0168,El Rincón,17.72672972222222,-101.23970777777778,16,0.0,False,0.0,21.144001662541303,12048,San Jeronimito (San Jerónimo),False
12048,0170,Río Chiquito,17.526230833333333,-101.30137388888889,295,22.0,False,22.0,3.14025288944766,12048,Petatlán,False
12048,0174,Las Salinas (Salinas el Cuajo),17.443608055555554,-101.20502083333334,355,19.0,False,19.0,2.79637190519514,12048,Juluchuca,False
12048,0175,El Salto,17.750688611111112,-101.26723194444445,23,1.0,False,1.0,18.28039316552835,12038,La Laja (Buenavista),True
12048,0178,San Jeronimito (San Jerónimo),17.565244444444446,-101.34506694444444,6993,356.0,False,356.0,0.0,12048,San Jeronimito (San Jerónimo),False
12048,0182,Santo Domingo,17.627436666666668,-101.3402011111111,1,,True,0.05257609402687123,6.934664302113299,12048,San Jeronimito (San Jerónimo),False
12048,0184,El Sauz,17.63492111111111,-100.96944194444444,3,,True,0.15772828208061368,5.7855167386287905,12048,El Mameyal,False
12048,0185,El Sesteadero,17.628823333333333,-101.31255638888888,15,1.0,False,1.0,7.8647202814143355,12048,San Jeronimito (San Jerónimo),False
12048,0187,Sin Agua,17.766920555555554,-101.28588388888889,15,0.0,False,0.0,15.606106713745156,12038,La Laja (Buenavista),True
12048,0189,La Soledad de la Palma (La Chole),17.823415277777777,-101.15460666666667,18,1.0,False,1.0,20.913879525418892,12038,Vallecitos de Zaragoza,True
12048,0190,La Soledad (Soledad de Maciel),17.523545555555554,-101.33762583333333,356,17.0,False,17.0,4.703343037773114,12048,San Jeronimito (San Jerónimo),False
12048,0193,El Suspiro de Corrales,17.595115555555555,-100.96051055555556,59,4.0,False,4.0,3.7954897070964635,12048,El Mameyal,False
12048,0196,Rancho los Tepetates,17.588786944444443,-101.34258527777777,15,2.0,False,2.0,2.630991162176885,12048,San Jeronimito (San Jerónimo),False
12048,0198,La Tigra,17.77816222222222,-101.23560444444445,39,6.0,False,6.0,18.37558312613775,12038,Vallecitos de Zaragoza,True
12048,0204,Valentín,17.502678055555556,-101.32232194444444,3,,True,0.15772828208061368,6.423798098990943,12048,Petatlán,False
12048,0205,Vaquetas,17.715730277777777,-101.40335694444445,38,1.0,False,1.0,11.686705811959955,12038,El Coacoyul,True
12048,0207,Vista Hermosa,17.64679027777778,-100.93585194444445,2,,True,0.10515218805374246,9.008402387002084,12048,El Mameyal,False
12048,0208,Ximalcota,17.578592222222223,-101.21718666666666,14,0.0,False,0.0,7.559845620041337,12048,Petatlán,False
12048,0213,El Zapotillal,17.641016666666665,-101.1049086111111,58,4.0,False,4.0,12.910818625042063,12048,El Mameyal,False
12048,0214,El Zapotillo,17.68387138888889,-101.22432194444444,5,,True,0.26288047013435617,17.049596730441944,12048,Petatlán,False
12048,0215,El Zarquito,17.693298333333335,-101.36142888888888,50,4.0,False,4.0,13.818422007352213,12038,El Coacoyul,True
12048,0220,Barra de Potosí,17.53656416666667,-101.43977222222223,489,18.0,False,18.0,10.534832014680562,12048,San Jeronimito (San Jerónimo),False
12048,0248,Corralitos,17.71120361111111,-101.08782083333332,56,3.0,False,3.0,16.691789916920698,12048,El Mameyal,False
12048,0256,Las Letras,17.639730555555555,-101.34210583333333,2,,True,0.10515218805374246,8.288421688324863,12048,San Jeronimito (San Jerónimo),False
12048,0271,El Mameycito,17.638534166666666,-100.95270000000001,42,1.0,False,1.0,7.125158930629973,12048,El Mameyal,False
12048,0272,El Manguito,17.431231111111114,-101.09093277777777,10,1.0,False,1.0,6.882134781448958,12048,Coyuquilla Norte,False
12048,0308,Tondonicua,17.79090888888889,-101.14590583333334,36,5.0,False,5.0,21.854168796957826,12022,El Durazno,True
12048,0309,Puente del Tuzal,17.47896861111111,-101.24593333333334,90,1.0,False,1.0,3.2352560377933224,12048,Juluchuca,False
12048,0313,El Venadito,17.611275000000003,-100.94247611111112,8,0.0,False,0.0,6.155316772490018,12048,El Mameyal,False
12048,0314,Colonia Juárez (Venado),17.583840555555554,-101.2463238888889,151,8.0,False,8.0,5.890955103527758,12048,Petatlán,False
12048,0319,La Ceiba (La Ceiba del Ocote de Cadena),17.62431666666667,-101.23107055555556,10,0.0,False,0.0,10.626572442709303,12048,Petatlán,False
12048,0323,Vista Hermosa,17.511505,-101.13151777777777,12,0.0,False,0.0,8.059839629138159,12048,Las Mesas,False
12048,0324,Los Zapotillos (El Zapotillo),17.690943333333333,-101.13718305555557,2,,True,0.10515218805374246,18.76225349746707,12048,El Mameyal,False
12048,0334,El Ujalito (El Ujalito de Guerrero),17.562142222222224,-101.28112583333333,38,3.0,False,3.0,2.7512540220073762,12048,Petatlán,False
12048,0336,El Arenoso,17.575215277777776,-101.29957666666667,32,2.0,False,2.0,4.896228599878165,12048,Petatlán,False
12048,0337,El Pujido,17.57906638888889,-101.25626027777778,62,4.0,False,4.0,4.939922378426016,12048,Petatlán,False
12048,0340,El Palomar,17.460303333333332,-101.0325075,63,3.0,False,3.0,6.486855247795469,12048,Las Mesas,False
12048,0390,San Martín,17.453385833333332,-101.03643749999999,1,,True,0.05257609402687123,7.074515963804971,12048,Las Mesas,False
12048,0393,La Barrita (Playa la Barrita),17.412216388888886,-101.1806,118,6.0,False,6.0,6.9669122589901225,12048,Juluchuca,False
12048,0401,Las Huertas,17.59719861111111,-100.93804583333333,79,8.0,False,8.0,6.183983265527473,12048,El Mameyal,False
12048,0404,Hacienda la Pequeña,17.537480000000002,-101.3787375,1,,True,0.05257609402687123,4.719530765334596,12048,San Jeronimito (San Jerónimo),False
12048,0409,Los Arrozales,17.82697222222222,-101.17673416666668,32,3.0,False,3.0,18.723889044953822,12038,Vallecitos de Zaragoza,True
12048,0411,La Barranca,17.67770777777778,-101.03882416666667,21,3.0,False,3.0,10.829865302085167,12048,El Mameyal,False
12048,0419,Cayacalito,17.3732125,-101.12499777777776,41,0.0,False,0.0,7.234002128937996,12048,Coyuquilla Norte,False
12048,0420,El Campo,17.548770555555556,-101.29271694444444,13,2.0,False,2.0,2.2558658631760022,12048,Petatlán,False
12048,0422,El Capire,17.604837777777778,-101.29953416666666,7,,True,0.3680326581880986,6.532762973835726,12048,San Jeronimito (San Jerónimo),False
12048,0423,El Capire,17.826554722222223,-101.245965,34,1.0,False,1.0,13.305230126918708,12038,Vallecitos de Zaragoza,True
12048,0437,Las Higueras,17.56915611111111,-101.25961944444444,1,,True,0.05257609402687123,3.788084886621107,12048,Petatlán,False
12048,0441,El Limón,17.694953333333334,-101.10350388888888,11,,True,0.5783370342955836,16.373653926255336,12048,El Mameyal,False
12048,0447,El Manguito,17.736691111111114,-101.28760194444445,15,,True,0.7886414104030685,18.005828144033188,12038,La Laja (Buenavista),True
12048,0450,Miyagua,17.554109444444446,-101.30162138888889,80,0.0,False,0.0,3.370977537872314,12048,Petatlán,False
12048,0454,El Nanche,17.524974722222222,-101.18539861111111,9,,True,0.4731848462418411,9.01010298751564,12048,Juluchuca,False
12048,0456,El Nogal,17.772435277777777,-101.14946722222223,32,2.0,False,2.0,22.176036247125424,12022,El Durazno,True
12048,0462,La Papaya,17.602331666666668,-100.98082111111111,24,3.0,False,3.0,2.145435166967492,12048,El Mameyal,False
12048,0465,El Pedregoso (Rancho Adriana),17.659204444444445,-101.30964888888889,16,1.0,False,1.0,11.101729177087009,12048,San Jeronimito (San Jerónimo),False
12048,0469,El Tequereque (Puente Cruz),17.52148888888889,-101.25653555555556,2,,True,0.10515218805374246,2.6654946749470776,12048,Petatlán,False
12048,0485,Hacienda del Tuzal (Tuzal),17.466159722222223,-101.2509686111111,4,,True,0.21030437610748492,2.6847888117575036,12048,Juluchuca,False
12048,0486,El Varillal,17.613358611111114,-100.92342000000001,30,2.0,False,2.0,8.122967380093204,12048,El Mameyal,False
12048,0492,Las Palancas,17.555533055555557,-101.08796555555556,2,,True,0.10515218805374246,5.725736174211136,12048,Las Mesas,False
12048,0500,Chiverillos,17.538273055555557,-101.01608444444445,27,0.0,False,0.0,4.961140209556852,12048,Las Mesas,False
12048,0501,Heben-Ezer,17.58197138888889,-101.37785,1,,True,0.05257609402687123,3.941612739827131,12048,San Jeronimito (San Jerónimo),False
12048,0521,Ojo de Agua del Limón (El Limoncito),17.507923333333334,-101.22524250000001,10,0.0,False,0.0,5.881042049323045,12048,Juluchuca,False
12048,0537,Las Huertas,17.782389444444444,-101.23104222222223,21,0.0,False,0.0,18.22811869049592,12038,Vallecitos de Zaragoza,True
12048,0541,La Finquita,17.589740555555554,-100.95376,10,1.0,False,1.0,4.4569527922292895,12048,El Mameyal,False
12048,0542,La Granja (La Vera),17.501040833333334,-101.25349222222222,20,0.0,False,0.0,4.6974030165836345,12048,Petatlán,False
12048,0546,San Vicente,17.435615833333333,-101.08759722222221,50,4.0,False,4.0,7.134736896165473,12048,Coyuquilla Norte,False
12048,0549,El Manglar,17.46010888888889,-101.08172111111111,5,,True,0.26288047013435617,6.637054662296228,12048,Las Mesas,False
12048,0551,El Bálsamo,17.79200555555556,-101.20742305555555,19,1.0,False,1.0,18.866715751583953,12038,Vallecitos de Zaragoza,True
12048,0552,Barranca del Sereno,17.807694444444444,-101.14682055555556,69,3.0,False,3.0,22.166214260295444,12022,El Durazno,True
12048,0554,La Ceiba (La Ceiba de San José),17.71257333333333,-101.04636472222222,64,8.0,False,8.0,13.300800969014977,12022,El Durazno,True
12048,0555,Las Ventanas,17.7428925,-101.17559805555555,11,,True,0.5783370342955836,25.059326524282756,12048,Petatlán,False
12048,0557,Los Guapinoles,17.703485,-101.08234805555556,33,3.0,False,3.0,15.65657503046197,12048,El Mameyal,False
12048,0559,El Jilguero Dos,17.795515833333337,-101.16279722222222,7,,True,0.3680326581880986,21.993217492517438,12038,Vallecitos de Zaragoza,True
12048,0562,Rancho Nuevo,17.7466525,-101.16551361111112,24,3.0,False,3.0,24.099155478382844,12022,El Durazno,True
12048,0563,Rincón del Refugio,17.705927777777777,-101.05077055555556,57,3.0,False,3.0,14.094543653467174,12022,El Durazno,True
12048,0564,Temixco (Temixco de las Palmas),17.703044166666665,-101.0940025,14,0.0,False,0.0,16.372573829108035,12048,El Mameyal,False
12048,0565,El Tremendo,17.759935277777778,-101.15141083333334,13,,True,0.683489222349326,22.45227036575459,12022,El Durazno,True
12048,0568,Los Zapotes,17.767107777777777,-101.22091555555556,39,2.0,False,2.0,20.23736661511202,12038,Vallecitos de Zaragoza,True
12048,0569,Rancho las Higueras,17.60912138888889,-101.30083083333334,11,1.0,False,1.0,6.7667968499012945,12048,San Jeronimito (San Jerónimo),False
12048,0585,El Aguacate,17.640954444444443,-101.01776027777778,3,,True,0.15772828208061368,6.19077799838655,12048,El Mameyal,False
12048,0587,La Ujera,17.559964722222222,-101.0290175,2,,True,0.10515218805374246,4.804037745659579,12048,El Mameyal,False
12048,0588,La Ujerita,17.47059611111111,-101.02238249999999,2,,True,0.10515218805374246,6.00346668364733,12048,Las Mesas,False
12048,0594,El Regadito,17.705424444444443,-101.30377166666666,10,0.0,False,0.0,16.189925268361648,12048,San Jeronimito (San Jerónimo),False
12048,0597,La Espinuda,17.741443611111112,-101.14862111111111,2,,True,0.10515218805374246,22.42160783754055,12022,El Durazno,True
12048,0599,Los Paliacates,17.403725555555553,-101.17780944444445,1,,True,0.05257609402687123,7.844306942395517,12048,Juluchuca,False
12048,0602,Playitas del Calvario,17.381926944444444,-101.15484111111111,21,1.0,False,1.0,10.384421701447891,12048,Coyuquilla Norte,False
12048,0605,El Habillal,17.564575,-101.29286083333334,6,,True,0.31545656416122736,3.516327874155606,12048,Petatlán,False
12048,0608,Barranca del Patacual,17.49033777777778,-101.14931083333335,32,1.0,False,1.0,9.26290863087447,12048,Juluchuca,False
12048,0609,Barranca del Pilar,17.48572888888889,-101.08935055555555,6,,True,0.31545656416122736,4.790875768916617,12048,Las Mesas,False
12048,0612,Rancho el Camalote,17.604799722222225,-101.34895138888888,3,,True,0.15772828208061368,4.417576752886892,12048,San Jeronimito (San Jerónimo),False
12048,0619,Las Cubas (La Conchuda),17.675334444444445,-101.09530638888889,33,2.0,False,2.0,14.232638531174127,12048,El Mameyal,False
12048,0622,El Guayabo,17.685230277777777,-101.25867916666667,2,,True,0.10515218805374246,16.180768094595603,12048,San Jeronimito (San Jerónimo),False
12048,0632,Playa San Valentín,17.48194861111111,-101.33277472222221,4,0.0,False,0.0,8.789317668465443,12048,Petatlán,False
12048,0633,El Puente,17.513341666666665,-101.38097888888888,1,,True,0.05257609402687123,6.91418003159363,12048,San Jeronimito (San Jerónimo),False
12048,0639,El Roble,17.736474166666667,-101.13622027777778,2,,True,0.10515218805374246,21.23795667830962,12022,El Durazno,True
12048,0641,La Vainilla (Rancho la Vainilla),17.5340975,-101.22528027777778,7,,True,0.3680326581880986,5.2440887131592415,12048,Petatlán,False
12048,0644,Arroyo Frío,17.46210611111111,-101.02368388888888,20,2.0,False,2.0,6.720404662846152,12048,Las Mesas,False
12048,0645,Arroyo Verde,17.407108333333333,-101.03403916666666,199,14.0,False,14.0,4.014350694751795,12048,Coyuquilla Norte,False
12048,0646,La Lajita,17.44191027777778,-101.04213555555556,147,7.0,False,7.0,7.231364404673252,12048,Coyuquilla Norte,False
12048,0647,Rancho Macahuitillo,17.391213055555554,-101.03990361111111,4,,True,0.21030437610748492,2.3074155120956212,12048,Coyuquilla Norte,False
12048,0648,San Antonio de las Palmas,17.4202775,-101.04344583333334,6,,True,0.31545656416122736,4.869529436370982,12048,Coyuquilla Norte,False
12048,0649,La Vuelta de Guzmán,17.431261666666668,-101.04089888888889,10,1.0,False,1.0,6.116992634487156,12048,Coyuquilla Norte,False
12048,0652,Las Palmitas,17.552870833333333,-101.26374694444445,10,2.0,False,2.0,1.9927660471839486,12048,Petatlán,False
12048,0654,Colonia la Virgen (El Cerrito),17.529304166666666,-101.27859666666667,6,0.0,False,0.0,1.0788167939748963,12048,Petatlán,False
12048,0658,Banco de Oro,17.64383638888889,-100.93934750000001,6,,True,0.31545656416122736,8.514362001641386,12048,El Mameyal,False
12048,0661,La Colorada (El Callejón de la Colorada),17.5638375,-101.4317588888889,8,0.0,False,0.0,9.191609789723916,12048,San Jeronimito (San Jerónimo),False
12048,0674,El Aserradero (Huerta de David),17.566644444444446,-101.32891833333333,5,,True,0.26288047013435617,1.7189766530503598,12048,San Jeronimito (San Jerónimo),False
12048,0677,Chiveros,17.53040111111111,-101.00219333333334,3,,True,0.15772828208061368,5.934935097232983,12048,Las Mesas,False
12048,0681,El Huizache,17.61674888888889,-101.18817805555555,14,1.0,False,1.0,12.653243355242214,12048,Petatlán,False
12048,0682,Las Humedades Uno,17.73524138888889,-101.18719027777779,5,,True,0.26288047013435617,23.784834080731613,12048,Petatlán,False
12048,0685,La Lajita Dos,17.439404444444445,-101.04696694444445,22,2.0,False,2.0,6.861368468224251,12048,Coyuquilla Norte,False
12048,0687,El Patacual,17.781643888888887,-101.29826222222222,88,1.0,False,1.0,13.526626109799007,12038,La Laja (Buenavista),True
12048,0688,El Olvido,17.770207777777777,-101.25724055555555,20,2.0,False,2.0,17.67916519738428,12038,La Laja (Buenavista),True
12048,0690,La Parotita,17.75709,-101.28988694444445,7,,True,0.3680326581880986,16.10386062174185,12038,La Laja (Buenavista),True
12048,0702,El Colorín,17.779006388888888,-101.20261666666667,31,3.0,False,3.0,20.30134154611901,12038,Vallecitos de Zaragoza,True
12048,0708,Las Tabiqueras,17.516375555555555,-101.25903694444445,28,0.0,False,0.0,2.9324284145562176,12048,Petatlán,False
12048,0709,El Vergel,17.775085277777777,-101.20755,6,,True,0.31545656416122736,20.32045481102763,12038,Vallecitos de Zaragoza,True
12048,0711,La Florida,17.70771111111111,-101.13625527777778,28,2.0,False,2.0,19.86610878249464,12048,El Mameyal,False
12048,0714,El Papalote,17.508973333333333,-101.23420444444444,3,,True,0.15772828208061368,5.373052015808661,12048,Petatlán,False
12048,0719,El Aguacate,17.47436361111111,-100.99899444444445,2,,True,0.10515218805374246,7.46679342451261,12048,Las Mesas,False
12048,0720,Colonia los Llanitos,17.51967861111111,-101.26901222222222,106,7.0,False,7.0,2.142323970562987,12048,Petatlán,False
12048,0722,Los Renovales,17.848281666666665,-101.23675166666666,5,,True,0.26288047013435617,12.224496679952122,12038,Vallecitos de Zaragoza,True
12048,0726,Los Lirios,17.72872194444444,-101.10912222222221,13,0.0,False,0.0,18.667196367526035,12022,El Durazno,True
12048,0733,Los Guayabos,17.48154333333333,-101.18535444444444,22,2.0,False,2.0,5.434288374528442,12048,Juluchuca,False
12048,0739,El Parotal Dos,17.492504166666667,-101.03111361111111,40,4.0,False,4.0,3.552274426042699,12048,Las Mesas,False
12048,0746,Rancho de la Cruz,17.52096222222222,-101.2478675,7,,True,0.3680326581880986,3.4179231973574016,12048,Petatlán,False
12048,0748,El Zapote,17.52774722222222,-101.2916186111111,1,,True,0.05257609402687123,2.1510886624830237,12048,Petatlán,False
12048,0749,El Tamarindo,17.527231666666665,-101.02242638888889,1,,True,0.05257609402687123,3.7956129435597417,12048,Las Mesas,False
12048,0750,El Cangrejo,17.522347777777778,-101.02633166666666,1,,True,0.05257609402687123,3.225722561589074,12048,Las Mesas,False
12048,0752,La Guayabera,17.504014444444444,-100.9990813888889,11,0.0,False,0.0,6.099061069782962,12048,Las Mesas,False
12048,0764,Inés Landero,17.557583333333334,-101.29162777777778,4,,True,0.21030437610748492,2.8142052599168177,12048,Petatlán,False
12048,0765,Colonia Arboledas,17.524911944444444,-101.24955361111111,1,,True,0.05257609402687123,3.034951943801843,12048,Petatlán,False
12048,0766,Santa Fe,17.63511,-100.92185944444445,3,,True,0.15772828208061368,9.343350531519961,12048,El Mameyal,False
12048,0767,Las Palmitas,17.480298888888886,-101.18119055555556,13,2.0,False,2.0,5.742040192971521,12048,Juluchuca,False
12048,0768,Los Brasiles,17.514061944444446,-101.2357588888889,6,,True,0.31545656416122736,4.911991820202956,12048,Petatlán,False
12049,0001,Pilcaya,18.74758388888889,-99.67617472222223,6184,359.0,False,359.0,0.0,12049,Pilcaya,False
12049,0002,Amatitlán,18.670781666666667,-99.61183277777778,170,9.0,False,9.0,4.4011605238140294,12060,Chontalcoatlán,True
12049,0003,El Bosque,18.705644166666666,-99.6903375,159,7.0,False,7.0,4.736053728159493,12060,Noxtepec,True
12049,0004,Cacahuamilpa,18.682680555555557,-99.50660166666667,973,38.0,False,38.0,6.123736259069793,12049,El Mogote,False
12049,0005,La Concepción (La Concha),18.767208888888888,-99.69221027777778,1206,60.0,False,60.0,2.7590932077069175,12049,Pilcaya,False
12049,0006,Cuitlapa,18.69477277777778,-99.62435055555555,162,9.0,False,9.0,5.674817917066705,12060,Tetipac,True
12049,0007,Chichila,18.712841388888886,-99.65142111111112,47,4.0,False,4.0,4.660381997527346,12049,Pilcaya,False
12049,0008,Chimaltitlán,18.668679444444447,-99.616485,111,7.0,False,7.0,4.040273883379021,12060,Tetipac,True
12049,0009,Crucero de Grutas (Grutas de Cacahuamilpa),18.672187222222224,-99.5106225,437,22.0,False,22.0,5.8213293234240595,12049,El Mogote,False
12049,0010,Juchimilpa,18.711431944444445,-99.70079722222222,297,13.0,False,13.0,4.783606428513877,12049,Pilcaya,False
12049,0011,El Mogote,18.682804444444447,-99.56473694444445,750,36.0,False,36.0,0.0,12049,El Mogote,False
12049,0012,Nombre de Dios,18.73699166666667,-99.72551083333333,40,1.0,False,1.0,5.326866141360546,12049,Pilcaya,False
12049,0013,Piedras Negras,18.71795583333333,-99.60623638888889,479,12.0,False,12.0,5.863660790189732,12049,El Mogote,False
12049,0014,El Platanar,18.71385611111111,-99.68791972222223,207,13.0,False,13.0,3.9490378733488063,12049,Pilcaya,False
12049,0015,Santa María,18.683529166666666,-99.66024444444444,149,7.0,False,7.0,3.977686507324619,12060,Tetipac,True
12049,0016,Santa Teresa,18.69233611111111,-99.48570416666666,382,16.0,False,16.0,8.391934723851138,12049,El Mogote,False
12049,0017,Los Sauces,18.696035000000002,-99.67385472222223,104,9.0,False,9.0,4.268101434895625,12060,Noxtepec,True
12049,0018,El Sauz,18.72847722222222,-99.71331583333334,395,12.0,False,12.0,4.450814412817631,12049,Pilcaya,False
12049,0019,Tecuanipa,18.688275833333332,-99.60624083333333,10,1.0,False,1.0,4.413899311437459,12049,El Mogote,False
12049,0020,El Uvalar,18.68367111111111,-99.60341222222222,32,2.0,False,2.0,4.075015608970282,12049,El Mogote,False
12049,0022,Los Llanitos,18.677910833333335,-99.60328972222221,3,,True,0.15431663138085155,4.067892453304577,12060,Chontalcoatlán,True
12049,0025,El Jaral,18.66016833333333,-99.58732499999999,4,,True,0.20575550850780208,1.5624949316924794,12060,Chontalcoatlán,True
12049,0033,El Transformador,18.672581944444445,-99.48889361111111,165,5.0,False,5.0,8.069706932407048,12049,El Mogote,False
12049,0034,Poza Larga (Puente Cristo),18.75654638888889,-99.67194805555556,26,3.0,False,3.0,1.09143858096712,12049,Pilcaya,False
12049,0036,El Izote,18.66865888888889,-99.60343333333333,2,,True,0.10287775425390104,3.50250669170242,12060,Chontalcoatlán,True
12049,0037,Los Puentes,18.715006388888888,-99.67159055555555,6,,True,0.3086332627617031,3.6544766538113564,12049,Pilcaya,False
12049,0038,La Quinta,18.74446222222222,-99.66021694444446,42,4.0,False,4.0,1.7157736705481434,12049,Pilcaya,False
12049,0039,Rancho Yehualica,18.74507527777778,-99.65206500000001,4,,True,0.20575550850780208,2.5539391770572717,12049,Pilcaya,False
12049,0040,Rancho Tezcayahuco (Rancho Adolfo González),18.744467222222223,-99.66904055555555,10,,True,0.5143887712695052,0.8272881279796799,12049,Pilcaya,False
12049,0041,Llano Grande de San Miguel (Arroyo del Muerto),18.74113527777778,-99.66684583333334,7,0.0,False,0.0,1.2161793698404402,12049,Pilcaya,False
12049,0044,San Andrés Uno,18.74973166666667,-99.68196083333333,17,0.0,False,0.0,0.6543832144752851,12049,Pilcaya,False
12049,0045,Ninguno,18.761925,-99.68157694444444,141,7.0,False,7.0,1.6930668562171334,12049,Pilcaya,False
12049,0046,Los Cerritos,18.712130555555554,-99.49936222222222,5,,True,0.2571943856347526,7.618815335565298,12049,El Mogote,False
12049,0047,Cuernavaquita,18.719369166666667,-99.4945236111111,10,0.0,False,0.0,8.43915659324234,12049,El Mogote,False
12049,0048,La Poza (El Puente),18.68044,-99.48476138888888,4,,True,0.20575550850780208,8.428439226404418,12049,El Mogote,False
12049,0050,El Colorín,18.726784444444444,-99.66137666666667,6,0.0,False,0.0,2.788761551482106,12049,Pilcaya,False
12049,0052,El Nepantle,18.670011944444447,-99.59129722222222,3,,True,0.15431663138085155,2.5413115165877125,12060,Chontalcoatlán,True
12049,0053,Llano Chiquito,18.75165388888889,-99.6658413888889,4,0.0,False,0.0,1.1784064304430373,12049,Pilcaya,False
12050,0001,Ciudad Altamirano,18.36227277777778,-100.66824083333334,25850,1290.0,False,1290.0,0.0,12050,Ciudad Altamirano,False
12050,0002,La Bolsa,18.39703388888889,-100.59492638888888,629,22.0,False,22.0,3.1180230579905146,12050,Las Juntas de Chacámero,False
12050,0003,El Cohete,18.38722027777778,-100.60534944444444,65,2.0,False,2.0,1.6190453052406666,12050,Las Juntas de Chacámero,False
12050,0004,La Conchita,18.348889166666666,-100.69851305555557,119,7.0,False,7.0,1.9870302600169722,12022,Coyuca de Catalán,True
12050,0005,Chacamerito,18.322123055555554,-100.58911638888888,780,44.0,False,44.0,4.953165347741806,12050,Tanganhuato,False
12050,0006,Chacámero Grande,18.360004444444446,-100.56660055555555,404,17.0,False,17.0,3.566266417693265,12064,Chapultepec (El Chapul),True
12050,0008,Jario y Pantoja,18.368827500000002,-100.62525194444444,389,23.0,False,23.0,1.5338375343008388,12050,Las Juntas de Chacámero,False
12050,0009,Las Juntas de Chacámero,18.373999166666668,-100.61177722222222,540,19.0,False,19.0,0.0,12050,Las Juntas de Chacámero,False
12050,0010,Los Limones,18.351574722222225,-100.63205166666665,649,47.0,False,47.0,3.2856427990380475,12050,Las Juntas de Chacámero,False
12050,0011,Placeritos,18.41206361111111,-100.58587333333332,334,18.0,False,18.0,5.038377556614926,12050,Las Juntas de Chacámero,False
12050,0012,Querendas,18.3452725,-100.63833083333334,1604,77.0,False,77.0,3.6793858037973677,12050,Ciudad Altamirano,False
12050,0014,Santa Bárbara,18.330374444444445,-100.64010833333334,1057,59.0,False,59.0,4.625669450405589,12050,Ciudad Altamirano,False
12050,0015,Sinahua,18.281322499999998,-100.60002444444444,1416,74.0,False,74.0,1.3748507600641477,12050,Tanganhuato,False
12050,0016,Tanganhuato,18.283674444444447,-100.61280833333333,3264,166.0,False,166.0,0.0,12050,Tanganhuato,False
12050,0017,Tierra Blanca,18.33090333333333,-100.68970305555555,1034,56.0,False,56.0,0.935576678758538,12022,Coyuca de Catalán,True
12050,0020,Santa Bárbara [Unidad Habitacional],18.336925833333332,-100.64534611111112,201,7.0,False,7.0,3.712456434554058,12050,Ciudad Altamirano,False
12050,0022,Itzímbaro,18.32913388888889,-100.67600694444445,1,,True,0.050361207837430484,2.390370148711407,12022,Coyuca de Catalán,True
12050,0027,Rancho Nebraska,18.357266388888892,-100.68228722222223,8,,True,0.4028896626994439,1.583463873368815,12050,Ciudad Altamirano,False
12050,0033,Huerta de Paco Orrosquieta,18.382687222222224,-100.68040472222222,4,,True,0.20144483134972194,2.607776752067179,12050,Ciudad Altamirano,False
12050,0037,Rancho el Herradero,18.33718972222222,-100.672155,2,,True,0.10072241567486097,2.8195357747285326,12050,Ciudad Altamirano,False
12050,0040,La Lomita Dos Oriente,18.284145833333334,-100.60529777777778,30,1.0,False,1.0,0.7947031743802939,12050,Tanganhuato,False
12050,0042,Rancho el Tecolote,18.354318055555556,-100.61051638888888,3,,True,0.15108362351229146,2.1924809905984106,12050,Las Juntas de Chacámero,False
12050,0043,Rancho Santa Fátima,18.376978611111113,-100.60416111111111,10,,True,0.5036120783743049,0.8692982296875192,12050,Las Juntas de Chacámero,False
12050,0044,Barrio San Judas,18.290596111111114,-100.59448833333333,56,8.0,False,8.0,2.081714398554819,12050,Tanganhuato,False
12050,0046,Quiríricua,18.30291861111111,-100.620385,8,,True,0.4028896626994439,2.284475652598818,12050,Tanganhuato,False
12050,0047,Arroyo de la Caja,18.30946861111111,-100.61878805555556,8,,True,0.4028896626994439,2.9368347389074505,12050,Tanganhuato,False
12050,0048,Curva de Changata,18.282204166666666,-100.58607916666666,1,,True,0.050361207837430484,1.028187589845334,12003,Changata,True
12050,0049,El Ranchito,18.391591388888887,-100.5991886111111,16,1.0,False,1.0,2.364555717530282,12050,Las Juntas de Chacámero,False
12051,0001,Quechultenango,17.409166666666664,-99.24083333333333,7214,412.0,False,412.0,0.0,12051,Quechultenango,False
12051,0002,Achigca,17.473489444444443,-99.234765,874,57.0,False,57.0,0.0,12051,Achigca,False
12051,0003,El Aguacate,17.37607638888889,-99.1642063888889,348,22.0,False,22.0,3.919749183143245,12051,Colotlipa,False
12051,0004,Ahuacatepec,17.336021388888888,-99.21124111111111,428,21.0,False,21.0,2.1248334010844845,12051,Naranjitas,False
12051,0005,Aztatepec,17.375175277777778,-99.28106944444444,766,47.0,False,47.0,0.0,12051,Aztatepec,False
12051,0006,Coacoyul,17.29867527777778,-99.10275499999999,260,24.0,False,24.0,2.7426855964073646,12051,San José,False
12051,0007,El Cocoyul,17.26304888888889,-99.20400777777778,436,45.0,False,45.0,4.9968953088451284,12051,Pinolapa,False
12051,0008,Colotlipa,17.41128388888889,-99.16604416666667,3815,226.0,False,226.0,0.0,12051,Colotlipa,False
12051,0009,Coscamila,17.417765000000003,-99.22021000000001,697,40.0,False,40.0,2.3545639422477755,12051,Santa Fe,False
12051,0010,Huehuecoyotla,17.487386944444445,-99.26980083333333,396,33.0,False,33.0,2.9306006820721713,12044,Monte Alegre,True
12051,0011,Huizapa (San Antonio),17.321700833333335,-99.0841775,69,10.0,False,10.0,2.149442129890411,12051,Nanzintla,False
12051,0012,Jalapa,17.336110833333333,-99.27305361111111,473,31.0,False,31.0,0.0,12051,Jalapa,False
12051,0013,Jocutla,17.342948055555553,-99.13824722222223,750,53.0,False,53.0,0.0,12051,Jocutla,False
12051,0014,Juxtlahuaca,17.4279075,-99.14590611111112,873,65.0,False,65.0,2.825184622155524,12051,Colotlipa,False
12051,0015,Mexcaltepec,17.408329444444444,-99.3041886111111,99,7.0,False,7.0,4.428212850622032,12051,Aztatepec,False
12051,0016,Nacaxtlán,17.20069861111111,-99.29989916666666,711,66.0,False,66.0,0.0,12051,Nacaxtlán,False
12051,0017,Nanzintla,17.335556944444445,-99.09829694444444,565,45.0,False,45.0,0.0,12051,Nanzintla,False
12051,0018,Naranjitas,17.352605833333335,-99.20129611111112,453,31.0,False,31.0,0.0,12051,Naranjitas,False
12051,0019,El Naranjo,17.358966944444447,-99.21517722222222,113,8.0,False,8.0,1.6342355509797768,12051,Naranjitas,False
12051,0020,Naranjuelo,17.2367075,-99.1508775,238,13.0,False,13.0,3.025069653010944,12051,El Tejoruco,False
12051,0022,Ostocapa,17.44766361111111,-99.224845,763,64.0,False,64.0,3.058407444456277,12051,Achigca,False
12051,0023,Las Palmitas,17.455711944444445,-99.22776416666667,161,9.0,False,9.0,2.1116402461184403,12051,Achigca,False
12051,0024,La Parota,17.285632500000002,-99.10920694444444,248,19.0,False,19.0,1.1400052230866287,12051,San José,False
12051,0025,Pinolapa,17.307688333333335,-99.20942527777778,356,25.0,False,25.0,0.0,12051,Pinolapa,False
12051,0026,Platanillo,17.322805833333334,-99.05314444444444,373,27.0,False,27.0,0.0,12051,Platanillo,False
12051,0027,Pueblo Viejo,17.226122777777775,-99.27346194444445,562,32.0,False,32.0,0.0,12051,Pueblo Viejo,False
12051,0028,San Antonio Abad,17.35389277777778,-99.16885500000001,29,1.0,False,1.0,3.4460702498642597,12051,Naranjitas,False
12051,0029,San José,17.27664638888889,-99.11437583333333,343,34.0,False,34.0,0.0,12051,San José,False
12051,0030,San Martín,17.463805555555556,-99.29504333333333,1146,68.0,False,68.0,0.0,12051,San Martín,False
12051,0031,Santa Cruz,17.311355833333334,-99.2645225,744,40.0,False,40.0,2.897767728556471,12051,Jalapa,False
12051,0032,Santa Fe,17.413426666666666,-99.19848833333333,1195,81.0,False,81.0,0.0,12051,Santa Fe,False
12051,0033,Teocuitlapa,17.318580833333332,-99.1670788888889,422,22.0,False,22.0,4.087472542149485,12051,Jocutla,False
12051,0034,Teozintla,17.271211666666666,-99.14581111111112,507,31.0,False,31.0,3.3920500219750527,12051,San José,False
12051,0035,Tepoxtlahuaca,17.39447611111111,-99.1298261111111,131,8.0,False,8.0,2.859712863922629,12051,Tlanicuilulco,False
12051,0036,Tlanicuilulco,17.388077222222222,-99.1037236111111,955,60.0,False,60.0,0.0,12051,Tlanicuilulco,False
12051,0037,Tolixtlahuaca,17.325059444444445,-99.23870944444444,498,26.0,False,26.0,0.0,12051,Tolixtlahuaca,False
12051,0038,Tonalapa,17.490528611111113,-99.2420625,1083,87.0,False,87.0,2.046654011544922,12051,Achigca,False
12051,0039,El Tule,17.375781944444444,-99.13731194444445,28,1.0,False,1.0,3.6523109597334003,12051,Jocutla,False
12051,0040,Xochitepec,17.182853611111113,-99.22707555555556,1151,81.0,False,81.0,0.0,12051,Xochitepec,False
12051,0041,Xochitlán,17.330259722222223,-99.18409944444444,334,34.0,False,34.0,3.0831306107389156,12051,Naranjitas,False
12051,0042,Zalpizaco,17.36206277777778,-99.09317583333333,112,5.0,False,5.0,2.997013909038412,12051,Nanzintla,False
12051,0043,Zinacantla,17.36448027777778,-99.13788416666668,112,8.0,False,8.0,2.3945839116089416,12051,Jocutla,False
12051,0044,Zoyapezco,17.446796388888888,-99.18173527777778,333,25.0,False,25.0,4.114242954496614,12051,Santa Fe,False
12051,0045,El Tejoruco,17.240192222222223,-99.1226275,637,55.0,False,55.0,0.0,12051,El Tejoruco,False
12051,0046,Atlitengo,17.42569527777778,-99.17257166666667,230,23.0,False,23.0,1.7457188255509155,12051,Colotlipa,False
12051,0052,Cuadrilla Nueva,17.35288277777778,-99.19380055555555,105,11.0,False,11.0,0.796129639704443,12051,Naranjitas,False
12051,0053,La Mina,17.352269444444445,-99.21405805555555,102,3.0,False,3.0,1.3549957772436128,12051,Naranjitas,False
12051,0055,Tlanipatitlán,17.336704444444443,-99.17882777777778,215,18.0,False,18.0,2.968745899141633,12051,Naranjitas,False
12051,0056,Cuatomatitlán,17.320825833333334,-99.06806527777778,115,10.0,False,10.0,1.5991045125010022,12051,Platanillo,False
12051,0057,Los Manguitos,17.26205472222222,-99.14705972222222,47,3.0,False,3.0,3.5554623723825336,12051,El Tejoruco,False
12051,0059,Los Amates,17.233784166666666,-99.14156222222223,62,5.0,False,5.0,2.133394328212329,12051,El Tejoruco,False
12051,0063,Cotlazinapa,17.310996666666668,-99.18840444444444,95,6.0,False,6.0,2.261672369192277,12051,Pinolapa,False
12051,0064,Cuanacamatla,17.34145861111111,-99.16565277777778,43,5.0,False,5.0,2.9135414336749794,12051,Jocutla,False
12051,0065,Niyantitlán,17.41441888888889,-99.08257722222221,157,14.0,False,14.0,3.689693747836429,12051,Tlanicuilulco,False
12051,0066,Loma Larga,17.387567222222224,-99.08502305555555,106,7.0,False,7.0,1.9851961955875363,12051,Tlanicuilulco,False
12051,0067,Llano Grande,17.396876111111112,-99.09998916666666,713,50.0,False,50.0,1.0555932548693696,12051,Tlanicuilulco,False
12051,0072,Colonia Vicente Guerrero,17.356687500000003,-99.0561361111111,73,5.0,False,5.0,0.9439161478322556,12028,El Epazote,True
12051,0073,Zacualpan,17.271150833333333,-99.10627194444444,195,15.0,False,15.0,1.0553771647702483,12051,San José,False
12051,0074,El Zapote,17.3346125,-99.13624444444446,39,1.0,False,1.0,0.9509367214538667,12051,Jocutla,False
12051,0075,Zopilotitlán,17.325919166666665,-99.16669361111111,19,0.0,False,0.0,3.564044476267455,12051,Jocutla,False
12051,0076,Los Manantiales (San Carlos),17.411970555555556,-99.210105,14,1.0,False,1.0,1.2431097752183065,12051,Santa Fe,False
12051,0077,Huiziltepec,17.286608611111113,-99.11442972222221,101,7.0,False,7.0,1.1077633456688611,12051,San José,False
12051,0078,Los Ranchitos,17.323153055555554,-99.10160833333333,147,10.0,False,10.0,1.4233336413514903,12051,Nanzintla,False
12051,0079,Tecampana,17.297025555555557,-99.17469583333333,16,1.0,False,1.0,3.8729375102209533,12051,Pinolapa,False
12051,0083,Cuamazal,17.437930833333333,-99.17643972222223,35,6.0,False,6.0,3.1616077774311266,12051,Colotlipa,False
12051,0086,Estoyahualco,17.304876111111113,-99.18692694444445,21,2.0,False,2.0,2.40882732755065,12051,Pinolapa,False
12051,0087,El Manguito,17.269067777777778,-99.108975,1,,True,0.06737127521235094,1.019316806120521,12051,San José,False
12051,0088,Masticapa,17.321996388888888,-99.17304361111111,64,5.0,False,5.0,4.176995220989862,12051,Pinolapa,False
12051,0090,Totoapa,17.333594166666664,-99.1679688888889,25,3.0,False,3.0,3.3217679469807475,12051,Jocutla,False
12051,0093,Tejería,17.18749777777778,-99.22998194444445,16,1.0,False,1.0,0.601666008636019,12051,Xochitepec,False
12051,0094,Las Palmitas,17.250089444444445,-99.2118725,42,2.0,False,2.0,6.409972856281691,12051,Pinolapa,False
12051,0095,Cuadrilla Nueva,17.233730277777777,-99.13918527777778,16,1.0,False,1.0,1.8995897497088672,12051,El Tejoruco,False
12051,0097,Colonia Rubén Figueroa Alcocer,17.382307222222224,-99.14459722222223,52,1.0,False,1.0,3.944678504396976,12051,Colotlipa,False
12051,0098,Buenavista,17.408267499999997,-99.25548666666667,360,28.0,False,28.0,1.5579539920102308,12051,Quechultenango,False
12051,0111,Rancho la Coyotera,17.416903611111113,-99.2488686111111,4,,True,0.26948510084940375,1.211176669469867,12051,Quechultenango,False
12051,0116,Barrio Nuevo,17.325243055555557,-99.17987277777779,188,13.0,False,13.0,3.6948586548324367,12051,Pinolapa,False
12051,0118,Los Amates,17.336511666666667,-99.18504833333334,87,11.0,False,11.0,2.485276582659966,12051,Naranjitas,False
12051,0119,Delegación Sur de Aztatepec,17.373906944444446,-99.28312,309,25.0,False,25.0,0.25931312998442596,12051,Aztatepec,False
12051,0120,Temocongo (Xochitlán),17.327465277777776,-99.19172527777778,36,2.0,False,2.0,2.8924750612139385,12051,Pinolapa,False
12051,0121,San José los Cajeles,17.323904444444445,-99.05027749999999,280,23.0,False,23.0,0.32793190560890273,12051,Platanillo,False
12051,0122,Vicente Guerrero,17.374465277777777,-99.13489694444445,42,4.0,False,4.0,3.5225466882474774,12051,Jocutla,False
12051,0123,Lomas de San Pedro (San José),17.28235833333333,-99.11176638888888,170,14.0,False,14.0,0.6929392890485592,12051,San José,False
12052,0001,San Luis Acatlán,16.808583055555555,-98.73361277777778,9582,570.0,False,570.0,0.0,12052,San Luis Acatlán,False
12052,0002,Los Achotes,16.669979444444447,-98.82081972222223,609,32.0,False,32.0,6.2445658632843655,12025,Zihuapoloya,True
12052,0003,Arroyo Cumiapa,16.875231111111113,-98.61578361111111,745,55.0,False,55.0,0.0,12052,Arroyo Cumiapa,False
12052,0004,Arroyo Mixtecolapa (Mixtecolapa),17.027207777777775,-98.86245388888888,255,13.0,False,13.0,6.3876080446306105,12052,Pascala del Oro,False
12052,0005,Rancho Calixto,16.694163055555556,-98.77874166666666,7,0.0,False,0.0,4.915763078663311,12077,Zoyatlán,True
12052,0006,Buena Vista,16.962476944444443,-98.57944305555556,1782,133.0,False,133.0,0.0,12052,Buena Vista,False
12052,0007,El Carmen,16.813032500000002,-98.75843805555556,953,73.0,False,73.0,2.688395242229238,12052,San Luis Acatlán,False
12052,0008,Cuanacaxtitlán,16.798608611111113,-98.64025861111112,3494,268.0,False,268.0,0.0,12052,Cuanacaxtitlán,False
12052,0009,Pueblo Hidalgo,16.952725,-98.65688194444445,3697,332.0,False,332.0,0.0,12052,Pueblo Hidalgo,False
12052,0010,Horcasitas (Atotonilco de Horcasitas),16.887279166666666,-98.74646805555555,1970,163.0,False,163.0,0.0,12052,Horcasitas (Atotonilco de Horcasitas),False
12052,0011,Jicamaltepec de la Montaña,16.954454166666665,-98.59592694444444,475,29.0,False,29.0,1.9671345712099415,12052,Buena Vista,False
12052,0012,Jolotichán,16.752435277777778,-98.73081027777778,1453,117.0,False,117.0,0.0,12052,Jolotichán,False
12052,0013,Loma Bonita,16.7702675,-98.69562916666668,274,18.0,False,18.0,4.238208439568833,12052,Jolotichán,False
12052,0014,El Mesón,16.7646725,-98.72843777777778,103,7.0,False,7.0,1.38396545223609,12052,Jolotichán,False
12052,0015,Miahuichán,16.803697500000002,-98.80887555555556,734,59.0,False,59.0,0.0,12052,Miahuichán,False
12052,0017,Pascala del Oro,17.05478888888889,-98.80974916666666,1247,84.0,False,84.0,0.0,12052,Pascala del Oro,False
12052,0018,Piedra Ancha,16.76815111111111,-98.77380972222223,398,33.0,False,33.0,4.900389113957343,12052,Jolotichán,False
12052,0019,Piedra Quebrada,16.676803333333336,-98.79310944444444,8,,True,0.6037605359844391,7.149209316295503,12077,Zoyatlán,True
12052,0020,Potrerillo Coapinole,16.966119444444445,-98.70597694444444,642,67.0,False,67.0,2.6369905407131875,12052,Tuxtepec (Cofradía),False
12052,0021,Poza Verde,16.803870833333335,-98.90785027777778,580,34.0,False,34.0,3.0795729595527517,12025,Coacoyulichán,True
12052,0022,Río Iguapa,16.97175861111111,-98.55741944444445,1085,100.0,False,100.0,2.559615789810917,12052,Buena Vista,False
12052,0024,Zentixtlahuaca,16.787065000000002,-98.68952583333333,234,8.0,False,8.0,3.2446155464902473,12052,Yoloxóchitl,False
12052,0025,Tlaxcalixtlahuaca,16.98285361111111,-98.77609527777777,1577,146.0,False,146.0,0.0,12052,Tlaxcalixtlahuaca,False
12052,0026,Yoloxóchitl,16.81609,-98.68639305555556,3712,287.0,False,287.0,0.0,12052,Yoloxóchitl,False
12052,0033,Llano Guaje,16.981021666666663,-98.56847499999999,47,4.0,False,4.0,2.3691431983912596,12052,Buena Vista,False
12052,0035,El Recodo,16.713508055555554,-98.79041777777778,19,1.0,False,1.0,5.840613785091065,12077,Zoyatlán,True
12052,0037,Tuxtepec (Cofradía),16.970164166666667,-98.68154583333333,845,69.0,False,69.0,0.0,12052,Tuxtepec (Cofradía),False
12052,0038,Pajarito Chiquito,16.940435,-98.6488238888889,125,9.0,False,9.0,1.613130203588649,12052,Pueblo Hidalgo,False
12052,0039,Xihuitepec,16.916434166666665,-98.6686138888889,97,8.0,False,8.0,3.4782288395373935,12052,Camalotillo (El Camalotillo),False
12052,0040,Pajarito Grande (Pájaro Grande),16.927316944444446,-98.62295194444444,211,16.0,False,16.0,4.583439798442805,12052,Pueblo Hidalgo,False
12052,0042,Cerro Zapote,16.938179722222223,-98.59253055555556,59,3.0,False,3.0,3.039262962865142,12052,Buena Vista,False
12052,0043,Llano Silleta,16.938150555555556,-98.61259777777778,191,13.0,False,13.0,4.444428180170931,12052,Buena Vista,False
12052,0044,Coyul (Coyul Chiquito),16.929906944444447,-98.59996888888888,145,13.0,False,13.0,4.228802544066392,12052,Buena Vista,False
12052,0048,El Vergel,16.841206666666665,-98.72513666666667,3,,True,0.22641020099416467,3.7380772961923716,12052,San Luis Acatlán,False
12052,0061,Jicamaltepec (El Mango),16.775368888888888,-98.70558361111111,339,30.0,False,30.0,3.703631938211161,12052,Jolotichán,False
12052,0062,Camalotillo (El Camalotillo),16.88516361111111,-98.66943666666667,497,46.0,False,46.0,0.0,12052,Camalotillo (El Camalotillo),False
12052,0063,Hondura Tigre,16.964074999999998,-98.63354777777778,296,29.0,False,29.0,2.784280909021297,12052,Pueblo Hidalgo,False
12052,0065,Cerro Limón,16.90581,-98.68412666666667,187,13.0,False,13.0,2.7772977663275826,12052,Camalotillo (El Camalotillo),False
12052,0069,Nejapa,16.8450125,-98.70613694444445,127,10.0,False,10.0,3.8417028188278133,12052,Yoloxóchitl,False
12052,0070,El Pipe,16.880279166666668,-98.69308222222223,2,,True,0.15094013399610978,2.5739032080758713,12052,Camalotillo (El Camalotillo),False
12052,0073,Inés Carranza Oropeza,17.044571944444446,-98.80862416666666,35,3.0,False,3.0,1.1423501196071253,12052,Pascala del Oro,False
12052,0077,Arroyo Faisán,16.9750625,-98.53768722222222,124,7.0,False,7.0,4.656181938180461,12052,Buena Vista,False
12052,0078,Arroyo Hoja de Venado,16.986518611111112,-98.55863805555555,145,14.0,False,14.0,3.470202941594105,12052,Buena Vista,False
12052,0079,Cafetal Escondido,16.99087,-98.55694388888888,14,0.0,False,0.0,3.9614456446771364,12052,Buena Vista,False
12052,0082,Pie de Cabra,16.989148333333333,-98.54972972222222,23,1.0,False,1.0,4.333726637077737,12052,Buena Vista,False
12052,0087,Arroyo Limón (Arroyo Lima),16.979786388888886,-98.54989166666667,85,8.0,False,8.0,3.6853995970572746,12052,Buena Vista,False
12052,0088,Cacalutla (Paso Cacalutla),16.72646472222222,-98.79561277777778,8,,True,0.6037605359844391,6.635639000382808,12077,Zoyatlán,True
12052,0089,Paraje Ocotero Santa Cruz (Paraje Santa Cruz),16.913975555555552,-98.72141277777779,145,9.0,False,9.0,3.989727743825337,12052,Horcasitas (Atotonilco de Horcasitas),False
12052,0092,San Luisito,16.81224527777778,-98.75775222222222,91,7.0,False,7.0,2.601549155905275,12052,San Luis Acatlán,False
12052,0093,El Mamey (Plan del Mamey),17.0253375,-98.81844861111111,129,10.0,False,10.0,3.4029386007949527,12052,Pascala del Oro,False
12052,0095,El Manguito,17.191394444444445,-98.60238444444444,269,23.0,False,23.0,5.61473736601188,12043,Zitlaltepec,True
12052,0096,Mixtecapa,17.236924166666668,-98.62726388888888,1077,94.0,False,94.0,0.0,12052,Mixtecapa,False
12052,0099,Tecomazuche (Pie de la Hamaca),16.961053055555556,-98.565315,20,1.0,False,1.0,1.5109488339896617,12052,Buena Vista,False
12052,0100,La Ceiba,16.85603777777778,-98.69517055555556,9,,True,0.679230602982494,4.241138694082318,12052,Camalotillo (El Camalotillo),False
12052,0101,Cerro Cantón,16.96870111111111,-98.59524722222221,82,5.0,False,5.0,1.817773349584998,12052,Buena Vista,False
12052,0102,Filo Largo,17.065261944444444,-98.86581583333333,2,,True,0.15094013399610978,4.677260119677436,12076,Mexcaltepec,True
12052,0105,Huerta Darío Pastrana,16.808979444444446,-98.7503275,7,,True,0.5282904689863842,1.779730182887844,12052,San Luis Acatlán,False
12052,0106,Barrio de Guadalupe,17.255043333333333,-98.61803694444444,578,43.0,False,43.0,2.2403982601442327,12052,Mixtecapa,False
12052,0107,Cruz Alta,17.194470555555554,-98.62482694444444,412,37.0,False,37.0,4.727716915633194,12052,Mixtecapa,False
12052,0108,Llano de Maguey,17.22351611111111,-98.60662027777778,459,32.0,False,32.0,2.6513470035207574,12052,Mixtecapa,False
12052,0110,Colonia la Guadalupe,16.965124444444445,-98.55183888888888,125,9.0,False,9.0,2.9506122146861284,12052,Buena Vista,False
12052,0111,Arroyo del Mango,16.959761944444445,-98.60785333333332,41,4.0,False,4.0,3.0367117503266012,12052,Buena Vista,False
12052,0113,El Recodo Dos,16.709319722222222,-98.76917944444445,32,3.0,False,3.0,3.5675881376371943,12077,Zoyatlán,True
12052,0114,San José de Cacalutla,16.719950277777777,-98.79947222222222,11,,True,0.8301707369786038,6.495398257345285,12025,Zihuapoloya,True
12052,0115,Tierra Colorada,17.250299166666668,-98.62585138888888,227,20.0,False,20.0,1.494777725600168,12052,Mixtecapa,False
12052,0117,Pie de Tierra Blanca (Tierra Blanca),17.24833611111111,-98.60822583333332,560,45.0,False,45.0,2.3870262280368273,12052,Mixtecapa,False
12052,0118,La Parota,16.950336666666665,-98.57655138888889,348,26.0,False,26.0,1.3845302808186561,12052,Buena Vista,False
12052,0119,San Miguel Re'edí,16.990209444444446,-98.67227583333334,104,15.0,False,15.0,0.983477032224795,12081,San José Vista Hermosa,True
12052,0120,Plan la Tejería (El Mesón Viejo),17.02954722222222,-98.80719166666667,15,0.0,False,0.0,2.8198838966960245,12052,Pascala del Oro,False
12052,0121,Tierra Azul (Barranca Tierra Azul),17.0680575,-98.83166194444443,10,0.0,False,0.0,2.757302505408302,12052,Pascala del Oro,False
12052,0125,Arroyo Limón,16.956411944444444,-98.67117444444445,32,3.0,False,3.0,1.5744897800617434,12052,Pueblo Hidalgo,False
12052,0126,Cuatro Caminos,16.925624722222224,-98.67845666666668,38,5.0,False,5.0,3.7877842115695355,12052,Pueblo Hidalgo,False
12052,0129,Loma de Parota,16.972709166666665,-98.69782222222223,10,0.0,False,0.0,1.7540128361914173,12052,Tuxtepec (Cofradía),False
12052,0130,Palo de Tehuaje,16.877401388888888,-98.6877913888889,26,3.0,False,3.0,2.1352286737049675,12052,Camalotillo (El Camalotillo),False
12052,0133,Tejoruco,16.95614833333333,-98.67834861111112,48,4.0,False,4.0,1.5951557623341532,12052,Tuxtepec (Cofradía),False
12052,0134,Altepec,17.22139222222222,-98.628395,298,26.0,False,26.0,1.7312463258744737,12052,Mixtecapa,False
12052,0137,Rancho Javier Hernández,16.802086666666668,-98.80052083333334,4,,True,0.30188026799221956,0.9071969679259296,12052,Miahuichán,False
12052,0140,Ninguno,16.866824166666667,-98.5649161111111,2,,True,0.15094013399610978,5.492897137670339,12052,Arroyo Cumiapa,False
12052,0144,Colonia San Marcos Tuxtepec,16.963876666666668,-98.68354083333334,109,6.0,False,6.0,0.7306255037018121,12052,Tuxtepec (Cofradía),False
12052,0145,El Llanito,16.939701111111113,-98.6374538888889,55,5.0,False,5.0,2.5234244044773786,12052,Pueblo Hidalgo,False
12052,0146,El Mirador,16.97660472222222,-98.68986833333334,43,4.0,False,4.0,1.1385511857978547,12052,Tuxtepec (Cofradía),False
12052,0147,San Miguel,16.95238972222222,-98.68708333333333,40,6.0,False,6.0,2.062314202973704,12052,Tuxtepec (Cofradía),False
12052,0148,El Paraíso,16.940583611111112,-98.64147416666667,157,15.0,False,15.0,2.123337398167199,12052,Pueblo Hidalgo,False
12052,0149,Renacimiento,16.86255388888889,-98.72553888888889,226,7.0,False,7.0,3.5381293321669953,12052,Horcasitas (Atotonilco de Horcasitas),False
12052,0150,Los Pinos,16.958390277777777,-98.69962444444445,174,16.0,False,16.0,2.326170568906378,12052,Tuxtepec (Cofradía),False
12052,0151,Colonia Santa Cruz el Mesón,17.060346944444444,-98.80966583333333,133,12.0,False,12.0,0.6180910650064313,12052,Pascala del Oro,False
12052,0152,Luz de la Montaña,16.84582361111111,-98.71906833333334,6,,True,0.45282040198832935,4.420851054341122,12052,San Luis Acatlán,False
12052,0153,Rancho Abdías Acevedo,16.83138888888889,-98.73666666666666,8,,True,0.6037605359844391,2.556640417702257,12052,San Luis Acatlán,False
12052,0156,El Mirasol,17.220718055555555,-98.59895055555555,182,15.0,False,15.0,3.5056507864525916,12052,Mixtecapa,False
12052,0159,San Antonio,16.96447222222222,-98.58639722222222,152,11.0,False,11.0,0.7721835750444983,12052,Buena Vista,False
12052,0160,Plan de Iguala,16.957206944444444,-98.58362388888888,477,39.0,False,39.0,0.7356109883664774,12052,Buena Vista,False
12052,0161,Colonia Renovación,16.697089444444444,-98.77588333333333,57,7.0,False,7.0,4.518611189142179,12077,Zoyatlán,True
12053,0001,San Marcos,16.797343611111113,-99.39004638888889,13650,782.0,False,782.0,0.0,12053,San Marcos,False
12053,0003,Altamira (El Frijolar),16.821481666666667,-99.23789305555556,87,5.0,False,5.0,6.863226163041693,12053,Las Vigas,False
12053,0004,Alto de Ventura,16.71365472222222,-99.25669472222222,764,34.0,False,34.0,5.623994102314748,12053,Estero Verde,False
12053,0005,Amate Morado,16.909981944444443,-99.46689277777779,64,5.0,False,5.0,4.878073563621606,12053,Llano Grande,False
12053,0006,Colonia Anáhuac,16.899463055555554,-99.42014916666668,357,12.0,False,12.0,0.0,12053,Colonia Anáhuac,False
12053,0007,Anáhuac,16.89306138888889,-99.41791,476,31.0,False,31.0,0.7506413197702487,12053,Colonia Anáhuac,False
12053,0008,Arroyo de Limón,16.80197638888889,-99.25569388888889,519,44.0,False,44.0,5.454339932771709,12053,Las Vigas,False
12053,0009,La Barra de Santa Rosa,16.655881388888886,-99.2986086111111,11,0.0,False,0.0,8.307126556889502,12053,Estero Verde,False
12053,0010,Barranca Prieta,16.732626666666665,-99.23634805555555,226,9.0,False,9.0,3.20249195628049,12053,Las Vigas,False
12053,0012,Barrio Nuevo (Toro Pando),16.740179166666667,-99.35106194444444,76,7.0,False,7.0,7.591492374767393,12053,San Marcos,False
12053,0013,Bella Vista,16.804954722222224,-99.50295861111111,161,7.0,False,7.0,2.9527116629043917,12053,El Cortés,False
12053,0014,Buena Vista del Sur,16.64374388888889,-99.22535694444444,209,14.0,False,14.0,3.1186713270710538,12030,Las Ánimas,True
12053,0015,El Cacao,16.755279166666668,-99.59489888888888,60,7.0,False,7.0,4.338874664020729,12001,Cerro de Piedra,True
12053,0016,Caridad,16.74779527777778,-99.2972311111111,298,23.0,False,23.0,7.454676080367132,12053,Las Vigas,False
12053,0017,El Carmen,16.781051388888887,-99.47212777777779,110,8.0,False,8.0,2.9860152827090345,12053,El Cortés,False
12053,0018,El Cerro Pesquería,16.698129166666668,-99.30890888888888,111,8.0,False,8.0,9.504383780184522,12053,Estero Verde,False
12053,0019,El Cocoyult (Coacoyul),16.761670277777778,-99.49032944444444,658,45.0,False,45.0,2.1431805652774383,12053,El Cortés,False
12053,0020,El Cortés,16.778546388888888,-99.50005361111111,1159,84.0,False,84.0,0.0,12053,El Cortés,False
12053,0021,Las Cruces,16.970761944444444,-99.44601861111111,1711,79.0,False,79.0,0.0,12053,Las Cruces,False
12053,0022,El Cuco,16.833585,-99.37357194444444,361,30.0,False,30.0,4.394847529498518,12053,San Marcos,False
12053,0024,Chacalapa del Pacífico,16.698039166666668,-99.51007944444444,351,25.0,False,25.0,5.374680213681588,12053,Monte Alto,False
12053,0025,La Estancia,16.77084611111111,-99.4599425,127,6.0,False,6.0,4.355353316737002,12053,El Cortés,False
12053,0026,Estero Verde,16.674619444444446,-99.22311805555556,932,65.0,False,65.0,0.0,12053,Estero Verde,False
12053,0027,La Granja (Las Piedritas),16.711442777777776,-99.22690555555556,5,0.0,False,0.0,4.1143917372506875,12053,Estero Verde,False
12053,0028,El Guayabo,16.96183222222222,-99.46487111111111,411,30.0,False,30.0,2.2374564683051914,12053,Las Cruces,False
12053,0029,Jiménez,16.838030277777776,-99.4421725,287,16.0,False,16.0,7.158988359573273,12053,San Marcos,False
12053,0030,Las Lechugas,16.652353888888886,-99.2387588888889,455,23.0,False,23.0,2.9842433709738785,12053,Estero Verde,False
12053,0032,Las Lomitas de Papagayo,16.702576944444445,-99.60084638888888,240,8.0,False,8.0,1.6874230501926433,12001,Lomas de Chapultepec,True
12053,0033,Las Lomitas de Nexpa (Las Lomitas),16.78259,-99.20182666666668,439,25.0,False,25.0,3.7580107934934786,12053,Las Vigas,False
12053,0035,Llano de la Puerta,16.743598333333335,-99.52691083333333,1262,90.0,False,90.0,4.824745235550263,12053,El Cortés,False
12053,0036,Llano Grande,16.939723611111113,-99.43318416666668,1337,94.0,False,94.0,0.0,12053,Llano Grande,False
12053,0037,El Maguey,16.777509166666665,-99.4500925,42,1.0,False,1.0,5.320179520477212,12053,El Cortés,False
12053,0038,Medanitos Perros de Agua,16.691731944444445,-99.54133361111111,97,6.0,False,6.0,7.738454297619662,12001,Lomas de Chapultepec,True
12053,0039,Las Mesas,17.007375,-99.45722666666667,2803,159.0,False,159.0,0.0,12053,Las Mesas,False
12053,0040,Las Minas,16.802589166666667,-99.54019611111111,965,58.0,False,58.0,5.040706720671957,12053,El Cortés,False
12053,0041,Moctezuma,16.8353675,-99.28808583333333,260,23.0,False,23.0,3.373583401972767,12053,Rancho Viejo,False
12053,0042,Monte Alto,16.716852777777778,-99.46359305555556,893,49.0,False,49.0,0.0,12053,Monte Alto,False
12053,0043,Monte Redondo,16.74493888888889,-99.58861777777777,17,0.0,False,0.0,4.008476547734259,12001,Lomas de Chapultepec,True
12053,0044,Ocotillo,16.953969999999998,-99.40061777777778,199,10.0,False,10.0,3.809006380296499,12053,Llano Grande,False
12053,0045,Palomar de las Flores,16.720460277777775,-99.26050277777777,246,12.0,False,12.0,5.601698288628134,12053,Las Vigas,False
12053,0046,Piedra Blanca,16.908009999999997,-99.50186444444445,640,48.0,False,48.0,8.065392161880816,12001,Amatepec,True
12053,0047,Piedra Parada,16.8055075,-99.36548277777777,465,28.0,False,28.0,2.767852634637702,12053,San Marcos,False
12053,0048,Plan Grande,17.029831666666666,-99.50160611111112,106,7.0,False,7.0,4.440748644285801,12039,San Juan del Reparo Norte (San Juan del Reparo),True
12053,0049,El Porvenir,16.82190611111111,-99.47805638888889,2,,True,0.12169818849253851,5.359917691316613,12053,El Cortés,False
12053,0050,Rancho Alegre,16.832606944444443,-99.35660833333333,32,1.0,False,1.0,5.295539428970231,12053,San Marcos,False
12053,0051,Rancho Nuevo,16.944711944444446,-99.4713575,849,65.0,False,65.0,3.9564809883039405,12053,Las Cruces,False
12053,0052,Rancho Viejo,16.865675000000003,-99.28953833333333,1035,66.0,False,66.0,0.0,12053,Rancho Viejo,False
12053,0053,San José Guatemala,16.692438333333335,-99.59384305555555,374,15.0,False,15.0,3.0391352247344954,12001,Lomas de Chapultepec,True
12053,0054,San José la Pala,16.738421111111112,-99.24350527777779,157,6.0,False,6.0,2.923615396898512,12053,Las Vigas,False
12053,0055,San Juan Grande,16.7643975,-99.56233833333333,401,29.0,False,29.0,6.815227850541017,12053,El Cortés,False
12053,0056,San Juan Chico,16.769310833333332,-99.55509277777777,213,10.0,False,10.0,5.948981523940724,12053,El Cortés,False
12053,0057,San Miguel,16.818218333333334,-99.38252694444444,238,12.0,False,12.0,2.455289568858608,12053,San Marcos,False
12053,0058,Santa Elena Guerrero,16.867513333333335,-99.33498666666667,827,47.0,False,47.0,1.43069476353279,12053,Santa Elena de la Villa,False
12053,0059,Santa Elena de la Villa,16.872640833333335,-99.32265527777777,791,56.0,False,56.0,0.0,12053,Santa Elena de la Villa,False
12053,0060,Santo Domingo,16.698508888888888,-99.42225055555556,112,4.0,False,4.0,4.852528227872384,12053,Monte Alto,False
12053,0061,Tamarindillo,16.785900555555557,-99.57597277777778,225,17.0,False,17.0,5.784380283460094,12001,Cerro de Piedra,True
12053,0062,El Tamarindo,16.849204166666667,-99.51493,764,52.0,False,52.0,8.014764135403244,12053,El Cortés,False
12053,0064,Tecomate Nanchal,16.813098055555557,-99.50801861111111,493,33.0,False,33.0,3.934417823816452,12053,El Cortés,False
12053,0065,Tecomate Pesquería,16.696841111111112,-99.36197416666666,530,30.0,False,30.0,11.048922496454571,12053,Monte Alto,False
12053,0067,Las Vigas,16.760421944444445,-99.22847055555556,4762,278.0,False,278.0,0.0,12053,Las Vigas,False
12053,0068,Vista Hermosa,16.738914444444447,-99.38644083333334,82,4.0,False,4.0,6.508357441827849,12053,San Marcos,False
12053,0069,Yucatán de las Flores,16.852317777777778,-99.50203444444445,442,29.0,False,29.0,8.205713333401444,12053,El Cortés,False
12053,0070,La Unión (Arroyo de la Unión),16.802093055555556,-99.29419638888889,73,7.0,False,7.0,7.087349904359744,12053,Rancho Viejo,False
12053,0072,El Chamizal,17.01308277777778,-99.59145222222222,116,3.0,False,3.0,3.8695213769398267,12001,Colonia Guerrero (Los Guajes),True
12053,0073,Plan de Quintero,16.7274,-99.43279583333334,8,0.0,False,0.0,3.483064970613799,12053,Monte Alto,False
12053,0076,Amazquite,16.67827861111111,-99.39131333333334,135,12.0,False,12.0,8.812532576039152,12053,Monte Alto,False
12053,0079,Los Otates,16.863667777777778,-99.40127555555556,39,2.0,False,2.0,4.458176175412292,12053,Colonia Anáhuac,False
12053,0086,La Barrera,16.731919444444443,-99.59518305555555,28,3.0,False,3.0,2.4295203374199246,12001,Lomas de Chapultepec,True
12053,0087,Barranquilla (La Pulga),16.774192222222222,-99.440605,212,10.0,False,10.0,5.966278815525513,12053,San Marcos,False
12053,0090,Lagunilla,16.776744722222222,-99.42543194444445,263,14.0,False,14.0,4.408714899203175,12053,San Marcos,False
12053,0094,Arroyo Grande,16.735680277777778,-99.3751261111111,4,,True,0.24339637698507702,7.038257822480004,12053,San Marcos,False
12053,0096,Espinalillo del Tenante (Espinalillo),16.721606388888887,-99.2206463888889,54,6.0,False,6.0,4.395767198076201,12053,Las Vigas,False
12053,0099,Vista Alegre,16.779567222222223,-99.24831861111112,227,14.0,False,14.0,2.9995665618186345,12053,Las Vigas,False
12053,0100,El Pacífico,16.78511055555556,-99.19800472222222,44,1.0,False,1.0,4.249334123470674,12053,Las Vigas,False
12053,0104,Las Pozas,16.683745277777778,-99.24537111111111,78,1.0,False,1.0,2.5783961497951,12053,Estero Verde,False
12053,0105,Las Ramaditas,16.64355888888889,-99.26509083333333,200,10.0,False,10.0,5.649849582929533,12053,Estero Verde,False
12053,0107,El Tejoruco (La Horqueta),16.755013333333334,-99.57699527777777,457,40.0,False,40.0,5.644298704839739,12001,Lomas de Chapultepec,True
12053,0111,El Roble,16.747861944444445,-99.27038472222222,103,6.0,False,6.0,4.676227746281284,12053,Las Vigas,False
12053,0114,Las Cabecitas,16.710085277777775,-99.29054611111111,2,,True,0.12169818849253851,8.193237417746909,12053,Estero Verde,False
12053,0117,Sepudo,16.748488611111114,-99.23836111111112,28,2.0,False,2.0,1.694029922140667,12053,Las Vigas,False
12053,0119,El Guamil,16.778492222222223,-99.414145,11,1.0,False,1.0,3.312919832380433,12053,San Marcos,False
12053,0122,El Linar,16.73495,-99.20359027777778,14,0.0,False,0.0,3.878212648032327,12053,Las Vigas,False
12053,0124,Palmitas de Papagayo (Las Palmitas),16.765306111111112,-99.6025261111111,21,0.0,False,0.0,3.0984897319267017,12001,Cerro de Piedra,True
12053,0126,El Papayo,16.79557416666667,-99.26572083333333,116,14.0,False,14.0,5.568233730795415,12053,Las Vigas,False
12053,0129,Rancho del Capitán,16.687275,-99.24700361111111,2,,True,0.12169818849253851,2.907435737825209,12053,Estero Verde,False
12053,0130,Rancho los Cantiles,16.892823055555557,-99.39268750000001,44,6.0,False,6.0,3.0136287330764486,12053,Colonia Anáhuac,False
12053,0131,Rancho Julio Estrada,16.651281388888886,-99.24361333333333,4,,True,0.24339637698507702,3.3913249721085355,12053,Estero Verde,False
12053,0133,Rancho los Tamarindos,16.711718055555554,-99.27431055555556,80,7.0,False,7.0,6.837128254388886,12053,Estero Verde,False
12053,0134,Nuevo Tecomulapa,16.715483055555556,-99.26550416666667,438,25.0,False,25.0,6.365595660576909,12053,Las Vigas,False
12053,0135,El Tepehuajito,16.807221944444446,-99.31589138888889,15,0.0,False,0.0,7.079006246465049,12053,Rancho Viejo,False
12053,0136,Vereda del Llano de la Puerta,16.76693583333333,-99.52009166666666,53,1.0,False,1.0,2.4935726166012806,12053,El Cortés,False
12053,0144,Teguajito (Cerro Enjenjible),16.843058055555556,-99.32137277777777,16,1.0,False,1.0,3.292284844656489,12053,Santa Elena de la Villa,False
12053,0145,Chapopote,16.717331666666666,-99.60377333333332,22,1.0,False,1.0,0.6841931323507302,12001,Lomas de Chapultepec,True
12053,0147,Colonia el Cuco,16.835897499999998,-99.3691475,449,38.0,False,38.0,4.829763875627442,12053,San Marcos,False
12053,0148,Cuadrilla Nueva,16.712548055555555,-99.39768333333333,1,,True,0.060849094246269254,7.035476465716948,12053,Monte Alto,False
12053,0151,Los Limoncitos,16.901191388888886,-99.51452194444444,34,3.0,False,3.0,8.816344068376191,12001,Amatepec,True
12053,0153,El Rincón de Huehuetán,16.81982777777778,-99.3348361111111,7,,True,0.42594365972388476,6.013919013532254,12053,Santa Elena de la Villa,False
12053,0157,El Agostadero,16.662956666666666,-99.21651305555555,71,5.0,False,5.0,1.475406326322581,12053,Estero Verde,False
12053,0158,Agua Dulce,16.65584472222222,-99.31101138888889,5,,True,0.30424547123134627,9.592704810396683,12053,Estero Verde,False
12053,0161,El Carrizo,16.79248138888889,-99.24476944444444,9,0.0,False,0.0,3.9647339405474735,12053,Las Vigas,False
12053,0169,La Troja,16.697404444444444,-99.23861,13,1.0,False,1.0,3.023542227162092,12053,Estero Verde,False
12053,0173,La Puerta del Charco,16.672618055555557,-99.21829972222223,4,0.0,False,0.0,0.5594183519176448,12053,Estero Verde,False
12053,0176,El Arenal (Huerta los Ramírez),16.701785,-99.20991000000001,66,4.0,False,4.0,3.3322028464819895,12053,Estero Verde,False
12053,0178,Río Playa,16.80328888888889,-99.50630361111111,29,2.0,False,2.0,2.830547559390944,12053,El Cortés,False
12053,0179,Tierra y Libertad,16.77199333333333,-99.2216763888889,118,6.0,False,6.0,1.4760746758557186,12053,Las Vigas,False
12053,0180,La Unión,17.006938333333334,-99.57024666666666,31,4.0,False,4.0,4.365399856448952,12039,San Juan del Reparo Norte (San Juan del Reparo),True
12053,0182,Buenos Aires,16.735761944444445,-99.22868638888889,4,,True,0.24339637698507702,2.742163194607715,12053,Las Vigas,False
12053,0186,Rancho Andrea Torres,16.81543138888889,-99.33772472222222,2,,True,0.12169818849253851,5.921442278933132,12053,San Marcos,False
12053,0187,Rancho Artemio Romero Morales,16.74926138888889,-99.34431333333333,8,,True,0.48679275397015404,7.231285387981422,12053,San Marcos,False
12053,0188,Rancho Marcelino Vázquez,16.690330555555555,-99.24768027777777,1,,True,0.060849094246269254,3.1459026299488624,12053,Estero Verde,False
12053,0189,Vista Alegre,16.78397055555556,-99.39906333333334,80,10.0,False,10.0,1.7699181301404643,12053,San Marcos,False
12053,0190,Carretera Nacional Avenida las Palmas,16.787099166666668,-99.39722472222223,87,7.0,False,7.0,1.371698043490461,12053,San Marcos,False
12053,0193,La Mirita,16.795420833333335,-99.3985988888889,8,,True,0.48679275397015404,0.9351908280012152,12053,San Marcos,False
12053,0197,Las Brisas,16.80499638888889,-99.38246722222222,1,,True,0.060849094246269254,1.1726152664832443,12053,San Marcos,False
12053,0198,Arroyo Frío,16.80233861111111,-99.37379694444444,10,0.0,False,0.0,1.8167249038089868,12053,San Marcos,False
12053,0203,Barranca Prieta,16.779577777777778,-99.39183138888889,21,2.0,False,2.0,1.9845887800823887,12053,San Marcos,False
12053,0204,La Loma del Chivo,16.792100833333336,-99.37455583333333,6,,True,0.36509456547761554,1.7490165808466471,12053,San Marcos,False
12053,0206,Los Tabachines,16.682232777777777,-99.21557722222222,15,0.0,False,0.0,1.1669809395642008,12053,Estero Verde,False
12053,0216,La Cucucha,16.781184444444442,-99.40743305555556,27,1.0,False,1.0,2.5796085718781834,12053,San Marcos,False
12053,0217,Nuevo Santo Domingo,16.695716666666666,-99.42931805555556,93,4.0,False,4.0,4.341491247980499,12053,Monte Alto,False
12053,0218,Poza del Tule,16.656914444444443,-99.31589638888889,41,5.0,False,5.0,10.077300347526638,12053,Estero Verde,False
12054,0001,San Miguel Totolapan,18.161266666666666,-100.39082111111112,4310,216.0,False,216.0,0.0,12054,San Miguel Totolapan,False
12054,0002,El Aguacate,17.91691888888889,-100.23115027777779,122,10.0,False,10.0,4.687150907763696,12054,Pericotepec,False
12054,0003,Aguacatitla,17.866086388888892,-100.18996305555557,67,7.0,False,7.0,7.957531791516625,12054,Coronilla,False
12054,0005,Las Arrastras I,18.01226,-100.29604611111111,2,,True,0.11218360329756825,10.204243825169995,12054,Pericotepec,False
12054,0011,Los Bancos,17.981044722222222,-100.39010083333334,63,4.0,False,4.0,17.373231019094597,12054,Valle Luz,False
12054,0013,Barranca de Iguala,17.881659444444445,-100.40754361111112,61,3.0,False,3.0,15.204664869130285,12054,Coronilla,False
12054,0014,Barranca de Velázquez (Velázquez),17.850154722222225,-100.33612416666666,16,0.0,False,0.0,8.297690486036352,12054,Coronilla,False
12054,0015,El Barroso,17.936153611111113,-100.43050333333333,32,2.0,False,2.0,18.733371900588892,12054,Coronilla,False
12054,0019,Buena Vista (San Bartolo),17.84365888888889,-100.28935416666667,157,8.0,False,8.0,4.78044714759686,12054,Coronilla,False
12054,0020,Los Cajones,18.045250833333334,-100.30318027777777,27,1.0,False,1.0,10.180508309314666,12054,Valle Luz,False
12054,0022,San Juan Tehuehuetla (Capulín Tehuehuetla),17.82637638888889,-100.40320027777778,187,13.0,False,13.0,15.870292310812557,12054,Coronilla,False
12054,0024,El Carrizal,17.96636472222222,-100.24155277777778,52,3.0,False,3.0,2.6138741443131637,12054,Pericotepec,False
12054,0026,La Sidra,17.73364638888889,-100.21107055555557,36,2.0,False,2.0,6.71957495889137,12054,Laguna de Hueyanalco,False
12054,0029,Los Ciruelos,17.81702611111111,-100.15545694444445,8,,True,0.448734413190273,5.513425080903676,12032,El Limoncito,True
12054,0032,La Comunidad,18.094179444444443,-100.34772805555555,204,10.0,False,10.0,4.049435509397483,12054,Valle Luz,False
12054,0034,Coronilla,17.879166666666666,-100.26388888888889,289,16.0,False,16.0,0.0,12054,Coronilla,False
12054,0035,El Coyol,17.76026472222222,-100.40306055555556,49,0.0,False,0.0,12.080639579347151,12054,Linda Vista,False
12054,0037,El Cuahulote,17.683303055555555,-100.21848916666667,8,,True,0.448734413190273,6.254712170406186,12054,Pandoloma,False
12054,0038,Cuncla,18.067159166666666,-100.18329277777778,17,0.0,False,0.0,9.080610558336499,12007,Valle Galeana (El Tamarindo),True
12054,0042,Encino Amarillo (El Encino),17.723565277777777,-100.41663166666667,115,5.0,False,5.0,11.112313626204514,12054,Linda Vista,False
12054,0043,Los Encinos,17.982585277777776,-100.20751194444445,90,3.0,False,3.0,3.0432361785466466,12054,Pericotepec,False
12054,0044,La Gavia,18.092653055555555,-100.37595388888889,161,8.0,False,8.0,5.616103017570159,12054,Valle Luz,False
12054,0046,Guacamayas,17.925010555555556,-100.24512888888889,35,2.0,False,2.0,4.556259696114799,12054,Pericotepec,False
12054,0047,Los Guajes,18.11860138888889,-100.29271444444444,243,9.0,False,9.0,5.151848075693348,12054,Valle Luz,False
12054,0048,Las Hebillas (Las Habillas),17.738441944444446,-100.40732027777779,174,11.0,False,11.0,10.97133964668495,12054,Linda Vista,False
12054,0049,La Hacienda de las Palmas,17.80943,-100.40338305555557,35,1.0,False,1.0,16.304875414527245,12054,Linda Vista,False
12054,0050,Hacienda Vieja,17.79717916666667,-100.16136333333334,92,5.0,False,5.0,6.1579387423525835,12032,Durazno del Rosario,True
12054,0051,Huerta Vieja (Huerta Vieja Chica),17.88677111111111,-100.19846555555556,31,2.0,False,2.0,6.974714953912514,12054,Coronilla,False
12054,0052,Laguna de Hueyanalco,17.79343805555556,-100.22027361111111,477,34.0,False,34.0,0.0,12054,Laguna de Hueyanalco,False
12054,0053,Hueyanalco,17.806025833333333,-100.21707055555555,26,3.0,False,3.0,1.4401910482891924,12054,Laguna de Hueyanalco,False
12054,0055,Ximotla (Jimotla),17.899025277777778,-100.26008944444445,97,4.0,False,4.0,2.2444802659509393,12054,Coronilla,False
12054,0062,El Limón,17.92238277777778,-100.22658361111111,49,4.0,False,4.0,3.9792605000552617,12054,Pericotepec,False
12054,0066,El Mamey,17.949136944444444,-100.2454013888889,35,3.0,False,3.0,2.9675795504808877,12054,Pericotepec,False
12054,0067,El Mamey,17.73465277777778,-100.28793916666666,16,1.0,False,1.0,6.2719047685753795,12054,Linda Vista,False
12054,0070,Las Mesas I,17.9943675,-100.37192527777778,180,8.0,False,8.0,15.438208911242981,12054,Valle Luz,False
12054,0071,La Mesa (Las Mesas),17.81530888888889,-100.4007213888889,110,5.0,False,5.0,16.129888650861307,12054,Coronilla,False
12054,0076,Nenzintla I,17.74420638888889,-100.20870777777778,36,2.0,False,2.0,5.609634963552753,12054,Laguna de Hueyanalco,False
12054,0080,Otatlán,17.67164166666667,-100.21314472222222,377,22.0,False,22.0,5.162612898715631,12054,Pandoloma,False
12054,0081,La Tuna (La Palmada),17.714517777777775,-100.16847805555555,208,15.0,False,15.0,4.948086231903869,12032,Los Hoyos,True
12054,0082,Palos Altos (Palos Altos Dos),18.174619722222225,-100.38916083333334,80,7.0,False,7.0,1.495117498942827,12054,San Miguel Totolapan,False
12054,0083,Pandoloma,17.65411361111111,-100.168025,1121,76.0,False,76.0,0.0,12054,Pandoloma,False
12054,0090,Pericotepec,17.957378055555555,-100.21871833333334,234,16.0,False,16.0,0.0,12054,Pericotepec,False
12054,0092,Petlacala,17.76271,-100.28651833333333,232,11.0,False,11.0,7.802257801211156,12054,Laguna de Hueyanalco,False
12054,0093,San Pedro Pezuapan,18.06888888888889,-100.14916666666667,82,6.0,False,6.0,6.908957132255295,12006,Xochitepec,True
12054,0099,El Pinzán IV,17.936050277777777,-100.23203944444445,8,,True,0.448734413190273,2.758615536694778,12054,Pericotepec,False
12054,0104,El Potrero,17.832812222222223,-100.42717666666667,42,1.0,False,1.0,18.034433631459212,12054,Coronilla,False
12054,0107,Puerto Alegre,17.650180555555554,-100.28844944444444,70,5.0,False,5.0,5.20159526607541,12054,Linda Vista,False
12054,0110,El Querengue,17.986875,-100.24386666666666,86,7.0,False,7.0,4.222914230054799,12054,Pericotepec,False
12054,0111,Rancho Viejo,17.89539222222222,-100.34636083333334,6,,True,0.33655080989270475,8.911728453719753,12054,Coronilla,False
12054,0112,Real de Tepantitlán,18.00220638888889,-100.28260361111111,50,3.0,False,3.0,8.396521278229974,12054,Pericotepec,False
12054,0113,El Remance,18.176141666666666,-100.33576611111111,692,36.0,False,36.0,2.8937839599922985,12054,Villa Hidalgo (El Cubo),False
12054,0114,Rincón del Cirián,17.930604722222224,-100.39411583333334,2,,True,0.11218360329756825,14.919190709013366,12054,Coronilla,False
12054,0116,El Rincón,17.82225083333333,-100.23647916666667,80,8.0,False,8.0,3.6342773846669925,12054,Laguna de Hueyanalco,False
12054,0119,Sacahuaje,17.919261111111112,-100.24074388888889,37,5.0,False,5.0,4.836669641241256,12054,Pericotepec,False
12054,0121,San Antonio de la Gavia,18.112244722222222,-100.37796305555555,606,25.0,False,25.0,4.463440897089752,12054,Valle Luz,False
12054,0124,San Francisco,18.10008388888889,-100.33970222222221,376,19.0,False,19.0,3.3099657509360934,12054,Valle Luz,False
12054,0125,San Jerónimo,17.827975833333333,-100.21917305555556,69,7.0,False,7.0,3.842192617147239,12054,Laguna de Hueyanalco,False
12054,0126,San José,17.8699275,-100.25545611111112,4,,True,0.2243672065951365,1.3608306559508687,12054,Coronilla,False
12054,0128,San Miguelito,17.876865555555558,-100.18864277777779,365,17.0,False,17.0,7.967072820640082,12054,Coronilla,False
12054,0130,San Nicolás del Oro,17.908389166666666,-100.24571916666667,249,13.0,False,13.0,3.775598623396978,12054,Coronilla,False
12054,0133,San Pedro Cuauhtémoc,17.716905277777776,-100.37559472222222,28,1.0,False,1.0,6.8600861868156615,12054,Linda Vista,False
12054,0134,San Rafael,17.996893333333333,-100.43179444444445,107,2.0,False,2.0,17.68399234478813,12054,Valle Luz,False
12054,0135,Santa Catarina,18.16007388888889,-100.3421911111111,224,12.0,False,12.0,3.0179570859597153,12054,Villa Hidalgo (El Cubo),False
12054,0136,Santa María de las Flores (El Machero),18.042884722222222,-100.24180777777778,86,8.0,False,8.0,9.686134918594005,12007,Valle Galeana (El Tamarindo),True
12054,0137,Santa María Sur,17.96743611111111,-100.4386025,160,5.0,False,5.0,20.852004299748412,12054,Valle Luz,False
12054,0138,Santo Tomás (Cuadrilla de Santo Tomás),18.092440555555555,-100.24331555555555,59,2.0,False,2.0,4.202696455044928,12007,Valle Galeana (El Tamarindo),True
12054,0139,Tacambarito,17.76567138888889,-100.18960333333334,34,1.0,False,1.0,4.4809542843488455,12054,Laguna de Hueyanalco,False
12054,0143,El Terrero,18.129020833333335,-100.32003333333333,1608,76.0,False,76.0,2.1126594149069753,12054,Valle Luz,False
12054,0145,Tierra Blanca,17.950881944444443,-100.25049166666666,30,0.0,False,0.0,3.4377323985455703,12054,Pericotepec,False
12054,0146,La Tinaja (Santa Cruz Tinaja),18.17006027777778,-100.41498472222223,362,19.0,False,19.0,2.73380332563157,12054,San Miguel Totolapan,False
12054,0147,Las Tunas,17.953331666666667,-100.24628722222222,241,18.0,False,18.0,2.950726444477938,12054,Pericotepec,False
12054,0149,Valle Luz,18.12984972222222,-100.34000638888888,1335,81.0,False,81.0,0.0,12054,Valle Luz,False
12054,0152,Las Ventanas,17.680477500000002,-100.28037416666666,29,2.0,False,2.0,4.163170025288893,12054,Linda Vista,False
12054,0153,Villa Hidalgo (El Cubo),18.160805277777776,-100.3136375,1060,65.0,False,65.0,0.0,12054,Villa Hidalgo (El Cubo),False
12054,0155,Yolotla,17.82631361111111,-100.15771805555556,257,26.0,False,26.0,5.9445861479040785,12032,El Limoncito,True
12054,0156,El Zapote,17.64416138888889,-100.21914638888889,39,2.0,False,2.0,5.528762440183859,12054,Pandoloma,False
12054,0161,Los Laureles,17.561723333333333,-100.33352638888888,216,9.0,False,9.0,10.533808479131892,12011,Pie de la Cuesta,True
12054,0170,Las Latas,17.95440333333333,-100.36269277777777,16,0.0,False,0.0,13.389121353919831,12054,Coronilla,False
12054,0171,Los Limones,17.811248055555556,-100.19555527777779,12,0.0,False,0.0,3.281814619567774,12054,Laguna de Hueyanalco,False
12054,0179,San Gregorio,17.925252500000003,-100.41315250000001,32,0.0,False,0.0,16.604314667885113,12054,Coronilla,False
12054,0184,Lumbreras,17.668726944444444,-100.34956638888889,86,8.0,False,8.0,3.794501721524498,12054,Linda Vista,False
12054,0185,Toro Muerto,17.560279444444443,-100.27489277777778,165,12.0,False,12.0,7.521206093968626,12032,La Aurora,True
12054,0186,Lomillos,17.575926388888888,-100.4231238888889,103,5.0,False,5.0,12.724292435590074,12011,Pie de la Cuesta,True
12054,0187,Linda Vista,17.686705,-100.31912388888888,1292,76.0,False,76.0,0.0,12054,Linda Vista,False
12054,0188,Santa Elena,17.70610611111111,-100.22001416666667,277,22.0,False,22.0,7.9849985441764,12054,Pandoloma,False
12054,0190,Campamento de Vacas (El Campamento),17.598380555555554,-100.32509,162,6.0,False,6.0,9.841556599796183,12054,Linda Vista,False
12054,0206,El Terrero II,17.83955333333333,-100.21551000000001,73,6.0,False,6.0,5.152521987793052,12054,Laguna de Hueyanalco,False
12054,0208,El Cuyache,17.994159444444445,-100.38848944444445,20,1.0,False,1.0,15.934856243959995,12054,Valle Luz,False
12054,0209,La Shascua (Las Shascuitas),18.00039027777778,-100.41258222222223,50,2.0,False,2.0,16.31214586231495,12054,Valle Luz,False
12054,0219,Ciénega de Puerto Alegre,17.653725833333333,-100.24777138888889,303,18.0,False,18.0,8.402193351192762,12054,Linda Vista,False
12054,0221,El Colorín,17.897458611111112,-100.17598166666667,26,0.0,False,0.0,8.052011554144244,12054,Pericotepec,False
12054,0223,Cucharillos (Cucharillo),17.677471111111114,-100.34520527777778,29,1.0,False,1.0,2.9477102983420584,12054,Linda Vista,False
12054,0228,Huerta Vieja,17.922010833333335,-100.2361625,292,11.0,False,11.0,4.344107528657295,12054,Pericotepec,False
12054,0229,Huerta Vieja,17.71564777777778,-100.28507527777778,21,0.0,False,0.0,4.83386814543947,12054,Linda Vista,False
12054,0233,El Mamey,17.751829444444443,-100.40546,1,,True,0.05609180164878413,11.664688003212529,12054,Linda Vista,False
12054,0234,El Manchón,17.922688333333333,-100.24796833333333,22,1.0,False,1.0,4.945069696936158,12054,Pericotepec,False
12054,0235,La Mozimba,17.57165138888889,-100.39351277777779,75,5.0,False,5.0,11.205454596180868,12011,Pie de la Cuesta,True
12054,0238,Los Naranjos,17.882698055555554,-100.21940611111111,36,2.0,False,2.0,4.723687657854497,12054,Coronilla,False
12054,0239,Los Nopales,17.724537499999997,-100.20956833333334,39,1.0,False,1.0,7.744810545741322,12054,Laguna de Hueyanalco,False
12054,0240,Palos Altos,17.646584444444443,-100.44658805555557,158,11.0,False,11.0,10.823600514254816,12003,Pocitos del Balcón,True
12054,0241,Paso del Nopal,17.7553575,-100.40316444444446,27,0.0,False,0.0,11.726514884931692,12054,Linda Vista,False
12054,0242,Peña Prieta,17.968296944444443,-100.3838588888889,1,,True,0.05609180164878413,16.103641389024673,12054,Coronilla,False
12054,0243,Los Pericos,17.839338055555555,-100.40708444444445,104,10.0,False,10.0,15.789186355593115,12054,Coronilla,False
12054,0244,Piedra Concha,17.852039444444447,-100.23189611111111,118,9.0,False,9.0,4.5346423554523305,12054,Coronilla,False
12054,0247,Plan de la Cruz,17.782082499999998,-100.3989238888889,36,6.0,False,6.0,13.561247108560476,12054,Linda Vista,False
12054,0248,El Potrero del Estoraque,17.86367305555556,-100.40756583333334,17,,True,0.9535606280293302,15.302548530729702,12054,Coronilla,False
12054,0260,El Plan del Periconal (El Encino Gordo),17.776093333333332,-100.28098527777777,38,3.0,False,3.0,6.71130199074525,12054,Laguna de Hueyanalco,False
12054,0261,El Pinzán,17.744605555555555,-100.16440361111111,67,4.0,False,4.0,4.4954946863596605,12032,Durazno del Rosario,True
12054,0265,El Bolinche,17.919649444444445,-100.22970694444444,74,7.0,False,7.0,4.353310717851575,12054,Pericotepec,False
12054,0266,El Capire,17.91863638888889,-100.24695527777777,24,1.0,False,1.0,4.740505770152125,12054,Coronilla,False
12054,0268,Cruz de Ocote,17.610020277777778,-100.29376222222223,29,2.0,False,2.0,8.940403893055768,12054,Linda Vista,False
12054,0269,Agua Escondida (Descombro),17.657511944444444,-100.318865,128,6.0,False,6.0,3.2462355505062823,12054,Linda Vista,False
12054,0271,Filo de Venancio,17.641752222222223,-100.29498944444444,15,1.0,False,1.0,5.614620088334215,12054,Linda Vista,False
12054,0275,Los Llanitos,17.93257777777778,-100.24864333333333,33,0.0,False,0.0,4.198327894737222,12054,Pericotepec,False
12054,0278,El Bolinche,17.59305222222222,-100.22838388888889,14,0.0,False,0.0,5.019324175548075,12032,Campo Morado,True
12054,0281,Plan Verde,17.66719,-100.3643175,117,10.0,False,10.0,5.256799602939725,12054,Linda Vista,False
12054,0282,Puerto Chichalaco,17.61650138888889,-100.31116138888889,95,8.0,False,8.0,7.8517467664441645,12054,Linda Vista,False
12054,0284,El Salto,17.593376944444444,-100.25575361111112,56,1.0,False,1.0,7.263209977465897,12032,La Aurora,True
12054,0285,Santa Fe,17.559013611111112,-100.22659083333333,74,7.0,False,7.0,2.530129700474152,12032,La Aurora,True
12054,0288,El Coyol II,17.964161666666666,-100.23473833333334,9,0.0,False,0.0,1.8548366694082588,12054,Pericotepec,False
12054,0291,Rancho Viejo,17.74179666666667,-100.26908166666666,41,3.0,False,3.0,7.725626444040466,12054,Laguna de Hueyanalco,False
12054,0295,La Joya,17.578240833333332,-100.24957388888889,16,2.0,False,2.0,5.7087080174706495,12032,La Aurora,True
12054,0298,Rincón de la Pastoría,17.916899444444446,-100.35282527777777,11,,True,0.6170098181366254,10.303630339777472,12054,Coronilla,False
12054,0301,Varales,17.584901111111108,-100.30207777777777,11,0.0,False,0.0,11.028440312450165,12032,La Aurora,True
12054,0306,Las Parotas,17.781189166666667,-100.17581055555556,40,3.0,False,3.0,4.900791780587904,12054,Laguna de Hueyanalco,False
12054,0312,La Cañada,17.896313055555556,-100.25862611111111,32,3.0,False,3.0,1.9862616276734253,12054,Coronilla,False
12054,0314,Colonia del Pedregal,18.176849166666667,-100.39822277777779,192,10.0,False,10.0,1.9009848525028412,12054,San Miguel Totolapan,False
12054,0316,Las Escobas,17.977271388888887,-100.27462388888888,9,0.0,False,0.0,6.313454179881288,12054,Pericotepec,False
12054,0323,Las Parotas,18.106070000000003,-100.3110325,2,,True,0.11218360329756825,4.045690833777129,12054,Valle Luz,False
12054,0325,El Puerto de las Tunas,17.95518861111111,-100.241045,15,1.0,False,1.0,2.374204185755474,12054,Pericotepec,False
12054,0327,Ranchito del Duraznal,17.730744166666664,-100.32600222222221,2,,True,0.11218360329756825,4.950837456284834,12054,Linda Vista,False
12054,0340,Las Trancas,17.84819611111111,-100.12924777777778,6,,True,0.33655080989270475,2.8516364922467203,12032,Huautla,True
12054,0344,Los Pinos,17.569162777777777,-100.2836925,45,1.0,False,1.0,8.637089511852642,12032,La Aurora,True
12054,0347,El Aguacate,17.620171944444444,-100.15170777777779,2,,True,0.11218360329756825,4.151379064601093,12054,Pandoloma,False
12054,0352,Las Máquinas,17.636826944444444,-100.35489888888888,29,1.0,False,1.0,6.7177389737196735,12054,Linda Vista,False
12054,0353,La Mina,17.66285222222222,-100.30141611111111,25,2.0,False,2.0,3.2487487812082363,12054,Linda Vista,False
12054,0354,Los Parejos,17.560312777777778,-100.23566138888889,38,2.0,False,2.0,3.4763288293394794,12032,La Aurora,True
12054,0355,Los Ramírez,17.66393861111111,-100.21272666666667,73,2.0,False,2.0,4.860741131091912,12054,Pandoloma,False
12054,0357,El Rincón del Naranjo,17.728592777777777,-100.20777111111111,32,2.0,False,2.0,7.331007427722554,12054,Laguna de Hueyanalco,False
12054,0358,El Anonito,17.986159444444446,-100.27015472222222,21,1.0,False,1.0,6.311910271416499,12054,Pericotepec,False
12054,0359,Buenavista del Salto (El Salto),17.738278055555558,-100.47352166666667,88,4.0,False,4.0,7.60277274643674,12003,Pocitos del Balcón,True
12054,0368,El Guayabal,17.64871611111111,-100.24882916666667,77,8.0,False,8.0,8.562266614126164,12054,Linda Vista,False
12054,0372,La Monera,18.079097222222224,-100.20277722222222,8,0.0,False,0.0,6.782656819470322,12007,Valle Galeana (El Tamarindo),True
12054,0375,El Papayo,17.979108333333333,-100.23477722222222,14,,True,0.7852852230829778,2.9535824245556657,12054,Pericotepec,False
12054,0376,Plan de Yesqueros (Los Yesqueros),17.75534638888889,-100.47658888888888,79,5.0,False,5.0,8.596954946633769,12003,Pocitos del Balcón,True
12054,0380,El Rincón,18.120425,-100.33257027777778,18,0.0,False,0.0,1.3098821998043642,12054,Valle Luz,False
12054,0389,Vallecitos,17.931147777777777,-100.46640833333333,31,1.0,False,1.0,22.194314722651892,12054,Coronilla,False
12054,0390,Las Conchitas,17.624311944444443,-100.24309027777778,21,2.0,False,2.0,7.945582799561674,12032,Campo Morado,True
12054,0391,El Duraznito,17.62051027777778,-100.29150944444444,60,3.0,False,3.0,7.920769922928788,12054,Linda Vista,False
12054,0392,Rancho Alegre,17.530410555555555,-100.2186638888889,36,0.0,False,0.0,2.596960004576006,12032,La Aurora,True
12054,0393,El Naranjo [Rancho],17.577820833333334,-100.45350527777778,39,2.0,False,2.0,14.616906773909728,12011,Pie de la Cuesta,True
12055,0001,Taxco de Alarcón,18.557381944444444,-99.60459472222222,50399,2615.0,False,2615.0,0.0,12055,Taxco de Alarcón,False
12055,0002,Acamixtla,18.564674444444446,-99.56453416666666,4297,249.0,False,249.0,4.299979494099733,12055,Taxco de Alarcón,False
12055,0004,El Aguacate,18.58021638888889,-99.72341666666667,71,6.0,False,6.0,4.03792591304379,12055,Chichila,False
12055,0005,Atzala (Atzala de la Asunción),18.513385555555555,-99.66161972222223,914,48.0,False,48.0,0.0,12055,Atzala (Atzala de la Asunción),False
12055,0006,Axixintla,18.602454722222223,-99.51707527777778,1792,127.0,False,127.0,0.0,12055,Axixintla,False
12055,0007,Coamazac,18.600729166666667,-99.48040861111112,186,9.0,False,9.0,3.86891603774011,12055,Axixintla,False
12055,0008,Chichila,18.550653611111112,-99.70117,332,24.0,False,24.0,0.0,12055,Chichila,False
12055,0009,Dolores,18.516373333333334,-99.61715972222221,653,26.0,False,26.0,4.699602788710128,12055,Atzala (Atzala de la Asunción),False
12055,0011,El Ejido (Ejido Guerrero),18.50367472222222,-99.60369305555555,778,43.0,False,43.0,2.8717866368378755,12055,Taxco el Viejo,False
12055,0012,El Fraile,18.536889444444448,-99.63825611111112,540,32.0,False,32.0,3.591421684143932,12055,Atzala (Atzala de la Asunción),False
12055,0013,Huahuaxtla,18.41634611111111,-99.62951194444443,409,18.0,False,18.0,5.739879271307836,12055,Huixtac,False
12055,0014,Huajojutla (El Azul),18.57895,-99.57283138888889,1102,62.0,False,62.0,4.118398868389939,12055,Taxco de Alarcón,False
12055,0015,Hueymatla,18.511837222222223,-99.58441333333333,306,24.0,False,24.0,2.955347937464555,12055,Taxco el Viejo,False
12055,0016,Huitzotitla,18.608587500000002,-99.75458444444445,132,7.0,False,7.0,2.491754316563511,12047,San Pablo,True
12055,0017,Huixtac,18.460015277777778,-99.65852638888889,983,23.0,False,23.0,0.0,12055,Huixtac,False
12055,0018,Icatepec,18.402617499999998,-99.60967249999999,376,18.0,False,18.0,8.147453735564449,12035,Ahuehuepan,True
12055,0019,Las Joyas del Progreso,18.517145833333334,-99.60938388888889,596,33.0,False,33.0,4.4047281851877855,12055,Taxco el Viejo,False
12055,0020,Las Joyas,18.60090277777778,-99.55853833333333,204,14.0,False,14.0,4.3730318152030225,12055,Axixintla,False
12055,0021,Juliantla,18.54023138888889,-99.55490194444444,719,42.0,False,42.0,5.574875389271632,12055,Taxco de Alarcón,False
12055,0023,Los Membrillos,18.594915277777776,-99.73298555555556,119,5.0,False,5.0,5.011059350684323,12047,San Pablo,True
12055,0024,Mexcaltepec,18.41918916666667,-99.54543749999999,652,32.0,False,32.0,5.867310081919254,12015,Los Amates,True
12055,0025,El Ojo de Agua,18.479688888888887,-99.66011972222223,138,5.0,False,5.0,2.194050565484486,12055,Huixtac,False
12055,0026,Paintla,18.503395555555556,-99.65527250000001,1681,105.0,False,105.0,1.2968759671967305,12055,Atzala (Atzala de la Asunción),False
12055,0027,Puente Campuzano,18.45063111111111,-99.58792138888889,697,44.0,False,44.0,3.8664380290293416,12055,Taxco el Viejo,False
12055,0028,Rancho Viejo,18.5857025,-99.56307333333334,583,31.0,False,31.0,5.193335300192879,12055,Axixintla,False
12055,0029,San Esteban,18.53180972222222,-99.70700194444444,86,0.0,False,0.0,2.183684399699479,12055,Chichila,False
12055,0030,San Felipe de Jesús Chichila,18.538630833333336,-99.69012194444444,152,6.0,False,6.0,1.7730629737404897,12055,Chichila,False
12055,0032,San José el Potrero,18.646724166666665,-99.47375611111111,847,50.0,False,50.0,6.713204974309767,12055,Axixintla,False
12055,0033,San Juan del Monte,18.581793055555554,-99.74590805555556,128,13.0,False,13.0,4.539608421377295,12047,San Pablo,True
12055,0034,San Juan de Dios (Naranjas de Dios),18.549854444444446,-99.55511194444445,1619,104.0,False,104.0,5.282991142183885,12055,Taxco de Alarcón,False
12055,0035,San Juan Tenería,18.59338222222222,-99.6913725,178,8.0,False,8.0,4.862140906657733,12055,Chichila,False
12055,0037,San Juan Unión,18.433653888888887,-99.62850999999999,437,20.0,False,20.0,4.314729781807472,12055,Huixtac,False
12055,0039,Acuitlapán,18.60158666666667,-99.54354527777778,4376,259.0,False,259.0,2.7912312372791215,12055,Axixintla,False
12055,0040,San Miguel Guerrero (San Miguel),18.4999475,-99.70980944444445,135,8.0,False,8.0,5.296496629493993,12055,Atzala (Atzala de la Asunción),False
12055,0041,San Miguel y Huerta,18.607751111111114,-99.72460805555556,47,4.0,False,4.0,5.651797075993758,12047,San Pablo,True
12055,0042,San Pedro Chichila,18.539971944444446,-99.67247444444445,221,12.0,False,12.0,3.1700601855620945,12055,Atzala (Atzala de la Asunción),False
12055,0043,San Sebastián,18.51386611111111,-99.58082722222221,36,1.0,False,1.0,3.205653055172968,12055,Taxco el Viejo,False
12055,0044,Santa Rosa,18.52456638888889,-99.62698194444444,417,25.0,False,25.0,3.8579212865377936,12055,Atzala (Atzala de la Asunción),False
12055,0045,Santiago Temixco,18.485528333333335,-99.64275555555557,523,27.0,False,27.0,3.2885599517673785,12055,Huixtac,False
12055,0046,Tlamacazapa,18.49619138888889,-99.50280805555556,6820,407.0,False,407.0,0.0,12055,Tlamacazapa,False
12055,0047,Santo Domingo,18.566359444444444,-99.74676805555556,181,15.0,False,15.0,5.114047506199281,12055,Chichila,False
12055,0048,Xochula,18.524751944444443,-99.58613944444444,7,0.0,False,0.0,4.117028776769801,12055,Taxco de Alarcón,False
12055,0049,Taxco el Viejo,18.485259722222224,-99.58459888888889,3247,195.0,False,195.0,0.0,12055,Taxco el Viejo,False
12055,0050,Teacalco,18.618374722222224,-99.46273222222223,1227,80.0,False,80.0,5.994065408243065,12055,Axixintla,False
12055,0051,Tecalpulco,18.48903138888889,-99.60297777777777,1572,88.0,False,88.0,1.983032416365379,12055,Taxco el Viejo,False
12055,0052,Tecuiciapa,18.442735,-99.60249388888889,395,19.0,False,19.0,5.091297960879676,12055,Taxco el Viejo,False
12055,0053,Tehuilotepec,18.55187388888889,-99.58133111111111,2182,106.0,False,106.0,2.527660419008944,12055,Taxco de Alarcón,False
12055,0054,Temaxcalapa,18.42740277777778,-99.68783833333333,368,18.0,False,18.0,0.0,12055,Temaxcalapa,False
12055,0055,Cacalotenango,18.546489444444447,-99.64379222222223,2095,123.0,False,123.0,4.133084744749504,12055,Atzala (Atzala de la Asunción),False
12055,0056,Texcaltitla,18.580839722222223,-99.48683583333333,562,33.0,False,33.0,3.9917024645982413,12055,Axixintla,False
12055,0058,Totoapa,18.387879722222223,-99.6690188888889,191,13.0,False,13.0,4.822486227782969,12055,Temaxcalapa,False
12055,0060,Los Yautles,18.61927138888889,-99.69401111111111,12,1.0,False,1.0,4.894499599632526,12060,Noxtepec,True
12055,0061,Zacatecolotla,18.58925361111111,-99.56556444444445,383,17.0,False,17.0,5.193435992943496,12060,San Gregorio,True
12055,0062,Zapoapa,18.435678055555556,-99.66292722222222,389,16.0,False,16.0,2.745700569089502,12055,Huixtac,False
12055,0063,El Zompantle,18.541015,-99.7101213888889,154,8.0,False,8.0,1.4279964348966874,12055,Chichila,False
12055,0067,Corralejo,18.632925833333335,-99.50883333333333,80,3.0,False,3.0,3.4977737910255717,12055,Axixintla,False
12055,0072,El Mirador,18.607363055555556,-99.49967805555556,298,19.0,False,19.0,1.912901579416481,12055,Axixintla,False
12055,0073,Papala,18.613680833333333,-99.53834944444445,229,12.0,False,12.0,2.5660091596283268,12055,Axixintla,False
12055,0075,El Vergel,18.547525,-99.6886988888889,202,13.0,False,13.0,1.3599351621725477,12055,Chichila,False
12055,0076,Cajones,18.58083138888889,-99.64236555555556,101,2.0,False,2.0,4.759140462878339,12055,Taxco de Alarcón,False
12055,0079,Xochipizca,18.600054166666666,-99.76245166666666,42,1.0,False,1.0,1.9250922130954446,12047,San Pablo,True
12055,0080,El Capulín,18.587724444444444,-99.72032138888889,85,4.0,False,4.0,4.589842633021221,12055,Chichila,False
12055,0081,Los Ocotes,18.557093333333334,-99.732495,68,4.0,False,4.0,3.378889204223088,12055,Chichila,False
12055,0082,La Cruz de Venado,18.584799166666667,-99.70805583333333,25,2.0,False,2.0,3.865565022670956,12055,Chichila,False
12055,0083,Rancho de Colores,18.520360277777776,-99.59956638888889,28,5.0,False,5.0,4.150613261323797,12055,Taxco de Alarcón,False
12055,0084,Casino de la Unión (Kilómetro 136),18.607288333333333,-99.48703972222222,432,35.0,False,35.0,3.2105757560150017,12055,Axixintla,False
12055,0085,Cerro Gordo,18.51387111111111,-99.59954527777778,261,17.0,False,17.0,3.5504372311717023,12055,Taxco el Viejo,False
12055,0088,El Horconcito,18.545058055555558,-99.72895222222222,124,2.0,False,2.0,2.994142885642752,12055,Chichila,False
12055,0090,El Tejocote (El Tejocote Redondo),18.61962972222222,-99.75309222222222,39,1.0,False,1.0,2.9105930435286385,12047,San Pablo,True
12055,0100,Agua Escondida,18.58225472222222,-99.64833444444444,102,7.0,False,7.0,5.376354014097653,12055,Taxco de Alarcón,False
12055,0101,El Aguacatito,18.558767777777778,-99.64418166666667,214,11.0,False,11.0,4.175821340507449,12055,Taxco de Alarcón,False
12055,0104,Apopalco,18.484022222222222,-99.64518111111111,115,3.0,False,3.0,3.017771674323889,12055,Huixtac,False
12055,0105,La Llamarada,18.49685861111111,-99.59920166666666,26,2.0,False,2.0,2.0086795462671674,12055,Taxco el Viejo,False
12055,0107,El Cucharillo (Plaza de Gallos),18.541345833333335,-99.72106361111112,46,2.0,False,2.0,2.338674079538375,12055,Chichila,False
12055,0109,Cholcingo,18.597514166666667,-99.53294888888888,35,1.0,False,1.0,1.7607685070739578,12055,Axixintla,False
12055,0111,El Gavilán,18.60038638888889,-99.55530833333333,344,24.0,False,24.0,4.03579339031042,12055,Axixintla,False
12055,0112,Huitzotla,18.532566666666664,-99.68483277777779,17,0.0,False,0.0,2.6478709537344067,12055,Chichila,False
12055,0113,La Galera,18.61264777777778,-99.47025555555555,67,4.0,False,4.0,5.0624817266455455,12055,Axixintla,False
12055,0117,Martelas,18.564218333333333,-99.58733333333333,723,45.0,False,45.0,1.971954718929515,12055,Taxco de Alarcón,False
12055,0118,Minas Viejas,18.5282475,-99.60843527777777,434,28.0,False,28.0,3.26480505204331,12055,Taxco de Alarcón,False
12055,0119,La Mora,18.55269888888889,-99.71246861111112,206,16.0,False,16.0,1.2125828101436484,12055,Chichila,False
12055,0120,Los Pajaritos,18.55191,-99.73934027777779,9,,True,0.49319038508893226,4.0262266786770065,12055,Chichila,False
12055,0121,Plaza de Gallos (El Cucharillo),18.535844166666667,-99.71992861111111,44,1.0,False,1.0,2.5734275521273746,12055,Chichila,False
12055,0124,La Quebradora,18.56754611111111,-99.56967444444444,525,37.0,False,37.0,3.8505573718961643,12055,Taxco de Alarcón,False
12055,0126,Rancho Romerito,18.579354166666665,-99.66836805555556,7,,True,0.3835925217358362,4.705296899215915,12055,Chichila,False
12055,0127,Ex-Hacienda San Francisco Cuadra,18.550137777777778,-99.62953722222221,9,,True,0.49319038508893226,2.7499502251658265,12055,Taxco de Alarcón,False
12055,0128,El Tejocote,18.59598722222222,-99.67245666666668,21,1.0,False,1.0,5.879623198359713,12055,Chichila,False
12055,0132,Los Capulines,18.603393055555557,-99.68739861111112,5,,True,0.2739946583827401,6.041325793151933,12055,Chichila,False
12055,0133,La Ciénega,18.570613055555555,-99.73281916666667,19,0.0,False,0.0,4.006968958522692,12055,Chichila,False
12055,0134,Coronillas,18.614029722222224,-99.70186166666667,76,6.0,False,6.0,5.5241228212128055,12060,Noxtepec,True
12055,0135,El Ancón,18.533323055555556,-99.74107333333333,38,4.0,False,4.0,4.627108426223592,12055,Chichila,False
12055,0138,La Presa,18.399124999999998,-99.67098833333334,54,2.0,False,2.0,3.612085340727586,12055,Temaxcalapa,False
12055,0139,Xochimilco,18.507570277777777,-99.66033777777778,76,6.0,False,6.0,0.6606064008473526,12055,Atzala (Atzala de la Asunción),False
12055,0145,La Cascada,18.555019722222223,-99.65922194444445,329,22.0,False,22.0,4.448575481129507,12055,Chichila,False
12055,0146,Ixtlahuaca,18.58787027777778,-99.70201388888889,5,,True,0.2739946583827401,4.1392603903400245,12055,Chichila,False
12055,0147,La Güera,18.501440555555554,-99.47552527777778,13,1.0,False,1.0,2.9355674255261053,12055,Tlamacazapa,False
12055,0156,El Espejo,18.575588333333332,-99.60539527777777,243,7.0,False,7.0,2.0262160040991213,12055,Taxco de Alarcón,False
12055,0158,La Calavera,18.58396583333333,-99.60121249999999,109,5.0,False,5.0,2.9774137981996125,12055,Taxco de Alarcón,False
12055,0159,Landa Uno,18.561510555555557,-99.62443527777778,109,4.0,False,4.0,2.1412274727201708,12055,Taxco de Alarcón,False
12055,0160,La Alberca (Rancho Spratung Silver),18.46836361111111,-99.57939638888888,2,,True,0.10959786335309606,1.9572395014583497,12055,Taxco el Viejo,False
12055,0170,Cerrito del Cristo,18.555494444444445,-99.56684555555555,4,,True,0.2191957267061921,3.98482068664619,12055,Taxco de Alarcón,False
12055,0171,Cerro del Tepatule,18.557465833333335,-99.7213438888889,14,0.0,False,0.0,2.2575159062571073,12055,Chichila,False
12055,0173,Loma del Fresno,18.598071388888886,-99.68954444444445,92,12.0,False,12.0,5.413132887037372,12055,Chichila,False
12055,0174,El Nogal,18.58714694444444,-99.7539825,45,5.0,False,5.0,3.5094364268950478,12047,San Pablo,True
12055,0175,Palo del Muerto,18.596700277777778,-99.67933083333334,36,2.0,False,2.0,5.613807371982719,12055,Chichila,False
12055,0183,Puerto la Trampa (El Puerto),18.56381777777778,-99.72164611111111,7,,True,0.3835925217358362,2.607991269320389,12055,Chichila,False
12055,0186,La Barranca de Castontla,18.5617375,-99.62984638888888,18,1.0,False,1.0,2.70553132250846,12055,Taxco de Alarcón,False
12055,0188,Las Crucecitas,18.61040388888889,-99.69502166666668,14,0.0,False,0.0,5.879464522085227,12060,Noxtepec,True
12055,0189,La Ocotera de Landa,18.562381944444446,-99.63244888888889,30,2.0,False,2.0,2.9883336936018705,12055,Taxco de Alarcón,False
12055,0190,Rancho Agua Bendita,18.46597111111111,-99.5798925,1,,True,0.05479893167654803,2.201480289902632,12055,Taxco el Viejo,False
12055,0191,La Rosa,18.604209166666667,-99.72068222222222,20,1.0,False,1.0,6.08568071708879,12047,San Pablo,True
12055,0192,Los Texcalitos,18.61074138888889,-99.72781388888889,5,0.0,False,0.0,5.317224485848904,12047,San Pablo,True
12055,0193,Tezoquipa,18.6200625,-99.50726583333334,15,0.0,False,0.0,2.2140306854763225,12055,Axixintla,False
12055,0194,Barrio Molina,18.55943166666667,-99.62422305555555,23,2.0,False,2.0,2.081592061540142,12055,Taxco de Alarcón,False
12055,0195,Colonia el Arenal,18.576786666666667,-99.60821388888888,60,2.0,False,2.0,2.191170994851665,12055,Taxco de Alarcón,False
12055,0196,El Potrero,18.577960277777777,-99.60246472222222,128,11.0,False,11.0,2.299194595493699,12055,Taxco de Alarcón,False
12055,0201,La W,18.541578611111113,-99.71392166666666,68,4.0,False,4.0,1.6808846199586756,12055,Chichila,False
12055,0203,San Francisco,18.589000555555554,-99.66299305555556,10,,True,0.5479893167654802,5.862993528041718,12055,Chichila,False
12055,0205,Angolilla,18.546363055555556,-99.71313027777778,74,7.0,False,7.0,1.3480830372393582,12055,Chichila,False
12055,0206,El Boliche,18.548785833333334,-99.56449027777778,202,9.0,False,9.0,4.334360194654893,12055,Taxco de Alarcón,False
12055,0207,El Cedrito,18.558825555555558,-99.57429611111111,1038,51.0,False,51.0,3.197897160722871,12055,Taxco de Alarcón,False
12056,0001,Tecoanapa,16.988854444444446,-99.26087638888889,4590,290.0,False,290.0,0.0,12056,Tecoanapa,False
12056,0002,El Amatal,16.87769,-99.31199694444445,552,45.0,False,45.0,1.2654815085694255,12053,Santa Elena de la Villa,True
12056,0003,Las Ánimas,16.971496666666663,-99.3196161111111,1565,85.0,False,85.0,0.0,12056,Las Ánimas,False
12056,0004,Barrio Nuevo,16.96889722222222,-99.23647472222223,443,26.0,False,26.0,3.4145275087562306,12056,Tecoanapa,False
12056,0005,Buenavista de Allende,17.001270277777778,-99.21327555555555,1950,127.0,False,127.0,0.0,12056,Buenavista de Allende,False
12056,0006,Carabalincito,16.795967222222224,-99.17901444444445,159,10.0,False,10.0,6.583602563474541,12053,Las Vigas,True
12056,0007,El Carrizo,16.924081944444445,-99.22144777777778,617,39.0,False,39.0,4.386441861596307,12056,Parota Seca,False
12056,0008,Las Crucitas,16.891918611111112,-99.26162083333334,293,16.0,False,16.0,4.164112731033479,12053,Rancho Viejo,True
12056,0009,Cruz Quemada,16.997296666666667,-99.17904444444444,1712,115.0,False,115.0,0.0,12056,Cruz Quemada,False
12056,0010,El Charco,17.060458055555557,-99.27680611111111,569,54.0,False,54.0,1.4868648800205457,12056,Los Magueyitos,False
12056,0011,Chautipa,17.091828333333332,-99.39066277777779,756,45.0,False,45.0,0.0,12056,Chautipa,False
12056,0012,La Estrella,17.0692975,-99.37040388888889,447,51.0,False,51.0,0.0,12056,La Estrella,False
12056,0013,El Guayabo,16.939836944444444,-99.20675527777779,692,52.0,False,52.0,5.557491430332538,12056,Parota Seca,False
12056,0014,Huamuchapa,16.944330833333332,-99.31752138888889,3108,261.0,False,261.0,0.0,12056,Huamuchapa,False
12056,0015,Huerta Grande,16.922853055555557,-99.26469861111111,59,1.0,False,1.0,2.041218052150714,12056,Parota Seca,False
12056,0016,Lagunillas,17.01421277777778,-99.19502250000001,1322,97.0,False,97.0,2.4162251827006185,12056,Buenavista de Allende,False
12056,0017,El Limón,16.995735,-99.37755083333333,1783,120.0,False,120.0,0.0,12056,El Limón,False
12056,0018,Los Magueyitos,17.068463333333334,-99.26560222222223,840,65.0,False,65.0,0.0,12056,Los Magueyitos,False
12056,0019,Mecatepec,16.98385222222222,-99.2375161111111,1036,66.0,False,66.0,2.545732846212609,12056,Tecoanapa,False
12056,0020,Ocotitlán,16.939968611111112,-99.36790916666666,1291,89.0,False,89.0,0.0,12056,Ocotitlán,False
12056,0021,Ochoapa,17.11212138888889,-99.31308083333333,396,27.0,False,27.0,3.9035232179746213,12039,El Terrero,True
12056,0022,San Juan las Palmas,16.90673472222222,-99.16849194444445,387,21.0,False,21.0,2.0138437863425156,12012,Tutepec,True
12056,0023,Las Palmitas,16.963148333333333,-99.17676555555556,171,11.0,False,11.0,3.804847769810965,12056,Cruz Quemada,False
12056,0024,Parota Seca,16.940381666666667,-99.25899888888888,908,79.0,False,79.0,0.0,12056,Parota Seca,False
12056,0025,Las Parotillas (Las Parotillitas),16.95351972222222,-99.26149,56,4.0,False,4.0,1.4847203707254526,12056,Parota Seca,False
12056,0026,El Pericón,16.979585555555555,-99.32195527777777,1688,115.0,False,115.0,0.0,12056,El Pericón,False
12056,0027,La Perseverancia,17.0808025,-99.37647472222221,457,33.0,False,33.0,1.4328301552575327,12056,La Estrella,False
12056,0028,Pochotillo,17.020899999999997,-99.42792250000001,1480,95.0,False,95.0,0.0,12056,Pochotillo,False
12056,0029,El Potrero,16.86983861111111,-99.22672277777778,263,10.0,False,10.0,6.700279682810109,12053,Rancho Viejo,True
12056,0030,Rancho Nuevo,16.895431666666667,-99.17387944444445,404,18.0,False,18.0,3.378229273956862,12012,Tutepec,True
12056,0031,Rancho Viejo,17.09540583333333,-99.39962694444445,666,42.0,False,42.0,1.0324509709353376,12056,Chautipa,False
12056,0033,San Francisco,17.006059166666667,-99.28300722222222,1786,158.0,False,158.0,3.032834121538398,12056,Tecoanapa,False
12056,0034,San Martín,17.14421527777778,-99.31440805555555,245,12.0,False,12.0,4.252196302536565,12039,El Terrero,True
12056,0035,Santa Rosa,16.97178083333333,-99.28879444444445,278,20.0,False,20.0,3.2781079400320787,12056,Las Ánimas,False
12056,0036,Los Sauces,16.85386777777778,-99.22940277777778,431,18.0,False,18.0,6.532644992340515,12053,Rancho Viejo,True
12056,0037,Los Saucitos,16.986244444444445,-99.29899888888889,1621,108.0,False,108.0,2.551132933558531,12056,El Pericón,False
12056,0038,El Tecorral,16.903286388888887,-99.27033944444445,720,45.0,False,45.0,4.297611497326556,12056,Parota Seca,False
12056,0039,Tecuantepec,17.00152222222222,-99.24803805555555,927,68.0,False,68.0,1.9616180675863721,12056,Tecoanapa,False
12056,0040,El Techale (Tlaltechale),16.923899722222224,-99.39630555555556,863,54.0,False,54.0,3.5095532417348894,12056,Ocotitlán,False
12056,0041,Tehuitzingo,16.94067861111111,-99.17315583333334,439,23.0,False,23.0,2.7310232107088903,12012,Tutepec,True
12056,0042,El Tejolote,16.903740555555554,-99.20516500000001,116,6.0,False,6.0,5.454286574285508,12012,Tutepec,True
12056,0043,El Tejoruco (Tejoruco),16.936141944444444,-99.2415875,387,31.0,False,31.0,1.9111296239902087,12056,Parota Seca,False
12056,0044,Tejoruquito,16.8787625,-99.22460527777778,216,13.0,False,13.0,7.061018385981308,12053,Rancho Viejo,True
12056,0045,Tepintepec,16.97178472222222,-99.25073805555556,328,17.0,False,17.0,2.1829200979955177,12056,Tecoanapa,False
12056,0046,Tlayoyotepec,16.96173861111111,-99.27865666666666,347,28.0,False,28.0,3.164075590043611,12056,Parota Seca,False
12056,0047,Villa Hermosa,16.938670000000002,-99.32998111111111,1637,146.0,False,146.0,1.4672157282804905,12056,Huamuchapa,False
12056,0048,Xalpatláhuac,17.02127722222222,-99.32976111111111,3785,276.0,False,276.0,0.0,12056,Xalpatláhuac,False
12056,0051,La Colonia de Río Nexpa (La Colonia),16.792942500000002,-99.1853825,150,12.0,False,12.0,5.841160928365611,12053,Las Vigas,True
12056,0052,El Zanate,17.02677444444444,-99.13937750000001,197,18.0,False,18.0,3.327378339325233,12012,Apantla,True
12056,0058,Lázaro Cárdenas (Cololonia Lázaro Cárdenas del Río),16.989829166666667,-99.36996388888888,314,22.0,False,22.0,1.0402771298706053,12056,El Limón,False
12056,0059,La Ceiba,16.998538333333336,-99.23279472222222,4,,True,0.27987755899528904,2.0977080821908856,12056,Buenavista de Allende,False
12056,0061,Parotilla,16.95882138888889,-99.26462138888888,349,22.0,False,22.0,2.1358375096562443,12056,Parota Seca,False
12056,0079,Crucero de Tecuantepec,16.992974444444446,-99.24560583333333,3,,True,0.20990816924646677,1.687276619055064,12056,Tecoanapa,False
12056,0081,Los Ramos,16.9984125,-99.27806944444444,4,,True,0.27987755899528904,2.1147731675594423,12056,Tecoanapa,False
12056,0083,Cabaña de los Tecolotes,16.991187222222223,-99.24701166666667,11,,True,0.7696632872370449,1.4970446532271262,12056,Tecoanapa,False
12056,0087,Quinta la Huerta,16.99194388888889,-99.25721722222222,8,,True,0.5597551179905781,0.5190656259358686,12056,Tecoanapa,False
12056,0088,Los Teodoritos (El Aterrizaje),16.997073333333333,-99.2524475,6,,True,0.41981633849293354,1.2800852853662632,12056,Tecoanapa,False
12056,0089,La Ceibita,16.996491111111112,-99.23584361111111,9,,True,0.6297245077394004,2.457951420657269,12056,Buenavista de Allende,False
12056,0091,Colonia Nueva Reforma,17.027358888888887,-99.19581833333334,114,7.0,False,7.0,1.3429793652341022,12012,El Refugio,True
12056,0092,Flor de la Jamaica [Unidad Habitacional],16.991913333333333,-99.24478833333333,66,5.0,False,5.0,1.744314559005985,12056,Tecoanapa,False
12056,0093,Pueblo Largo,16.99296027777778,-99.247885,37,5.0,False,5.0,1.4550051955271577,12056,Tecoanapa,False
12056,0095,Piedra Parada,16.980976944444443,-99.24396083333333,5,,True,0.3498469487441113,2.000810127898591,12056,Tecoanapa,False
12057,0001,Técpan de Galeana,17.22260861111111,-100.63237777777778,16447,871.0,False,871.0,0.0,12057,Técpan de Galeana,False
12057,0002,Acatolín,17.215668333333333,-100.68790444444444,20,1.0,False,1.0,1.5624793498174478,12057,Rodecia,False
12057,0003,Achotla,17.202833333333334,-100.56903444444444,25,3.0,False,3.0,3.079459904138862,12057,Santa María,False
12057,0004,Colonia Aguas Blancas,17.18501388888889,-100.6094661111111,317,18.0,False,18.0,4.837151856150649,12057,Técpan de Galeana,False
12057,0006,Arroyo Frío,17.414430277777775,-100.60590388888889,77,4.0,False,4.0,10.687751155327044,12057,Platanillo,False
12057,0009,Bajitos de la Laguna,17.57336972222222,-100.76258888888889,396,32.0,False,32.0,0.0,12057,Bajitos de la Laguna,False
12057,0010,Bajos del Balzamar,17.593206111111108,-100.79779527777778,265,25.0,False,25.0,0.0,12057,Bajos del Balzamar,False
12057,0011,Las Barrancas,17.260463333333334,-100.68619361111112,183,11.0,False,11.0,6.069802240260551,12057,Rodecia,False
12057,0013,Buena Vista de Juárez,17.27207361111111,-100.94140944444445,309,9.0,False,9.0,6.524243843509444,12057,San Luis San Pedro,False
12057,0014,Cacahuananches,17.272405833333334,-100.56784138888888,24,2.0,False,2.0,4.706393743862722,12057,Santa María,False
12057,0015,Los Cajeles,17.288563055555557,-100.57218388888889,10,,True,0.5216364946272821,6.476304850894995,12057,Santa María,False
12057,0016,Camalotera,17.551844444444445,-100.94214944444445,1,,True,0.05216364946272821,2.2499036928586675,12057,El Porvenir,False
12057,0017,El Camarón,17.32930138888889,-100.87164777777777,36,2.0,False,2.0,7.11642877546118,12057,San Luis San Pedro,False
12057,0018,Cañada de la Remonta (La Cañada),17.30987361111111,-100.86829166666666,213,16.0,False,16.0,5.060066211037946,12057,San Luis San Pedro,False
12057,0020,La Caña,17.247841944444446,-100.54100083333333,105,6.0,False,6.0,3.877197799136283,12057,Santa María,False
12057,0022,La Palma de Cayaco (La Cayaca),17.228726111111108,-100.58462916666666,51,1.0,False,1.0,1.2934098694415983,12057,Santa María,False
12057,0023,El Cayaquito,17.30297277777778,-101.05252194444444,38,0.0,False,0.0,3.0709107588913165,12057,Puerto Vicente Guerrero,False
12057,0025,La Ciénega,17.459945833333332,-100.90500833333334,47,0.0,False,0.0,8.70205754522604,12057,El Porvenir,False
12057,0027,El Cobano,17.27882222222222,-101.01417444444445,389,15.0,False,15.0,4.388903827337744,12057,Puerto Vicente Guerrero,False
12057,0029,Colonia Veinte de Noviembre (El Veinte),17.215136388888887,-100.78842222222222,702,33.0,False,33.0,3.5357626070397066,12057,Nuxco,False
12057,0030,El Consuelito,17.271739999999998,-101.0041825,270,13.0,False,13.0,5.450216256033327,12057,Puerto Vicente Guerrero,False
12057,0031,El Cordón Grande,17.597918888888888,-100.65048194444445,282,23.0,False,23.0,0.0,12057,El Cordón Grande,False
12057,0033,El Cuajilote,17.20625361111111,-100.65943138888889,37,1.0,False,1.0,2.6321015374625594,12057,El Súchil,False
12057,0034,El Chilcahuite,17.227015555555553,-100.84520611111111,22,0.0,False,0.0,5.704035058865243,12057,San Luis San Pedro,False
12057,0036,Estero Colorado,17.271254444444445,-101.03623972222222,60,2.0,False,2.0,2.0843046339109064,12057,Puerto Vicente Guerrero,False
12057,0037,Las Fincas Viejas,17.331984444444444,-100.52160444444445,141,11.0,False,11.0,12.532640567043535,12057,Santa María,False
12057,0039,El Guayabal,17.398315277777776,-100.78029333333333,173,8.0,False,8.0,3.522656608885404,12057,Santa Lucía,False
12057,0040,El Guayabillo,17.284977222222224,-100.80995888888889,393,19.0,False,19.0,7.767385182151925,12057,San Luis San Pedro,False
12057,0042,La Hacienda (La Hacienda de Almolonga),17.312361944444444,-100.528505,21,0.0,False,0.0,10.252197960557611,12057,Santa María,False
12057,0043,El Guamilito,17.410480555555555,-100.88951166666668,7,0.0,False,0.0,8.253347396040871,12057,Santa Lucía,False
12057,0044,El Jovero,17.386948888888888,-100.8592475,12,0.0,False,0.0,4.959923051572686,12057,Santa Lucía,False
12057,0045,La Laguna,17.5376525,-100.77554555555555,97,9.0,False,9.0,4.202405979317195,12057,Bajitos de la Laguna,False
12057,0046,Los Laureles,17.348138888888887,-101.05648111111111,243,19.0,False,19.0,3.3713871296818487,12048,Coyuquilla Norte,True
12057,0047,Los Letrados,17.409931388888886,-100.55002833333333,47,3.0,False,3.0,11.134395223874423,12057,Platanillo,False
12057,0048,El Limón,17.230345277777776,-100.69089972222223,85,2.0,False,2.0,2.71663022196136,12057,Rodecia,False
12057,0049,Llanos de Navarrete,17.25674888888889,-100.8256336111111,164,11.0,False,11.0,5.893618321921773,12057,San Luis San Pedro,False
12057,0050,La Llave,17.347210555555556,-100.83335666666666,137,6.0,False,6.0,5.763131151151863,12057,Santa Lucía,False
12057,0051,Paso de los Magueyes (Los Magueyes),17.392736944444444,-100.59340222222222,31,1.0,False,1.0,12.776002383186231,12057,Platanillo,False
12057,0052,Las Mesas (La Hacienda de los Romero),17.286553333333334,-100.61453083333333,1,,True,0.05216364946272821,7.35856518297816,12057,Técpan de Galeana,False
12057,0053,El Moreno (Rubén Figueroa),17.403253888888887,-100.58625055555555,143,7.0,False,7.0,11.53137378309922,12057,Platanillo,False
12057,0054,Los Naranjos,17.263880555555556,-100.58905527777777,6,,True,0.31298189677636923,4.122044114313318,12057,Santa María,False
12057,0055,Nuxco,17.209618055555556,-100.75563861111111,2033,97.0,False,97.0,0.0,12057,Nuxco,False
12057,0056,El Ojo de Agua,17.227878333333333,-100.75001916666666,526,17.0,False,17.0,2.116354559546836,12057,Nuxco,False
12057,0057,La Palma,17.41519111111111,-100.77581055555555,60,6.0,False,6.0,4.550933275937221,12057,Santa Lucía,False
12057,0059,Papanoa,17.323666111111113,-101.04090611111111,3193,152.0,False,152.0,5.572568272501748,12057,Puerto Vicente Guerrero,False
12057,0060,Las Parotas,17.285239722222222,-100.70475472222222,174,9.0,False,9.0,8.664964888987479,12057,Rodecia,False
12057,0062,Los Pitales,17.458354444444442,-100.56951805555555,98,5.0,False,5.0,5.429980717543171,12057,Platanillo,False
12057,0063,Los Pitos,17.43109777777778,-100.58161527777777,42,2.0,False,2.0,8.408776131049693,12057,Platanillo,False
12057,0064,Platanillo,17.506610833333333,-100.57736249999999,227,20.0,False,20.0,0.0,12057,Platanillo,False
12057,0067,Poza de Bache,17.268365,-100.82455416666666,26,0.0,False,0.0,5.927393628240317,12057,San Luis San Pedro,False
12057,0068,La Poza,17.244054722222224,-100.67247111111112,11,0.0,False,0.0,4.263170037848761,12057,El Súchil,False
12057,0069,Primer Agua,17.250743888888888,-100.58835277777777,20,0.0,False,0.0,2.822715862672777,12057,Santa María,False
12057,0070,Llanos de la Puerta,17.31018027777778,-100.89253500000001,39,1.0,False,1.0,5.098418304679948,12057,San Luis San Pedro,False
12057,0071,Puerto Vicente Guerrero,17.275488888888887,-101.05536222222221,564,27.0,False,27.0,0.0,12057,Puerto Vicente Guerrero,False
12057,0072,Pusumiche (Paso de Villalba),17.257012222222222,-100.63159916666666,52,4.0,False,4.0,3.8264005543035173,12057,Técpan de Galeana,False
12057,0073,Rancho Alegre del Llano (El Llano),17.27111111111111,-100.95361111111112,1431,79.0,False,79.0,7.80497696742082,12057,San Luis San Pedro,False
12057,0074,Rayo Verde,17.309240555555558,-101.04934361111111,89,5.0,False,5.0,3.807022806221299,12057,Puerto Vicente Guerrero,False
12057,0075,Río Chiquito,17.35639111111111,-100.85201749999999,61,4.0,False,4.0,5.970503370827639,12057,Santa Lucía,False
12057,0076,Rodecia,17.207455277777775,-100.69984055555555,651,33.0,False,33.0,0.0,12057,Rodecia,False
12057,0077,El Salto,17.265309444444444,-100.7418175,47,1.0,False,1.0,6.364177854789129,12057,Nuxco,False
12057,0078,San Antonio,17.351581111111113,-100.87129277777777,50,6.0,False,6.0,7.845010604827615,12057,Santa Lucía,False
12057,0079,San Luis de la Loma,17.271508333333333,-100.88942555555556,5184,266.0,False,266.0,1.1547881600368375,12057,San Luis San Pedro,False
12057,0080,San Luis San Pedro,17.26583888888889,-100.8803136111111,5033,241.0,False,241.0,0.0,12057,San Luis San Pedro,False
12057,0082,Santa María,17.230321388888886,-100.57256583333333,691,29.0,False,29.0,0.0,12057,Santa María,False
12057,0083,Santa Rosa de Lima (Santa Rosa),17.377419444444445,-101.0502,583,34.0,False,34.0,0.7361326113594931,12048,Coyuquilla Norte,True
12057,0084,La Soledad,17.234948333333335,-100.67883222222223,19,2.0,False,2.0,3.7847668568461543,12057,Rodecia,False
12057,0085,La Sombra,17.481131666666666,-100.90472972222223,31,2.0,False,2.0,6.578750932193188,12057,El Porvenir,False
12057,0086,El Súchil,17.221216111111108,-100.6402288888889,8382,518.0,False,518.0,0.0,12057,El Súchil,False
12057,0087,Los Tarros,17.21035361111111,-100.81847194444444,111,8.0,False,8.0,6.674430026379052,12057,Nuxco,False
12057,0088,Tenexpa,17.18343527777778,-100.67029416666666,2015,83.0,False,83.0,4.121196129108081,12057,Rodecia,False
12057,0089,Tetitlán,17.157273333333332,-100.64046972222224,1470,71.0,False,71.0,7.11015851069407,12057,El Súchil,False
12057,0090,Tierra Blanca,17.295228333333334,-100.53098166666666,77,1.0,False,1.0,8.460955905642173,12057,Santa María,False
12057,0091,El Tirador,17.364473611111112,-100.87201611111111,11,0.0,False,0.0,7.111836693711526,12057,Santa Lucía,False
12057,0093,Las Tortugas,17.20814,-100.67860194444445,43,1.0,False,1.0,2.257199432158284,12057,Rodecia,False
12057,0094,El Trapiche,17.366679166666668,-100.56966027777777,19,0.0,False,0.0,15.165430602753215,12057,Santa María,False
12057,0095,El Tule,17.40271861111111,-100.88229166666666,60,2.0,False,2.0,7.360345680021087,12057,Santa Lucía,False
12057,0097,Villa Rotaria,17.193973055555556,-100.6690888888889,1504,75.0,False,75.0,3.5940853291203867,12057,Rodecia,False
12057,0098,Vuelta del Barco,17.242217222222223,-100.74201444444445,47,2.0,False,2.0,3.902997485035015,12057,Nuxco,False
12057,0100,La Zarza,17.197475833333332,-100.73085333333333,172,10.0,False,10.0,2.958714595311185,12057,Nuxco,False
12057,0101,Zeuta,17.348105555555556,-100.98473,6,,True,0.31298189677636923,8.384426625837186,12048,Coyuquilla Norte,True
12057,0102,Puerto Edén,17.476434166666664,-100.75028722222223,85,5.0,False,5.0,10.85738102216848,12057,Bajitos de la Laguna,False
12057,0103,Camarones,17.266245,-100.57022083333332,9,0.0,False,0.0,4.002278132143609,12057,Santa María,False
12057,0104,Carrizal Cinta Larga,17.1661,-100.73117583333334,316,13.0,False,13.0,5.492614962746305,12057,Nuxco,False
12057,0106,Los Cimientos,17.568456944444446,-100.70933611111111,10,1.0,False,1.0,5.671537958697542,12057,Bajitos de la Laguna,False
12057,0112,Las Palmitas,17.22960722222222,-100.6071211111111,24,1.0,False,1.0,2.793041830021639,12057,Técpan de Galeana,False
12057,0113,Las Palmas,17.26064638888889,-100.6649225,19,1.0,False,1.0,5.10886440776259,12057,El Súchil,False
12057,0114,El Porvenir,17.5328275,-100.93490111111112,227,8.0,False,8.0,0.0,12057,El Porvenir,False
12057,0115,Santa Lucía,17.395394444444445,-100.81335055555556,136,5.0,False,5.0,0.0,12057,Santa Lucía,False
12057,0117,El Trapiche,17.280704166666666,-100.93686666666667,458,22.0,False,22.0,6.228151113298976,12057,San Luis San Pedro,False
12057,0118,El Mechudo,17.572543333333332,-100.88900777777778,14,0.0,False,0.0,6.570841407831761,12057,El Porvenir,False
12057,0119,Zaragoza (El Tejón),17.59542638888889,-100.69311333333334,254,17.0,False,17.0,4.52707450502374,12057,El Cordón Grande,False
12057,0122,Corales (Corrales),17.38277777777778,-100.78415583333333,139,11.0,False,11.0,3.4007920824079494,12057,Santa Lucía,False
12057,0125,Gloria Escondida,17.43995222222222,-100.87894333333332,9,0.0,False,0.0,8.5427126786176,12057,Santa Lucía,False
12057,0127,La Cuesta,17.35049111111111,-100.78447222222222,105,4.0,False,4.0,5.858521858790671,12057,Santa Lucía,False
12057,0128,Macahuitillo,17.454785833333332,-100.88686861111111,5,,True,0.26081824731364106,10.062462805425177,12057,El Porvenir,False
12057,0129,La Manteca,17.587529444444442,-100.64259583333335,3,,True,0.15649094838818461,1.4259417663777598,12057,El Cordón Grande,False
12057,0130,La Florida,17.524722777777775,-100.96579111111112,1,,True,0.05216364946272821,3.397039967927847,12057,El Porvenir,False
12057,0131,La Sierrita Bajos de Balzamar,17.671053611111113,-100.83652388888889,135,9.0,False,9.0,9.579893315435433,12057,Bajos del Balzamar,False
12057,0132,La Lajita,17.435089722222223,-100.89444805555556,2,,True,0.10432729892545642,9.670370921433362,12057,Santa Lucía,False
12057,0133,El Zapote,17.429792777777777,-100.88593916666667,26,0.0,False,0.0,8.599113150149256,12057,Santa Lucía,False
12057,0134,El Zapote,17.267785277777776,-100.56289666666666,9,0.0,False,0.0,4.290474882066441,12057,Santa María,False
12057,0135,El Callado,17.500028888888888,-100.95243305555556,23,0.0,False,0.0,4.093534946452914,12057,El Porvenir,False
12057,0136,Agua Zarca,17.5282125,-100.91658527777778,1,,True,0.05216364946272821,2.0086953155217304,12057,El Porvenir,False
12057,0137,El Palancón,17.54522277777778,-100.89587,8,,True,0.4173091957018257,4.361790772830827,12057,El Porvenir,False
12057,0141,La Piedra,17.459937777777778,-100.57534166666666,6,,True,0.31298189677636923,5.194230667339884,12057,Platanillo,False
12057,0144,Corral de Piedra,17.47591972222222,-100.90405666666668,7,,True,0.36514554623909745,7.12325290914651,12057,El Porvenir,False
12057,0147,Guajes,17.317248888888887,-100.71709472222223,3,,True,0.15649094838818461,12.345204827096081,12057,Rodecia,False
12057,0149,El Pital,17.426113611111113,-100.77882055555555,68,8.0,False,8.0,5.009003207570383,12057,Santa Lucía,False
12057,0151,Pochote,17.357698333333335,-100.82494,86,5.0,False,5.0,4.368322346093406,12057,Santa Lucía,False
12057,0153,Zacatonal,17.465136666666666,-100.71528166666667,23,1.0,False,1.0,12.976277372085576,12057,Santa Lucía,False
12057,0154,El Churo (Churro),17.39050472222222,-100.81917166666666,13,3.0,False,3.0,0.8228942046602719,12057,Santa Lucía,False
12057,0155,Las Humedades,17.507284722222224,-100.69350250000001,50,0.0,False,0.0,10.375529213627637,12057,Bajitos de la Laguna,False
12057,0156,La Humedad,17.386069166666665,-100.79789194444444,45,3.0,False,3.0,1.9406036394444366,12057,Santa Lucía,False
12057,0158,Estate,17.38309111111111,-100.87300555555555,13,1.0,False,1.0,6.476312085620771,12057,Santa Lucía,False
12057,0160,La Ciénega del Pochote,17.356416111111113,-100.80970611111111,80,4.0,False,4.0,4.351414073122859,12057,Santa Lucía,False
12057,0162,La Palapa,17.394632777777776,-100.88613722222223,9,0.0,False,0.0,7.723826705334401,12057,Santa Lucía,False
12057,0166,Arroyo Grande,17.33091222222222,-100.63653694444444,39,2.0,False,2.0,12.050906357617057,12057,Técpan de Galeana,False
12057,0168,Arroyo de la Ordeña (La Ordeña),17.356109722222225,-100.58532555555556,115,8.0,False,8.0,14.052473512356412,12057,Santa María,False
12057,0169,La Martha,17.30106361111111,-100.72444416666667,36,2.0,False,2.0,10.694247175827243,12057,Nuxco,False
12057,0172,Valle del Río,17.380883611111113,-100.58787444444444,9,,True,0.4694728451645539,14.024631998390163,12057,Platanillo,False
12057,0173,Rancho Nuevo,17.338697222222223,-100.6808013888889,11,0.0,False,0.0,13.755264255451744,12057,El Súchil,False
12057,0182,Los Cajones,17.2861,-100.60919305555555,2,,True,0.10432729892545642,7.320922112149442,12057,Santa María,False
12057,0187,El Para,17.337623055555554,-100.50277,166,8.0,False,8.0,11.446460155646124,12011,San Juan de las Flores,True
12057,0191,Paraje,17.338421944444445,-100.56976333333333,17,0.0,False,0.0,12.023915605897143,12057,Santa María,False
12057,0192,El Guarumbo,17.283290555555556,-100.64506611111112,4,,True,0.20865459785091284,6.880738264752456,12057,Técpan de Galeana,False
12057,0194,El Verde,17.293948333333336,-100.60968555555554,16,1.0,False,1.0,8.098877248147563,12057,Santa María,False
12057,0196,El Valle,17.30138416666667,-100.73779305555556,82,3.0,False,3.0,10.378401500834968,12057,Nuxco,False
12057,0200,Santa Bárbara (Rancho de los Galeana),17.309653611111113,-100.60126194444445,3,,True,0.15649094838818461,9.332754014446854,12057,Santa María,False
12057,0201,Los Bancos,17.50187111111111,-100.55315305555555,136,8.0,False,8.0,2.6208529570835655,12057,Platanillo,False
12057,0202,Palo Solo,17.505803333333333,-100.65691500000001,57,5.0,False,5.0,8.43661175923342,12057,Platanillo,False
12057,0203,Agua Vicente,17.54914138888889,-100.56925916666667,7,0.0,False,0.0,4.806600838373077,12057,Platanillo,False
12057,0204,Puerto de Vela,17.486419722222223,-100.55964777777777,56,6.0,False,6.0,2.9274632369649787,12057,Platanillo,False
12057,0205,La Sierrita de los Torres,17.534481666666668,-100.63895305555556,19,2.0,False,2.0,7.158992823491177,12057,El Cordón Grande,False
12057,0206,Monte Verde,17.472734999999997,-100.61751805555555,5,,True,0.26081824731364106,5.685532078303439,12057,Platanillo,False
12057,0207,Las Truchas,17.472255555555552,-100.70024972222222,26,2.0,False,2.0,13.04253168247646,12057,Bajitos de la Laguna,False
12057,0208,Aguacatoso,17.44031861111111,-100.52403277777778,4,,True,0.20865459785091284,9.291466600370644,12057,Platanillo,False
12057,0209,Corinto,17.314259166666666,-100.59854583333333,14,1.0,False,1.0,9.732578876035285,12057,Santa María,False
12057,0210,Potrero de Carlos,17.261032222222223,-100.57830222222222,115,7.0,False,7.0,3.468799086577939,12057,Santa María,False
12057,0211,Platanito,17.285526944444445,-100.56564638888888,3,,True,0.15649094838818461,6.182395937376332,12057,Santa María,False
12057,0213,La Parada del Puerto Vicente Guerrero,17.282352777777778,-101.0454911111111,383,27.0,False,27.0,1.296532163466932,12057,Puerto Vicente Guerrero,False
12057,0214,San Francisco,17.26511777777778,-100.98781277777778,78,2.0,False,2.0,7.264630419647714,12057,Puerto Vicente Guerrero,False
12057,0215,Pedregal,17.27463222222222,-100.98357138888889,50,5.0,False,5.0,7.623269714030836,12057,Puerto Vicente Guerrero,False
12057,0221,Cruz del Tamarindo,17.16651722222222,-100.5563,2,,True,0.10432729892545642,7.302059676991725,12057,Santa María,False
12057,0222,Palo de Arco,17.2617875,-100.82559666666667,8,0.0,False,0.0,5.827580236630923,12057,San Luis San Pedro,False
12057,0225,La Gloria,17.22372833333333,-100.80977472222222,19,0.0,False,0.0,5.960156815000081,12057,Nuxco,False
12057,0228,Reforma Agraria,17.2083775,-100.73133722222222,121,4.0,False,4.0,2.584902527483269,12057,Nuxco,False
12057,0234,El Huapinol,17.447232222222222,-100.72908722222222,8,,True,0.4173091957018257,10.637006713169452,12057,Santa Lucía,False
12057,0236,La Flotilla,17.269012777777778,-100.97719777777777,6,0.0,False,0.0,8.330726019518647,12057,Puerto Vicente Guerrero,False
12057,0238,El Carbonero,17.28941138888889,-100.96769055555556,4,,True,0.20865459785091284,9.436367278826888,12057,Puerto Vicente Guerrero,False
12057,0239,Manzanillal,17.3336825,-101.06373472222222,12,1.0,False,1.0,5.0285944594981045,12048,Coyuquilla Norte,True
12057,0244,Los Toritos,17.447325555555555,-100.89142805555556,6,,True,0.31298189677636923,10.097633403279032,12057,Santa Lucía,False
12057,0252,Playa Boca Chica,17.131583055555556,-100.64437555555556,251,7.0,False,7.0,9.976471724604158,12057,El Súchil,False
12057,0255,El Jovero,17.174723055555557,-100.58711305555555,62,10.0,False,10.0,6.372435798036708,12057,Santa María,False
12057,0264,Boca de Arroyo,17.425235,-100.62056944444444,13,0.0,False,0.0,10.142961511605026,12057,Platanillo,False
12057,0266,Brisas del Mar,17.267478055555554,-101.0306813888889,57,2.0,False,2.0,2.7678857390239933,12057,Puerto Vicente Guerrero,False
12057,0269,La Cañada,17.447413611111113,-100.58813027777778,11,,True,0.5738001440900103,6.680769050496201,12057,Platanillo,False
12057,0270,Caparrosa,17.45975333333333,-100.92250611111112,38,0.0,False,0.0,8.231116219796519,12057,El Porvenir,False
12057,0271,Cuauhlotal,17.418589722222222,-100.89771,12,0.0,False,0.0,9.314952105902984,12057,Santa Lucía,False
12057,0272,El Chivo,17.590510555555554,-100.70998833333334,14,1.0,False,1.0,5.892455782244382,12057,Bajitos de la Laguna,False
12057,0273,Coatán,17.302880000000002,-100.71977305555556,136,5.0,False,5.0,10.81980005452554,12057,Rodecia,False
12057,0276,El Edén,17.49364388888889,-100.76308833333333,173,3.0,False,3.0,8.86526635221459,12057,Bajitos de la Laguna,False
12057,0277,La Esmeralda,17.433110833333334,-100.77723805555556,38,2.0,False,2.0,5.680561913194549,12057,Santa Lucía,False
12057,0279,Fraccionamiento Playas de Costa del Sol,17.19530138888889,-100.80682305555555,4,0.0,False,0.0,5.665119889688871,12057,Nuxco,False
12057,0280,El Guayabo,17.372831944444446,-100.87399083333332,11,0.0,False,0.0,6.906675168356205,12057,Santa Lucía,False
12057,0285,La Humedad,17.40378583333333,-100.64331944444446,2,,True,0.10432729892545642,13.404350580413084,12057,Platanillo,False
12057,0287,La Lajita,17.360346944444444,-100.60159777777777,10,0.0,False,0.0,14.783072702401737,12057,Santa María,False
12057,0289,El Limón,17.414956666666665,-100.63779027777778,4,,True,0.20865459785091284,12.039514389916759,12057,Platanillo,False
12057,0290,Los Llanitos,17.226346666666664,-100.61052194444444,579,32.0,False,32.0,2.3581858552266515,12057,Técpan de Galeana,False
12057,0291,Llano el Amate,17.13233277777778,-100.63206027777777,14,0.0,False,0.0,9.921400371772373,12057,El Súchil,False
12057,0292,Magueyes,17.460474722222223,-100.62474694444444,4,,True,0.20865459785091284,7.181477895419864,12057,Platanillo,False
12057,0294,Las Mesas,17.318746944444445,-100.83798361111111,212,6.0,False,6.0,7.403255372171585,12057,San Luis San Pedro,False
12057,0299,Parada Navarrete,17.242328055555557,-100.83694277777778,2,,True,0.10432729892545642,5.295845136583495,12057,San Luis San Pedro,False
12057,0301,Las Parotas,17.328334722222223,-100.58933972222222,13,0.0,False,0.0,11.043147068285828,12057,Santa María,False
12057,0303,Piedra Blanca,17.371710833333335,-100.90101861111111,1,,True,0.05216364946272821,9.668566132807891,12057,Santa Lucía,False
12057,0305,Piedras Mecas,17.533865833333333,-100.71836,26,1.0,False,1.0,6.4251171369684315,12057,Bajitos de la Laguna,False
12057,0306,Los Pinos,17.3197825,-100.69281472222222,48,3.0,False,3.0,12.300426874143591,12057,El Súchil,False
12057,0309,Plan del Tigre,17.44850472222222,-100.77348388888889,12,0.0,False,0.0,7.2639966032034105,12057,Santa Lucía,False
12057,0311,Potrero Grande,17.39187111111111,-100.6364425,22,1.0,False,1.0,14.214609086624385,12057,Platanillo,False
12057,0313,Puerto Cano,17.474441388888888,-100.57611694444444,2,,True,0.10432729892545642,3.579517240835738,12057,Platanillo,False
12057,0316,San José,17.486035555555556,-100.86625944444444,10,0.0,False,0.0,8.94733723289453,12057,El Porvenir,False
12057,0318,La Sierrita de los Rivera,17.431501944444445,-100.66637805555555,6,,True,0.31298189677636923,12.605339959782595,12057,Platanillo,False
12057,0320,Tamarindillo,17.20773111111111,-100.72240666666667,14,0.0,False,0.0,2.3971177493780726,12057,Rodecia,False
12057,0323,La Vinata,17.147381944444444,-100.67782361111112,72,3.0,False,3.0,7.077512348695336,12057,Rodecia,False
12057,0324,La Virtud,17.54160611111111,-100.693275,6,,True,0.31298189677636923,7.732249848875072,12057,El Cordón Grande,False
12057,0326,El Zalate,17.2792875,-100.80882388888888,75,2.0,False,2.0,7.73670504365032,12057,San Luis San Pedro,False
12057,0329,Aguililla,17.25628138888889,-100.57347694444444,5,,True,0.26081824731364106,2.888241461508952,12057,Santa María,False
12057,0330,El Alacrán,17.32339888888889,-100.83569027777777,56,2.0,False,2.0,7.962994944309688,12057,San Luis San Pedro,False
12057,0332,Arroyo del Carrizal,17.43782,-100.61378916666666,11,0.0,False,0.0,8.569562696308589,12057,Platanillo,False
12057,0337,El Llano de San Nicolás,17.4218,-100.60086638888889,3,,True,0.15649094838818461,9.754498320709082,12057,Platanillo,False
12057,0339,Zacate de Castilla Uno,17.43841861111111,-100.59066833333333,2,,True,0.10432729892545642,7.71284425786527,12057,Platanillo,False
12057,0340,Zacate de Castilla Dos,17.39662472222222,-100.56546222222222,28,2.0,False,2.0,12.294872953693758,12057,Platanillo,False
12057,0343,Arroyo Hondo,17.48949388888889,-100.93551666666667,12,0.0,False,0.0,4.818919818699125,12057,El Porvenir,False
12057,0345,Balzamar,17.575944444444445,-100.85223777777777,22,0.0,False,0.0,6.081682186362411,12057,Bajos del Balzamar,False
12057,0346,El Banco,17.42632027777778,-100.89790694444446,10,,True,0.5216364946272821,9.60793927401526,12057,Santa Lucía,False
12057,0348,Cuajinicuiles (Cajinicoiles),17.568083055555554,-100.80423583333334,16,1.0,False,1.0,2.875768813308323,12057,Bajos del Balzamar,False
12057,0349,El Campamento,17.544894444444445,-100.93090527777778,2,,True,0.10432729892545642,1.4070787368420676,12057,El Porvenir,False
12057,0354,El Jilguero,17.419494722222222,-100.76030805555556,15,1.0,False,1.0,6.233388142522111,12057,Santa Lucía,False
12057,0362,La Maroma,17.460645833333334,-100.91146388888889,7,0.0,False,0.0,8.402278954889123,12057,El Porvenir,False
12057,0368,Las Palanquillas,17.491015833333336,-100.85977722222222,1,,True,0.05216364946272821,9.223700204409573,12057,El Porvenir,False
12057,0369,El Pantano,17.49212138888889,-100.92131472222222,37,1.0,False,1.0,4.750071071941283,12057,El Porvenir,False
12057,0371,Las Piñas,17.39689333333333,-100.82205194444444,19,1.0,False,1.0,0.9382175299772645,12057,Santa Lucía,False
12057,0374,Puerto de la Florida,17.548979444444445,-100.98166694444444,13,2.0,False,2.0,4.733804925041841,12048,El Mameyal,True
12057,0375,Puerto el General,17.42123888888889,-100.73995027777778,13,1.0,False,1.0,8.301206723947184,12057,Santa Lucía,False
12057,0378,El Rincón,17.289341944444445,-101.04364194444445,31,1.0,False,1.0,1.980233228862881,12057,Puerto Vicente Guerrero,False
12057,0379,El Roble,17.598465833333332,-100.80034111111111,114,13.0,False,13.0,0.6441023143615272,12057,Bajos del Balzamar,False
12057,0380,El Salto,17.303551944444447,-100.9836025,2,,True,0.10432729892545642,8.233044949625375,12057,Puerto Vicente Guerrero,False
12057,0383,Arroyo de las Truchas,17.472370555555553,-100.66615944444445,5,,True,0.26081824731364106,10.157849236882411,12057,Platanillo,False
12057,0384,Barra de Nuxco,17.183181944444446,-100.7780775,16,1.0,False,1.0,3.784487208878216,12057,Nuxco,False
12057,0386,Las Tunas,17.246515277777778,-100.62909611111111,11,0.0,False,0.0,2.6810493467653975,12057,Técpan de Galeana,False
12057,0387,El Ventarrón (Tierra Blanca),17.207639722222222,-100.65024416666667,3,,True,0.15649094838818461,1.8467692619176534,12057,El Súchil,False
12057,0388,Arroyo de los Mangos,17.396898333333333,-100.70278694444444,3,,True,0.15649094838818461,11.73297690356525,12057,Santa Lucía,False
12057,0391,El Cacao,17.442359444444445,-100.71475583333334,5,,True,0.26081824731364106,11.691607944458429,12057,Santa Lucía,False
12057,0392,Los Cajones,17.351610833333336,-100.50646388888889,26,0.0,False,0.0,12.242066056374563,12011,San Juan de las Flores,True
12057,0393,Los Hornos,17.485747777777778,-100.63821194444445,19,1.0,False,1.0,6.857450466604446,12057,Platanillo,False
12057,0396,Macahuitito,17.340596666666666,-100.55581388888889,6,,True,0.31298189677636923,12.390372613012282,12057,Santa María,False
12057,0399,El Puertecito,17.43893638888889,-100.72567277777777,7,,True,0.36514554623909745,10.486884245988358,12057,Santa Lucía,False
12057,0400,La Rana,17.429090555555558,-100.71885027777778,5,,True,0.26081824731364106,10.703656652087371,12057,Santa Lucía,False
12057,0403,El Salto del Río Chiquito,17.323476944444444,-100.5668861111111,3,,True,0.15649094838818461,10.375965219505144,12057,Santa María,False
12057,0404,Cajelitos,17.294152222222223,-100.5498986111111,33,3.0,False,3.0,7.494681393712548,12057,Santa María,False
12057,0407,La Confianza,17.56702333333333,-100.64267000000001,11,,True,0.5738001440900103,3.5338179511123564,12057,El Cordón Grande,False
12057,0408,La Cuesta,17.267901666666667,-100.61102472222221,5,,True,0.26081824731364106,5.523310818838872,12057,Técpan de Galeana,False
12057,0409,Las Guacamayas,17.588573888888888,-100.68074250000001,6,,True,0.31298189677636923,3.3715580381085934,12057,El Cordón Grande,False
12057,0410,El Manguito,17.51723972222222,-100.70720444444444,8,,True,0.4173091957018257,8.56940761103021,12057,Bajitos de la Laguna,False
12057,0411,La Minita,17.509229166666668,-100.59633055555555,3,,True,0.15649094838818461,2.0324074899518396,12057,Platanillo,False
12057,0412,Los Planes,17.581440555555556,-100.78938305555555,35,5.0,False,5.0,1.5832411738500864,12057,Bajos del Balzamar,False
12057,0415,La Tejona,17.522186666666666,-100.68535472222223,9,0.0,False,0.0,9.196823519064697,12057,El Cordón Grande,False
12057,0417,Tres Brazos,17.298445833333336,-100.60396694444444,8,,True,0.4173091957018257,8.276459497800364,12057,Santa María,False
12057,0423,Casas Quemadas,17.599361666666667,-100.6583538888889,6,,True,0.31298189677636923,0.8496371318000127,12057,El Cordón Grande,False
12057,0425,Desparramadero,17.316846388888887,-100.5868011111111,2,,True,0.10432729892545642,9.739146923695575,12057,Santa María,False
12057,0430,El Plato,17.59095083333333,-100.65519444444445,9,,True,0.4694728451645539,0.9218609745638421,12057,El Cordón Grande,False
12057,0431,Puerto Escondido,17.67842388888889,-100.79441166666666,31,4.0,False,4.0,9.482565916967683,12057,Bajos del Balzamar,False
12057,0435,El Coellado,17.44011666666667,-100.55691611111111,3,,True,0.15649094838818461,7.705285465041492,12057,Platanillo,False
12057,0436,Huerta José Guinto (La Ticura),17.270227777777777,-100.91391055555556,9,0.0,False,0.0,3.6006498740080213,12057,San Luis San Pedro,False
12057,0437,Rancho Azteca,17.27318111111111,-100.92023222222223,20,,True,1.0432729892545642,4.316553796153541,12057,San Luis San Pedro,False
12057,0440,El Arroyo (El Arroyo del Trapiche),17.270331944444443,-100.9342013888889,6,,True,0.31298189677636923,5.743733417195082,12057,San Luis San Pedro,False
12057,0442,El Común,17.31809,-101.05504555555555,8,,True,0.4173091957018257,4.737146724188884,12057,Puerto Vicente Guerrero,False
12057,0447,La Palma,17.35553388888889,-101.00576972222223,1,,True,0.05216364946272821,6.009508226532731,12048,Coyuquilla Norte,True
12057,0449,La Piedra Negra (Las Piedras Negras),17.30116277777778,-100.64227111111111,2,,True,0.10432729892545642,8.797772201290162,12057,Técpan de Galeana,False
12057,0450,La Poza,17.318123055555557,-100.67184777777778,2,,True,0.10432729892545642,11.286476742296912,12057,El Súchil,False
12057,0451,Arroyo de la Cal,17.2963425,-100.70055555555555,8,0.0,False,0.0,9.884099787964951,12057,Rodecia,False
12057,0452,La Cañita,17.598494444444444,-100.7249463888889,38,1.0,False,1.0,4.870872071563828,12057,Bajitos de la Laguna,False
12057,0459,El Limón del Pochote,17.355714444444445,-100.79057583333334,240,13.0,False,13.0,5.030796543227956,12057,Santa Lucía,False
12057,0461,La Olla,17.464776944444445,-100.6503263888889,7,,True,0.36514554623909745,9.028844824407802,12057,Platanillo,False
12057,0465,Rincón del Palancón,17.53921666666667,-100.88666083333334,2,,True,0.10432729892545642,5.163897725988009,12057,El Porvenir,False
12057,0466,Sierrita de los Urióstegui,17.443658333333335,-100.7066763888889,9,,True,0.4694728451645539,12.525584095995812,12057,Santa Lucía,False
12057,0467,El Zancudo,17.55097138888889,-100.91246611111112,5,,True,0.26081824731364106,3.119023742776144,12057,El Porvenir,False
12057,0468,Rancho Nuevo,17.5258525,-100.62562833333332,22,1.0,False,1.0,5.547281661935499,12057,Platanillo,False
12057,0469,La Cieneguita,17.290394444444445,-100.55976,35,4.0,False,4.0,6.816823854861921,12057,Santa María,False
12057,0470,Colonia Sorpresa,17.205192222222223,-100.66623194444445,76,8.0,False,8.0,3.2867653721945587,12057,El Súchil,False
12057,0471,La Esperanza,17.44440277777778,-100.58918305555555,6,,True,0.31298189677636923,7.029918261371972,12057,Platanillo,False
12057,0473,El Ocotal,17.404888888888888,-100.540745,40,3.0,False,3.0,11.959294269416459,12057,Platanillo,False
12057,0474,Potrerillo,17.311610277777778,-100.64833861111111,18,0.0,False,0.0,10.040600139742821,12057,Técpan de Galeana,False
12057,0476,Rancho el Manguito,17.43068777777778,-100.72952305555556,12,0.0,False,0.0,9.721361664068601,12057,Santa Lucía,False
12057,0479,Cerro Verde,17.370091388888888,-100.99281027777778,4,,True,0.20865459785091284,6.880517984508681,12048,Coyuquilla Norte,True
12057,0481,El Coyolito,17.528538055555554,-100.7360275,22,2.0,False,2.0,5.725438067426489,12057,Bajitos de la Laguna,False
12057,0482,Cuatro Caminos [Restaurante],17.220616666666665,-100.75071166666666,3,,True,0.15649094838818461,1.330246160582427,12057,Nuxco,False
12057,0487,José Luis Otero Urióstegui [Rancho],17.423125833333334,-100.59136,8,,True,0.4173091957018257,9.401087025089582,12057,Platanillo,False
12057,0488,José Otero Urióstegui [Rancho],17.430542222222222,-100.58977055555555,5,,True,0.26081824731364106,8.560218597310634,12057,Platanillo,False
12057,0489,Los Llanitos,17.31360972222222,-100.60933222222222,7,,True,0.36514554623909745,10.050415806982151,12057,Santa María,False
12057,0493,La Parota,17.522342777777776,-100.58759444444443,2,,True,0.10432729892545642,2.05847265065678,12057,Platanillo,False
12057,0499,El Ramal de Tetitlán,17.18149138888889,-100.60510944444444,11,1.0,False,1.0,5.412296309888868,12057,Técpan de Galeana,False
12057,0501,Los Toronjos,17.249345277777778,-100.55097666666667,16,1.0,False,1.0,3.1195292142307887,12057,Santa María,False
12057,0504,Las Juntitas,17.680085833333333,-100.86024583333332,16,0.0,False,0.0,11.709910163970568,12057,Bajos del Balzamar,False
12057,0505,El Mosaico,17.68796638888889,-100.8727111111111,3,,True,0.15649094838818461,12.13942056903554,12022,El Durazno,True
12057,0506,La Piedra,17.679853055555558,-100.84508944444444,10,,True,0.5216364946272821,10.860226044720335,12057,Bajos del Balzamar,False
12057,0507,Platanillo de los Saucitos,17.6863925,-100.83710166666665,8,,True,0.4173091957018257,11.167658500100734,12057,Bajos del Balzamar,False
12057,0508,Rincón los Ojos de Agua,17.682763611111113,-100.82269666666666,3,,True,0.15649094838818461,10.30201361602258,12057,Bajos del Balzamar,False
12057,0510,Rancho Don Rufino,17.211244444444443,-100.64889305555556,7,,True,0.36514554623909745,1.4409323617147087,12057,El Súchil,False
12057,0514,Las Enramadas,17.235921944444446,-100.62397833333333,2,,True,0.10432729892545642,1.7283782477338563,12057,Técpan de Galeana,False
12057,0519,La Cebadilla,17.40093138888889,-100.59400583333333,8,0.0,False,0.0,11.882896695426789,12057,Platanillo,False
12057,0521,Los Cimientos (Los Cimientos del Mangal),17.30155638888889,-100.88574444444446,12,,True,0.6259637935527385,4.013243982876989,12057,San Luis San Pedro,False
12057,0523,El Cuahulote,17.33540111111111,-100.61844305555555,2,,True,0.10432729892545642,12.628921128845116,12057,Técpan de Galeana,False
12057,0528,El Rodeo,17.21306388888889,-100.64330361111112,8,,True,0.4173091957018257,0.9635177648995418,12057,El Súchil,False
12057,0529,Los Robles,17.286182222222223,-100.72039833333334,5,,True,0.26081824731364106,9.022153202569003,12057,Rodecia,False
12057,0530,San Isidro el Venado,17.60373305555556,-100.8934888888889,7,,True,0.36514554623909745,9.024152255962388,12057,El Porvenir,False
12057,0531,Los Sauces,17.37654611111111,-100.78569888888889,42,1.0,False,1.0,3.605880501606617,12057,Santa Lucía,False
12057,0535,Las Trincheras,17.407561944444442,-100.55348944444444,6,0.0,False,0.0,11.301100350360953,12057,Platanillo,False
12057,0539,La Ola,17.655786388888888,-100.87544222222222,48,3.0,False,3.0,10.776521312208631,12057,Bajos del Balzamar,False
12057,0540,La Ola Nueva,17.64011888888889,-100.87405,13,2.0,False,2.0,9.618833189045782,12057,Bajos del Balzamar,False
12057,0541,Valladitos,17.622026944444446,-100.89833055555556,17,0.0,False,0.0,10.649185169672819,12057,El Porvenir,False
12057,0542,Colonia Valente de la Cruz,17.28113527777778,-100.89530611111111,89,7.0,False,7.0,2.329623474537426,12057,San Luis San Pedro,False
12057,0543,Arroyo del Carrizal Uno,17.427122222222224,-100.61121527777777,26,0.0,False,0.0,9.540241281346637,12057,Platanillo,False
12057,0544,Arroyo del Carrizal Dos,17.446449166666667,-100.6109175,20,1.0,False,1.0,7.577439959400182,12057,Platanillo,False
12057,0549,El Banco,17.253567222222223,-100.96814555555555,7,,True,0.36514554623909745,9.425971729532469,12057,San Luis San Pedro,False
12057,0550,Las Barrancas (Rancho Arroyo de la Mona),17.580230277777776,-100.5999075,2,,True,0.10432729892545642,5.7101505860825315,12057,El Cordón Grande,False
12057,0552,Buenavista,17.479199166666664,-100.96997083333333,23,0.0,False,0.0,7.027834524028276,12057,El Porvenir,False
12057,0557,Cerro Buenavista,17.470704444444443,-100.9725138888889,5,,True,0.26081824731364106,7.9766726724485055,12057,El Porvenir,False
12057,0558,Cerro de las Iglesias,17.336342777777777,-100.69639277777779,6,,True,0.31298189677636923,14.042120910437168,12057,Santa Lucía,False
12057,0560,Los Cimientos,17.399404999999998,-100.52945861111111,2,,True,0.10432729892545642,12.958597483787473,12057,Platanillo,False
12057,0561,Corral Falso,17.41285333333333,-100.6171386111111,2,,True,0.10432729892545642,11.24673951395157,12057,Platanillo,False
12057,0564,La Esperanza,17.570778055555554,-100.72855722222222,4,,True,0.20865459785091284,3.6190643687751463,12057,Bajitos de la Laguna,False
12057,0567,El Guayabito (Los Pinitos),17.667780555555556,-100.82743083333332,6,,True,0.31298189677636923,8.867087004603002,12057,Bajos del Balzamar,False
12057,0576,Huerta el Vaden,17.253058055555556,-100.90662527777778,10,,True,0.5216364946272821,3.1346513773284457,12057,San Luis San Pedro,False
12057,0591,Loma Verde,17.450849722222223,-100.71659111111111,4,,True,0.20865459785091284,11.97517420942751,12057,Santa Lucía,False
12057,0592,Las Lomas,17.627595833333334,-100.77295138888888,20,0.0,False,0.0,4.642806154516665,12057,Bajos del Balzamar,False
12057,0593,Llano el Reparo,17.376371388888888,-100.57989888888889,8,,True,0.4173091957018257,14.48446480684611,12057,Platanillo,False
12057,0594,Macahuitillo Dos,17.467055555555554,-100.89324972222222,5,,True,0.26081824731364106,8.543878874611853,12057,El Porvenir,False
12057,0596,La Mesa del Trigo,17.404750555555555,-100.73631388888889,9,,True,0.4694728451645539,8.240040905351123,12057,Santa Lucía,False
12057,0605,La Palapa (Arroyo la Palapa),17.402683333333332,-100.95187527777779,4,,True,0.20865459785091284,11.48109050225821,12048,Coyuquilla Norte,True
12057,0609,El Pitayal,17.274392777777777,-100.81693861111111,6,,True,0.31298189677636923,6.796158538271453,12057,San Luis San Pedro,False
12057,0612,Ranchito Escondido,17.59154111111111,-100.77589361111112,7,,True,0.36514554623909745,2.328825786296932,12057,Bajos del Balzamar,False
12057,0616,Rancho el Garañón (Arroyo del Carrizal),17.461417777777775,-100.64066805555557,20,1.0,False,1.0,8.38638586980478,12057,Platanillo,False
12057,0623,Rancho las Palmitas,17.543147222222224,-100.6769525,4,,True,0.20865459785091284,6.705681837893913,12057,El Cordón Grande,False
12057,0625,Rancho los Arreola,17.428011666666666,-100.65084666666667,5,,True,0.26081824731364106,11.710485571787297,12057,Platanillo,False
12057,0626,Rancho los Armadillos,17.469027777777775,-100.60893222222222,7,,True,0.36514554623909745,5.354857268384417,12057,Platanillo,False
12057,0627,Rancho los Campamentos,17.62251277777778,-100.74070777777779,2,,True,0.10432729892545642,5.9362459580326306,12057,Bajitos de la Laguna,False
12057,0628,Rancho los Cueros,17.459567222222223,-100.6830975,8,,True,0.4173091957018257,12.37412810641462,12057,Platanillo,False
12057,0631,Rancho Minerva Mendiola,17.232725,-100.83026722222222,12,0.0,False,0.0,6.465521715345096,12057,San Luis San Pedro,False
12057,0638,Los Robles,17.28833638888889,-100.56683555555556,11,,True,0.5738001440900103,6.4796078096426895,12057,Santa María,False
12057,0646,Parada de los Tarros,17.231173055555555,-100.82004222222221,6,,True,0.31298189677636923,7.248091955813212,12057,Nuxco,False
12057,0648,La Arrayanera,17.45663,-100.69276111111111,9,1.0,False,1.0,13.441810692976484,12057,Platanillo,False
12057,0658,Rancho Llano Grande,17.188003333333334,-100.61937305555554,27,3.0,False,3.0,4.08836171957113,12057,Técpan de Galeana,False
12057,0665,El Pinito,17.573031944444445,-100.56601583333332,12,0.0,False,0.0,7.483028339548639,12057,Platanillo,False
12057,0666,El Puerto Miramar,17.637725833333334,-100.63379222222223,2,,True,0.10432729892545642,4.766648859340379,12057,El Cordón Grande,False
12057,0667,Arroyo las Parotas,17.4655725,-100.69861666666667,18,1.0,False,1.0,13.645433379039387,12057,Platanillo,False
12057,0668,Los Riegos,17.38931388888889,-100.532535,5,,True,0.26081824731364106,13.88263878780723,12057,Platanillo,False
12057,0669,Rancho la Higuera,17.383228055555556,-100.54926305555556,2,,True,0.10432729892545642,14.039620532867893,12057,Platanillo,False
12057,0671,Lomas de San Isidro,17.64889861111111,-100.8158175,17,1.0,False,1.0,6.4805663215886735,12057,Bajos del Balzamar,False
12057,0673,El Ranchito,17.458208055555556,-100.5495275,20,2.0,False,2.0,6.13861771791498,12057,Platanillo,False
12057,0675,Colonia la Providencia,17.17929777777778,-100.6021475,178,11.0,False,11.0,5.7883101941839765,12057,Técpan de Galeana,False
12057,0676,Arroyo del Carrizal Tres,17.45460027777778,-100.59981527777778,11,0.0,False,0.0,6.254393602372928,12057,Platanillo,False
12057,0677,Palo Dulce,17.356944444444444,-100.70666666666666,22,1.0,False,1.0,12.10174955923132,12057,Santa Lucía,False
12057,0678,Playa Ojo de Agua,17.296580833333334,-101.05056083333334,10,1.0,False,1.0,2.4000800848127626,12057,Puerto Vicente Guerrero,False
12057,0679,Los Corrales,17.40888888888889,-100.79138888888889,24,0.0,False,0.0,2.7715730810985955,12057,Santa Lucía,False
12057,0682,Colonia Brisas del Tular,17.177045,-100.59683361111111,1,,True,0.05216364946272821,6.318531516792004,12057,Técpan de Galeana,False
12057,0686,La Mina,17.34248222222222,-101.05840083333334,1,,True,0.05216364946272821,4.002398030662486,12048,Coyuquilla Norte,True
12057,0688,El Tepetate,17.207816388888887,-100.70869,1,,True,0.05216364946272821,0.9408251069176009,12057,Rodecia,False
12057,0691,Las Mesas de la Severiana,17.309707222222222,-100.67073388888889,9,,True,0.4694728451645539,10.359201964047081,12057,El Súchil,False
12057,0694,La Cabaña,17.17439277777778,-100.60551249999999,1,,True,0.05216364946272821,6.07353243068583,12057,Técpan de Galeana,False
12057,0695,Colonia Progreso,17.165481944444444,-100.56980305555555,66,3.0,False,3.0,7.215787587030255,12057,Santa María,False
12057,0696,Colonia los Estanques,17.218529444444442,-100.80325138888888,6,,True,0.31298189677636923,5.153309564421759,12057,Nuxco,False
12057,0697,La Morena,17.327634166666666,-100.96899055555556,4,,True,0.20865459785091284,10.848985071763309,12057,Puerto Vicente Guerrero,False
12058,0001,Teloloapan,18.37180916666667,-99.86957277777778,25148,1357.0,False,1357.0,0.0,12058,Teloloapan,False
12058,0003,Acachautla,18.433115,-99.84920222222222,118,5.0,False,5.0,3.377278887809582,12037,Simatel,True
12058,0004,Acatempan,18.31814222222222,-99.8841113888889,1301,93.0,False,93.0,5.199258108248483,12058,Tehuixtla,False
12058,0006,Acatlán de la Cruz,18.394281666666664,-99.93488583333334,677,53.0,False,53.0,0.0,12058,Acatlán de la Cruz,False
12058,0008,El Ahuacate Zimatepec,18.391663333333334,-100.03229027777778,89,5.0,False,5.0,5.147199056555642,12031,Acapetlahuaya,True
12058,0009,Ahuacatitlán,18.37521361111111,-99.82189194444445,264,14.0,False,14.0,5.045807808990711,12058,Teloloapan,False
12058,0010,Los Aguajes,18.41231361111111,-99.95722472222222,139,9.0,False,9.0,3.094416474131903,12058,Acatlán de la Cruz,False
12058,0011,Ahuehuetla,18.312569166666666,-99.93903222222222,306,10.0,False,10.0,0.7728208419347012,12058,Tehuixtla,False
12058,0012,Alahuixtlán,18.573985555555556,-100.03805361111111,269,12.0,False,12.0,0.0,12058,Alahuixtlán,False
12058,0013,Alcholoa,18.409775277777776,-99.90968055555557,188,10.0,False,10.0,3.16865791727428,12058,Acatlán de la Cruz,False
12058,0014,Alpixafia,18.409994166666664,-99.90186638888889,246,8.0,False,8.0,3.89739774860395,12058,Acatlán de la Cruz,False
12058,0015,Apatzingán,18.26398027777778,-99.82000527777777,102,3.0,False,3.0,2.654589730153045,12058,El Calvario,False
12058,0016,El Arenal,18.292328333333334,-100.07264083333332,9,2.0,False,2.0,1.8910207865968693,12007,Ixcatepec,True
12058,0018,Buenavista Guadalupe,18.25601138888889,-100.01077388888889,255,13.0,False,13.0,3.867227660972513,12058,Totoltepec,False
12058,0019,Buenavista de Guerrero (Filo Seco),18.47751333333333,-99.95697055555556,4,,True,0.21621420740658157,2.53032395252234,12047,Ixtlahuacatengo,True
12058,0020,Cacahuatlán,18.449156388888888,-100.02530722222222,248,17.0,False,17.0,1.95863136542777,12031,Lídice,True
12058,0024,El Calvario,18.287675833333335,-99.81694305555556,708,19.0,False,19.0,0.0,12058,El Calvario,False
12058,0025,Cantorpa de la Ceiba,18.287754444444445,-100.04052,10,0.0,False,0.0,1.44893484587854,12058,Totoltepec,False
12058,0027,El Capire,18.332985555555556,-99.93439194444444,518,38.0,False,38.0,1.7864049692614217,12058,Tehuixtla,False
12058,0029,Cerro Alto,18.377849166666667,-99.9578738888889,524,24.0,False,24.0,0.0,12058,Cerro Alto,False
12058,0031,Coatepec Costales,18.340951666666665,-99.7213888888889,1088,53.0,False,53.0,3.1722194610727628,12058,Tonalapa del Río,False
12058,0032,Colonia Vicente Guerrero,18.316412500000002,-100.02467305555555,56,4.0,False,4.0,4.964416294360548,12058,Totoltepec,False
12058,0033,Colotepec,18.524242777777776,-99.98724944444444,29,1.0,False,1.0,2.6938606557116898,12058,Tlalpexco,False
12058,0034,La Concepción Pura (La Purísima Concepción),18.334345277777775,-100.06793055555555,175,8.0,False,8.0,6.052836961263272,12007,Ixcatepec,True
12058,0035,La Concordia,18.287311111111112,-99.84360138888889,346,14.0,False,14.0,2.8148500722019554,12058,El Calvario,False
12058,0036,Cruz Blanca,18.33012777777778,-100.08264777777778,96,4.0,False,4.0,5.236818172139185,12007,Ixcatepec,True
12058,0038,Cruz Grande,18.307102222222223,-100.04073277777778,33,2.0,False,2.0,3.5968847740712384,12058,Totoltepec,False
12058,0040,Los Cuatlix,18.472714999999997,-99.89426944444445,63,2.0,False,2.0,4.474615186149402,12047,Ixcapuzalco,True
12058,0041,Chapa,18.326763333333332,-99.82509083333333,427,26.0,False,26.0,0.0,12058,Chapa,False
12058,0043,Chipilatengo,18.3165225,-100.06529111111111,44,2.0,False,2.0,4.394251758520535,12007,Ixcatepec,True
12058,0044,Dolores,18.51655611111111,-100.00261972222222,37,2.0,False,2.0,1.5888162269981705,12058,Tlalpexco,False
12058,0045,El Duraznal,18.318204166666668,-100.02144527777777,29,0.0,False,0.0,5.27878228043165,12058,Totoltepec,False
12058,0047,Los Espinos,18.365346666666667,-99.7751836111111,85,7.0,False,7.0,5.042336916939063,12037,San Martín Pachivia (Pachivia),True
12058,0048,La Guadalupe,18.326918888888887,-100.05347444444445,147,7.0,False,7.0,5.932754515520935,12058,Totoltepec,False
12058,0050,Huerta Grande Norte,18.289222222222225,-99.88401444444445,251,17.0,False,17.0,2.7140084553801413,12058,Tepozonalquillo,False
12058,0051,Huerta Grande Sur,18.28502277777778,-99.88325666666665,178,5.0,False,5.0,2.4635861257752527,12058,Tepozonalquillo,False
12058,0053,Laguna Seca,18.271635277777776,-99.97321416666666,130,8.0,False,8.0,6.136859296143712,12058,Tlajocotla (La Hacienda),False
12058,0054,Liberal Guerrero,18.462248055555555,-99.87275055555556,25,1.0,False,1.0,4.995016724180254,12037,Simatel,True
12058,0055,Los Limones,18.47415472222222,-99.98522333333334,143,6.0,False,6.0,3.488137572577792,12058,Tlalpexco,False
12058,0056,La Magdalena,18.432276944444446,-99.86152194444443,135,9.0,False,9.0,4.456234263204576,12037,Simatel,True
12058,0061,El Mirador,18.217105,-99.83691611111111,213,9.0,False,9.0,3.9580552625873513,12026,Tlacaquipa,True
12058,0062,Monte Sauce,18.332306388888888,-100.03703361111111,13,1.0,False,1.0,6.416518218130138,12058,Totoltepec,False
12058,0063,Las Neblinas,18.431607222222222,-99.99145527777777,19,0.0,False,0.0,5.0129874239813,12031,Lídice,True
12058,0064,Nueva Senda,18.308693333333334,-100.05085305555555,24,1.0,False,1.0,3.896579921371256,12058,Totoltepec,False
12058,0065,Hacienda de Ocuilixtlahuacán,18.40518361111111,-99.68649972222222,173,4.0,False,4.0,2.4746915170850277,12055,Temaxcalapa,True
12058,0066,Oxtotitlán,18.189230555555557,-99.93176027777778,2053,128.0,False,128.0,0.0,12058,Oxtotitlán,False
12058,0067,Ozolotepec,18.594168611111108,-100.02657333333333,57,0.0,False,0.0,2.5496545539755013,12058,Alahuixtlán,False
12058,0068,Pezuapilla y Naranjo,18.250552777777777,-99.88691750000001,189,8.0,False,8.0,2.829753970875124,12058,Tepozonalquillo,False
12058,0069,El Pochote (Pochote),18.41444,-99.9363238888889,115,8.0,False,8.0,2.246633624276592,12058,Acatlán de la Cruz,False
12058,0070,Plan del Sabino,18.444412222222223,-100.00945138888889,234,14.0,False,14.0,2.765077154924937,12031,Lídice,True
12058,0072,Puerto del Vigilante (El Filo),18.27696138888889,-99.995015,12,0.0,False,0.0,4.926566924869871,12058,Totoltepec,False
12058,0073,Ranchos Nuevos,18.4177675,-100.00656527777778,106,1.0,False,1.0,5.639475304716602,12031,Lídice,True
12058,0074,Rincón Chiquito,18.452626111111112,-99.8619936111111,74,4.0,False,4.0,3.783812460897504,12037,Simatel,True
12058,0075,Rincón del Sauce,18.344580277777776,-99.83107249999999,217,11.0,False,11.0,2.079324089295683,12058,Chapa,False
12058,0078,Río de Zayulapa (Sayulapan),18.38831972222222,-99.90631722222223,94,3.0,False,3.0,3.0864684100270194,12058,Acatlán de la Cruz,False
12058,0079,Los Sabinos,18.364778333333334,-99.75854666666666,131,4.0,False,4.0,5.803345583280854,12037,San Martín Pachivia (Pachivia),True
12058,0081,San Antonio Acachautla,18.42803,-99.824195,201,10.0,False,10.0,2.917520654079137,12037,Simatel,True
12058,0082,San Antonio Ahuehuepan,18.355262222222223,-99.65969166666667,103,11.0,False,11.0,1.9327123295847866,12035,Ahuehuepan,True
12058,0083,San Antonio Guerrero,18.355151111111113,-99.65499055555556,177,5.0,False,5.0,1.7204043410143062,12035,Ahuehuepan,True
12058,0084,San Francisco,18.388125,-99.99943194444444,125,4.0,False,4.0,4.5316484650003295,12058,Cerro Alto,False
12058,0085,San Lorenzo,18.285325555555556,-100.02108277777778,81,8.0,False,8.0,2.4656253559497237,12058,Totoltepec,False
12058,0086,San Salvador,18.318349444444443,-100.07105388888888,34,2.0,False,2.0,4.281287831114725,12007,Ixcatepec,True
12058,0087,Santa Cruz Unión,18.246735,-100.01731333333333,266,21.0,False,21.0,4.037438804660657,12058,Totoltepec,False
12058,0089,Los Sauces,18.265731388888888,-99.8353411111111,1121,47.0,False,47.0,3.118927693447459,12058,El Calvario,False
12058,0090,El Tanque (Tanque Alto),18.34024111111111,-99.87647583333333,245,17.0,False,17.0,3.5850120379398374,12058,Teloloapan,False
12058,0091,Tehuixtla,18.316950555555554,-99.93334916666667,1252,64.0,False,64.0,0.0,12058,Tehuixtla,False
12058,0092,Tenancingo,18.250986666666666,-99.92982416666668,178,7.0,False,7.0,1.03042372492071,12058,Tlajocotla (La Hacienda),False
12058,0093,Tenantitlán,18.45946861111111,-99.97027361111111,123,4.0,False,4.0,4.811568075111261,12047,Ixtlahuacatengo,True
12058,0094,Tepozonalquillo,18.27166861111111,-99.90187472222223,388,17.0,False,17.0,0.0,12058,Tepozonalquillo,False
12058,0095,El Terrero Vistahermosa,18.34813472222222,-100.023835,66,7.0,False,7.0,5.08030847013414,12058,Tetzilacatlán,False
12058,0096,Tetzilacatlán,18.34165722222222,-99.97618666666666,340,17.0,False,17.0,0.0,12058,Tetzilacatlán,False
12058,0097,Tierra Blanca,18.39219,-99.84708833333333,156,11.0,False,11.0,3.2810108054965514,12058,Teloloapan,False
12058,0098,Tlacuitlapa,18.327501944444442,-99.70598333333334,719,34.0,False,34.0,2.3438785726437796,12058,Tonalapa del Río,False
12058,0099,Tlajocotla (La Hacienda),18.248629444444447,-99.9203875,445,31.0,False,31.0,0.0,12058,Tlajocotla (La Hacienda),False
12058,0100,Tlalpexco,18.502700555555556,-99.99893833333333,229,12.0,False,12.0,0.0,12058,Tlalpexco,False
12058,0101,Tlanipatlán (De las Limas),18.193501666666666,-99.9992125,155,5.0,False,5.0,7.141280726921532,12058,Oxtotitlán,False
12058,0102,Tianquizolco Ixticapan,18.36182638888889,-99.89902472222222,333,22.0,False,22.0,3.3003528406879528,12058,Teloloapan,False
12058,0103,Tlapacoya,18.42728388888889,-99.90389861111112,1,,True,0.05405355185164539,4.914736064153094,12058,Acatlán de la Cruz,False
12058,0104,Tonalapa del Río,18.343437777777776,-99.69144777777778,433,16.0,False,16.0,0.0,12058,Tonalapa del Río,False
12058,0105,Tonalapa del Río Cuauhtémoc (Barrio de Santa María),18.34543833333333,-99.6869463888889,331,20.0,False,20.0,0.5245954517560627,12058,Tonalapa del Río,False
12058,0106,Tonalcual,18.244656111111112,-99.90640611111111,486,26.0,False,26.0,1.5411731958235861,12058,Tlajocotla (La Hacienda),False
12058,0107,Totoltepec,18.274765555555554,-100.04161694444444,458,28.0,False,28.0,0.0,12058,Totoltepec,False
12058,0110,Tuxtla Cuevillas,18.384483055555556,-99.69441,193,5.0,False,5.0,4.5747201310427,12058,Tonalapa del Río,False
12058,0111,La Unión,18.410010277777776,-99.87601,70,2.0,False,2.0,4.301732101143006,12058,Teloloapan,False
12058,0112,Valle de Xóchil,18.340252777777778,-99.87961472222221,194,12.0,False,12.0,3.6654635439251453,12058,Teloloapan,False
12058,0113,El Verdecillo,18.432658333333336,-99.88771416666667,122,4.0,False,4.0,6.555710193569727,12058,Acatlán de la Cruz,False
12058,0114,Villa de Ayala,18.396743055555554,-100.03005888888889,51,3.0,False,3.0,5.047145603068227,12031,Acapetlahuaya,True
12058,0115,Yerbabuena,18.44520222222222,-99.92288277777779,76,3.0,False,3.0,4.851479819452605,12047,Ixtlahuacatengo,True
12058,0116,Zacatlán de Guerrero,18.31255527777778,-99.90041222222223,248,14.0,False,14.0,3.5110811807032367,12058,Tehuixtla,False
12058,0117,Zacatlancillo,18.40909111111111,-99.97883,152,9.0,False,9.0,4.117955722876661,12058,Cerro Alto,False
12058,0118,Tule y Zacuapa,18.332473611111112,-99.91927944444446,129,9.0,False,9.0,2.2770662080061523,12058,Tehuixtla,False
12058,0119,El Zapote,18.452993888888887,-99.90581416666667,159,5.0,False,5.0,4.912809673877682,12047,Ixtlahuacatengo,True
12058,0120,Zopiloal,18.57560833333333,-100.06249055555556,209,15.0,False,15.0,2.582031085248926,12058,Alahuixtlán,False
12058,0122,Agua Zarca,18.245409444444444,-99.9881,12,0.0,False,0.0,6.526167803723055,12058,Totoltepec,False
12058,0123,El Ahuacatito (El Aguacate),18.3313475,-99.6590188888889,90,1.0,False,1.0,1.3559474803174547,12035,Ahuehuepan,True
12058,0125,Buenavista de Chapa,18.33559,-99.82332111111111,40,1.0,False,1.0,0.9990984185224466,12058,Chapa,False
12058,0126,Corral Zocote,18.543230833333336,-99.97970916666667,31,0.0,False,0.0,4.9417940972969765,12058,Tlalpexco,False
12058,0127,Cruz Prieta,18.4217875,-99.9754863888889,36,2.0,False,2.0,5.227192113078439,12058,Cerro Alto,False
12058,0130,Ixtlahualtoxtla (Ixtahuastotla),18.55809027777778,-100.02322083333333,71,2.0,False,2.0,2.3597624730681215,12058,Alahuixtlán,False
12058,0131,La Lagunita del Progreso,18.295371111111113,-100.05656277777777,11,2.0,False,2.0,2.7820482544686223,12058,Totoltepec,False
12058,0132,Loma Zocote,18.542944722222224,-100.05523,88,4.0,False,4.0,3.897657577090959,12058,Alahuixtlán,False
12058,0133,Los Mangos,18.58758472222222,-100.01770805555556,26,0.0,False,0.0,2.623942262837886,12058,Alahuixtlán,False
12058,0134,Las Moneras (Las Mohoneras),18.47255722222222,-99.99780416666667,27,2.0,False,2.0,2.605335171572695,12031,Lídice,True
12058,0136,Las Paredes,18.386696944444445,-100.02696888888889,52,2.0,False,2.0,5.926138904073937,12031,Acapetlahuaya,True
12058,0137,Los Pericones,18.270688333333332,-99.93464444444444,157,12.0,False,12.0,2.877995761656979,12058,Tlajocotla (La Hacienda),False
12058,0138,Petlahuaxale,18.54022027777778,-100.0011711111111,68,3.0,False,3.0,4.178639354986074,12058,Tlalpexco,False
12058,0139,Los Pinzanes,18.237001666666668,-100.067955,9,,True,0.48648196666480853,5.036688921969302,12058,Totoltepec,False
12058,0141,Puctepec Vista Hermosa,18.343181388888887,-100.05838666666666,23,2.0,False,2.0,7.348611689377167,12007,Ixcatepec,True
12058,0142,Puerto del Ocote,18.462431944444443,-100.07408888888888,140,8.0,False,8.0,2.6671995024465214,12031,Ixtepec de San Simón,True
12058,0143,Puerto de las Flores,18.346256944444445,-99.66095138888889,160,10.0,False,10.0,1.3009796411705437,12035,Ahuehuepan,True
12058,0145,El Quitzal,18.585944166666664,-100.04389166666667,81,2.0,False,2.0,1.4652059329629805,12058,Alahuixtlán,False
12058,0147,San Martín,18.566866666666666,-100.05014277777778,10,0.0,False,0.0,1.5001169834008252,12058,Alahuixtlán,False
12058,0149,Xixicastepec,18.525144722222223,-99.96651138888889,34,0.0,False,0.0,4.23304561281459,12058,Tlalpexco,False
12058,0152,Chichimecapa,18.512652777777777,-100.03091527777778,45,5.0,False,5.0,3.548737129495997,12058,Tlalpexco,False
12058,0157,Mextitlán (Tonalapita),18.302340277777777,-99.6301336111111,46,3.0,False,3.0,2.4630983826862116,12035,Metlapa,True
12058,0160,Atzizintla,18.424585,-99.92024694444444,5,,True,0.27026775925822694,3.706673484368165,12058,Acatlán de la Cruz,False
12058,0165,Arena Ancha,18.299040555555557,-100.07498388888888,19,1.0,False,1.0,2.214111898352157,12007,Ixcatepec,True
12058,0167,Ocotitlán (Santa María Ocotitlán),18.305770555555558,-100.05894444444444,20,1.0,False,1.0,3.902896636350553,12058,Totoltepec,False
12058,0169,Pedernales (Paderones),18.366698055555556,-99.95723527777778,56,4.0,False,4.0,1.2417769692297858,12058,Cerro Alto,False
12058,0172,El Sabinito,18.431125555555557,-100.00967555555556,34,0.0,False,0.0,4.123201462504937,12031,Lídice,True
12058,0173,La Cañada,18.304258333333333,-99.96952416666667,7,0.0,False,0.0,4.071251766990493,12058,Tehuixtla,False
12058,0175,Ixtazacatla,18.555186388888888,-99.98891888888889,78,2.0,False,2.0,5.585174221521165,12058,Alahuixtlán,False
12058,0179,Buenavista del Aire,18.3912375,-100.0261786111111,136,8.0,False,8.0,5.710026901243422,12031,Acapetlahuaya,True
12058,0181,Las Ceibas,18.289933611111113,-100.00413222222222,79,7.0,False,7.0,4.302110371656773,12058,Totoltepec,False
12058,0202,Las Pascuas,18.323266666666665,-100.06449388888889,2,,True,0.10810710370329078,5.081491538469924,12007,Ixcatepec,True
12058,0206,Rincón Parotas,18.298478333333335,-100.04653388888889,25,3.0,False,3.0,2.6873583813381483,12058,Totoltepec,False
12058,0214,Texustlal (Rancho Domínguez),18.29337055555556,-99.89970361111112,1,,True,0.05405355185164539,2.4240092101828337,12058,Tepozonalquillo,False
12058,0216,Tonalatl,18.556317500000002,-100.0319536111111,19,2.0,False,2.0,2.0671441858447084,12058,Alahuixtlán,False
12058,0221,Telixtac,18.347172777777775,-99.83781444444443,108,11.0,False,11.0,2.637013886185716,12058,Chapa,False
12058,0222,El Amate,18.431816944444446,-99.97730888888889,26,0.0,False,0.0,6.056412914650251,12031,Lídice,True
12058,0223,Cerro Cortado,18.489730555555557,-100.02025555555555,63,2.0,False,2.0,2.5956040754901046,12031,Lídice,True
12058,0226,Los Linderos,18.597576666666665,-100.01844555555556,6,,True,0.32432131110987233,3.339477010362998,12058,Alahuixtlán,False
12058,0229,Tepescuahuit (Tepozcuahuilt),18.544088611111114,-100.0428111111111,36,3.0,False,3.0,3.362002495074099,12058,Alahuixtlán,False
12058,0234,Los Coajiotes,18.34883333333333,-99.66787416666668,56,3.0,False,3.0,2.0796853912594124,12035,Ahuehuepan,True
12058,0236,El Naranjo,18.32312611111111,-100.0513,14,0.0,False,0.0,5.473752356795976,12058,Totoltepec,False
12058,0237,Puerto del Timón,18.323876388888888,-100.08248999999999,10,0.0,False,0.0,4.548075919529077,12007,Ixcatepec,True
12058,0238,Amate Prieto,18.339051944444442,-100.03928805555556,11,0.0,False,0.0,6.666439390383763,12058,Tetzilacatlán,False
12058,0243,Las Parotitas,18.219205277777775,-100.0804686111111,10,,True,0.5405355185164539,7.167714001681727,12007,Ixcatepec,True
12058,0249,Agua Fría,18.524306666666664,-99.97610611111111,30,1.0,False,1.0,3.4011358875767703,12058,Tlalpexco,False
12058,0251,El Revelado,18.565921666666668,-100.05687027777778,18,0.0,False,0.0,2.1766514510460278,12058,Alahuixtlán,False
12058,0252,Hacienda de los Fresnos,18.314945555555557,-100.05098472222222,12,,True,0.6486426222197447,4.575965694674346,12058,Totoltepec,False
12058,0254,Agua Zarca,18.391726388888888,-99.86273,1,,True,0.05405355185164539,2.3294289692090855,12058,Teloloapan,False
12058,0257,Crucero del Calvario,18.29728,-99.83066055555555,2,,True,0.10810710370329078,1.7994096482926152,12058,El Calvario,False
12058,0260,La Laguna,18.444789444444446,-100.01595972222222,7,0.0,False,0.0,2.479394891383093,12031,Lídice,True
12058,0261,La Maravilla,18.436765,-100.00714944444445,8,,True,0.43242841481316313,3.635257406312613,12031,Lídice,True
12058,0264,Primera Cerca,18.39238611111111,-100.08460861111111,20,1.0,False,1.0,3.1901422648477196,12031,Acapetlahuaya,True
12058,0274,La Cofradía,18.295268055555557,-100.068715,15,2.0,False,2.0,2.416504766537594,12007,Ixcatepec,True
12058,0276,Nuevo Amanecer,18.392398611111112,-99.80331138888889,16,0.0,False,0.0,2.504159916285,12037,San Martín Pachivia (Pachivia),True
12058,0279,La Quebradora,18.343191944444442,-99.86556999999999,3,,True,0.16216065555493617,3.2100078085804524,12058,Teloloapan,False
12058,0283,Tulatengo,18.550994722222224,-99.96229194444444,8,,True,0.43242841481316313,6.6155779259308405,12058,Tlalpexco,False
12058,0294,Colonia el Pedregal,18.34932361111111,-99.8597375,2801,186.0,False,186.0,2.7071679636101753,12058,Teloloapan,False
12058,0297,Miahuatepec,18.38226527777778,-100.2176075,346,16.0,False,16.0,0.0,12058,Miahuatepec,False
12058,0317,Rancho los Flores,18.47665,-99.89850333333334,16,1.0,False,1.0,4.051656348297233,12047,Ixtlahuacatengo,True
12058,0324,Nueva Esperanza,18.463553055555554,-100.01991,23,1.0,False,1.0,0.3681026045311122,12031,Lídice,True
12059,0001,Tepecoacuilco de Trujano,18.286989722222224,-99.46669416666667,6884,366.0,False,366.0,0.0,12059,Tepecoacuilco de Trujano,False
12059,0002,Acayahualco,18.22453611111111,-99.48122527777778,1003,46.0,False,46.0,2.445665100050891,12035,Santa Teresa,True
12059,0003,Ahuehuepan,18.005705833333334,-99.49922222222223,953,37.0,False,37.0,4.447114933457401,12059,Xalitla,False
12059,0004,Colonia Lázaro Cárdenas (Lázaro Cárdenas),18.16413611111111,-99.55404305555555,381,20.0,False,20.0,1.1373214706863544,12059,Sabana Grande,False
12059,0005,Colonia Valerio Trujano (Valerio Trujano),17.940104166666668,-99.58774916666667,370,25.0,False,25.0,2.0012869860266083,12075,Mezcala,True
12059,0006,Cuexcontlán,18.304925,-99.42911444444445,634,27.0,False,27.0,3.0517039609199874,12059,San Vicente Palapa,False
12059,0007,Maxela,18.053951944444446,-99.59439583333332,1076,40.0,False,40.0,0.0,12059,Maxela,False
12059,0008,Mayanalán,18.173073333333335,-99.43500833333334,2755,122.0,False,122.0,0.0,12059,Mayanalán,False
12059,0009,Palula,18.097224999999998,-99.54020277777778,805,37.0,False,37.0,2.0783784558334486,12059,Tonalapa del Sur,False
12059,0010,El Rincón (Rincón Chiquito),18.190825833333335,-99.39119583333334,345,21.0,False,21.0,2.28865220372117,12059,Santa Cruz,False
12059,0011,Rincón de la Cocina,18.242614722222225,-99.46890555555555,813,30.0,False,30.0,3.8602211469733385,12035,Santa Teresa,True
12059,0012,Sabana Grande,18.15598361111111,-99.54754249999999,1028,57.0,False,57.0,0.0,12059,Sabana Grande,False
12059,0013,San Agustín Oapan,17.952877777777775,-99.4389513888889,1891,98.0,False,98.0,0.0,12059,San Agustín Oapan,False
12059,0014,San Juan Tetelcingo,17.922028611111113,-99.51834666666666,917,40.0,False,40.0,8.74428923910212,12059,Xalitla,False
12059,0015,San Miguel Tecuiciapan,17.960425555555556,-99.4126313888889,1478,47.0,False,47.0,0.0,12059,San Miguel Tecuiciapan,False
12059,0016,Santa Cruz,18.206475555555556,-99.40526833333334,652,39.0,False,39.0,0.0,12059,Santa Cruz,False
12059,0017,San Vicente Palapa,18.32454111111111,-99.40889611111112,1234,52.0,False,52.0,0.0,12059,San Vicente Palapa,False
12059,0018,Sasamulco,18.159018888888887,-99.57607083333333,703,29.0,False,29.0,3.0330777199529804,12059,Sabana Grande,False
12059,0019,Tecuexcontitlán (Tecoescontitlán),18.14242361111111,-99.57851583333333,1289,58.0,False,58.0,3.6033638034317765,12059,Sabana Grande,False
12059,0021,Tetelilla,18.10809111111111,-99.43268777777779,418,18.0,False,18.0,7.229852889902683,12059,Mayanalán,False
12059,0022,Tierra Colorada,18.269716944444443,-99.47796833333334,1172,48.0,False,48.0,2.25961847316765,12059,Tepecoacuilco de Trujano,False
12059,0023,Tonalapa del Sur,18.09958,-99.55971027777778,1050,42.0,False,42.0,0.0,12059,Tonalapa del Sur,False
12059,0024,Las Tunas,18.1681575,-99.49221805555555,210,9.0,False,9.0,6.000003487657288,12059,Sabana Grande,False
12059,0025,Venta de Palula,18.110224444444444,-99.54936277777777,562,36.0,False,36.0,1.611502192866099,12059,Tonalapa del Sur,False
12059,0026,Xalitla,17.997805833333334,-99.54044611111111,1501,68.0,False,68.0,0.0,12059,Xalitla,False
12059,0027,Xochimilco (San Ignacio Xochimilco),18.24940888888889,-99.38340416666668,411,22.0,False,22.0,3.593611552099628,12034,Pololcingo,True
12059,0028,San Gabrielito,18.274100555555556,-99.47261583333334,45,3.0,False,3.0,1.5636499061928162,12059,Tepecoacuilco de Trujano,False
12059,0035,El Acuario,18.26236638888889,-99.49399861111111,1,,True,0.04687398558722327,3.623799721173136,12035,Santa Teresa,True
12059,0036,Crucero de Tecuexcontitlán (La Cañada),18.129424166666666,-99.556065,4,,True,0.18749594234889308,3.0875260480903006,12059,Sabana Grande,False
12059,0039,El Crucero de Pololcingo,18.303050555555558,-99.42219083333333,20,1.0,False,1.0,2.7712806685528033,12059,San Vicente Palapa,False
12059,0040,La Estola,18.086840833333333,-99.56411444444444,31,2.0,False,2.0,1.4910582250030329,12059,Tonalapa del Sur,False
12059,0042,Kari y Elenita,18.120194166666668,-99.55699055555556,9,,True,0.42186587028500944,2.3101426567471055,12059,Tonalapa del Sur,False
12059,0044,Mazatlán,18.117253055555555,-99.39776111111112,4,0.0,False,0.0,7.34955981708149,12059,Mayanalán,False
12059,0055,Agua de Guamúchil,18.298704722222222,-99.43654444444445,26,2.0,False,2.0,3.4393124548469056,12059,Tepecoacuilco de Trujano,False
12059,0056,La Barranca Colorada,18.256725555555555,-99.47961361111112,18,,True,0.8437317405700189,3.63119900429274,12059,Tepecoacuilco de Trujano,False
12059,0060,Rancho de la Virgen,18.256465833333333,-99.46372444444445,11,0.0,False,0.0,3.408555530978476,12059,Tepecoacuilco de Trujano,False
12059,0064,El Huamúchil,18.11468527777778,-99.55690027777777,9,0.0,False,0.0,1.7056838031429586,12059,Tonalapa del Sur,False
12059,0069,Crucero de Tierra Colorada,18.28732888888889,-99.4960325,1,,True,0.04687398558722327,3.0977449476736187,12059,Tepecoacuilco de Trujano,False
12059,0073,Jalapilla (Rancho Tovar),18.296833055555556,-99.49317833333333,12,1.0,False,1.0,3.0026919434315764,12059,Tepecoacuilco de Trujano,False
12059,0074,Lindavista,18.289462222222223,-99.5030075,6,,True,0.2812439135233396,2.5648961100566794,12035,Tepochica,True
12059,0075,La Parota,18.116969444444447,-99.55727472222222,14,1.0,False,1.0,1.9506761333272413,12059,Tonalapa del Sur,False
12059,0076,Rancho Hermenegildo Salgado,18.261310555555557,-99.48029555555556,13,0.0,False,0.0,3.1962071055324097,12059,Tepecoacuilco de Trujano,False
12059,0093,Potrero de los Álamos (Potrero de Don Ángel),18.253081388888887,-99.47588222222222,1,,True,0.04687398558722327,3.800008094957859,12035,Santa Teresa,True
12059,0110,Cruz Dios Maravilloso,18.17462027777778,-99.55047499999999,1,,True,0.04687398558722327,2.0953357750301826,12059,Sabana Grande,False
12059,0111,Fraccionamiento la Perla,18.125488055555557,-99.55719138888888,7,,True,0.3281178991105629,2.8931178958049144,12059,Tonalapa del Sur,False
12059,0112,Crucero de San Juan Tetelcingo,17.987984166666667,-99.5610761111111,3,,True,0.1406219567616698,2.4398411044750286,12059,Xalitla,False
12059,0113,Rancho Don Lucas,18.248323055555556,-99.4785938888889,8,0.0,False,0.0,3.2470937653448133,12035,Santa Teresa,True
12059,0114,El Rinconcito,18.248659444444446,-99.46699805555556,18,0.0,False,0.0,4.262253212545816,12059,Tepecoacuilco de Trujano,False
12059,0115,Paraje las Piedras,18.28476416666667,-99.49010666666666,9,0.0,False,0.0,2.484246123390409,12059,Tepecoacuilco de Trujano,False
12060,0001,Tetipac,18.649385277777778,-99.64898222222223,2265,120.0,False,120.0,0.0,12060,Tetipac,False
12060,0003,Los Ayles,18.70493972222222,-99.731885,399,30.0,False,30.0,2.6992104259143925,12060,Jocotitlán,False
12060,0004,Atencahuites,18.721662499999997,-99.7317063888889,270,11.0,False,11.0,4.019022746573591,12060,Jocotitlán,False
12060,0005,Buena Vista del Águila,18.670459166666667,-99.70989305555555,78,7.0,False,7.0,1.7625376899533818,12060,Noxtepec,False
12060,0006,Coapango,18.63463638888889,-99.55685972222221,433,25.0,False,25.0,2.8185506884003395,12060,Chontalcoatlán,False
12060,0007,Chontalcoatlán,18.654164166666664,-99.57391583333333,1273,65.0,False,65.0,0.0,12060,Chontalcoatlán,False
12060,0008,Chontalpán,18.704228055555554,-99.74841138888888,242,16.0,False,16.0,1.458963290927755,12060,Jocotitlán,False
12060,0009,Huaxtelica,18.62417611111111,-99.68653861111112,22,1.0,False,1.0,4.43802541811867,12060,Noxtepec,False
12060,0010,Ixtepec,18.638769166666666,-99.71581472222222,76,7.0,False,7.0,3.499628399102241,12060,Noxtepec,False
12060,0011,Jocotitlán,18.69206722222222,-99.75361222222222,903,63.0,False,63.0,0.0,12060,Jocotitlán,False
12060,0012,Malhuantla,18.627059722222224,-99.6977363888889,248,16.0,False,16.0,4.037898569965069,12060,Noxtepec,False
12060,0013,Las Mesas,18.625571944444445,-99.66964194444445,10,0.0,False,0.0,3.427811618108873,12060,Tetipac,False
12060,0014,Noxtepec,18.663279166666666,-99.69497694444445,436,18.0,False,18.0,0.0,12060,Noxtepec,False
12060,0015,Palafox,18.719213888888888,-99.74516805555555,229,10.0,False,10.0,3.1468589984748405,12060,Jocotitlán,False
12060,0016,Pezuapa,18.652330277777775,-99.58408083333333,203,17.0,False,17.0,1.0901654364323712,12060,Chontalcoatlán,False
12060,0017,Pipichahuazco,18.653624444444443,-99.71544361111111,82,1.0,False,1.0,2.4086580961581716,12060,Noxtepec,False
12060,0018,Poder de Dios (San Mateo),18.64161138888889,-99.74528527777778,223,15.0,False,15.0,5.037523567524256,12047,San Pablo,True
12060,0019,Pregones,18.642055,-99.69045444444444,39,4.0,False,4.0,2.407636163925294,12060,Noxtepec,False
12060,0020,Pueblo Nuevo,18.623789722222224,-99.59466555555555,207,10.0,False,10.0,0.5575583301809529,12060,San Gregorio,False
12060,0021,San Andrés,18.6475275,-99.61145583333332,747,47.0,False,47.0,2.9203792009851517,12060,San Gregorio,False
12060,0022,San Antonio,18.628556111111113,-99.60293305555555,477,26.0,False,26.0,1.0994126132933928,12060,San Gregorio,False
12060,0023,San Gabrielito,18.687466666666666,-99.69563666666667,275,16.0,False,16.0,2.690424991516677,12060,Noxtepec,False
12060,0024,San Gregorio,18.628365277777778,-99.5925011111111,1112,62.0,False,62.0,0.0,12060,San Gregorio,False
12060,0026,Santa Cruz,18.65985111111111,-99.71426305555556,90,3.0,False,3.0,2.0672177620669636,12060,Noxtepec,False
12060,0027,Santiago,18.6351475,-99.63999472222223,480,19.0,False,19.0,1.8447494593126603,12060,Tetipac,False
12060,0028,Sualtepec,18.63414611111111,-99.70956722222222,43,3.0,False,3.0,3.585660732149319,12060,Noxtepec,False
12060,0029,Tecoanapa,18.67180527777778,-99.72186027777778,65,2.0,False,2.0,2.986504023355789,12060,Noxtepec,False
12060,0031,Totonancintla,18.66749527777778,-99.63046277777777,94,8.0,False,8.0,2.803872371336056,12060,Tetipac,False
12060,0032,Ahualulco,18.66182138888889,-99.64916444444445,640,27.0,False,27.0,1.3829657143517011,12060,Tetipac,False
12060,0033,Tenexcontitlán (El Ranchito),18.67402388888889,-99.66442388888889,563,32.0,False,32.0,3.1862586118326375,12060,Tetipac,False
12060,0034,Bordo Mora,18.705669444444442,-99.69725111111111,142,14.0,False,14.0,4.7196669363098795,12060,Noxtepec,False
12060,0036,El Jicarero,18.639489444444443,-99.58117999999999,25,2.0,False,2.0,1.718418885856164,12060,San Gregorio,False
12060,0037,Tepacoya,18.615940833333333,-99.57348499999999,277,17.0,False,17.0,2.4338892156651264,12060,San Gregorio,False
12060,0038,Agua de Flores,18.625008611111113,-99.73119944444444,22,2.0,False,2.0,5.274059988417712,12047,San Pablo,True
12060,0039,Tlapexco,18.650148055555555,-99.666785,1,,True,0.056523022432113344,1.8775496447210802,12060,Tetipac,False
12060,0041,Marmajitas,18.642082777777777,-99.68422194444445,35,5.0,False,5.0,2.615149723977212,12060,Noxtepec,False
12060,0044,El Peral,18.597699166666665,-99.6234186111111,26,0.0,False,0.0,4.71618959032027,12060,San Gregorio,False
12060,0045,Pitallas,18.64087472222222,-99.76792166666667,27,1.0,False,1.0,3.7302796026476197,12047,San Pablo,True
12060,0046,Los Planes,18.732338055555555,-99.73294055555556,149,9.0,False,9.0,4.9790964531358,12060,Jocotitlán,False
12060,0050,Xitinga [Fletes],18.65858972222222,-99.74136638888889,101,6.0,False,6.0,3.939703564682197,12060,Jocotitlán,False
12060,0053,Las Peñas,18.637875277777777,-99.65397972222223,10,0.0,False,0.0,1.383931373124125,12060,Tetipac,False
12060,0054,Santa Rosa,18.65321861111111,-99.61864361111111,10,0.0,False,0.0,3.2246275356099163,12060,Tetipac,False
12060,0057,Rancho San Pedro,18.651518055555552,-99.65345222222223,42,1.0,False,1.0,0.5272824687398409,12060,Tetipac,False
12060,0059,Puerto Corral,18.647023333333333,-99.76872027777777,7,,True,0.39566115702479343,4.368804470443939,12047,San Pablo,True
12060,0060,El Sámano,18.623829166666667,-99.74440638888889,64,2.0,False,2.0,3.937335397664268,12047,San Pablo,True
12060,0061,Ixtlahuaca,18.6565725,-99.71932666666667,49,4.0,False,4.0,2.6714411296510496,12060,Noxtepec,False
12060,0062,San Fernando,18.629225,-99.75832944444444,45,3.0,False,3.0,3.0926917877065505,12047,San Pablo,True
12060,0063,San Miguel del Monte,18.61773861111111,-99.73856611111111,3,,True,0.16956906729634003,4.296636849887704,12047,San Pablo,True
12060,0065,Palos Verdes,18.631389444444444,-99.61020777777777,86,5.0,False,5.0,1.8957875052232684,12060,San Gregorio,False
12060,0068,Huertas de Hidalgo,18.647746666666666,-99.72472777777779,24,3.0,False,3.0,3.578688387766357,12060,Noxtepec,False
12060,0069,El Llano,18.62158277777778,-99.58954944444444,183,11.0,False,11.0,0.8157949390478599,12060,San Gregorio,False
12061,0001,Tixtla de Guerrero,17.566724166666667,-99.3982713888889,24920,1392.0,False,1392.0,0.0,12061,Tixtla de Guerrero,False
12061,0002,Acatempa,17.644205,-99.36907916666667,2145,134.0,False,134.0,0.0,12061,Acatempa,False
12061,0003,El Ahuejote,17.578408888888887,-99.27748972222223,474,40.0,False,40.0,3.7462324453136056,12061,Zoquiapa,False
12061,0004,Almolonga,17.639355277777778,-99.2959725,1284,60.0,False,60.0,0.0,12061,Almolonga,False
12061,0006,Atliaca,17.653284166666666,-99.37321138888888,6321,395.0,False,395.0,0.0,12061,Atliaca,False
12061,0007,Ayotzinapa,17.55321222222222,-99.41030472222222,221,,True,12.797943063630678,1.9709852079778685,12061,Tixtla de Guerrero,False
12061,0008,Chilacachapa,17.556905555555556,-99.27756611111111,511,41.0,False,41.0,1.3563271532202406,12061,Zoquiapa,False
12061,0009,El Durazno,17.527527499999998,-99.29209444444444,1015,67.0,False,67.0,2.4971705805703674,12061,Zoquiapa,False
12061,0010,La Estacada,17.588906666666666,-99.28869972222222,203,7.0,False,7.0,5.068663996142518,12061,Zoquiapa,False
12061,0012,Matlalapa,17.595693333333333,-99.45546,55,4.0,False,4.0,6.864745176381842,12061,Tixtla de Guerrero,False
12061,0013,Ojitos de Agua,17.598464999999997,-99.34410472222221,209,8.0,False,8.0,5.733509566073976,12061,Acatempa,False
12061,0014,Omeapa,17.569115277777776,-99.35121444444444,403,22.0,False,22.0,4.995529550741426,12061,Tixtla de Guerrero,False
12061,0015,Plan de Guerrero,17.59111111111111,-99.35555555555555,434,21.0,False,21.0,5.277871214743261,12061,Tixtla de Guerrero,False
12061,0016,El Potrero,17.514480833333334,-99.31751027777777,390,23.0,False,23.0,3.0267598734909664,12044,Monte Alegre,True
12061,0017,El Troncón,17.522631944444445,-99.36425361111111,557,30.0,False,30.0,0.0,12061,El Troncón,False
12061,0018,Zacatzonapa,17.50255,-99.3448161111111,1032,71.0,False,71.0,0.0,12061,Zacatzonapa,False
12061,0019,Zoquiapa,17.544722222222223,-99.27694444444444,1190,62.0,False,62.0,0.0,12061,Zoquiapa,False
12061,0021,Los Amates (Adolfo Cienfuegos),17.586681388888888,-99.38248194444444,724,47.0,False,47.0,2.7795666599763886,12061,Tixtla de Guerrero,False
12061,0024,Las Mojoneras,17.621505,-99.37084972222222,30,0.0,False,0.0,2.531088709668823,12061,Acatempa,False
12061,0026,Tecozintla,17.523316944444442,-99.35607277777777,39,2.0,False,2.0,0.8707928763238569,12061,El Troncón,False
12061,0027,Los Terreros (Colonia General Eusebio González S.),17.59812722222222,-99.31706555555556,110,8.0,False,8.0,5.100330727703032,12061,Almolonga,False
12061,0028,Texalcingo (Tejalcingo),17.616799444444446,-99.38200694444444,18,1.0,False,1.0,3.341144871053225,12061,Acatempa,False
12061,0032,Rancho el Molino (La Media Luna),17.5532975,-99.43799944444444,9,,True,0.5211832016863173,4.468495558924541,12061,Tixtla de Guerrero,False
12061,0035,El Zapote,17.562338055555557,-99.41679555555557,84,4.0,False,4.0,2.023418259823726,12061,Tixtla de Guerrero,False
12061,0039,El Palito Verde,17.568973888888888,-99.41177611111112,11,,True,0.6370016909499433,1.4533112546723772,12061,Tixtla de Guerrero,False
12061,0040,Chalico (Rancho Chalico),17.55340222222222,-99.4416825,9,,True,0.5211832016863173,4.8346880524208125,12061,Tixtla de Guerrero,False
12061,0043,Tezahuapa,17.59600777777778,-99.40433916666667,7,0.0,False,0.0,3.319105292420103,12061,Tixtla de Guerrero,False
12061,0044,Rancho Salsipuedes,17.58037722222222,-99.39053222222223,1,,True,0.057909244631813024,1.7256382471676162,12061,Tixtla de Guerrero,False
12061,0045,Coxtlapa,17.57062861111111,-99.38853833333334,10,,True,0.5790924463181303,1.119406227694479,12061,Tixtla de Guerrero,False
12061,0046,Texcalzin (Barrio de San Antonio),17.567811388888888,-99.38887083333334,472,38.0,False,38.0,1.0038511516937039,12061,Tixtla de Guerrero,False
12061,0048,Heroina de Tixtla,17.55562777777778,-99.41118138888889,46,4.0,False,4.0,1.8427013313531102,12061,Tixtla de Guerrero,False
12061,0049,La Gallinita [Relleno Sanitario],17.58786361111111,-99.37335416666666,8,,True,0.4632739570545042,3.535791269486658,12061,Tixtla de Guerrero,False
12061,0050,Juanacastitlán,17.58168722222222,-99.38804055555556,3,,True,0.17372773389543908,1.98606842434178,12061,Tixtla de Guerrero,False
12061,0052,Rancho Coyote (El Bordo),17.53323111111111,-99.38517305555557,22,2.0,False,2.0,2.5118030902498534,12061,El Troncón,False
12061,0053,Temixco (Rancho Temixco),17.588202222222222,-99.40236416666667,3,,True,0.17372773389543908,2.4273371350364052,12061,Tixtla de Guerrero,False
12061,0058,Colonia Modesto Lozano,17.658981666666666,-99.3742761111111,46,3.0,False,3.0,0.6434992999163555,12061,Atliaca,False
12061,0062,Rancho Ayala (Rancho Don Pedro Tecolomula),17.546097500000002,-99.39904222222223,2,,True,0.11581848926362605,2.2950360723783,12061,Tixtla de Guerrero,False
12061,0063,Rinconada los Tecolotes,17.570574444444443,-99.40977666666667,61,7.0,False,7.0,1.292615936451807,12061,Tixtla de Guerrero,False
12061,0066,El Limoncito (El Zapote),17.588292499999998,-99.46516444444445,17,3.0,False,3.0,5.5752597745441195,12029,Chilpancingo de los Bravo,True
12061,0074,El Ejido,17.54879388888889,-99.41092055555556,1,,True,0.057909244631813024,2.402777164202709,12061,Tixtla de Guerrero,False
12061,0077,Colonia Tres de Mayo,17.588675,-99.37736444444444,14,0.0,False,0.0,3.2968393862855936,12061,Tixtla de Guerrero,False
12061,0078,San Miguel,17.59299222222222,-99.38542305555556,25,3.0,False,3.0,3.2227946415164195,12061,Tixtla de Guerrero,False
12061,0079,Colonia San Juditas,17.586304444444444,-99.36270722222221,35,1.0,False,1.0,4.353472963833761,12061,Tixtla de Guerrero,False
12062,0001,Tlacoachistlahuaca,16.809908888888888,-98.30174888888888,5033,369.0,False,369.0,0.0,12062,Tlacoachistlahuaca,False
12062,0002,El Capulín,16.92090527777778,-98.44020916666668,561,37.0,False,37.0,2.6771598332865287,12036,Chimalapa,True
12062,0003,Cruz Alta,16.87150888888889,-98.4379,261,15.0,False,15.0,5.119180176811354,12036,Llano Grande de Juárez,True
12062,0004,Rancho Cuananchinicha,16.820588333333333,-98.35399888888888,728,36.0,False,36.0,0.0,12062,Rancho Cuananchinicha,False
12062,0005,La Guadalupe,16.938167222222223,-98.28644361111111,428,40.0,False,40.0,5.365692404660026,12062,San Pedro Cuitlapan,False
12062,0006,Guadalupe Mano de León,16.891828888888888,-98.17268861111111,518,38.0,False,38.0,6.757142009737502,12062,Huehuetónoc,False
12062,0007,Huehuetónoc,16.8751875,-98.23376666666667,2012,107.0,False,107.0,0.0,12062,Huehuetónoc,False
12062,0008,Jicayán de Tovar,17.126594722222222,-98.23633416666667,1484,105.0,False,105.0,5.3352681055576685,12043,El Zapote,True
12062,0009,El Limón Guadalupe,17.141954722222223,-98.23933416666667,470,60.0,False,60.0,4.29219210209227,12043,El Zapote,True
12062,0010,Las Minas,16.864264722222224,-98.28610444444445,450,25.0,False,25.0,5.7001552481496836,12062,Huehuetónoc,False
12062,0011,Rancho Viejo (Rancho Nuevo de la Democracia),17.032451388888887,-98.2238888888889,1425,104.0,False,104.0,0.0,12062,Rancho Viejo (Rancho Nuevo de la Democracia),False
12062,0012,San Cristóbal,16.822031666666668,-98.40311583333335,1373,85.0,False,85.0,0.0,12062,San Cristóbal,False
12062,0013,San Isidro,16.93330888888889,-98.27573027777778,281,15.0,False,15.0,4.5269648038895705,12071,El Carmen,True
12062,0014,San Jerónimo,16.877546666666667,-98.36183249999999,752,51.0,False,51.0,6.388108993972059,12062,Rancho Cuananchinicha,False
12062,0015,San Martín,16.923946111111114,-98.28911444444444,348,27.0,False,27.0,6.2675222298691295,12071,El Carmen,True
12062,0017,San Pedro Cuitlapan,16.973101666666665,-98.2516425,1356,106.0,False,106.0,0.0,12062,San Pedro Cuitlapan,False
12062,0018,Santa Cruz Yucucani,17.075790277777777,-98.11316194444444,1371,116.0,False,116.0,12.719159279400776,12062,Rancho Viejo (Rancho Nuevo de la Democracia),False
12062,0019,Terrero Venado,16.941254722222222,-98.3379375,788,58.0,False,58.0,9.837829072061782,12062,San Pedro Cuitlapan,False
12062,0020,La Trinidad,17.07364777777778,-98.18492222222223,702,61.0,False,61.0,6.176036384116472,12062,Rancho Viejo (Rancho Nuevo de la Democracia),False
12062,0021,Yoloxóchitl (Santiago Yoloxóchitl),17.00641611111111,-98.22198305555555,767,59.0,False,59.0,2.9020740778980416,12062,Rancho Viejo (Rancho Nuevo de la Democracia),False
12062,0022,Jiquimillas (Jiquililla),16.90687833333333,-98.30897277777777,236,20.0,False,20.0,8.74333540900761,12062,Huehuetónoc,False
12062,0033,Chuchupaste,16.857447222222223,-98.2968975,2,,True,0.14371625477371494,5.311179158903093,12062,Tlacoachistlahuaca,False
12062,0034,Papaloapan,16.845384444444445,-98.28887027777778,46,0.0,False,0.0,4.176066978394991,12062,Tlacoachistlahuaca,False
12062,0046,Río Blanco (Cascada Blanca),17.049697222222225,-98.12196722222221,12,,True,0.8622975286422896,11.00396971235986,12062,Rancho Viejo (Rancho Nuevo de la Democracia),False
12062,0051,Plan Mamey,17.054157777777778,-98.0954336111111,93,8.0,False,8.0,13.867945927839914,12062,Rancho Viejo (Rancho Nuevo de la Democracia),False
12062,0053,El Frutillo,16.769215833333334,-98.28975333333334,13,,True,0.9341556560291471,3.0607891586276,12046,Zacoalpan,True
12062,0054,Piedra del Cune (Piedra del Guajolote),17.045868333333335,-98.20406805555555,4,,True,0.2874325095474299,2.5818947507622263,12062,Rancho Viejo (Rancho Nuevo de la Democracia),False
12062,0056,Arroyo Platanar (Rancho Platanar II),17.0550575,-98.14946111111112,15,2.0,False,2.0,8.302203213194618,12062,Rancho Viejo (Rancho Nuevo de la Democracia),False
12062,0060,Barranca Estaca,17.12091888888889,-98.25267583333333,105,11.0,False,11.0,4.510263352512274,12043,El Zapote,True
12062,0062,Llano del Tigre,17.040099722222223,-98.26000055555555,180,13.0,False,13.0,3.9323018852445193,12062,Rancho Viejo (Rancho Nuevo de la Democracia),False
12062,0064,El Aguacate (Camino a Xochistlahuaca),16.747764166666666,-98.26569666666667,6,,True,0.4311487643211448,2.444516174430485,12046,Zacoalpan,True
12062,0065,San José,17.01394638888889,-98.11553666666666,183,10.0,False,10.0,11.702658292079919,12062,Rancho Viejo (Rancho Nuevo de la Democracia),False
12062,0068,Barranca Capi,17.06789111111111,-98.09826833333332,22,4.0,False,4.0,13.923727905826789,12062,Rancho Viejo (Rancho Nuevo de la Democracia),False
12062,0070,Cerro de la Lluvia (Cerro del Agua),17.012918055555556,-98.0896525,2,,True,0.14371625477371494,14.436787101072577,12062,Rancho Viejo (Rancho Nuevo de la Democracia),False
12062,0074,Rancho Trapiche,17.038083333333336,-98.12907055555554,19,1.0,False,1.0,10.100158648390353,12062,Rancho Viejo (Rancho Nuevo de la Democracia),False
12062,0080,Barrio de Hoja Dura (Arroyo Chimalapa),16.936751666666666,-98.46072777777778,120,8.0,False,8.0,0.6807314695657518,12036,Chimalapa,True
12062,0088,Cañada Zoque,16.817552222222222,-98.34837916666666,3,,True,0.2155743821605724,0.686849435290664,12062,Rancho Cuananchinicha,False
12062,0094,Arroyo San Martín,17.070364444444444,-98.14336333333334,49,6.0,False,6.0,9.542193391614653,12062,Rancho Viejo (Rancho Nuevo de la Democracia),False
12062,0095,Cerro Xilacayote (Cerro Tres Cruces),17.03865777777778,-98.08894111111111,6,,True,0.4311487643211448,14.363701724774002,12062,Rancho Viejo (Rancho Nuevo de la Democracia),False
12062,0096,Llano Zapote,17.03778416666667,-98.24748111111111,98,9.0,False,9.0,2.5773781972623095,12062,Rancho Viejo (Rancho Nuevo de la Democracia),False
12062,0098,Tierra Colorada,17.064848611111113,-98.11235583333332,61,3.0,False,3.0,12.392091571813621,12062,Rancho Viejo (Rancho Nuevo de la Democracia),False
12062,0127,Juquila Yucucani,17.075535,-98.11198277777777,309,19.0,False,19.0,12.824630400779213,12062,Rancho Viejo (Rancho Nuevo de la Democracia),False
12062,0129,Llano Grande,17.14963388888889,-98.23294166666666,89,9.0,False,9.0,4.792371724957478,12043,El Zapote,True
12063,0001,Tlacoapa,17.259948333333334,-98.74821138888889,1781,143.0,False,143.0,0.0,12063,Tlacoapa,False
12063,0002,Ahuehuete,17.276965,-98.7594336111111,289,16.0,False,16.0,2.2361175449158806,12063,Tlacoapa,False
12063,0003,El Campanario,17.22546722222222,-98.74484527777778,211,15.0,False,15.0,3.8507529673024967,12063,Tlacoapa,False
12063,0004,El Capulín,17.314321666666668,-98.69654027777779,158,13.0,False,13.0,2.2158869687721654,12041,Moyotepec (Moyotepec de Juárez),True
12063,0005,Chirimoyo,17.260011111111112,-98.712405,189,14.0,False,14.0,3.802201894821471,12063,Tlacoapa,False
12063,0006,Plan de Guadalupe,17.245413333333335,-98.72953666666668,195,12.0,False,12.0,2.5582921315526286,12063,Tlacoapa,False
12063,0007,Metlapilapa,17.08816333333333,-98.84175527777778,305,18.0,False,18.0,4.948053022913266,12076,Mexcaltepec,True
12063,0008,El Mirador,17.221207777777778,-98.76322583333334,138,4.0,False,4.0,4.593388586217222,12063,Tlacoapa,False
12063,0009,Piedra Escalera,17.30397111111111,-98.75580166666667,94,6.0,False,6.0,4.693872859504844,12076,El Capulín,True
12063,0010,Xochistlahuaca,17.139490277777778,-98.8481686111111,191,16.0,False,16.0,5.238995157317128,12063,Totomixtlahuaca,False
12063,0011,Sabana,17.32707111111111,-98.72293555555555,283,23.0,False,23.0,3.869644209822951,12041,Moyotepec (Moyotepec de Juárez),True
12063,0012,Sabino de Guadalupe,17.217646944444443,-98.78882805555556,98,9.0,False,9.0,3.941312357568674,12063,Tenamazapa,False
12063,0013,Tenamazapa,17.215732222222222,-98.82588166666666,828,55.0,False,55.0,0.0,12063,Tenamazapa,False
12063,0014,Tlacotepec,17.246960833333333,-98.76537055555555,451,30.0,False,30.0,2.3250383756416326,12063,Tlacoapa,False
12063,0015,Totomixtlahuaca,17.15783833333333,-98.80275361111111,1152,95.0,False,95.0,0.0,12063,Totomixtlahuaca,False
12063,0016,Xocoapa,17.216480555555556,-98.77656722222223,326,19.0,False,19.0,5.238489092322594,12063,Tenamazapa,False
12063,0018,Ahuejuyos Asaltados (El Ahuejuyo),17.13086638888889,-98.81421055555555,233,18.0,False,18.0,3.2367873745033835,12063,Totomixtlahuaca,False
12063,0019,Tecolutla,17.315438888888888,-98.73628444444445,147,12.0,False,12.0,5.560802545823263,12041,Moyotepec (Moyotepec de Juárez),True
12063,0020,Barranca Nopalera,17.26339888888889,-98.7583375,133,6.0,False,6.0,1.1416624022727249,12063,Tlacoapa,False
12063,0021,Los Mangos (Cuadrilla los Mangos),17.139365555555557,-98.83238944444444,56,5.0,False,5.0,3.759590384204046,12063,Totomixtlahuaca,False
12063,0022,El Carrizal,17.15762388888889,-98.83248777777777,238,16.0,False,16.0,3.159236249401933,12063,Totomixtlahuaca,False
12063,0023,Cruz de Gallo,17.263803055555556,-98.73122527777778,135,8.0,False,8.0,1.8539256172777363,12063,Tlacoapa,False
12063,0026,Buena Vista,17.214591111111112,-98.83323138888889,311,12.0,False,12.0,0.7908838438837315,12063,Tenamazapa,False
12063,0028,Tepetates,17.325814166666667,-98.73493388888889,98,5.0,False,5.0,5.1504109450061994,12041,Moyotepec (Moyotepec de Juárez),True
12063,0032,Barranca Perico,17.274482222222222,-98.77492138888888,12,0.0,False,0.0,3.1962332089051584,12076,El Capulín,True
12063,0034,San Miguel Tenamazapa (San Miguelito),17.200622222222222,-98.80558777777777,282,22.0,False,22.0,2.7330166052620157,12063,Tenamazapa,False
12063,0035,Kilómetro Doce,17.256933888888888,-98.7755536111111,20,4.0,False,4.0,2.922714207974706,12063,Tlacoapa,False
12063,0036,San Miguel Buenavista,17.2976025,-98.72658305555555,125,8.0,False,8.0,4.775368802224617,12063,Tlacoapa,False
12063,0037,Agua Zarca,17.17139611111111,-98.81065527777777,127,12.0,False,12.0,1.7255353317397062,12063,Totomixtlahuaca,False
12063,0038,Cerro Viejo,17.282396388888888,-98.78240277777778,9,0.0,False,0.0,2.0340575415851814,12076,El Capulín,True
12063,0039,Potrero Ciénega,17.147647777777777,-98.82236805555556,34,1.0,False,1.0,2.372158615660485,12063,Totomixtlahuaca,False
12063,0040,Colonia San José,17.26382611111111,-98.79977444444444,89,6.0,False,6.0,1.2073020450128462,12076,El Tejocote,True
12063,0041,Vista Hermosa,17.216333055555555,-98.81663805555556,93,4.0,False,4.0,0.9840612936146729,12063,Tenamazapa,False
12063,0042,Colonia Lindavista (Colonia Renacimiento),17.253988055555556,-98.75216722222223,41,0.0,False,0.0,0.7846640744020025,12063,Tlacoapa,False
12063,0043,Tlacoapa Centro Cuatro,17.269435277777777,-98.74555611111111,49,3.0,False,3.0,1.091929601661464,12063,Tlacoapa,False
12063,0044,Tlacoapa Centro Dos,17.262750277777776,-98.75063083333333,43,4.0,False,4.0,0.403825772808115,12063,Tlacoapa,False
12063,0045,Tlacoapa Centro Tres,17.266608333333334,-98.74644944444445,31,2.0,False,2.0,0.7638261500447441,12063,Tlacoapa,False
12063,0046,Tlacoapa Centro Uno,17.268370833333332,-98.7522275,18,1.0,False,1.0,1.0290611293261362,12063,Tlacoapa,False
12063,0047,Barranca Cangrejo,17.243831111111113,-98.74435805555555,62,8.0,False,8.0,1.8382746134469012,12063,Tlacoapa,False
12063,0048,Cerro Guadalupe,17.30137888888889,-98.72705805555556,14,1.0,False,1.0,5.1251937311289835,12063,Tlacoapa,False
12063,0049,Cuatro Caminos (Tierra Colorada),17.313211666666668,-98.7257425,56,2.0,False,2.0,4.626095289442965,12041,Moyotepec (Moyotepec de Juárez),True
12063,0050,La Magueyera,17.293961666666668,-98.69524583333333,66,6.0,False,6.0,4.319322034151248,12041,Moyotepec (Moyotepec de Juárez),True
12063,0051,San Marcos,17.275998333333334,-98.7106225,77,6.0,False,6.0,4.372135419516708,12063,Tlacoapa,False
12063,0052,Los Candelario (Barranca los Viejitos),17.308839722222224,-98.7062863888889,14,1.0,False,1.0,3.2976261476489044,12041,Moyotepec (Moyotepec de Juárez),True
12063,0055,Llano San Francisco,17.2937125,-98.71689944444445,17,0.0,False,0.0,5.014854065024362,12063,Tlacoapa,False
12063,0056,Llano Zopilote,17.28865027777778,-98.7383975,6,,True,0.426872770511296,3.357316177902207,12063,Tlacoapa,False
12063,0057,Majahuac de Toro,17.270825277777778,-98.78445944444444,1,,True,0.07114546175188267,2.302214942628175,12076,El Tejocote,True
12063,0058,Mata Ñua Ji,17.30650388888889,-98.76829194444444,3,,True,0.213436385255648,3.5503563882103966,12076,El Capulín,True
12063,0059,Piedra de Lodo,17.306470277777777,-98.75929194444444,36,1.0,False,1.0,4.427866427999666,12076,El Capulín,True
12063,0060,Xonacatepec,17.260520833333334,-98.7957875,34,7.0,False,7.0,1.7537044769520458,12076,El Tejocote,True
12063,0061,Xonacatlán,17.2644625,-98.79086833333334,12,2.0,False,2.0,1.863115305960738,12076,El Tejocote,True
12063,0062,Barranca Zorro (Rancho Manuel Galeana),17.207278055555555,-98.80237944444444,62,4.0,False,4.0,2.6674386649062236,12063,Tenamazapa,False
12063,0063,Cerro Ometepec,17.227259999999998,-98.80953166666666,26,1.0,False,1.0,2.158384660839265,12063,Tenamazapa,False
12063,0064,Loma Linda Vista,17.214415833333334,-98.79554083333333,35,2.0,False,2.0,3.225927266219015,12063,Tenamazapa,False
12063,0065,Llano Verde,17.212299166666664,-98.78900055555556,92,12.0,False,12.0,3.9358487355489338,12063,Tenamazapa,False
12063,0066,Ninguno,17.185015555555555,-98.78302305555556,10,1.0,False,1.0,3.6777873167835806,12063,Totomixtlahuaca,False
12063,0067,Tierra Colorada de los Nachi,17.18691638888889,-98.80231833333333,27,1.0,False,1.0,3.2336629206509997,12063,Totomixtlahuaca,False
12063,0068,Plan Jacaranda,17.216341944444444,-98.8124575,46,1.0,False,1.0,1.4274306632998155,12063,Tenamazapa,False
12063,0069,El Duraznal,17.263333333333332,-98.71916666666667,85,10.0,False,10.0,3.10704530852725,12063,Tlacoapa,False
12063,0070,27 de Septiembre,17.261150555555556,-98.74651222222222,35,2.0,False,2.0,0.22455638251751114,12063,Tlacoapa,False
12063,0071,Juquilita,17.204948333333334,-98.81641833333333,170,7.0,False,7.0,1.5646783796541572,12063,Tenamazapa,False
12063,0072,Plan de los Pinos,17.184184722222223,-98.80020416666666,44,2.0,False,2.0,2.942078612502099,12063,Totomixtlahuaca,False
12063,0073,Rancho Santiago,17.222507777777775,-98.818255,49,4.0,False,4.0,1.1062470129129482,12063,Tenamazapa,False
12064,0001,Tlalchapa,18.408674444444443,-100.47825333333334,4299,218.0,False,218.0,0.0,12064,Tlalchapa,False
12064,0002,El Aguacate,18.394696666666665,-100.53476694444444,220,7.0,False,7.0,3.994621095247747,12064,Chapultepec (El Chapul),False
12064,0005,Colonia Cuauhtémoc,18.344986944444443,-100.38303305555554,925,45.0,False,45.0,3.4361526333571075,12064,San Miguel Tecomatlán,False
12064,0006,Cuauhlotitlán,18.34490333333333,-100.32805027777778,814,33.0,False,33.0,0.0,12064,Cuauhlotitlán,False
12064,0007,Chapultepec (El Chapul),18.358819166666667,-100.5328313888889,386,24.0,False,24.0,0.0,12064,Chapultepec (El Chapul),False
12064,0008,El Chucumpún,18.407838888888886,-100.53186666666666,162,14.0,False,14.0,5.4516949202267195,12064,Chapultepec (El Chapul),False
12064,0009,La Montaña,18.36370777777778,-100.30992333333333,370,14.0,False,14.0,2.8340783854703853,12064,Cuauhlotitlán,False
12064,0011,Los Nopales,18.380932222222224,-100.48025333333334,271,9.0,False,9.0,3.0920039727650335,12064,Tlalchapa,False
12064,0012,Otlatepec (Agua del Padre),18.50983,-100.4990713888889,657,20.0,False,20.0,0.0,12064,Otlatepec (Agua del Padre),False
12064,0013,Puerto de Allende (Puerta de Arriba),18.400558888888888,-100.41166972222223,90,6.0,False,6.0,4.148933492323469,12064,Villa Madero (El Potrero),False
12064,0014,San Jacinto (San Jacinto de la Palma),18.442805833333335,-100.48515833333333,51,0.0,False,0.0,3.8645115280685527,12064,Tlalchapa,False
12064,0015,San Juan,18.372656111111112,-100.46521583333333,94,1.0,False,1.0,4.234728289672173,12064,Tlalchapa,False
12064,0016,San Miguel Tecomatlán,18.31789611111111,-100.39869472222223,1111,55.0,False,55.0,0.0,12064,San Miguel Tecomatlán,False
12064,0017,San Vicente,18.498159166666667,-100.39292694444445,24,0.0,False,0.0,11.267523756066522,12064,Otlatepec (Agua del Padre),False
12064,0018,El Tamarindo del Río,18.348754999999997,-100.31154583333333,119,3.0,False,3.0,1.7938026837641468,12064,Cuauhlotitlán,False
12064,0020,Tenancingo,18.390845833333334,-100.47713944444445,228,15.0,False,15.0,1.9859317539471788,12064,Tlalchapa,False
12064,0021,Tlanexpa,18.332765,-100.45139444444445,133,6.0,False,6.0,5.71221929090507,12067,Colonia Juárez (El Jabalí),True
12064,0022,Villa Madero (El Potrero),18.41085361111111,-100.44946722222222,1182,59.0,False,59.0,0.0,12064,Villa Madero (El Potrero),False
12064,0032,El Paso de Amatitlán,18.33327111111111,-100.31370388888888,154,9.0,False,9.0,1.9914503240256274,12064,Cuauhlotitlán,False
12064,0038,La Cacánicua de Arriba,18.59791583333333,-100.44693388888889,30,3.0,False,3.0,11.231351282072364,12064,Otlatepec (Agua del Padre),False
12064,0041,El Charco,18.389048055555556,-100.51230027777778,61,0.0,False,0.0,3.9990440823034885,12064,Chapultepec (El Chapul),False
12064,0042,La Ceiba (Las Ceibas),18.505927222222223,-100.3935675,21,0.0,False,0.0,11.133205368345884,12064,Otlatepec (Agua del Padre),False
12064,0046,Huaxquial,18.360905000000002,-100.46805777777777,139,6.0,False,6.0,5.419573617448971,12064,Tlalchapa,False
12064,0062,La Rueda,18.615031944444446,-100.46912583333334,16,1.0,False,1.0,12.116324349141367,12064,Otlatepec (Agua del Padre),False
12064,0063,Cacánicua (Cacánicua de Abajo),18.5841875,-100.44314916666667,91,4.0,False,4.0,10.154674355083644,12064,Otlatepec (Agua del Padre),False
12064,0064,El Salto,18.610697222222225,-100.44381527777779,1,,True,0.04725622806266587,12.638168613633225,12064,Otlatepec (Agua del Padre),False
12064,0069,Colonia el Depósito,18.419463611111112,-100.47543305555556,24,0.0,False,0.0,1.236047654662176,12064,Tlalchapa,False
12064,0071,Ninguno,18.401843055555553,-100.48644027777777,1,,True,0.04725622806266587,1.1502745797372222,12064,Tlalchapa,False
12064,0073,Huertas la Ciénega,18.393884166666666,-100.48184555555555,2,,True,0.09451245612533174,1.687712323065051,12064,Tlalchapa,False
12064,0079,Rancho el Recodo,18.399288055555555,-100.47877833333334,5,,True,0.23628114031332936,1.045187643396343,12064,Tlalchapa,False
12065,0001,Tlalixtaquilla,17.57448361111111,-98.36986222222221,2529,127.0,False,127.0,0.0,12065,Tlalixtaquilla,False
12065,0002,Ahuacatitlán (Aguacatitlán),17.575625833333334,-98.4259713888889,490,25.0,False,25.0,0.0,12065,Ahuacatitlán (Aguacatitlán),False
12065,0004,La Luz de Juárez,17.535259722222225,-98.34644916666666,1423,68.0,False,68.0,0.0,12065,La Luz de Juárez,False
12065,0005,Mexquititlán,17.57735388888889,-98.45862305555556,336,20.0,False,20.0,3.4665288207426,12065,Ahuacatitlán (Aguacatitlán),False
12065,0007,La Rivera,17.578821944444446,-98.40191472222223,219,13.0,False,13.0,2.574731974702575,12065,Ahuacatitlán (Aguacatitlán),False
12065,0008,Santa Cruz,17.531377222222222,-98.40064944444445,1309,63.0,False,63.0,0.0,12065,Santa Cruz,False
12065,0009,Tecoyame de Guadalupe,17.623755555555555,-98.45175916666668,654,43.0,False,43.0,0.0,12065,Tecoyame de Guadalupe,False
12065,0010,Cerro Grande,17.5994775,-98.40474722222223,22,1.0,False,1.0,3.4778223537565487,12065,Ahuacatitlán (Aguacatitlán),False
12065,0011,Guajolotitlán (Río Salado),17.5553175,-98.38350777777778,9,,True,0.4581689029202841,2.575747794078325,12065,Tlalixtaquilla,False
12065,0013,Barrio el Calvario Uno,17.570973055555555,-98.37643916666666,56,3.0,False,3.0,0.7990363325154825,12065,Tlalixtaquilla,False
12065,0014,Barrio el Calvario Dos,17.574738333333332,-98.37674527777777,33,2.0,False,2.0,0.7301868482836393,12065,Tlalixtaquilla,False
12065,0017,Colonia Bachilleres,17.584573888888887,-98.37340999999999,44,2.0,False,2.0,1.1833368591135036,12065,Tlalixtaquilla,False
12065,0018,Colonia Tres de Mayo,17.565859444444445,-98.37881916666666,49,4.0,False,4.0,1.3495061643585318,12065,Tlalixtaquilla,False
12065,0019,Loma Larga (El Remolino),17.582190277777777,-98.38026916666666,2,,True,0.10181531176006314,1.396896774644731,12065,Tlalixtaquilla,False
12065,0026,Cannán Ciudad de la Luz,17.61127638888889,-98.480805,427,16.0,False,16.0,3.376569914943711,12065,Tecoyame de Guadalupe,False
12066,0001,Tlapa de Comonfort,17.546949444444447,-98.58213833333333,59580,3741.0,False,3741.0,0.0,12066,Tlapa de Comonfort,False
12066,0002,Ahuatepec Pueblo,17.607737222222223,-98.59368638888888,1254,74.0,False,74.0,0.0,12066,Ahuatepec Pueblo,False
12066,0003,Alpoyecancingo,17.439858055555554,-98.50585583333333,260,19.0,False,19.0,2.5550025751824474,12069,Igualita,True
12066,0004,Aquilpa,17.544207500000002,-98.70917138888889,972,67.0,False,67.0,3.221233772150012,12066,Chiepetepec,False
12066,0005,Atlamajac,17.555955555555556,-98.54638,2015,150.0,False,150.0,3.921079987990828,12066,Tlapa de Comonfort,False
12066,0006,Atlamajalcingo del Río,17.527439166666667,-98.65609194444446,1078,68.0,False,68.0,3.87339154790468,12066,Tlaquiltzinapa,False
12066,0007,San Miguel Axoxuca,17.549513333333334,-98.66203305555557,1637,90.0,False,90.0,4.357257651051595,12066,Tlaquiltzinapa,False
12066,0008,Ayotzinapa,17.557206944444445,-98.76252194444444,1232,84.0,False,84.0,4.138796809475395,12066,Chiepetepec,False
12066,0009,Coachimalco,17.62543638888889,-98.68163305555557,1012,64.0,False,64.0,5.330972052698233,12066,Tenango Tepexi,False
12066,0010,Chiepetepec,17.568704444444442,-98.72539027777778,2471,158.0,False,158.0,0.0,12066,Chiepetepec,False
12066,0011,Chiepetlán (San Miguel Chiepetlán),17.65518583333333,-98.64382222222223,905,39.0,False,39.0,5.439478970147539,12066,Tenango Tepexi,False
12066,0013,Barranca del Otate,17.57139388888889,-98.52913944444444,255,15.0,False,15.0,5.4427499561069395,12005,Ixcateopan,True
12066,0014,San Pedro Petlacala,17.580302222222222,-98.6724725,855,66.0,False,66.0,4.93756752017222,12066,Tenango Tepexi,False
12066,0015,Las Pilas,17.3734075,-98.50252666666667,195,16.0,False,16.0,5.153962656305418,12043,Juanacatlán,True
12066,0016,Plan de Zacatepec,17.373911944444444,-98.48448305555556,196,11.0,False,11.0,3.954778713412654,12004,Xochapa,True
12066,0017,La Providencia,17.54671916666667,-98.60117694444443,727,41.0,False,41.0,2.018657261075298,12066,Tlapa de Comonfort,False
12066,0018,San Miguel Zapotitlán,17.356060833333334,-98.52703,145,11.0,False,11.0,3.5548757557917945,12043,Juanacatlán,True
12066,0019,San Pedro Acatlán,17.389052222222222,-98.51840083333333,183,6.0,False,6.0,3.4477206580926083,12069,Cahuatache,True
12066,0020,La Soledad,17.54800416666667,-98.61452888888888,661,44.0,False,44.0,1.1810851347241973,12066,Tlaquiltzinapa,False
12066,0021,Tenango Tepexi,17.606959722222225,-98.63521722222222,560,40.0,False,40.0,0.0,12066,Tenango Tepexi,False
12066,0022,Tlacuiloya,17.616358333333334,-98.58391472222222,507,29.0,False,29.0,1.4112009469441715,12066,Ahuatepec Pueblo,False
12066,0023,Tlaquiltzinapa,17.540219722222226,-98.62210805555554,902,67.0,False,67.0,0.0,12066,Tlaquiltzinapa,False
12066,0024,Tlaquilzingo,17.506988888888888,-98.62725444444443,925,58.0,False,58.0,3.7351771675686654,12066,Tlaquiltzinapa,False
12066,0025,Tlatzala,17.61515,-98.55003333333333,1117,55.0,False,55.0,3.6212927131232804,12005,Ixcateopan,True
12066,0026,Santa María Tonaya,17.368756944444446,-98.51721555555555,305,6.0,False,6.0,4.59429068229717,12043,Juanacatlán,True
12066,0027,Totomochapa,17.54177166666667,-98.45914666666667,102,4.0,False,4.0,5.1517407410033575,12065,Ahuacatitlán (Aguacatitlán),True
12066,0028,Tototepec (Yozononi),17.431542500000003,-98.58581111111111,3009,199.0,False,199.0,0.0,12066,Tototepec (Yozononi),False
12066,0029,Villa de Guadalupe,17.494706944444445,-98.63413722222222,191,8.0,False,8.0,3.955457159885786,12069,Xalpatláhuac,True
12066,0030,Xalatzala,17.473466388888887,-98.5733761111111,2342,145.0,False,145.0,0.0,12066,Xalatzala,False
12066,0031,Zacapexco,17.593328333333332,-98.63782333333334,251,18.0,False,18.0,1.5407043574393362,12066,Tenango Tepexi,False
12066,0032,Zacualpan,17.673983333333336,-98.60410277777777,732,27.0,False,27.0,7.448469776224783,12066,Ahuatepec Pueblo,False
12066,0033,Amate Amarillo,17.522904999999998,-98.47452083333333,147,10.0,False,10.0,7.801286612452717,12065,Ahuacatitlán (Aguacatitlán),True
12066,0035,Tepeyahualco,17.522679166666666,-98.67251583333334,143,15.0,False,15.0,5.689500327884439,12066,Tlaquiltzinapa,False
12066,0036,Ahuatepec Ejido,17.544286944444448,-98.59841388888889,881,62.0,False,62.0,1.7507773233213444,12066,Tlapa de Comonfort,False
12066,0042,Chicahuastepec,17.58764111111111,-98.7137063888889,22,2.0,False,2.0,2.442898360192159,12066,Chiepetepec,False
12066,0043,Linda Vista,17.387999166666667,-98.5231736111111,128,7.0,False,7.0,3.3689995474702825,12069,Cahuatache,True
12066,0044,Las Mesas,17.47619,-98.53272333333334,117,2.0,False,2.0,2.451970037926051,12069,Igualita,True
12066,0045,Mexcala,17.536936111111114,-98.53826527777778,104,10.0,False,10.0,4.782998608877199,12066,Tlapa de Comonfort,False
12066,0048,Tehuixtla,17.491040833333333,-98.56383916666667,4,,True,0.2530039011703511,2.2004411126318764,12066,Xalatzala,False
12066,0053,Los Zapotales,17.538524444444445,-98.60748805555555,312,30.0,False,30.0,1.5615126099512489,12066,Tlaquiltzinapa,False
12066,0055,Tehuchicoloya,17.56148027777778,-98.70065472222223,167,16.0,False,16.0,2.742507948162944,12066,Chiepetepec,False
12066,0057,Tenexteyo,17.60825277777778,-98.7182263888889,79,8.0,False,8.0,4.4626525528806456,12066,Chiepetepec,False
12066,0058,Totoapan,17.569261944444445,-98.65336027777778,9,1.0,False,1.0,4.6118918714021335,12066,Tenango Tepexi,False
12066,0059,Tres Caminos,17.582125555555557,-98.74107916666667,506,39.0,False,39.0,2.2345040635647995,12066,Chiepetepec,False
12066,0060,Xocotepec (San Marcos del Rancho),17.590383888888887,-98.70601361111112,128,7.0,False,7.0,3.167013828689186,12066,Chiepetepec,False
12066,0061,Teoztokiahuac,17.49301777777778,-98.65171500000001,1,,True,0.06325097529258777,5.395392507259877,12069,Xalpatláhuac,True
12066,0062,Torrentlán,17.580041944444446,-98.62523416666666,162,8.0,False,8.0,3.1746548319256895,12066,Tenango Tepexi,False
12066,0063,Acatenco,17.63469333333333,-98.63011555555555,226,14.0,False,14.0,3.1308730906787128,12066,Tenango Tepexi,False
12066,0066,Amatitlán,17.439670555555555,-98.55616333333333,4,,True,0.2530039011703511,3.272495003100734,12066,Tototepec (Yozononi),False
12066,0067,Cerro del Aire,17.42015055555556,-98.59422194444444,71,3.0,False,3.0,1.5494611009395507,12066,Tototepec (Yozononi),False
12066,0068,Lucas Godínez González,17.486497222222223,-98.63561111111112,18,3.0,False,3.0,3.547357326588269,12069,Xalpatláhuac,True
12066,0069,Pueblo Viejo,17.426248611111113,-98.57551333333333,26,0.0,False,0.0,1.2409866708482549,12066,Tototepec (Yozononi),False
12066,0070,Teteltzi,17.484647777777777,-98.64087111111112,5,,True,0.31625487646293887,3.9590312380286186,12069,Xalpatláhuac,True
12066,0071,Santa Cruz Tlalchichilco,17.605835555555558,-98.62228583333332,218,22.0,False,22.0,1.3762375312877346,12066,Tenango Tepexi,False
12066,0072,San Miguel Zinacantla,17.566759722222223,-98.54135444444444,107,7.0,False,7.0,4.852509038045602,12066,Tlapa de Comonfort,False
12066,0073,Colonia Constitución,17.5367025,-98.59955833333333,1532,114.0,False,114.0,2.170123163618308,12066,Tlapa de Comonfort,False
12066,0080,Agua Dulce,17.380388888888888,-98.51341777777778,44,0.0,False,0.0,4.545673917463803,12069,Cahuatache,True
12066,0081,Atempa,17.54310777777778,-98.71693888888889,39,3.0,False,3.0,2.983914698762511,12066,Chiepetepec,False
12066,0083,Colonia los Llanos,17.59943388888889,-98.59151805555555,88,5.0,False,5.0,0.9514607662622351,12066,Ahuatepec Pueblo,False
12066,0084,Tecoloapa,17.606574722222224,-98.61374583333333,25,4.0,False,4.0,2.1299416656939116,12066,Ahuatepec Pueblo,False
12066,0085,Zitlala,17.5597925,-98.66475638888889,95,5.0,False,5.0,5.01807301390662,12066,Tlaquiltzinapa,False
12066,0087,Bodega de Fertilizantes Mantis Religiosa,17.574294722222223,-98.54807166666666,104,6.0,False,6.0,4.721080664817077,12066,Tlapa de Comonfort,False
12066,0088,Santa Cruz Tierra Blanca,17.59791222222222,-98.60846555555555,13,1.0,False,1.0,1.9097651245802245,12066,Ahuatepec Pueblo,False
12066,0089,Ninguno [Unidad Habitacional],17.562310833333335,-98.55559583333333,214,13.0,False,13.0,3.291795563843013,12066,Tlapa de Comonfort,False
12066,0090,Paraíso Escondido [Balneario],17.54975277777778,-98.63766861111112,6,,True,0.37950585175552665,1.960964171596794,12066,Tlaquiltzinapa,False
12066,0092,Colonia Monte Sinaí,17.561621944444447,-98.55048444444444,329,31.0,False,31.0,3.731420238331574,12066,Tlapa de Comonfort,False
12066,0095,Ipan Xali,17.509234444444445,-98.552945,22,3.0,False,3.0,4.529162661941385,12066,Xalatzala,False
12066,0096,Llano de Santa Cruz,17.395633333333333,-98.51796388888889,57,1.0,False,1.0,2.833799650469895,12069,Cahuatache,True
12066,0097,Vivero el Seminario [El Vivero],17.539611944444445,-98.62518777777777,69,8.0,False,8.0,0.333448459306973,12066,Tlaquiltzinapa,False
12066,0098,San Miguelito,17.428472777777777,-98.59899833333333,225,13.0,False,13.0,1.4400609183824873,12066,Tototepec (Yozononi),False
12066,0100,Colonia el Paraíso (El Vado),17.539806944444447,-98.60336749999999,53,1.0,False,1.0,1.9874995090766245,12066,Tlaquiltzinapa,False
12066,0101,Cuaxilotitla,17.62054611111111,-98.65206,29,0.0,False,0.0,2.3385162031196995,12066,Tenango Tepexi,False
12066,0104,El Tepetate,17.59281083333333,-98.58085416666667,9,,True,0.56925877763329,2.1458245716053748,12066,Ahuatepec Pueblo,False
12066,0106,Rancho los Cascabeles,17.533565833333334,-98.6477275,1,,True,0.06325097529258777,2.8153124228862003,12066,Tlaquiltzinapa,False
12066,0109,Santa Catarina,17.525001944444444,-98.61910583333332,5,,True,0.31625487646293887,1.7218207908913536,12066,Tlaquiltzinapa,False
12066,0110,Peor es Nada,17.541275833333334,-98.61358138888889,6,,True,0.37950585175552665,0.9116325322540685,12066,Tlaquiltzinapa,False
12066,0112,Colonia el Palmar de Juquila,17.511749722222223,-98.57046805555555,86,5.0,False,5.0,4.104976420679374,12066,Tlapa de Comonfort,False
12066,0113,Tlatlanexo,17.625492222222224,-98.63551972222223,10,0.0,False,0.0,2.060969338127542,12066,Tenango Tepexi,False
12066,0115,Torrentlán Uno,17.587930277777776,-98.64212583333334,13,1.0,False,1.0,2.239097403914605,12066,Tenango Tepexi,False
12066,0116,Tototépetl,17.617880555555555,-98.64135361111111,4,,True,0.2530039011703511,1.3775271348410243,12066,Tenango Tepexi,False
12066,0117,Xocohapa,17.594726944444442,-98.58668333333333,16,1.0,False,1.0,1.6259787591203876,12066,Ahuatepec Pueblo,False
12066,0119,Colonia Filadelfia,17.57356861111111,-98.54365666666666,191,11.0,False,11.0,5.040235192243539,12066,Tlapa de Comonfort,False
12066,0120,Colonia San Sebastián,17.477212499999997,-98.5674536111111,238,10.0,False,10.0,0.7537203284588934,12066,Xalatzala,False
12066,0121,San Isidro,17.364874444444446,-98.51507916666667,101,1.0,False,1.0,4.139060711667737,12043,Juanacatlán,True
12066,0122,San Marcos,17.482094166666666,-98.56778166666666,513,31.0,False,31.0,1.1280298853829127,12066,Xalatzala,False
12066,0128,Atempa,17.61330305555556,-98.67907972222223,2,,True,0.12650195058517555,4.701930334707665,12066,Tenango Tepexi,False
12066,0133,Chicahuastepec (Petatlán),17.584799722222222,-98.72444972222222,72,3.0,False,3.0,1.7924882135387565,12066,Chiepetepec,False
12066,0135,El Crucero de Ayotzinapa,17.573306666666667,-98.77892333333334,10,,True,0.6325097529258777,5.676299359100399,12010,Tlatlauquitepec,True
12066,0145,Colonia Luis Donaldo Colosio,17.570662777777777,-98.54780416666667,94,9.0,False,9.0,4.494623846524537,12066,Tlapa de Comonfort,False
12066,0146,Ninguno,17.563774444444444,-98.57024527777777,38,0.0,False,0.0,2.2560705180293112,12066,Tlapa de Comonfort,False
12066,0149,Rancho Santiago Castro (Agua Escondida),17.600760833333336,-98.53863666666666,1,,True,0.06325097529258777,3.1164377216066974,12005,Ixcateopan,True
12066,0150,Capapochotl (El Pochote),17.505190833333334,-98.56831416666667,8,,True,0.5060078023407022,3.5682128555019914,12066,Xalatzala,False
12066,0152,El Tezonteyo,17.497551666666666,-98.55463333333333,2,,True,0.12650195058517555,3.3352511214998395,12066,Xalatzala,False
12066,0154,Las Mesitas (Paraje Tehuixtla),17.496516944444444,-98.56864527777778,7,,True,0.4427568270481144,2.6117520065255757,12066,Xalatzala,False
12066,0155,Paso del Burro,17.544699722222223,-98.53468444444444,4,,True,0.2530039011703511,5.037357741341781,12066,Tlapa de Comonfort,False
12066,0156,Colonia Monte de Olivo,17.544835555555558,-98.53847777777777,56,5.0,False,5.0,4.634929052536887,12066,Tlapa de Comonfort,False
12066,0160,Los Guayabos,17.424681944444444,-98.56726444444445,2,,True,0.12650195058517555,2.1103298199089147,12066,Tototepec (Yozononi),False
12066,0162,Tlacuitlapa,17.484741944444444,-98.56415805555555,4,,True,0.2530039011703511,1.5899121374489564,12066,Xalatzala,False
12066,0163,El Nuevo Amanecer,17.34911333333333,-98.51436277777778,65,2.0,False,2.0,2.3891401493817495,12043,Juanacatlán,True
12066,0164,Coajtepec,17.486562777777777,-98.56842138888888,12,0.0,False,0.0,1.548166210436706,12066,Xalatzala,False
12066,0165,Virgen de Juquila,17.38075638888889,-98.5209111111111,22,1.0,False,1.0,4.209321891285653,12069,Cahuatache,True
12066,0166,Río Azul,17.374184166666666,-98.49808527777778,46,1.0,False,1.0,5.343108795785056,12043,Juanacatlán,True
12066,0167,Paraje Teacalco,17.539407222222223,-98.61451833333332,72,7.0,False,7.0,0.8097578104139151,12066,Tlaquiltzinapa,False
12066,0168,Colonia Monte Hermón,17.545887500000003,-98.60326777777777,34,4.0,False,4.0,2.0945714899294505,12066,Tlaquiltzinapa,False
12066,0169,Colonia el Manantial,17.557943055555555,-98.53510333333332,18,0.0,False,0.0,5.13420040499141,12066,Tlapa de Comonfort,False
12066,0170,Monte Gosen,17.577054444444443,-98.54553527777777,373,32.0,False,32.0,5.124763207927463,12066,Tlapa de Comonfort,False
12066,0171,Cruz Grande Maliaxapa,17.577658888888887,-98.7370486111111,18,1.0,False,1.0,1.5870477735465838,12066,Chiepetepec,False
12066,0172,Rancho Zacatzonapa,17.627480833333333,-98.65261444444445,9,1.0,False,1.0,2.933639783279025,12066,Tenango Tepexi,False
12066,0174,Vista Hermosa,17.424170555555555,-98.59859361111111,132,8.0,False,8.0,1.5846001957703302,12066,Tototepec (Yozononi),False
12066,0175,Colonia el Aguaje,17.514143055555557,-98.56266555555555,163,11.0,False,11.0,4.191686506444268,12066,Tlapa de Comonfort,False
12066,0178,Colonia Xochimilco,17.541158055555556,-98.61152638888888,180,13.0,False,13.0,1.1267594288028069,12066,Tlaquiltzinapa,False
12066,0179,San José [Fraccionamiento],17.526144444444444,-98.60163555555555,129,12.0,False,12.0,2.6760776562491673,12066,Tlaquiltzinapa,False
12066,0180,Plaza San Lucas,17.554951944444444,-98.60573749999999,43,6.0,False,6.0,2.3866080310809634,12066,Tlaquiltzinapa,False
12066,0181,La Independencia,17.56476388888889,-98.54939277777778,86,4.0,False,4.0,3.9969377383181848,12066,Tlapa de Comonfort,False
12066,0182,Ninguno,17.61248888888889,-98.62327388888889,3,,True,0.18975292587776332,1.4072174513030642,12066,Tenango Tepexi,False
12066,0183,El Mirador [Subestación Eléctrica Tlapa],17.541304444444446,-98.62860777777777,8,,True,0.5060078023407022,0.6996067036558954,12066,Tlaquiltzinapa,False
12066,0184,Tlachinollan,17.537369444444447,-98.61291861111111,6,,True,0.37950585175552665,1.0245706652104447,12066,Tlaquiltzinapa,False
12066,0186,Colonia de Guadalupe,17.372237777777777,-98.50408944444445,91,6.0,False,6.0,4.997945942446943,12043,Juanacatlán,True
12066,0187,Colonia Villa de Guadalupe,17.384916666666665,-98.51786416666667,17,0.0,False,0.0,3.8888467594009066,12069,Cahuatache,True
12067,0001,Tlapehuala,18.23976027777778,-100.54157416666666,8040,425.0,False,425.0,0.0,12067,Tlapehuala,False
12067,0003,El Cuacuyul,18.248834444444444,-100.4784413888889,309,16.0,False,16.0,4.1151797226843465,12067,Colonia Juárez (El Jabalí),False
12067,0004,Colonia Juárez (El Jabalí),18.28239138888889,-100.4620063888889,531,23.0,False,23.0,0.0,12067,Colonia Juárez (El Jabalí),False
12067,0005,Nueva Filadelfia (Huerta Vieja),18.290166111111112,-100.49285388888889,44,2.0,False,2.0,2.832820691963472,12067,San Antonio de las Huertas,False
12067,0006,Las Fraguas,18.260144722222222,-100.49149472222223,212,15.0,False,15.0,3.768247057341485,12067,San Antonio de las Huertas,False
12067,0007,El Guayabal,18.29010166666667,-100.49603,14,0.0,False,0.0,2.5130744973756607,12067,San Antonio de las Huertas,False
12067,0009,Hacienda Nueva,18.31659638888889,-100.33074694444444,316,17.0,False,17.0,3.160432566223124,12064,Cuauhlotitlán,True
12067,0010,El Limón de Guadalupe,18.232406388888887,-100.51654694444444,206,14.0,False,14.0,1.119414157653387,12067,San Juan Mina,False
12067,0012,Morelita,18.26904222222222,-100.56466361111111,1239,47.0,False,47.0,0.0,12067,Morelita,False
12067,0013,Nuevo Guerrero,18.227871388888886,-100.52652,1360,61.0,False,61.0,1.0047525393006402,12067,San Juan Mina,False
12067,0015,Rincón del Gallo (San José Guadalupe),18.274994166666666,-100.50912722222222,524,36.0,False,36.0,1.2800047230442044,12067,San Antonio de las Huertas,False
12067,0016,San Antonio de las Huertas,18.28240027777778,-100.51840805555555,2040,140.0,False,140.0,0.0,12067,San Antonio de las Huertas,False
12067,0017,San José Poliutla,18.274676944444444,-100.39186777777779,2823,139.0,False,139.0,0.0,12067,San José Poliutla,False
12067,0018,San Juan Mina,18.236895555555556,-100.52603416666666,1607,77.0,False,77.0,0.0,12067,San Juan Mina,False
12067,0019,Santo Niño (Santo Niño de Atocha),18.28750388888889,-100.32432027777777,1008,50.0,False,50.0,5.298989354956646,12007,Arcelia,True
12067,0020,El Tanque,18.266890555555555,-100.47711361111111,388,12.0,False,12.0,2.348459183363738,12067,Colonia Juárez (El Jabalí),False
12067,0021,El Tinoco,18.322739722222224,-100.55076249999999,311,13.0,False,13.0,4.435848330375633,12064,Chapultepec (El Chapul),True
12067,0022,Tiringueo,18.267240833333332,-100.55957055555555,977,38.0,False,38.0,0.573871725486736,12067,Morelita,False
12067,0024,La Parota,18.272721944444445,-100.53943083333333,1,,True,0.05155567562699807,2.466817147289161,12067,San Antonio de las Huertas,False
12067,0032,El Realito,18.236389722222224,-100.50496916666667,12,1.0,False,1.0,2.2253821945359484,12067,San Juan Mina,False
12067,0038,La Hacienda de Coquío (Hacienda San José),18.254068611111112,-100.54847944444444,12,,True,0.6186681075239768,1.0745966507222062,12003,Corral Falso,True
12067,0048,Vista Hermosa (Puerto Agua Fría),18.284291944444448,-100.34084,8,,True,0.41244540501598453,5.492762222413006,12067,San José Poliutla,False
12067,0050,Tozunte,18.284994166666667,-100.50187972222223,15,2.0,False,2.0,1.7687567538266968,12067,San Antonio de las Huertas,False
12067,0051,La Vuelta,18.26407,-100.50215833333333,5,,True,0.2577783781349903,2.6642561640408755,12067,San Antonio de las Huertas,False
12067,0052,Crucero del Gallo,18.25362722222222,-100.51179361111112,5,,True,0.2577783781349903,2.392277629107082,12067,San Juan Mina,False
12067,0060,El Ejido de Nuevo Guerrero,18.220376944444443,-100.52412527777777,188,17.0,False,17.0,1.8478168652376417,12067,San Juan Mina,False
12067,0067,La Rosillera,18.285618333333336,-100.32985388888889,13,0.0,False,0.0,5.896146678545788,12007,Arcelia,True
12067,0069,El Zopilote,18.286472222222223,-100.33451861111111,1,,True,0.05155567562699807,6.1955240032212044,12067,San José Poliutla,False
12068,0001,La Unión,17.982333333333333,-101.80568472222222,3197,160.0,False,160.0,0.0,12068,La Unión,False
12068,0002,Agua Zarca,18.07798777777778,-101.9291913888889,67,3.0,False,3.0,10.58699045579853,12068,Joluta,False
12068,0003,El Águila,18.124458611111113,-101.90237250000001,73,2.0,False,2.0,15.947496782245853,12068,Joluta,False
12068,0005,Arroyo Grande,17.889535,-101.72813083333334,185,9.0,False,9.0,3.103171498265943,12068,El Tibor,False
12068,0006,Barranca de Marmolejo,18.04869,-102.15831527777779,393,26.0,False,26.0,9.179021358179082,12068,Petacalco,False
12068,0007,Barranca de San Diego,18.211781944444443,-101.89564527777779,48,2.0,False,2.0,20.602237626386014,12016,Coahuayutla de Guerrero,True
12068,0008,La Barranca de San Miguel,17.988375,-101.57144305555555,23,1.0,False,1.0,16.93258453039384,12068,El Tibor,False
12068,0009,Benítez,18.119178055555555,-102.07691388888888,262,17.0,False,17.0,15.798794970104769,12068,Petacalco,False
12068,0011,Los Cajoncitos,18.143650555555556,-101.90195305555557,17,1.0,False,1.0,18.064316586000444,12068,Joluta,False
12068,0012,Los Cajones,17.86193027777778,-101.61994694444444,92,4.0,False,4.0,9.376181479451175,12068,El Tibor,False
12068,0016,Casas Viejas,17.970961666666664,-101.53480583333334,164,8.0,False,8.0,19.21706477723444,12038,La Laja (Buenavista),True
12068,0017,El Cedral,17.964465833333332,-101.6567275,128,8.0,False,8.0,8.718187427109621,12068,El Tibor,False
12068,0018,Cervantes,17.9787975,-101.51813111111112,16,1.0,False,1.0,18.441629176413482,12038,La Laja (Buenavista),True
12068,0019,La Cofradía,18.094971388888887,-101.93983472222223,74,1.0,False,1.0,12.554830827509187,12068,Joluta,False
12068,0020,La Compuerta,18.178566111111113,-101.90919027777778,178,19.0,False,19.0,21.838841133950325,12068,Joluta,False
12068,0021,Corral Falso,18.054258611111113,-101.79474166666667,69,4.0,False,4.0,8.081001607859784,12068,La Unión,False
12068,0022,Corral Viejo,18.09162361111111,-102.03807277777777,54,2.0,False,2.0,14.476626985548785,12068,Petacalco,False
12068,0024,La Culebra,17.922634722222224,-101.69935611111111,27,1.0,False,1.0,2.761118608123795,12068,El Tibor,False
12068,0027,El Chico,17.96257888888889,-101.87436305555555,305,15.0,False,15.0,5.915642185560519,12068,Joluta,False
12068,0028,El Chilcahuite,18.18640611111111,-102.01729138888889,18,1.0,False,1.0,24.604801268183856,12068,Joluta,False
12068,0029,Chutla de Nava,17.92941888888889,-101.780075,281,15.0,False,15.0,6.477487641670033,12068,La Unión,False
12068,0033,Estero Colorado,17.862159166666668,-101.78133055555556,7,,True,0.35413108656875025,9.463996599147729,12068,El Tibor,False
12068,0034,Feliciano,18.01699,-101.97267694444444,482,20.0,False,20.0,6.221839241588077,12068,Joluta,False
12068,0035,La Garita,18.24588138888889,-101.90226527777779,76,4.0,False,4.0,19.360157007004354,12016,Coahuayutla de Guerrero,True
12068,0037,Las Higueras,18.142571944444445,-101.96129527777778,72,6.0,False,6.0,18.149119578243564,12068,Joluta,False
12068,0039,El Huaricho (Ciudad Insurgentes),18.015371944444443,-102.13448805555556,254,9.0,False,9.0,4.698787967733467,12068,Petacalco,False
12068,0040,Juntas del Poblado,17.851832222222225,-101.66329694444445,50,3.0,False,3.0,6.429014883474418,12068,El Tibor,False
12068,0041,Joluta,17.982822499999997,-101.92608555555556,1059,57.0,False,57.0,0.0,12068,Joluta,False
12068,0042,Junta de los Ríos (Las Juntas),18.034338611111114,-101.74781666666667,277,12.0,False,12.0,8.419446435465787,12068,La Unión,False
12068,0043,Lagunillas,17.82379361111111,-101.71170166666667,1345,65.0,False,65.0,8.32140431611809,12068,El Tibor,False
12068,0044,El Limoncito,18.06825611111111,-101.8238661111111,65,1.0,False,1.0,9.745672218672187,12068,La Unión,False
12068,0045,El Limón,18.07741861111111,-101.99354527777778,232,16.0,False,16.0,12.70898462115796,12068,Joluta,False
12068,0047,Los Llanos de Temalhuacán (Los Llanos),17.865896666666668,-101.73571638888889,916,22.0,False,22.0,5.175094931381255,12068,El Tibor,False
12068,0048,Magueyes,18.0319275,-101.91061527777778,46,2.0,False,2.0,5.700037252606312,12068,Joluta,False
12068,0051,El Naranjito,17.98761638888889,-102.1570088888889,1232,51.0,False,51.0,5.096913763618107,12068,Petacalco,False
12068,0052,El Naranjo,18.10405638888889,-101.97756111111111,18,1.0,False,1.0,14.537722867531148,12068,Joluta,False
12068,0054,La Noria,18.092251944444442,-102.1316561111111,131,5.0,False,5.0,12.647663884790052,12068,Petacalco,False
12068,0055,El Norte,17.94910722222222,-101.86367305555555,10,,True,0.5059015522410717,7.16038216306255,12068,La Unión,False
12068,0057,La Palma,18.0864975,-102.12896166666665,73,7.0,False,7.0,11.967056833145824,12068,Petacalco,False
12068,0058,El Pantano,18.054179444444443,-101.90774194444445,2,,True,0.10118031044821435,8.168178210886492,12068,Joluta,False
12068,0060,Paso de la Parota,17.95709638888889,-101.6695813888889,18,1.0,False,1.0,7.3413092258450074,12068,El Tibor,False
12068,0062,La Paz,17.947274444444446,-101.84448944444443,162,11.0,False,11.0,5.660775924378198,12068,La Unión,False
12068,0063,Petacalco,17.980494444444442,-102.10940194444444,3459,187.0,False,187.0,0.0,12068,Petacalco,False
12068,0064,El Petatillo,17.90227972222222,-101.83405972222222,8,,True,0.4047212417928574,9.394038617302426,12068,La Unión,False
12068,0065,La Piedra Ancha (La Piedra),17.934587222222223,-101.80638666666667,41,1.0,False,1.0,5.309644502855155,12068,La Unión,False
12068,0066,El Pinzán,18.184110277777776,-101.91063138888889,13,0.0,False,0.0,22.441711822767232,12068,Joluta,False
12068,0067,El Pitayo,18.042397222222224,-101.97367166666668,37,0.0,False,0.0,8.318880051549021,12068,Joluta,False
12068,0069,Los Pochotes,18.113612500000002,-101.90756027777779,10,0.0,False,0.0,14.67447352194267,12068,Joluta,False
12068,0073,El Reparo,18.00494,-101.98161166666667,1,,True,0.050590155224107175,6.366442900377744,12068,Joluta,False
12068,0074,Rincón de Cucharatepec,18.04517388888889,-101.86817972222221,867,43.0,False,43.0,9.24999307184607,12068,Joluta,False
12068,0075,El Roble,17.94993861111111,-101.87212277777778,124,7.0,False,7.0,6.778573929483507,12068,Joluta,False
12068,0076,La Salada,18.00976361111111,-102.00460027777778,122,7.0,False,7.0,8.827193695310617,12068,Joluta,False
12068,0077,La Saladita,17.838716388888887,-101.7603575,169,5.0,False,5.0,9.15516500198415,12068,El Tibor,False
12068,0080,San Diego,18.170170000000002,-101.89611500000001,72,4.0,False,4.0,21.071611427330986,12068,Joluta,False
12068,0081,San Francisco,17.974461388888887,-102.12925805555555,645,21.0,False,21.0,2.2046479353414346,12068,Petacalco,False
12068,0082,San Jerónimo (La Caliza),17.976451666666666,-101.90981055555557,218,12.0,False,12.0,1.8613946876653942,12068,Joluta,False
12068,0083,Santa Fe,17.93491,-101.61321027777777,3,,True,0.15177046567232153,10.078566721767595,12068,El Tibor,False
12068,0086,Tamacuas (El Ranchito),18.03235361111111,-102.17939666666668,386,22.0,False,22.0,9.382949920595365,12068,Petacalco,False
12068,0087,El Tamarindo,18.01277,-101.93511527777778,10,,True,0.5059015522410717,3.464225244566464,12068,Joluta,False
12068,0089,El Tibor,17.897814166666667,-101.700125,666,40.0,False,40.0,0.0,12068,El Tibor,False
12068,0090,Los Ujes Cuates,17.935444166666667,-101.67848055555557,7,1.0,False,1.0,4.7699418324906535,12068,El Tibor,False
12068,0092,Vallecitos de San Miguel,17.97852722222222,-101.60507888888888,78,3.0,False,3.0,13.477739104221044,12068,El Tibor,False
12068,0093,Zacatula,18.006149444444443,-102.17811722222223,1518,83.0,False,83.0,7.80696162911175,12068,Petacalco,False
12068,0095,El Zapote,18.09816611111111,-102.02686833333333,8,0.0,False,0.0,15.727379680989113,12068,Petacalco,False
12068,0096,Surcua,18.00759888888889,-102.07898722222222,858,45.0,False,45.0,4.407904592460111,12068,Petacalco,False
12068,0100,La Estancia,18.09231722222222,-101.98170972222222,172,8.0,False,8.0,13.521272032921821,12068,Joluta,False
12068,0101,El Faisanal,17.9260875,-101.62454,18,0.0,False,0.0,8.593052431685797,12068,El Tibor,False
12068,0102,El Aguacate,17.924445277777778,-101.71955583333333,71,3.0,False,3.0,3.6049513997254254,12068,El Tibor,False
12068,0104,Las Palmitas,17.94750277777778,-101.67456416666667,39,2.0,False,2.0,6.151443327599896,12068,El Tibor,False
12068,0105,San Felipe,18.006548333333335,-101.77175305555555,29,1.0,False,1.0,4.486332845989613,12068,La Unión,False
12068,0106,El Veladero,18.066166944444443,-101.90019083333334,87,1.0,False,1.0,9.66349409750875,12068,Joluta,False
12068,0108,El Huicumo,18.09419361111111,-102.1659513888889,166,8.0,False,8.0,13.98527470505743,12068,Petacalco,False
12068,0112,Coyuquilla,18.010170833333333,-102.02722916666667,488,33.0,False,33.0,9.295645104977728,12068,Petacalco,False
12068,0115,El Panochero,18.0407,-101.90677500000001,9,1.0,False,1.0,6.751875500341299,12068,Joluta,False
12068,0118,La Huerta de Santa María,18.101553055555556,-101.86600277777777,105,1.0,False,1.0,14.651002721702483,12068,Joluta,False
12068,0123,Las Trojas,17.962805,-101.64057694444445,29,0.0,False,0.0,9.587104877200407,12068,El Tibor,False
12068,0127,El Plátano,18.0554025,-102.03999055555555,27,0.0,False,0.0,11.101796867134437,12068,Petacalco,False
12068,0130,El Naranjillo,18.076072222222223,-101.8416175,137,4.0,False,4.0,11.094145321576516,12068,La Unión,False
12068,0131,Las Lagunas,17.878692222222224,-101.75101583333333,307,22.0,False,22.0,5.789802930081786,12068,El Tibor,False
12068,0133,La Majahua,17.804075833333336,-101.74712111111111,126,6.0,False,6.0,11.549277177814384,12068,El Tibor,False
12068,0138,El Pochote,18.024384166666664,-101.91303777777779,19,2.0,False,2.0,4.823032272967339,12068,Joluta,False
12068,0153,Huertecillas,18.066934444444446,-102.11781444444443,45,3.0,False,3.0,9.65276271084995,12068,Petacalco,False
12068,0154,Troncones (Emiliano Zapata),17.781220833333332,-101.71943277777778,699,33.0,False,33.0,10.008671061264039,12038,Pantla,True
12068,0156,Las Guacamayas,18.01195166666667,-101.75507527777778,52,3.0,False,3.0,6.284286940961807,12068,La Unión,False
12068,0158,El Ampotal,18.005813055555556,-101.59342083333333,23,1.0,False,1.0,16.48084058804655,12068,El Tibor,False
12068,0159,Atracadero,17.95321861111111,-101.93218083333333,1,,True,0.050590155224107175,3.3543421539691862,12068,Joluta,False
12068,0163,Boca de Joluta,17.961177222222222,-101.93942166666668,2,,True,0.10118031044821435,2.7897245244384674,12068,Joluta,False
12068,0166,La Calerita,18.00996138888889,-101.6076475,17,0.0,False,0.0,15.849265299209277,12068,El Tibor,False
12068,0168,La Ciénega,17.838243055555555,-101.67037666666667,110,4.0,False,4.0,7.334119610116845,12068,El Tibor,False
12068,0171,Changungal,18.04385888888889,-101.92350416666667,66,2.0,False,2.0,6.792423903819908,12068,Joluta,False
12068,0172,El Entronque de la Unión (Desviación de la Unión),17.935575833333335,-101.8296775,186,13.0,False,13.0,5.7855451237903335,12068,La Unión,False
12068,0175,Huapixtapa (Estero Salado),17.87626277777778,-101.78028527777778,4,,True,0.2023606208964287,8.81458221604098,12068,El Tibor,False
12068,0176,Las Huertas,17.869990555555557,-101.59694499999999,46,2.0,False,2.0,11.34858292993622,12068,El Tibor,False
12068,0181,El Palito Verde (Agüita Fría),17.964326944444444,-101.56688166666666,32,1.0,False,1.0,15.918721860087699,12068,El Tibor,False
12068,0182,Las Palmas,18.15176333333333,-102.1601563888889,6,,True,0.30354093134464305,19.785607267985235,12068,Petacalco,False
12068,0184,La Providencia (El Mono),17.94206388888889,-101.60837888888888,3,,True,0.15177046567232153,10.882627063216548,12068,El Tibor,False
12068,0186,El Salto,18.004379166666666,-101.61511388888889,12,0.0,False,0.0,14.875412976885851,12068,El Tibor,False
12068,0190,Las Tinajas,17.889695277777776,-101.76373583333333,273,19.0,False,19.0,6.791327482904432,12068,El Tibor,False
12068,0191,La Villita,18.048516944444447,-102.17669444444445,29,3.0,False,3.0,10.384828693360852,12068,Petacalco,False
12068,0202,Paso del Limón,17.98492277777778,-101.56034777777778,10,0.0,False,0.0,17.676716680845335,12068,El Tibor,False
12068,0203,El Tamarindillo,18.194531944444446,-102.01322916666666,14,0.0,False,0.0,25.27888962781061,12068,Joluta,False
12068,0204,La Zapotillera,17.958006388888887,-101.6058425,4,,True,0.2023606208964287,12.01214702704886,12068,El Tibor,False
12068,0206,Boca de Lagunillas,17.827351666666665,-101.7522411111111,262,17.0,False,17.0,9.581819420516446,12068,El Tibor,False
12068,0209,Palma Liada (El Chubasco) [El Ranchito],17.89738,-101.73034277777778,48,3.0,False,3.0,3.1978254454392,12068,El Tibor,False
12068,0211,Soyamiche,17.991133333333334,-101.99647555555556,12,,True,0.6070818626892861,7.501617997361265,12068,Joluta,False
12068,0213,El Mamey,18.160076666666665,-102.14153222222222,6,,True,0.30354093134464305,20.255431412915698,12068,Petacalco,False
12068,0216,Palma Liada Uno,17.91388861111111,-101.72791861111111,4,,True,0.2023606208964287,3.441390924483923,12068,El Tibor,False
12068,0217,Rancho Huerta Campestre,17.823390555555555,-101.72403194444445,18,2.0,False,2.0,8.653689695202578,12068,El Tibor,False
12068,0218,El Cirián,18.037619722222225,-101.69211333333334,57,7.0,False,7.0,13.4917665863871,12068,La Unión,False
12068,0227,El Muerto,17.999873611111113,-101.77924472222222,13,1.0,False,1.0,3.409250118942937,12068,La Unión,False
12068,0235,El Cobano,17.996984444444447,-101.6120375,16,1.0,False,1.0,14.43709878082836,12068,El Tibor,False
12068,0240,Los Limones,17.929536111111112,-101.8205161111111,19,2.0,False,2.0,6.0767908490817595,12068,La Unión,False
12068,0243,Ramal de Chutla (Paso de Chutla),17.909834999999998,-101.79097972222222,122,9.0,False,9.0,8.210159297706628,12068,La Unión,False
12068,0248,Santo Domingo,18.11312138888889,-102.05371749999999,18,1.0,False,1.0,15.87911652937037,12068,Petacalco,False
12068,0250,Las Vainillas,17.96766111111111,-101.599295,8,,True,0.4047212417928574,13.194979788404247,12068,El Tibor,False
12068,0254,Paso de la Goleta,18.202406666666665,-102.012645,34,2.0,False,2.0,26.074469232811907,12068,Joluta,False
12068,0256,La Araricua,18.005502777777778,-101.5663,14,0.0,False,0.0,18.541453803528004,12068,El Tibor,False
12068,0262,El Vado (El Arroyo),18.002314444444444,-101.76813666666666,14,1.0,False,1.0,4.550281915801383,12068,La Unión,False
12068,0263,Cuatro Caminos,17.994891388888888,-102.1655175,3,,True,0.15177046567232153,6.146903920191683,12068,Petacalco,False
12068,0269,Ninguno [Granja Porcina],18.0389775,-102.16839555555556,33,1.0,False,1.0,9.011477196920689,12068,Petacalco,False
12068,0271,Los Hornitos (La Caña),17.983099999999997,-101.93381638888889,38,1.0,False,1.0,0.8182171847454697,12068,Joluta,False
12068,0276,Las Lajas,18.187391666666667,-102.13641500000001,6,,True,0.30354093134464305,23.182436750792004,12068,Petacalco,False
12068,0277,Linda Vista,18.040239722222225,-102.17482361111112,8,0.0,False,0.0,9.591381861475293,12068,Petacalco,False
12068,0278,Loma Bonita,17.97456944444444,-102.12342361111111,51,0.0,False,0.0,1.622774593362678,12068,Petacalco,False
12068,0283,El Ojo de Agua,17.82801611111111,-101.7296125,1,,True,0.050590155224107175,8.365132179562456,12068,El Tibor,False
12068,0285,El Palenque,17.998305555555557,-101.58231222222221,4,,True,0.2023606208964287,16.73856493459138,12068,El Tibor,False
12068,0289,La Pequeña Hinojosa,17.814599722222223,-101.75050444444445,73,2.0,False,2.0,10.679401144962881,12068,El Tibor,False
12068,0296,El Puertecito,18.023313055555555,-102.17768055555555,52,5.0,False,5.0,8.649030193949196,12068,Petacalco,False
12068,0297,La Quintachilla,18.08938611111111,-102.11100194444444,4,,True,0.2023606208964287,12.10938262003022,12068,Petacalco,False
12068,0302,Rancho Nuevo,18.138271944444444,-101.90212305555556,49,3.0,False,3.0,17.469831432330125,12068,Joluta,False
12068,0304,El Saltito (El Embarcadero del Saltito),18.0949025,-102.17228666666666,10,,True,0.5059015522410717,14.354287019126456,12068,Petacalco,False
12068,0307,El Camuchín,18.03628888888889,-101.68485444444445,28,5.0,False,5.0,14.115883720238457,12068,La Unión,False
12068,0310,Colonia Santa Fe (28 de Marzo),17.985757222222222,-102.09186166666666,208,14.0,False,14.0,1.9452196739763967,12068,Petacalco,False
12068,0312,Playa la Saladita,17.842696666666665,-101.76844166666666,47,2.0,False,2.0,9.478102666069413,12068,El Tibor,False
12068,0314,Vista Hermosa,17.858599722222223,-101.63220333333332,8,,True,0.4047212417928574,8.407054536496705,12068,El Tibor,False
12068,0317,El Capire,18.006262222222222,-101.60914972222221,9,,True,0.45531139701696455,15.428155179963465,12068,El Tibor,False
12068,0318,El Ameyal,17.916833611111112,-101.61632833333333,10,1.0,False,1.0,9.115103016025033,12068,El Tibor,False
12068,0319,La Platanillera,17.931576944444444,-101.6183436111111,5,,True,0.25295077612053585,9.43211942251258,12068,El Tibor,False
12068,0322,El Ranchito,17.874420277777777,-101.61595472222221,25,1.0,False,1.0,9.279042589669729,12068,El Tibor,False
12068,0323,Los Pochotes,17.88226527777778,-101.72641583333333,12,1.0,False,1.0,3.2755334785410537,12068,El Tibor,False
12068,0324,La Huertita,17.9497225,-101.67929555555556,7,,True,0.35413108656875025,6.1783257185284866,12068,El Tibor,False
12068,0325,Paraíso Boca de la Leña (Las Palancas),17.973483888888886,-101.98351916666667,12,1.0,False,1.0,6.162625140710955,12068,Joluta,False
12069,0001,Xalpatláhuac,17.470875277777775,-98.60644916666666,4406,264.0,False,264.0,0.0,12069,Xalpatláhuac,False
12069,0002,San Martín Amatitlán (Amatitlán),17.36214027777778,-98.53606527777778,111,3.0,False,3.0,4.2595015803031195,12069,Tlaxco,False
12069,0003,Cahuatache,17.416913611111113,-98.53265944444445,1323,77.0,False,77.0,0.0,12069,Cahuatache,False
12069,0004,Cuba Libre,17.480269999999997,-98.4976811111111,723,61.0,False,61.0,2.9742928255408425,12069,Igualita,False
12069,0005,Igualita,17.460459444444442,-98.51652305555555,941,61.0,False,61.0,0.0,12069,Igualita,False
12069,0006,Xilotepec (Jilotepec Chiquito),17.40542888888889,-98.55262444444445,737,71.0,False,71.0,0.0,12069,Xilotepec (Jilotepec Chiquito),False
12069,0007,El Platanar (Santa María Guadalupe el Platanar),17.488097777777778,-98.5060575,558,36.0,False,36.0,3.267560046132528,12069,Igualita,False
12069,0008,Quiahuitlatzala,17.343188333333334,-98.604115,191,14.0,False,14.0,3.5078281308816432,12009,Atlamajalcingo del Monte,True
12069,0009,San Nicolás Zoyatlán (Zoyatlán),17.462912222222222,-98.64008722222223,766,39.0,False,39.0,3.676144130680122,12069,Xalpatláhuac,False
12069,0010,Tlacotla,17.477153055555554,-98.59515277777777,265,15.0,False,15.0,1.3866556212448204,12069,Xalpatláhuac,False
12069,0011,Tlaxco,17.34164611111111,-98.56997166666666,394,24.0,False,24.0,0.0,12069,Tlaxco,False
12069,0012,Tlayahualco,17.4819125,-98.52801805555555,179,10.0,False,10.0,2.678986782457013,12069,Igualita,False
12069,0013,La Victoria (San Martín la Victoria),17.378489166666668,-98.55165166666666,65,1.0,False,1.0,2.9973383636238053,12069,Xilotepec (Jilotepec Chiquito),False
12069,0014,Yerba Santa,17.47824222222222,-98.47823527777778,450,18.0,False,18.0,4.516859396702988,12069,Igualita,False
12069,0015,Zacatipa,17.46713611111111,-98.59256527777778,606,33.0,False,33.0,1.5301858693577095,12069,Xalpatláhuac,False
12069,0021,El Mezquite,17.489398055555558,-98.61347222222221,36,3.0,False,3.0,2.1901911983981615,12069,Xalpatláhuac,False
12069,0023,Axuxuca,17.47742722222222,-98.6053061111111,11,0.0,False,0.0,0.7385615584134559,12069,Xalpatláhuac,False
12069,0024,Cerro de los Paredones,17.477764722222222,-98.61110222222221,25,2.0,False,2.0,0.9112773303071271,12069,Xalpatláhuac,False
12069,0027,Tecuanextoc,17.461668055555556,-98.616405,13,,True,0.8050309209426709,1.4708121511238135,12069,Xalpatláhuac,False
12069,0028,Tlaminca,17.474467777777775,-98.60267583333332,8,,True,0.49540364365702827,0.5654623655365639,12069,Xalpatláhuac,False
12069,0029,Colonia Axochiapan,17.478232499999997,-98.61851999999999,68,2.0,False,2.0,1.5193296583552578,12069,Xalpatláhuac,False
12069,0030,La Reforma,17.342228055555555,-98.57416777777777,40,4.0,False,4.0,0.45005289251737046,12069,Tlaxco,False
12069,0031,Achichipico,17.470086388888888,-98.61888694444444,8,,True,0.49540364365702827,1.3221348257652552,12069,Xalpatláhuac,False
12069,0032,Burrotlateltia,17.463590555555555,-98.61349999999999,10,2.0,False,2.0,1.1024704304031407,12069,Xalpatláhuac,False
12069,0035,Tlalijcuilulco,17.443984722222222,-98.61484222222222,12,1.0,False,1.0,3.1182340303432046,12020,Santa Cruz,True
12069,0036,Zoyatepec,17.46515972222222,-98.61928666666665,20,,True,1.2385091091425706,1.502653306064832,12069,Xalpatláhuac,False
12070,0001,Xochihuehuetlán,17.905640277777778,-98.4876613888889,5421,321.0,False,321.0,0.0,12070,Xochihuehuetlán,False
12070,0002,Cacalutla,17.93934777777778,-98.45609361111111,499,24.0,False,24.0,5.020240193236411,12070,Xochihuehuetlán,False
12070,0003,San Miguel Comitlipa,17.964468611111112,-98.55204222222221,937,40.0,False,40.0,0.0,12070,San Miguel Comitlipa,False
12070,0004,Huehuetecacingo,17.900452777777776,-98.58997722222222,130,4.0,False,4.0,3.892723200343675,12033,San Miguel Totolapa,True
12070,0005,Tehuaxtitlán,17.84556444444444,-98.52161944444444,204,8.0,False,8.0,6.0433397117066745,12033,San Miguel Totolapa,True
12070,0006,Xihuitlipa,17.9593375,-98.60353722222222,483,28.0,False,28.0,5.476709190202069,12070,San Miguel Comitlipa,False
12070,0007,Zoyatitlanapa,17.827917777777778,-98.45100777777778,118,8.0,False,8.0,9.473006769935441,12070,Xochihuehuetlán,False
12070,0008,Acazintla,17.8521825,-98.42852472222222,37,4.0,False,4.0,8.631235666332584,12070,Xochihuehuetlán,False
12070,0014,Xocotitla,17.869758333333333,-98.48899972222222,13,1.0,False,1.0,3.9924028466725536,12070,Xochihuehuetlán,False
12070,0023,Cuchilla Larga,17.899461666666667,-98.6226475,13,,True,0.7242431951157466,6.232297447282046,12033,San Miguel Totolapa,True
12070,0027,Tlacóyotl,17.85602027777778,-98.44181944444445,1,,True,0.05571101500890359,7.346876954996512,12070,Xochihuehuetlán,False
12070,0033,Xaltipa,17.926490833333336,-98.50590277777778,3,,True,0.16713304502671078,3.0166534757784684,12070,Xochihuehuetlán,False
12070,0039,Atempa del Río,17.92577138888889,-98.45294055555556,3,,True,0.16713304502671078,4.301849614624923,12070,Xochihuehuetlán,False
12071,0001,Xochistlahuaca,16.79242361111111,-98.24246666666667,4761,254.0,False,254.0,0.0,12071,Xochistlahuaca,False
12071,0002,El Carmen,16.950641388888886,-98.23722083333334,1214,87.0,False,87.0,0.0,12071,El Carmen,False
12071,0003,Cerro Bronco,16.850035833333333,-98.10763416666666,405,25.0,False,25.0,12.909703382110644,12071,Guadalupe Victoria,False
12071,0004,Cerro Verde,16.896699166666668,-98.11661805555555,59,4.0,False,4.0,12.692136529757652,12062,Huehuetónoc,True
12071,0005,Cozoyoapán,16.788773333333335,-98.24269305555556,2531,186.0,False,186.0,0.0,12071,Cozoyoapán,False
12071,0006,Guadalupe Victoria,16.756660833333335,-98.17970611111112,2511,203.0,False,203.0,0.0,12071,Guadalupe Victoria,False
12071,0007,Plan de Guadalupe,16.80996638888889,-98.10793444444444,291,17.0,False,17.0,9.67022456426097,12071,Guadalupe Victoria,False
12071,0008,San Miguel Tejalpan,16.966710277777775,-98.11828083333333,391,37.0,False,37.0,12.77597899057763,12071,El Carmen,False
12071,0009,La Soledad,16.92,-98.16694444444445,1119,102.0,False,102.0,8.215345495495988,12071,El Carmen,False
12071,0010,Rancho del Cura Tejería,16.79207027777778,-98.17634166666667,690,43.0,False,43.0,3.953609727389193,12071,Guadalupe Victoria,False
12071,0011,Plan Maguey II,16.773901388888888,-98.23814416666667,352,21.0,False,21.0,1.7231347205156682,12071,Cozoyoapán,False
12071,0012,Cabeza de Arroyo Nuevo,16.765755833333333,-98.23685444444445,311,19.0,False,19.0,2.6338282036934055,12071,Cozoyoapán,False
12071,0014,El Santiago,16.760609166666665,-98.20565222222223,643,61.0,False,61.0,2.7972098079334424,12071,Guadalupe Victoria,False
12071,0015,Plan de Pierna,16.77446833333333,-98.20081333333334,1014,87.0,False,87.0,2.995154376919706,12071,Guadalupe Victoria,False
12071,0016,Los Liros,16.739195555555558,-98.21488861111112,1041,92.0,False,92.0,4.219638942121156,12071,Guadalupe Victoria,False
12071,0017,Arroyo Chivo,16.73561,-98.19684638888889,31,4.0,False,4.0,2.968168083740646,12071,Guadalupe Victoria,False
12071,0018,Plan Lagarto,16.766971388888887,-98.1909538888889,448,29.0,False,29.0,1.6578783030725706,12071,Guadalupe Victoria,False
12071,0019,Arroyo Jícaro,16.782660277777776,-98.2323188888889,84,6.0,False,6.0,1.2968248037751886,12071,Cozoyoapán,False
12071,0020,La Ciénega,16.795809722222224,-98.19788527777779,254,14.0,False,14.0,4.7607070735120836,12071,Xochistlahuaca,False
12071,0021,Arroyo Grande,16.79513888888889,-98.15244722222222,639,49.0,False,49.0,5.169914708393403,12071,Guadalupe Victoria,False
12071,0022,Junta de Arroyo Grande,16.809594722222222,-98.14065166666667,329,23.0,False,23.0,7.206320176187546,12071,Guadalupe Victoria,False
12071,0023,Arroyo Montaña,16.815985833333333,-98.18527250000001,227,15.0,False,15.0,6.623201413322879,12071,Guadalupe Victoria,False
12071,0024,Arroyo Pájaro,16.819854166666666,-98.20380555555556,287,20.0,False,20.0,5.1224106027808585,12071,Xochistlahuaca,False
12071,0025,Arroyo Guacamaya Uno,16.81756222222222,-98.22161805555555,133,4.0,False,4.0,3.5691350455400714,12071,Xochistlahuaca,False
12071,0026,Rancho del Cura Ejido,16.84848,-98.1209586111111,180,15.0,False,15.0,11.972768670908264,12071,Guadalupe Victoria,False
12071,0030,Lindavista,16.767658055555554,-98.159615,358,23.0,False,23.0,2.4639604538821462,12071,Guadalupe Victoria,False
12071,0032,Arroyo Mujer Uno,16.80179888888889,-98.22735805555556,20,1.0,False,1.0,1.9166302342761026,12071,Xochistlahuaca,False
12071,0033,Rincón Pochota,16.933049722222222,-98.10788111111111,14,0.0,False,0.0,13.896125344257571,12071,El Carmen,False
12071,0034,Cruz Podrida,16.752036944444445,-98.19095750000001,149,10.0,False,10.0,1.3036593340891682,12071,Guadalupe Victoria,False
12071,0035,Arroyo Tronco,16.80375777777778,-98.23237666666667,1,,True,0.07232946371817604,1.6559023834986455,12071,Xochistlahuaca,False
12071,0043,Arroyo Gusano Sur,16.781350555555555,-98.23031222222222,82,5.0,False,5.0,1.5551374135291156,12071,Cozoyoapán,False
12071,0045,Arroyo Naranja,16.79306111111111,-98.16613416666667,19,4.0,False,4.0,4.297701645657345,12071,Guadalupe Victoria,False
12071,0048,Arroyo Parotas,16.829139166666668,-98.19034277777779,110,6.0,False,6.0,6.888416277758686,12071,Xochistlahuaca,False
12071,0049,Arroyo Patio,16.786969722222224,-98.12163749999999,2,,True,0.14465892743635209,7.041209857624984,12071,Guadalupe Victoria,False
12071,0050,Arroyo Platanar,16.92158527777778,-98.15608166666667,49,5.0,False,5.0,9.215872026835028,12071,El Carmen,False
12071,0052,Arroyo Seco,16.76626138888889,-98.17559777777778,215,21.0,False,21.0,1.1536726017551637,12071,Guadalupe Victoria,False
12071,0053,Arroyo Tigre,16.81869138888889,-98.23265361111112,3,,True,0.21698839115452812,3.1020046992456782,12071,Xochistlahuaca,False
12071,0056,Bajada Tierra Colorada,16.923462222222224,-98.16077222222223,12,,True,0.8679535646181125,8.67541092197365,12071,El Carmen,False
12071,0058,Arroyo Yerbasanta,16.83822861111111,-98.10858305555556,3,,True,0.21698839115452812,11.814602058477561,12071,Guadalupe Victoria,False
12071,0059,Cabeza de Arroyo Granizo,16.78170111111111,-98.19245333333333,44,4.0,False,4.0,3.097494419946537,12071,Guadalupe Victoria,False
12071,0061,Cabeza de Ciénega,16.808141111111112,-98.18042,30,3.0,False,3.0,5.724850198724028,12071,Guadalupe Victoria,False
12071,0063,Cabeza de Arroyo Limón,16.77836111111111,-98.21028027777778,49,3.0,False,3.0,3.639666132021718,12071,Cozoyoapán,False
12071,0064,Cerro Cenizas,16.745809444444447,-98.19246138888889,81,7.0,False,7.0,1.816717762984245,12071,Guadalupe Victoria,False
12071,0065,Cerro de Piedra Regada,16.76949972222222,-98.18124472222223,427,24.0,False,24.0,1.4369872736263467,12071,Guadalupe Victoria,False
12071,0069,Plan de Arroyo Limón,16.761016666666666,-98.22016527777778,308,26.0,False,26.0,3.9087191208892236,12071,Cozoyoapán,False
12071,0070,Llano del Carmen,16.76573972222222,-98.22630694444445,494,45.0,False,45.0,3.098889313123304,12071,Cozoyoapán,False
12071,0071,Llano Grande (Arroyo Pila),16.746147222222223,-98.15371472222223,36,0.0,False,0.0,3.004259267124168,12071,Guadalupe Victoria,False
12071,0075,Loma Nanche del Zorro,16.823550277777777,-98.21560111111111,9,,True,0.6509651734635844,4.489682290437678,12071,Xochistlahuaca,False
12071,0077,Mojoneras Setenta y Cuatro,16.835352777777775,-98.20025277777778,7,0.0,False,0.0,5.686786757909377,12062,Huehuetónoc,True
12071,0078,Loma del Rayo,16.786715,-98.19775583333333,49,1.0,False,1.0,3.8549822048990405,12071,Guadalupe Victoria,False
12071,0079,Piedra de Sepulcro (Piedra Sepultada),16.807883611111112,-98.14976527777779,68,6.0,False,6.0,6.52695337409762,12071,Guadalupe Victoria,False
12071,0080,Plan de los Muertos,16.75557361111111,-98.23526027777778,637,43.0,False,43.0,3.7755014513970986,12071,Cozoyoapán,False
12071,0081,Colonia Progreso,16.80027861111111,-98.23427027777778,266,15.0,False,15.0,1.2345738981988619,12071,Xochistlahuaca,False
12071,0082,Rancho Cornelio López (Arroyo Chacale),16.83351111111111,-98.2137688888889,79,3.0,False,3.0,5.099489451592746,12062,Huehuetónoc,True
12071,0084,Rancho Viejo,16.8895025,-98.13639888888889,2,,True,0.14465892743635209,10.481767785208875,12062,Huehuetónoc,True
12071,0087,Arroyo Juste,16.803900555555558,-98.22177277777779,11,0.0,False,0.0,2.545830208631696,12071,Xochistlahuaca,False
12071,0088,Arroyo Blanquillo,16.7594825,-98.21366722222223,178,19.0,False,19.0,3.629513272730386,12071,Guadalupe Victoria,False
12071,0090,Arroyo Copal,16.82099611111111,-98.19589500000001,26,1.0,False,1.0,5.888059585274606,12071,Xochistlahuaca,False
12071,0091,Arroyo Gente,16.729794166666665,-98.1975525,663,52.0,False,52.0,3.5406095355890153,12071,Guadalupe Victoria,False
12071,0092,Arroyo Lodo,16.8158725,-98.23291972222222,15,1.0,False,1.0,2.7984402230821233,12071,Xochistlahuaca,False
12071,0093,Arroyo Mujer Dos,16.798363333333334,-98.21631000000001,11,0.0,False,0.0,2.8616802524993767,12071,Xochistlahuaca,False
12071,0095,Arroyo Pato,16.824199444444446,-98.21990472222222,8,1.0,False,1.0,4.2722286604235045,12071,Xochistlahuaca,False
12071,0096,Cerro Cajón,16.746645833333336,-98.18931166666667,184,16.0,False,16.0,1.5120140787713514,12071,Guadalupe Victoria,False
12071,0097,Loma Lucero,16.832329722222223,-98.22629611111111,12,2.0,False,2.0,4.759492071788117,12071,Xochistlahuaca,False
12071,0098,Piedra Pesada,16.792149722222224,-98.213775,123,4.0,False,4.0,3.0544772105660516,12071,Xochistlahuaca,False
12071,0102,Tierra Colorada,16.751506666666668,-98.16020027777779,142,12.0,False,12.0,2.154505053062264,12071,Guadalupe Victoria,False
12071,0104,Junta de Arroyo Blanquillo (Rancho Librado Ramos),16.762271666666667,-98.21194972222223,167,14.0,False,14.0,3.489265501286759,12071,Guadalupe Victoria,False
12071,0107,Cabeza de Arroyo Caballo (Arroyo Caballo),16.7830375,-98.22012472222222,466,38.0,False,38.0,2.4857716715926013,12071,Cozoyoapán,False
12071,0108,Cerro Heno,16.793165277777778,-98.11562805555555,60,2.0,False,2.0,7.938222285304284,12071,Guadalupe Victoria,False
12071,0110,Cumbre de San José,16.7964875,-98.19474722222223,306,18.0,False,18.0,4.709141262692784,12071,Guadalupe Victoria,False
12071,0112,San Marcos,16.795271111111113,-98.22043416666666,9,0.0,False,0.0,2.3666908134823474,12071,Xochistlahuaca,False
12071,0113,Arroyo Totole,16.763748888888887,-98.17044111111112,212,17.0,False,17.0,1.2626509591106005,12071,Guadalupe Victoria,False
12071,0114,Piedra Letra,16.991995,-98.09427305555555,24,5.0,False,5.0,14.497563008917295,12062,Rancho Viejo (Rancho Nuevo de la Democracia),True
12071,0117,Manantial Mojarra,16.772331388888887,-98.22001527777778,374,24.0,False,24.0,3.028409539691938,12071,Cozoyoapán,False
12071,0118,Arroyo Redes,16.715034166666666,-98.18857611111112,2,,True,0.14465892743635209,4.724060313266874,12071,Guadalupe Victoria,False
12071,0119,Loma de Piedra Azul,16.761890833333332,-98.16777055555556,107,8.0,False,8.0,1.3975461696545122,12071,Guadalupe Victoria,False
12071,0120,Parota Quemada,16.777345555555556,-98.22750388888889,110,9.0,False,9.0,2.056562671724023,12071,Cozoyoapán,False
12071,0122,Arroyo Platanar Verón,16.864035,-98.11260666666666,3,,True,0.21698839115452812,12.95213221628542,12062,Huehuetónoc,True
12071,0124,Cruz de Piedra Blanca,16.825475833333332,-98.23665333333334,33,1.0,False,1.0,3.726968171965426,12071,Xochistlahuaca,False
12071,0125,Rancho las Tortolitas,16.779931388888887,-98.26221805555555,3,,True,0.21698839115452812,2.2993859185924252,12071,Cozoyoapán,False
12071,0126,Colonia Cerro Nanche,16.761561944444445,-98.18819361111112,182,15.0,False,15.0,1.0552918994507152,12071,Guadalupe Victoria,False
12071,0128,Luis Donaldo Colosio Murrieta,16.74496611111111,-98.20946194444444,401,29.0,False,29.0,3.4247850690481942,12071,Guadalupe Victoria,False
12071,0129,Colonia Renacimiento,16.76259027777778,-98.1819713888889,1340,113.0,False,113.0,0.7020540952578903,12071,Guadalupe Victoria,False
12071,0130,Colonia San Francisco,16.77234222222222,-98.22918916666667,136,9.0,False,9.0,2.3248432176195317,12071,Cozoyoapán,False
12071,0131,Plan Maguey I,16.77607638888889,-98.24417611111112,197,17.0,False,17.0,1.4206364272878265,12071,Cozoyoapán,False
12071,0133,Rancho Rey Sandoval Francisco,16.779989166666667,-98.24431194444445,2,,True,0.14465892743635209,0.9918427914538847,12071,Cozoyoapán,False
12071,0134,Crucero de Caminos,16.79085777777778,-98.21804,129,10.0,False,10.0,2.606133127099359,12071,Xochistlahuaca,False
12071,0135,Juan Rocha Reyes,16.760183333333334,-98.20975694444445,125,13.0,False,13.0,3.2234685975803026,12071,Guadalupe Victoria,False
12071,0137,Guadalupe Victoria II,16.749214722222224,-98.18033527777779,3,,True,0.21698839115452812,0.8306754607185954,12071,Guadalupe Victoria,False
12071,0141,Plan del Carrizo,16.82397,-98.21139388888889,3,,True,0.21698839115452812,4.821241929244267,12071,Xochistlahuaca,False
12071,0147,Ciénega Pochota,16.819397777777777,-98.20997444444444,16,2.0,False,2.0,4.578063561608773,12071,Xochistlahuaca,False
12071,0149,La Ciénega,16.883450555555555,-98.12840805555555,8,,True,0.5786357097454083,11.248217031950642,12062,Huehuetónoc,True
12071,0150,La Parota,16.947208055555556,-98.23225916666667,14,1.0,False,1.0,0.651357265119686,12071,El Carmen,False
12071,0151,Pie de Cerro Verde,16.78271972222222,-98.15681833333333,9,,True,0.6509651734635844,3.786031557976309,12071,Guadalupe Victoria,False
12071,0152,Tres Cerritos,16.78543861111111,-98.1689963888889,2,,True,0.14465892743635209,3.3970166122783874,12071,Guadalupe Victoria,False
12071,0153,Plan de Tigre (Cabeza de Arroyo Tronco),16.810896666666668,-98.22195583333334,9,0.0,False,0.0,2.997722783080269,12071,Xochistlahuaca,False
12071,0154,Arroyo Rancho del Cura,16.78894361111111,-98.16306805555556,7,1.0,False,1.0,4.002939386631558,12071,Guadalupe Victoria,False
12071,0155,Arroyo Pájaro Dos,16.827409166666666,-98.19657472222222,6,0.0,False,0.0,6.244679739179116,12071,Xochistlahuaca,False
12071,0162,Cabeza de Arroyo Guacamaya [Criaderos de Peces],16.81390777777778,-98.19712666666668,4,0.0,False,0.0,5.385197865946178,12071,Xochistlahuaca,False
12071,0163,Arroyo Guacamaya II,16.811718055555556,-98.20070444444444,83,6.0,False,6.0,4.936133356543288,12071,Xochistlahuaca,False
12071,0164,Cabeza de Arroyo Lagarto,16.780498333333334,-98.17972944444445,39,4.0,False,4.0,2.6506102280297883,12071,Guadalupe Victoria,False
12071,0168,Juntas de Arroyo Patio,16.760005555555555,-98.11895444444444,13,0.0,False,0.0,6.479059976354669,12071,Guadalupe Victoria,False
12071,0169,Cabeza de Arroyo Naranja,16.79612777777778,-98.1721888888889,26,2.0,False,2.0,4.460899478636134,12071,Guadalupe Victoria,False
12071,0170,Lázaro,16.753585555555556,-98.22579416666667,12,0.0,False,0.0,4.306525142481703,12071,Cozoyoapán,False
12071,0171,Colonia Piedra del Sol,16.76271361111111,-98.23117861111112,158,10.0,False,10.0,3.1463384819489173,12071,Cozoyoapán,False
12071,0172,Colonia Zacatepec,16.761851666666665,-98.24015166666666,101,12.0,False,12.0,3.0057549397080288,12071,Cozoyoapán,False
12071,0173,Cabeza de Arroyo Lucero,16.82737638888889,-98.221175,49,2.0,False,2.0,4.499091615290499,12071,Xochistlahuaca,False
12072,0001,Zapotitlán Tablas,17.422887222222222,-98.78170888888889,1912,122.0,False,122.0,0.0,12072,Zapotitlán Tablas,False
12072,0003,Ahuixotitla,17.39310083333333,-98.80167361111111,748,58.0,False,58.0,3.6461137249195557,12072,Ayotoxtla,False
12072,0005,Ayotoxtla,17.392644999999998,-98.83603166666666,911,60.0,False,60.0,0.0,12072,Ayotoxtla,False
12072,0010,San Miguel Cuixapa Centro,17.433168611111114,-98.77308833333333,199,11.0,False,11.0,1.4640391109543076,12072,Zapotitlán Tablas,False
12072,0013,Escalerilla Lagunas,17.377906944444444,-98.84825194444444,693,34.0,False,34.0,2.089793218422689,12072,Ayotoxtla,False
12072,0015,Huiztlatzala,17.393369166666666,-98.77015833333333,420,25.0,False,25.0,3.503592119651976,12072,Zapotitlán Tablas,False
12072,0016,Ixtlahuazaca,17.338903055555555,-98.79985333333333,255,15.0,False,15.0,5.1596647059379634,12076,El Capulín,True
12072,0021,Tamaloya,17.380780833333333,-98.82440277777778,620,43.0,False,43.0,1.8064104655270894,12072,Ayotoxtla,False
12072,0043,Tres Lagunas,17.42168611111111,-98.75207583333334,191,16.0,False,16.0,3.1467173181998978,12072,Zapotitlán Tablas,False
12072,0045,Alteopa,17.417470555555557,-98.77360583333333,226,9.0,False,9.0,1.0496880896875957,12072,Zapotitlán Tablas,False
12072,0046,Vista Hermosa,17.419370555555556,-98.78124416666667,63,2.0,False,2.0,0.3941315554769863,12072,Zapotitlán Tablas,False
12072,0047,Acalmani de las Tablas,17.32698111111111,-98.79051388888888,40,2.0,False,2.0,3.9209944651313555,12076,El Capulín,True
12072,0053,Barranca Xoco,17.410990555555554,-98.79187777777777,106,3.0,False,3.0,1.7070227590445495,12072,Zapotitlán Tablas,False
12072,0055,Cerro Verde,17.347308055555555,-98.81548472222222,260,12.0,False,12.0,4.338846503976184,12076,Zontecomapa,True
12072,0056,Xocoapancingo,17.365390555555557,-98.86187861111111,172,11.0,False,11.0,3.399249462294086,12010,Cacalotepec,True
12072,0060,Laguna Membrillo,17.40919861111111,-98.7840363888889,283,25.0,False,25.0,1.542005539126908,12072,Zapotitlán Tablas,False
12072,0064,Llano Pericón,17.439402222222224,-98.79265027777778,138,2.0,False,2.0,2.0961013023900716,12010,San Pedro Huitzapula Norte (Huitzapula Norte),True
12072,0068,Piedra Ancha,17.4181525,-98.79297972222221,161,10.0,False,10.0,1.3065448446290635,12072,Zapotitlán Tablas,False
12072,0071,Piedra Pinta,17.39840222222222,-98.81084277777778,208,17.0,False,17.0,2.7483719183975794,12072,Ayotoxtla,False
12072,0073,Santa Rosa de Lima,17.404720277777777,-98.80705555555555,83,3.0,False,3.0,2.347401218352783,12010,San Pedro Huitzapula Norte (Huitzapula Norte),True
12072,0076,Totolapa,17.43111222222222,-98.76823055555556,104,3.0,False,3.0,1.6973959179153453,12072,Zapotitlán Tablas,False
12072,0080,Las Minas,17.422334722222224,-98.79069666666666,97,5.0,False,5.0,0.9555223050538475,12072,Zapotitlán Tablas,False
12072,0081,Río San Marcos,17.40347222222222,-98.75341472222222,190,16.0,False,16.0,3.6976393925668196,12072,Zapotitlán Tablas,False
12072,0088,Cerro Ocotal (El Ocotal),17.20577638888889,-98.9025463888889,115,9.0,False,9.0,2.084842172761887,12076,Yerba Santa,True
12072,0106,San Miguel Cuixapa Norte,17.437365555555555,-98.76939055555556,317,27.0,False,27.0,2.073564389367572,12072,Zapotitlán Tablas,False
12072,0111,Barranca Mora,17.413129444444444,-98.77601305555555,30,0.0,False,0.0,1.2419519470910756,12072,Zapotitlán Tablas,False
12072,0113,Buena Vista,17.432111111111112,-98.77993388888889,98,6.0,False,6.0,1.0427934785690556,12072,Zapotitlán Tablas,False
12072,0114,Barrio Nuevo,17.39469777777778,-98.81615666666666,62,4.0,False,4.0,2.1212599643071974,12072,Ayotoxtla,False
12072,0115,El Sombrerito,17.424200555555558,-98.74723055555556,82,5.0,False,5.0,2.924863842950711,12020,Potoichán,True
12072,0116,San Agustín,17.437023611111112,-98.77915861111111,99,5.0,False,5.0,1.5950091522081793,12072,Zapotitlán Tablas,False
12072,0117,Tecualtepec,17.4012425,-98.80377138888889,108,7.0,False,7.0,2.7466018345800625,12010,San Pedro Huitzapula Norte (Huitzapula Norte),True
12072,0118,Colonia Río Balsas,17.390956666666668,-98.78501861111111,13,1.0,False,1.0,3.5678400936051893,12072,Zapotitlán Tablas,False
12072,0119,Tierra Colorada,17.39254972222222,-98.7643875,245,17.0,False,17.0,3.84152481001277,12072,Zapotitlán Tablas,False
12072,0120,Villa de Guadalupe,17.394808055555554,-98.83682416666666,688,44.0,False,44.0,0.2547975551122143,12072,Ayotoxtla,False
12072,0121,El Rincón,17.436999444444446,-98.78999361111111,67,2.0,False,2.0,1.7985864245295033,12072,Zapotitlán Tablas,False
12072,0122,Plan de Ingerto,17.400501388888888,-98.78441861111111,113,7.0,False,7.0,2.505739266505381,12072,Zapotitlán Tablas,False
12072,0123,Linda Vista,17.368750555555557,-98.83970611111111,214,16.0,False,16.0,2.685400600005376,12072,Ayotoxtla,False
12072,0124,Nuevo Amanecer,17.40925611111111,-98.80164527777778,44,4.0,False,4.0,1.908336457594438,12010,San Pedro Huitzapula Norte (Huitzapula Norte),True
12072,0125,El Sauce,17.423368333333336,-98.75283722222223,42,3.0,False,3.0,3.0635561460531657,12072,Zapotitlán Tablas,False
12072,0126,San Marcos,17.377309722222222,-98.82493861111111,149,14.0,False,14.0,2.072050287076926,12072,Ayotoxtla,False
12072,0127,Colonia Cuadrilla Capulín,17.363069444444445,-98.85302222222222,79,4.0,False,4.0,3.7504861309301725,12072,Ayotoxtla,False
12072,0128,El Fresno,17.39425222222222,-98.771975,156,14.0,False,14.0,3.3473750967953952,12072,Zapotitlán Tablas,False
12072,0129,Plan de Guadalupe,17.407546944444444,-98.75332,116,8.0,False,8.0,3.4614686009242175,12072,Zapotitlán Tablas,False
12072,0130,San Juan,17.371781111111112,-98.83924833333333,457,34.0,False,34.0,2.3449355930820666,12072,Ayotoxtla,False
12072,0131,Villa de Juquila,17.437305555555557,-98.78046777777777,32,0.0,False,0.0,1.6086431485431025,12072,Zapotitlán Tablas,False
12072,0132,Santa Cruz,17.438533333333332,-98.77147416666666,111,7.0,False,7.0,2.0507883668649995,12072,Zapotitlán Tablas,False
12072,0133,Filo de Caballo,17.248213333333336,-98.87007194444443,196,11.0,False,11.0,1.2400666503544866,12076,Barranca Pobre,True
12072,0134,Cruz Piedra Salada,17.39322138888889,-98.76336083333334,51,4.0,False,4.0,3.8303071314005037,12072,Zapotitlán Tablas,False
12072,0135,Río Mora,17.391493055555554,-98.78983611111111,6,,True,0.38687104298567143,3.5958004961823855,12072,Zapotitlán Tablas,False
12072,0136,Colonia los Pinos,17.334450277777776,-98.80328527777777,57,6.0,False,6.0,4.6913511426183385,12076,El Capulín,True
12072,0137,Plan de Tejocote,17.342881944444443,-98.80780027777777,15,0.0,False,0.0,4.675703525604785,12076,Zontecomapa,True
12072,0138,La Ciénega,17.434653055555557,-98.78956416666666,21,0.0,False,0.0,1.551177189498174,12072,Zapotitlán Tablas,False
12072,0139,El Zapote (Arriba de la Presa),17.435624166666667,-98.78561833333333,11,1.0,False,1.0,1.4757636192501704,12072,Zapotitlán Tablas,False
12072,0140,Colonia San Antonio,17.325256666666668,-98.83701194444444,130,10.0,False,10.0,1.0078468141438737,12076,Zontecomapa,True
12073,0001,Zirándaro de los Chávez,18.4791325,-100.97585611111111,3679,198.0,False,198.0,0.0,12073,Zirándaro de los Chávez,False
12073,0002,Acuyan,18.389503333333334,-101.00258972222223,42,2.0,False,2.0,10.357620556319139,12073,Zirándaro de los Chávez,False
12073,0004,El Aguacatito,18.25704861111111,-101.31559805555555,2,,True,0.10027175420109811,7.750556342999549,12073,Guayameo,False
12073,0006,Los Alacranes,18.256977777777777,-101.12251388888889,43,0.0,False,0.0,4.12174617679095,12073,San Rafael,False
12073,0007,Alita,18.503412222222224,-101.00885944444444,142,8.0,False,8.0,4.404722307217128,12073,Zirándaro de los Chávez,False
12073,0009,Las Ánimas,18.296099722222223,-101.27998333333333,4,,True,0.20054350840219623,2.137408480278431,12073,Guayameo,False
12073,0011,Aratichanguio,18.481934166666665,-101.36213638888889,2048,162.0,False,162.0,0.0,12073,Aratichanguio,False
12073,0016,El Bajío,18.412970277777777,-101.44696416666667,14,1.0,False,1.0,9.339101704980742,12073,Cupuán,False
12073,0017,Los Bancos,18.329893333333334,-101.27525027777777,24,1.0,False,1.0,3.1761731621091625,12073,Guayameo,False
12073,0018,Las Barcinas,18.34909222222222,-101.001715,15,,True,0.7520381565082359,5.973276840166679,12073,San José del Pilón,False
12073,0022,La Calera (La Calera Vertidor),18.42494527777778,-101.00261555555555,432,9.0,False,9.0,6.65368352565758,12073,Zirándaro de los Chávez,False
12073,0025,El Canal (Santa Rosalía),18.471958055555554,-101.00901861111112,15,0.0,False,0.0,3.587274728135334,12073,Zirándaro de los Chávez,False
12073,0028,La Cañita,18.3007275,-101.0388261111111,24,0.0,False,0.0,5.720406585934049,12073,San José del Pilón,False
12073,0029,El Capire,18.533528333333336,-101.20935694444445,30,5.0,False,5.0,14.669680864039895,12073,Carachurio (Carachurio el Nuevo),False
12073,0030,Carachurio (Carachurio el Nuevo),18.403401666666664,-101.23226083333334,387,12.0,False,12.0,0.0,12073,Carachurio (Carachurio el Nuevo),False
12073,0031,La Carrerita,18.42112611111111,-101.39862472222222,75,4.0,False,4.0,4.4369977987451,12073,Cupuán,False
12073,0032,Castrejón,18.26644222222222,-101.12943888888888,6,,True,0.30081526260329433,4.675614791562274,12073,San Rafael,False
12073,0033,Catatemba,18.498093611111113,-101.0761675,104,3.0,False,3.0,10.78648037530565,12073,Zirándaro de los Chávez,False
12073,0034,Cantzimio,18.384973055555555,-101.29979138888889,15,2.0,False,2.0,6.752143554097547,12073,Cupuán,False
12073,0035,Catzúndaro,18.4924225,-101.26976777777777,92,0.0,False,0.0,9.810453716965599,12073,Aratichanguio,False
12073,0037,Cerano,18.444780833333333,-100.94771027777779,91,5.0,False,5.0,4.837659111856748,12073,Zirándaro de los Chávez,False
12073,0038,La Ciénega,18.357355555555557,-101.10198722222222,54,4.0,False,4.0,14.034972443767307,12073,San José del Pilón,False
12073,0040,Los Cimientos,18.268080833333332,-101.089175,166,4.0,False,4.0,7.52462021389187,12073,San Rafael,False
12073,0041,Ciriquicho,18.49228777777778,-101.04409805555555,240,16.0,False,16.0,7.3437910511564475,12073,Zirándaro de los Chávez,False
12073,0042,El Cobano,18.407960277777775,-101.39437111111111,31,3.0,False,3.0,3.7821460542575234,12073,Cupuán,False
12073,0044,El Coco,18.45662388888889,-100.98722777777778,91,7.0,False,7.0,2.775368942641957,12073,Zirándaro de los Chávez,False
12073,0046,Corongoros,18.4079575,-101.37477722222222,32,1.0,False,1.0,1.7172417893376997,12073,Cupuán,False
12073,0047,Corutzén (Corucén),18.408442777777775,-101.10253138888888,48,3.0,False,3.0,13.698781832379748,12073,Carachurio (Carachurio el Nuevo),False
12073,0048,El Cuahulotal (El Cuahulote),18.27577472222222,-101.08059833333333,53,3.0,False,3.0,8.763407341063402,12073,San Rafael,False
12073,0050,Cuambio,18.432489444444446,-101.00218055555555,177,7.0,False,7.0,5.882938709194931,12073,Zirándaro de los Chávez,False
12073,0052,Cuirindaral,18.276032777777775,-101.03644944444444,6,0.0,False,0.0,5.975610335923667,12073,San José del Pilón,False
12073,0053,El Cuitaz,18.53216361111111,-101.29365194444445,127,9.0,False,9.0,9.12920287279755,12073,Aratichanguio,False
12073,0054,La Hacienda de Cujarán,18.46017638888889,-101.44643527777778,5,,True,0.25067938550274527,9.214017076198664,12073,Aratichanguio,False
12073,0055,Cupuán,18.40904722222222,-101.35854138888888,189,9.0,False,9.0,0.0,12073,Cupuán,False
12073,0057,El Chaneque,18.365171944444445,-101.28507361111112,5,,True,0.25067938550274527,7.009038882868865,12073,Carachurio (Carachurio el Nuevo),False
12073,0059,El Chivo,18.394565,-101.0145375,131,7.0,False,7.0,10.250614434262374,12073,Zirándaro de los Chávez,False
12073,0062,Colonia Emiliano Zapata,18.465865555555556,-100.97720083333334,64,6.0,False,6.0,1.4820183685158559,12073,Zirándaro de los Chávez,False
12073,0063,La Estancia,18.38800138888889,-101.018615,84,3.0,False,3.0,10.643250918165975,12073,San José del Pilón,False
12073,0065,Las Fraguas,18.27476888888889,-101.32175,9,,True,0.4512228939049415,7.1428481521490355,12073,Guayameo,False
12073,0069,Las Guacamayas,18.28915277777778,-101.16545611111111,44,2.0,False,2.0,7.146882714475796,12073,San Rafael,False
12073,0070,Los Guajes,18.343619722222222,-101.05078916666666,35,1.0,False,1.0,8.633105420318923,12073,San José del Pilón,False
12073,0072,El Guariche (El Guarichicaguaro),18.51487472222222,-101.18010472222223,7,,True,0.3509511397038434,13.561125351023247,12073,Carachurio (Carachurio el Nuevo),False
12073,0074,Guayameo,18.304383333333334,-101.2617136111111,1480,68.0,False,68.0,0.0,12073,Guayameo,False
12073,0075,Huicumo,18.40206444444444,-101.35167055555554,4,,True,0.20054350840219623,1.062253357473541,12073,Cupuán,False
12073,0077,Hacienda Vieja,18.52624722222222,-101.31482333333334,400,20.0,False,20.0,7.0120688363189485,12073,Aratichanguio,False
12073,0078,Huanumo,18.48618027777778,-101.13424194444445,29,1.0,False,1.0,13.842869892148464,12073,Carachurio (Carachurio el Nuevo),False
12073,0081,Huitzátaro,18.388044999999998,-101.21128,144,9.0,False,9.0,2.7958033226340158,12073,Carachurio (Carachurio el Nuevo),False
12073,0082,El Hilamo,18.405933333333333,-101.30801444444444,50,2.0,False,2.0,5.342108893188956,12073,Cupuán,False
12073,0083,Las Juntas de Cujarán (Las Juntas),18.47641611111111,-101.47122555555556,193,16.0,False,16.0,11.521067839685045,12073,Aratichanguio,False
12073,0090,Llano Grande,18.399841944444443,-101.24503388888888,6,,True,0.30081526260329433,1.4046008762542335,12073,Carachurio (Carachurio el Nuevo),False
12073,0091,La Malinche,18.409174166666666,-101.3665925,34,2.0,False,2.0,0.849546663101035,12073,Cupuán,False
12073,0093,Los Medios,18.426588055555555,-100.98809138888889,47,2.0,False,2.0,5.983508789772052,12073,Zirándaro de los Chávez,False
12073,0096,La Mesa,18.359838333333336,-101.01896888888889,56,0.0,False,0.0,7.782857702113021,12073,San José del Pilón,False
12073,0099,El Naranjo,18.447871944444444,-100.97922750000001,158,6.0,False,6.0,3.4941553926566375,12073,Zirándaro de los Chávez,False
12073,0101,Ojo de Agua,18.447021944444444,-101.2198463888889,14,0.0,False,0.0,5.024055688512247,12073,Carachurio (Carachurio el Nuevo),False
12073,0102,La Ordeña,18.530114166666667,-101.30223388888889,597,47.0,False,47.0,8.282428944466911,12073,Aratichanguio,False
12073,0103,La Palma de los Bermúdez,18.307925555555556,-101.04974277777778,22,0.0,False,0.0,6.954617764590823,12073,San José del Pilón,False
12073,0104,Palma Sola,18.332325,-101.09795333333332,41,2.0,False,2.0,12.552176702711932,12073,San José del Pilón,False
12073,0105,Pandacuareo,18.386271944444445,-100.94309277777778,326,3.0,False,3.0,10.769190915289284,12073,San José del Pilón,False
12073,0108,Los Parajitos,18.185867777777776,-101.18769333333334,14,2.0,False,2.0,6.37600863751005,12073,San Rafael,False
12073,0113,La Parota,18.489687222222223,-101.09774361111111,367,11.0,False,11.0,12.907525148261698,12073,Zirándaro de los Chávez,False
12073,0116,Paso de las Vacas,18.409088333333333,-101.38250277777777,9,,True,0.4512228939049415,2.528041897326699,12073,Cupuán,False
12073,0118,La Pedregosa,18.25373972222222,-101.32064027777777,17,1.0,False,1.0,8.391747649072407,12073,Guayameo,False
12073,0121,La Pila Honda (La Pila),18.406444444444443,-101.40121555555557,33,0.0,False,0.0,4.511649620437357,12073,Cupuán,False
12073,0122,Las Pilas,18.37668638888889,-101.07292,54,3.0,False,3.0,12.786586826855828,12073,San José del Pilón,False
12073,0125,El Pochote,18.402862777777777,-101.40221472222223,15,2.0,False,2.0,4.658855261338319,12073,Cupuán,False
12073,0128,Potrero de los Indios,18.354380555555558,-101.09502583333332,16,0.0,False,0.0,13.2311948469896,12073,San José del Pilón,False
12073,0129,La Poza,18.47144361111111,-100.97032333333334,108,4.0,False,4.0,1.0351079268620162,12073,Zirándaro de los Chávez,False
12073,0131,Pueblo Viejo,18.209925,-101.21642833333334,17,0.0,False,0.0,7.669613379261996,12073,San Rafael,False
12073,0136,La Quiringucua,18.484245833333333,-101.09278694444444,268,13.0,False,13.0,12.34463215324928,12073,Zirándaro de los Chávez,False
12073,0137,El Ranchito,18.36432138888889,-101.09030138888889,41,1.0,False,1.0,13.372053816917562,12073,San José del Pilón,False
12073,0142,El Reparo,18.406630277777776,-101.03197805555556,45,0.0,False,0.0,10.001991620756945,12073,Zirándaro de los Chávez,False
12073,0145,Rincón de Elías,18.3752775,-101.41136416666667,3,,True,0.15040763130164717,6.720502370054932,12073,Cupuán,False
12073,0146,El Rodeo,18.34804361111111,-101.32959805555555,9,3.0,False,3.0,7.439164569546777,12073,Cupuán,False
12073,0148,Las Salinas,18.286898055555557,-101.04550111111111,35,0.0,False,0.0,6.530979671470257,12073,San José del Pilón,False
12073,0149,Salsipuedes,18.290239722222225,-101.17725638888889,25,0.0,False,0.0,7.704803025500411,12073,San Rafael,False
12073,0151,San Antonio,18.295001666666668,-101.22875111111111,9,,True,0.4512228939049415,3.632899301850205,12073,Guayameo,False
12073,0154,San José del Pilón,18.29785138888889,-100.98472583333333,284,7.0,False,7.0,0.0,12073,San José del Pilón,False
12073,0155,San Miguel,18.410064166666665,-101.39450055555557,9,0.0,False,0.0,3.795533098222775,12073,Cupuán,False
12073,0161,Tamarindo,18.280988055555554,-101.08392611111111,17,2.0,False,2.0,8.865936434933023,12073,San Rafael,False
12073,0162,La Tasajera,18.52135583333333,-101.26346472222222,264,14.0,False,14.0,11.29038948809443,12073,Aratichanguio,False
12073,0164,El Terrero,18.41009111111111,-101.3699875,86,5.0,False,5.0,1.2131800522936613,12073,Cupuán,False
12073,0167,Timón (El Timón Caído),18.38448083333333,-101.2897786111111,58,1.0,False,1.0,6.423258921140796,12073,Carachurio (Carachurio el Nuevo),False
12073,0169,Tondoche,18.448215277777777,-100.98967027777778,5,,True,0.25067938550274527,3.733840969619702,12073,Zirándaro de los Chávez,False
12073,0171,Los Tules,18.416347499999997,-101.20057694444445,40,0.0,False,0.0,3.639557841998054,12073,Carachurio (Carachurio el Nuevo),False
12073,0174,El Zapote,18.3754975,-101.28670277777778,4,,True,0.20054350840219623,6.528937666578697,12073,Carachurio (Carachurio el Nuevo),False
12073,0175,Ziritzícuaro,18.491093333333335,-101.41532333333333,241,8.0,False,8.0,5.700653727493808,12073,Aratichanguio,False
12073,0176,Zurundanico,18.534751111111113,-101.24669361111111,4,,True,0.20054350840219623,13.515421625047912,12073,Aratichanguio,False
12073,0178,Agua Bendita,18.357732222222225,-101.24543055555556,4,,True,0.20054350840219623,5.264929147373807,12073,Carachurio (Carachurio el Nuevo),False
12073,0180,El Arquito,18.3717925,-101.32829222222222,9,,True,0.4512228939049415,5.2295334519238335,12073,Cupuán,False
12073,0181,El Arrastre,18.399069444444443,-101.25172138888888,23,0.0,False,0.0,2.1090240836569447,12073,Carachurio (Carachurio el Nuevo),False
12073,0182,Arroyo Largo,18.40977138888889,-101.20849527777779,37,3.0,False,3.0,2.605528642097172,12073,Carachurio (Carachurio el Nuevo),False
12073,0194,Cayuncha,18.198442777777778,-101.03124527777777,121,4.0,False,4.0,12.096218857600958,12073,San José del Pilón,False
12073,0195,Las Ceibas,18.324632777777776,-101.31682916666666,2,,True,0.10027175420109811,6.238632506708708,12073,Guayameo,False
12073,0196,La Cimarrona,18.41997138888889,-101.10581694444444,5,,True,0.25067938550274527,13.466848244607549,12073,Carachurio (Carachurio el Nuevo),False
12073,0199,Coco de Guayameo (El Coco),18.341953888888888,-101.27684305555556,8,,True,0.40108701680439246,4.472502623687526,12073,Guayameo,False
12073,0200,Copítaro,18.504369444444446,-101.14847694444445,9,,True,0.4512228939049415,14.287948052831474,12073,Carachurio (Carachurio el Nuevo),False
12073,0202,Cuapúcuaro,18.52147972222222,-101.03628194444444,12,1.0,False,1.0,7.922931051894118,12073,Zirándaro de los Chávez,False
12073,0210,La Tuba,18.38129888888889,-101.3288736111111,21,2.0,False,2.0,4.395359211710577,12073,Cupuán,False
12073,0216,La Huerta,18.398980555555553,-101.09837555555555,34,2.0,False,2.0,14.13471581243953,12073,Carachurio (Carachurio el Nuevo),False
12073,0217,Las Humedades (La Humedad),18.478210833333332,-101.25702083333333,178,7.0,False,7.0,8.7187923848585,12073,Carachurio (Carachurio el Nuevo),False
12073,0219,Las Juntas,18.287960277777778,-101.16000944444446,27,0.0,False,0.0,6.875496048564399,12073,San Rafael,False
12073,0233,El Mulato,18.53207861111111,-101.2372275,11,,True,0.5514946481060397,14.302571691552846,12073,Aratichanguio,False
12073,0256,El Plátano,18.4422275,-101.03542361111111,16,2.0,False,2.0,7.504199945407316,12073,Zirándaro de los Chávez,False
12073,0275,Santa Rosalía (Hacienda Santa Rosalía),18.46244361111111,-101.01597444444444,1,,True,0.05013587710054906,4.6202088018289,12073,Zirándaro de los Chávez,False
12073,0276,Santa Teresa de Jesús,18.27871777777778,-101.09875249999999,22,1.0,False,1.0,7.58426353478766,12073,San Rafael,False
12073,0280,El Tamarindo,18.53237638888889,-101.26903305555555,12,0.0,False,0.0,11.306538925652754,12073,Aratichanguio,False
12073,0281,El Tanque,18.478644999999997,-101.26905222222221,6,0.0,False,0.0,9.22295962781722,12073,Carachurio (Carachurio el Nuevo),False
12073,0295,El Zapote de Huitzátaro,18.384921944444443,-101.19717277777778,7,,True,0.3509511397038434,4.234293396939436,12073,Carachurio (Carachurio el Nuevo),False
12073,0297,Tzentzénguaro Nuevo,18.477009166666665,-101.50640222222222,12,,True,0.6016305252065887,15.224331029050035,12073,Aratichanguio,False
12073,0301,Santa Fe,18.477309166666664,-101.13420722222223,5,,True,0.25067938550274527,13.210608672984188,12073,Carachurio (Carachurio el Nuevo),False
12073,0302,San Rafael,18.227530277777777,-101.1462188888889,337,10.0,False,10.0,0.0,12073,San Rafael,False
12073,0308,La Florida,18.453845555555557,-100.99207583333333,64,3.0,False,3.0,3.2912835168603434,12073,Zirándaro de los Chávez,False
12073,0310,El Descanso,18.376193333333333,-101.31190305555555,4,,True,0.20054350840219623,6.128809626676131,12073,Cupuán,False
12073,0317,El Tarimo,18.475976666666664,-101.14863083333334,3,,True,0.15040763130164717,11.95609785279862,12073,Carachurio (Carachurio el Nuevo),False
12073,0321,El Luviano,18.482088055555554,-101.26915805555555,110,7.0,False,7.0,9.576137087340657,12073,Carachurio (Carachurio el Nuevo),False
12073,0325,La Campana,18.21146472222222,-101.11196305555555,4,,True,0.20054350840219623,4.035092504730301,12073,San Rafael,False
12073,0333,San Francisco,18.381447222222224,-101.10781,8,0.0,False,0.0,13.356402067496637,12073,Carachurio (Carachurio el Nuevo),False
12073,0334,Enramadas,18.38968138888889,-101.10439444444444,28,0.0,False,0.0,13.577463976863282,12073,Carachurio (Carachurio el Nuevo),False
12073,0341,El Salto,18.39440388888889,-101.17959305555556,1,,True,0.05013587710054906,5.646372289578295,12073,Carachurio (Carachurio el Nuevo),False
12073,0342,El Timbiriche,18.338654166666664,-101.33264638888889,22,4.0,False,4.0,8.29062879048074,12073,Cupuán,False
12073,0345,Rincón del Pino,18.294072500000002,-101.35076249999999,3,,True,0.15040763130164717,9.470702298796361,12073,Guayameo,False
12073,0350,Laguna de San Marcos (San Marcos),18.34247472222222,-101.36753583333332,74,4.0,False,4.0,7.4631246944207295,12073,Cupuán,False
12073,0353,Las Tareas,18.311916111111113,-101.33033333333333,3,,True,0.15040763130164717,7.292197035299965,12073,Guayameo,False
12073,0364,Calabazo (El Puerto),18.455221944444443,-101.18695611111112,14,3.0,False,3.0,7.486258391537414,12073,Carachurio (Carachurio el Nuevo),False
12073,0365,Las Colonias,18.398906944444445,-101.10654583333333,53,2.0,False,2.0,13.273538111920873,12073,Carachurio (Carachurio el Nuevo),False
12073,0368,Casas Viejas,18.279865277777777,-100.98404305555556,16,0.0,False,0.0,2.001263018285031,12073,San José del Pilón,False
12073,0369,Ajuno,18.226875555555555,-100.99921333333333,1,,True,0.05013587710054906,8.039051439271057,12073,San José del Pilón,False
12073,0370,Paso Seco,18.278664444444445,-101.01982694444445,46,3.0,False,3.0,4.276170333058474,12073,San José del Pilón,False
12073,0371,Carachurio el Viejo (Carachurio Viejo),18.3773925,-101.24433194444444,21,0.0,False,0.0,3.160137922995573,12073,Carachurio (Carachurio el Nuevo),False
12073,0372,Émbaro,18.467021944444443,-101.19398777777778,37,3.0,False,3.0,8.145269076651921,12073,Carachurio (Carachurio el Nuevo),False
12073,0374,Cocochas,18.450089166666665,-101.43894277777778,28,3.0,False,3.0,8.840858672978058,12073,Aratichanguio,False
12073,0377,Las Juntas,18.39897722222222,-101.32750583333333,19,0.0,False,0.0,3.4606495432895668,12073,Cupuán,False
12073,0385,Potrerillos,18.352980000000002,-101.23001277777777,40,4.0,False,4.0,5.611649860106198,12073,Carachurio (Carachurio el Nuevo),False
12073,0387,San Antonio,18.432173333333335,-101.15396777777778,190,6.0,False,6.0,8.857799317185865,12073,Carachurio (Carachurio el Nuevo),False
12073,0393,El Limoncito,18.369006111111112,-101.24192972222222,2,,True,0.10027175420109811,3.958352877670381,12073,Carachurio (Carachurio el Nuevo),False
12073,0398,Ahuindo,18.48507111111111,-101.4664363888889,4,,True,0.20054350840219623,11.004896041752152,12073,Aratichanguio,False
12073,0399,Los Nopales,18.468676944444443,-101.45469555555556,34,4.0,False,4.0,9.87233690976681,12073,Aratichanguio,False
12073,0404,Los Parajes,18.19399388888889,-101.18412222222223,15,,True,0.7520381565082359,5.471243431515219,12073,San Rafael,False
12073,0406,Los Charcos (Mangos),18.318519722222224,-101.11561138888888,10,0.0,False,0.0,10.621181102047665,12073,San Rafael,False
12073,0408,El Aguacate,18.146336666666667,-101.12247249999999,22,1.0,False,1.0,9.370348590700758,12073,San Rafael,False
12073,0409,El Anono,18.405930833333333,-101.18625055555556,1,,True,0.05013587710054906,4.8625614114127975,12073,Carachurio (Carachurio el Nuevo),False
12073,0414,La Barranca,18.467696666666665,-101.15974694444445,4,,True,0.20054350840219623,10.47020009495861,12073,Carachurio (Carachurio el Nuevo),False
12073,0418,La Brasilera,18.235322777777778,-101.04904166666667,31,2.0,False,2.0,9.719203005048048,12073,San José del Pilón,False
12073,0419,Los Brasiles,18.491086944444444,-101.00621777777778,2,,True,0.10027175420109811,3.466842532324715,12073,Zirándaro de los Chávez,False
12073,0422,La Calera,18.460495277777778,-101.2733625,40,3.0,False,3.0,7.687861252058202,12073,Carachurio (Carachurio el Nuevo),False
12073,0426,El Capulín (Capulinar),18.347376944444445,-101.12213333333332,7,,True,0.3509511397038434,13.185665578399504,12073,Carachurio (Carachurio el Nuevo),False
12073,0428,La Cascalotera,18.480929166666666,-101.09958972222222,18,1.0,False,1.0,13.050607968711748,12073,Zirándaro de los Chávez,False
12073,0436,Chagüícuaro,18.485474166666666,-100.99893805555556,8,0.0,False,0.0,2.534295057194496,12073,Zirándaro de los Chávez,False
12073,0437,El Chivo (Paso el Chivo),18.427222222222223,-101.11263,10,1.0,False,1.0,12.896091358212763,12073,Carachurio (Carachurio el Nuevo),False
12073,0438,El Chorrillo,18.429373333333334,-101.17795722222223,33,0.0,False,0.0,6.415758684528732,12073,Carachurio (Carachurio el Nuevo),False
12073,0445,El Coyol,18.326550277777777,-101.12190972222221,15,0.0,False,0.0,11.305727875654718,12073,San Rafael,False
12073,0450,Rancho el Cuajilote,18.48564,-101.05964583333333,4,,True,0.20054350840219623,8.866009997074677,12073,Zirándaro de los Chávez,False
12073,0452,El Cuarto,18.149520555555554,-101.0753575,19,0.0,False,0.0,11.457719627325538,12073,San Rafael,False
12073,0453,Las Cuatas,18.1637125,-101.08922722222222,14,2.0,False,2.0,9.305924822508796,12073,San Rafael,False
12073,0458,Rancho Escobetillo,18.475021388888887,-101.10848027777777,17,1.0,False,1.0,13.994395433887588,12073,Zirándaro de los Chávez,False
12073,0459,La Esperanza (Las Cuatas),18.36719111111111,-101.0542325,2,,True,0.10027175420109811,10.64294327982845,12073,San José del Pilón,False
12073,0460,La Estancia,18.476500277777777,-101.10216694444443,24,1.0,False,1.0,13.32426249860725,12073,Zirándaro de los Chávez,False
12073,0463,Los Guajes,18.421893611111113,-101.15146638888889,7,,True,0.3509511397038434,8.768510389422152,12073,Carachurio (Carachurio el Nuevo),False
12073,0472,La Huaracha (Colonia Buenavista),18.415074722222222,-101.01951583333333,12,1.0,False,1.0,8.48200130898251,12073,Zirándaro de los Chávez,False
12073,0473,La Huerta de San Antonio,18.41816222222222,-101.13752361111112,29,1.0,False,1.0,10.128979577302953,12073,Carachurio (Carachurio el Nuevo),False
12073,0475,Las Huertas,18.182357500000002,-101.11186805555555,3,,True,0.15040763130164717,6.1964498183693095,12073,San Rafael,False
12073,0483,Las Juntas,18.452002222222223,-101.12070361111111,4,,True,0.20054350840219623,12.950017936072728,12073,Carachurio (Carachurio el Nuevo),False
12073,0484,Las Juntas de Chupícuaro,18.32926527777778,-101.16105805555556,19,0.0,False,0.0,10.979616851140612,12073,Guayameo,False
12073,0486,El Lagarto,18.346763888888887,-101.04709555555556,1,,True,0.05013587710054906,8.539591448582101,12073,San José del Pilón,False
12073,0487,La Laguna,18.3428225,-101.37563999999999,13,2.0,False,2.0,7.5816843981573525,12073,Cupuán,False
12073,0492,El Limoncito (El Retaje),18.258825555555557,-101.13247694444443,24,0.0,False,0.0,3.7703588996129547,12073,San Rafael,False
12073,0506,Las Mesas (La Mesa del Suspiro),18.1380825,-101.109275,54,5.0,False,5.0,10.684468778221106,12073,San Rafael,False
12073,0507,Las Minas,18.446105,-101.20535111111111,3,,True,0.15040763130164717,5.53229320657102,12073,Carachurio (Carachurio el Nuevo),False
12073,0509,El Molino (El Molinito),18.334025555555556,-101.05757249999999,7,,True,0.3509511397038434,8.678290955978953,12073,San José del Pilón,False
12073,0510,El Naranjo,18.178759722222225,-101.10406888888889,45,1.0,False,1.0,7.016581855649436,12073,San Rafael,False
12073,0513,Los Nopales,18.413808333333332,-101.13365666666667,2,,True,0.10027175420109811,10.467384238735686,12073,Carachurio (Carachurio el Nuevo),False
12073,0514,Ojo de Agua,18.392480833333334,-101.18633416666667,20,1.0,False,1.0,4.9956282550450535,12073,Carachurio (Carachurio el Nuevo),False
12073,0517,La Parota del Cuartel,18.36286,-101.046815,135,2.0,False,2.0,9.7572450734679,12073,San José del Pilón,False
12073,0523,La Parotita (La Parota del Barco),18.407413888888886,-101.15510972222222,17,0.0,False,0.0,8.152190271620741,12073,Carachurio (Carachurio el Nuevo),False
12073,0527,El Paso de los Guajes,18.337629166666666,-101.05597777777777,8,1.0,False,1.0,8.725536997269273,12073,San José del Pilón,False
12073,0528,El Picacho,18.453825833333333,-101.25969138888888,8,0.0,False,0.0,6.309602529986706,12073,Carachurio (Carachurio el Nuevo),False
12073,0534,Pinzándaro,18.48589666666667,-101.1886588888889,11,2.0,False,2.0,10.261459236110873,12073,Carachurio (Carachurio el Nuevo),False
12073,0546,El Regadillo,18.189746944444444,-101.11597388888889,8,0.0,False,0.0,5.277977880441071,12073,San Rafael,False
12073,0548,El Reparo,18.449917222222222,-101.44544777777779,86,3.0,False,3.0,9.480657095793235,12073,Aratichanguio,False
12073,0552,El Rincón (Rincón de las Truchas),18.183942777777776,-101.14372444444444,6,,True,0.30081526260329433,4.853865571446511,12073,San Rafael,False
12073,0554,El Rodeo,18.164402777777777,-101.10274305555555,66,2.0,False,2.0,8.388342337207511,12073,San Rafael,False
12073,0558,San José,18.38820888888889,-101.12164194444443,9,1.0,False,1.0,11.793329989862382,12073,Carachurio (Carachurio el Nuevo),False
12073,0559,San Nicolás,18.45758888888889,-101.26085583333334,54,3.0,False,3.0,6.7382655135958345,12073,Carachurio (Carachurio el Nuevo),False
12073,0562,El Tálamo,18.439530833333333,-101.16323944444446,69,1.0,False,1.0,8.316269799245843,12073,Carachurio (Carachurio el Nuevo),False
12073,0570,Tremesino (Paso Real),18.4586,-101.24594,17,2.0,False,2.0,6.305126275429643,12073,Carachurio (Carachurio el Nuevo),False
12073,0573,El Tulito,18.446048055555554,-101.16620250000001,1,,True,0.05013587710054906,8.429216731021645,12073,Carachurio (Carachurio el Nuevo),False
12073,0582,El Aguacatito (El Aguacate),18.18426888888889,-101.12190138888889,2,,True,0.10027175420109811,5.4532754521898905,12073,San Rafael,False
12073,0595,El Guayabo,18.21255222222222,-101.04518416666666,17,1.0,False,1.0,10.800464328806463,12073,San Rafael,False
12073,0597,La Parota Mocha,18.229619166666666,-101.04500555555555,12,3.0,False,3.0,9.90347047481141,12073,San José del Pilón,False
12073,0599,La Barranca de San Rafael,18.25600638888889,-101.14566305555556,10,1.0,False,1.0,3.1669431368176437,12073,San Rafael,False
12073,0600,La Barranca de los Pelones,18.195193055555556,-101.20944555555556,8,,True,0.40108701680439246,7.584812265333981,12073,San Rafael,False
12073,0607,El Crucero,18.532135,-101.26623416666666,66,6.0,False,6.0,11.550729087560557,12073,Aratichanguio,False
12073,0608,Crucero de Alita,18.490174166666666,-101.00948166666667,69,3.0,False,3.0,3.752625949389188,12073,Zirándaro de los Chávez,False
12073,0610,La Esperanza,18.500903333333333,-101.01289083333333,11,1.0,False,1.0,4.594908548998079,12073,Zirándaro de los Chávez,False
12073,0611,La Garita,18.256372222222222,-101.04161277777777,24,0.0,False,0.0,7.57298864990444,12073,San José del Pilón,False
12073,0616,El Manguito,18.1841,-101.1275386111111,17,0.0,False,0.0,5.216783593665418,12073,San Rafael,False
12073,0627,San Antonio,18.272486944444445,-101.0203188888889,20,2.0,False,2.0,4.6985799949136755,12073,San José del Pilón,False
12073,0631,La Garita,18.33603472222222,-101.27560916666667,21,1.0,False,1.0,3.8128991884835375,12073,Guayameo,False
12073,0635,El Plátano,18.4460425,-101.51715416666667,1,,True,0.05013587710054906,16.829915868763223,12073,Aratichanguio,False
12073,0636,El Remate,18.237558611111112,-100.97454833333333,7,,True,0.3509511397038434,6.789834920848066,12073,San José del Pilón,False
12073,0637,Rincón de las Ceibas,18.22630444444444,-101.0625686111111,31,3.0,False,3.0,8.835837749982725,12073,San Rafael,False
12073,0647,La Huerta,18.38631722222222,-101.3164011111111,9,,True,0.4512228939049415,5.114444453774299,12073,Cupuán,False
12073,0651,El Billete,18.139094166666666,-101.32448888888888,4,,True,0.20054350840219623,19.538667446697644,12073,Guayameo,False
12073,0652,Cuirindalito,18.28152638888889,-100.97270861111112,1,,True,0.05013587710054906,2.2146970847681327,12073,San José del Pilón,False
12073,0660,El Paso de la Puerta,18.17008888888889,-101.08446722222222,24,0.0,False,0.0,9.12938920783127,12073,San Rafael,False
12073,0661,El Paso de San Rafael (El Paso),18.218716666666666,-101.14961166666667,8,,True,0.40108701680439246,1.0434860113308195,12073,San Rafael,False
12073,0664,Presa Unión,18.425737222222224,-100.99834444444444,5,,True,0.25067938550274527,6.393578351150462,12073,Zirándaro de los Chávez,False
12073,0668,El Rancho Escondido,18.368591666666667,-101.04256833333334,18,0.0,False,0.0,9.957331176825697,12073,San José del Pilón,False
12073,0671,El Rincón de los Guajes,18.32992527777778,-101.05365805555556,11,0.0,False,0.0,8.103682387639251,12073,San José del Pilón,False
12073,0684,El Guayabo,18.16311111111111,-101.10031916666667,12,1.0,False,1.0,8.649787510772452,12073,San Rafael,False
12073,0689,La Lajita del Pino,18.15318472222222,-101.11580888888888,4,,True,0.20054350840219623,8.86908182969473,12073,San Rafael,False
12073,0699,Rancho Nuevo,18.460710833333334,-101.19182,13,0.0,False,0.0,7.668665840674901,12073,Carachurio (Carachurio el Nuevo),False
12073,0711,Linda Vista,18.508074166666667,-101.02847388888888,36,3.0,False,3.0,6.414400154676152,12073,Zirándaro de los Chávez,False
12073,0717,Rancho Nuevo (Los Palos Altos),18.384455555555554,-101.29670694444444,3,,True,0.15040763130164717,7.074153315930569,12073,Cupuán,False
12073,0720,Los Tejocotes,18.19242361111111,-101.27253694444444,2,,True,0.10027175420109811,12.501711071342983,12073,Guayameo,False
12073,0725,Agua Zarca,18.518562777777777,-101.03687805555555,20,0.0,False,0.0,7.786472785308357,12073,Zirándaro de los Chávez,False
12073,0726,El Bonete,18.453106666666667,-101.51209861111111,11,,True,0.5514946481060397,16.137884799873095,12073,Aratichanguio,False
12073,0731,El Canal,18.464244444444443,-100.99753916666667,16,0.0,False,0.0,2.8231526093755615,12073,Zirándaro de los Chávez,False
12073,0736,Las Patacuas,18.23886027777778,-101.25322583333333,5,,True,0.25067938550274527,7.340744856344706,12073,Guayameo,False
12073,0739,El Solar,18.413248333333332,-101.20473222222222,12,,True,0.6016305252065887,3.1039321990419273,12073,Carachurio (Carachurio el Nuevo),False
12073,0743,La Zoquitera,18.353872222222222,-101.23507888888889,4,,True,0.20054350840219623,5.515445280490891,12073,Carachurio (Carachurio el Nuevo),False
12073,0745,Colonia Nueva Esperanza,18.466067777777777,-100.99029222222222,120,8.0,False,8.0,2.1043941662467804,12073,Zirándaro de los Chávez,False
12073,0746,El Limoncito [Rancho],18.525207777777776,-101.03459055555555,15,1.0,False,1.0,8.03783219141727,12073,Zirándaro de los Chávez,False
12074,0001,Zitlala,17.690340555555554,-99.18524777777778,6077,467.0,False,467.0,0.0,12074,Zitlala,False
12074,0002,Ahuacuahutla,17.725878055555555,-99.19030388888889,45,3.0,False,3.0,3.987718912683443,12074,Zitlala,False
12074,0003,Aquixtla,17.702490555555556,-99.20536638888889,48,1.0,False,1.0,2.5233688381377597,12074,Zitlala,False
12074,0004,Ayotzinapa,17.716605555555557,-99.23886472222222,656,46.0,False,46.0,2.661983911989129,12074,Rancho de las Lomas,False
12074,0005,Azoacapa,17.70616888888889,-99.23852333333333,303,22.0,False,22.0,3.7952515574774948,12074,Rancho de las Lomas,False
12074,0006,Coacoyul,17.802443611111112,-99.11046222222221,240,9.0,False,9.0,4.772738819766264,12074,Ocotitlán,False
12074,0007,Cuapexco,17.722042499999997,-99.22368305555555,264,16.0,False,16.0,3.0715488384471303,12074,Rancho de las Lomas,False
12074,0008,Ixcatla,17.741966666666666,-99.12271777777777,233,11.0,False,11.0,2.1246624895489354,12074,Ocotitlán,False
12074,0009,Ocotitlán,17.761072777777777,-99.12247166666666,381,29.0,False,29.0,0.0,12074,Ocotitlán,False
12074,0010,Pochahuizco,17.66405,-99.223435,3167,209.0,False,209.0,0.0,12074,Pochahuizco,False
12074,0011,Quetzalcoatlán de las Palmas,17.80611111111111,-99.18138888888889,81,4.0,False,4.0,7.999764249190578,12074,Ocotitlán,False
12074,0012,Rancho de las Lomas,17.73952027777778,-99.24614055555556,1060,90.0,False,90.0,0.0,12074,Rancho de las Lomas,False
12074,0013,San Marcos de las Rosas,17.691743333333335,-99.14185444444445,410,22.0,False,22.0,0.0,12074,San Marcos de las Rosas,False
12074,0014,Tlapehualapa,17.804861944444447,-99.21002111111112,307,18.0,False,18.0,8.210825038657116,12074,Rancho de las Lomas,False
12074,0015,Tlaltempanapa,17.736154444444445,-99.17745833333333,799,48.0,False,48.0,5.160656005609052,12074,Zitlala,False
12074,0016,Tonalapa,17.707304999999998,-99.21064305555556,211,19.0,False,19.0,3.285629032152755,12074,Zitlala,False
12074,0017,Topiltepec,17.654284166666667,-99.22169722222222,2690,180.0,False,180.0,0.0,12074,Topiltepec,False
12074,0019,Las Trancas,17.703521944444443,-99.22151472222222,742,47.0,False,47.0,4.1119587242332996,12074,Zitlala,False
12074,0020,Viramontes,17.65929,-99.24484916666667,415,26.0,False,26.0,2.32982845759321,12074,Pochahuizco,False
12074,0022,Yetlancingo,17.719211388888887,-99.11574083333333,639,44.0,False,44.0,4.120732887584005,12074,San Marcos de las Rosas,False
12074,0023,Mazatepec,17.664556944444442,-99.21744472222223,825,50.0,False,50.0,0.6371812329370607,12074,Pochahuizco,False
12074,0024,Apancingo,17.771394444444443,-99.12927194444444,42,2.0,False,2.0,1.3549135740699245,12074,Ocotitlán,False
12074,0027,Colonia Teyapan,17.67720166666667,-99.18190333333334,385,34.0,False,34.0,1.5033275189371942,12074,Zitlala,False
12074,0029,Llano Grande,17.67530027777778,-99.25762611111111,67,2.0,False,2.0,3.832433130458784,12074,Pochahuizco,False
12074,0031,Rancho Lomita,17.668017222222222,-99.23989361111111,15,2.0,False,2.0,1.7987409243872587,12074,Pochahuizco,False
12074,0034,Totola,17.63584277777778,-99.21933277777778,73,5.0,False,5.0,2.0658381985301206,12074,Topiltepec,False
12074,0036,Astillero,17.747976944444446,-99.2463513888889,296,24.0,False,24.0,0.9406034861114407,12074,Rancho de las Lomas,False
12074,0038,Huiscomulco,17.725982777777777,-99.24478777777777,546,38.0,False,38.0,1.5121044334753189,12074,Rancho de las Lomas,False
12074,0039,Tizayucan,17.733533611111113,-99.19470805555557,49,5.0,False,5.0,4.906271672536108,12074,Zitlala,False
12074,0043,Teteyitic (Tetehitic),17.688813333333332,-99.17719000000001,217,12.0,False,12.0,0.8703470594790439,12074,Zitlala,False
12074,0045,Coyoacán,17.702133888888888,-99.22631666666666,243,16.0,False,16.0,4.245725212556833,12074,Pochahuizco,False
12074,0046,Rancho el Progreso,17.746755555555556,-99.2406875,451,41.0,False,41.0,0.9903430792368998,12074,Rancho de las Lomas,False
12075,0001,Zumpango del Río,17.65319722222222,-99.52593666666667,27944,1539.0,False,1539.0,0.0,12075,Zumpango del Río,False
12075,0002,Ahuelicán,18.024915,-99.47536972222223,695,20.0,False,20.0,7.512819238682649,12059,Xalitla,True
12075,0003,Amatitlán,17.86535138888889,-99.7609361111111,1100,56.0,False,56.0,5.585240869389873,12075,Carrizalillo,False
12075,0004,Ameyaltepec,17.96628972222222,-99.50867666666667,1048,46.0,False,46.0,4.854991663323464,12059,Xalitla,True
12075,0005,Axaxacualco,17.803823611111113,-99.46154055555556,1391,81.0,False,81.0,1.148688826957864,12075,Tlanipatla,False
12075,0006,Balsas Sur,17.9995525,-99.77223305555556,85,6.0,False,6.0,3.9717066925003404,12017,Nuevo Balsas,True
12075,0007,Carrizalillo,17.848598888888887,-99.71118611111112,1533,49.0,False,49.0,0.0,12075,Carrizalillo,False
12075,0008,Huitziltepec,17.7553775,-99.47970305555556,4534,270.0,False,270.0,0.0,12075,Huitziltepec,False
12075,0009,Jalapa,17.62447138888889,-99.59674555555556,337,21.0,False,21.0,3.1284309619140385,12075,El Palmar,False
12075,0010,La Laguna,17.743901666666666,-99.7301688888889,336,14.0,False,14.0,4.911276796754776,12040,El Naranjo,True
12075,0012,Mazapa,17.9076,-99.70081416666667,154,5.0,False,5.0,6.651808172567793,12075,Carrizalillo,False
12075,0013,Mezcala,17.9318925,-99.60458277777778,5654,327.0,False,327.0,0.0,12075,Mezcala,False
12075,0014,El Miraval,17.729044166666664,-99.756045,433,23.0,False,23.0,2.9956377450868503,12040,El Naranjo,True
12075,0015,El Palmar,17.65200388888889,-99.60282083333333,959,38.0,False,38.0,0.0,12075,El Palmar,False
12075,0016,Papalotepec,17.752583333333334,-99.61491166666666,417,28.0,False,28.0,7.233960556700813,12075,Xochipala,False
12075,0017,San Miguel Vista Hermosa,17.945240277777778,-99.73415805555555,55,5.0,False,5.0,10.110643308822587,12017,Nuevo Balsas,True
12075,0018,Tecomapa,17.9792325,-99.79111888888889,8,,True,0.425554342506494,6.8724214232018355,12017,Nuevo Balsas,True
12075,0019,Tenantla,17.87527777777778,-99.74555555555555,287,11.0,False,11.0,4.693807918113044,12075,Carrizalillo,False
12075,0020,Tepehuaje,17.90842888888889,-99.76493666666667,269,11.0,False,11.0,8.752993388898341,12075,Carrizalillo,False
12075,0021,Tlanipatla,17.806559166666666,-99.45107777777778,1507,63.0,False,63.0,0.0,12075,Tlanipatla,False
12075,0022,Venta Vieja,17.818738333333332,-99.56176277777777,100,3.0,False,3.0,8.239644858856725,12075,Xochipala,False
12075,0023,Xochipala,17.813321666666667,-99.63938805555556,3444,160.0,False,160.0,0.0,12075,Xochipala,False
12075,0024,Plan de las Liebres,17.8664075,-99.57342027777777,154,7.0,False,7.0,7.993404776850033,12075,Mezcala,False
12075,0029,El Platanal,17.69725,-99.53227,63,2.0,False,2.0,4.944187935536924,12075,Zumpango del Río,False
12075,0032,Rancho Escondido,17.70630222222222,-99.55386166666666,4,,True,0.212777171253247,6.604664113011093,12075,Zumpango del Río,False
12075,0033,Rancho Acayahualco,17.636836944444443,-99.5815086111111,3,,True,0.15958287843993524,2.818558737613188,12075,El Palmar,False
12075,0042,Milpillas,17.774918333333332,-99.56217055555555,3,,True,0.15958287843993524,8.998959604164954,12075,Huitziltepec,False
12075,0045,Las Trojas,17.732708888888887,-99.52294527777778,4,,True,0.212777171253247,5.2274351757569075,12075,Huitziltepec,False
12075,0063,Colonia Virgen de Guadalupe (Pico de Oro),17.81052638888889,-99.65081888888889,90,9.0,False,9.0,1.2494035229830922,12075,Xochipala,False
12075,0064,Tequiahua,17.70686222222222,-99.47232722222222,4,,True,0.212777171253247,5.4509213477959735,12075,Huitziltepec,False
12075,0076,La Ciénega Uno,17.63632388888889,-99.53856972222222,13,,True,0.6915258065730527,2.304822260809443,12075,Zumpango del Río,False
12075,0080,Tejería,17.654403888888886,-99.51594305555555,26,5.0,False,5.0,1.0673734250330267,12075,Zumpango del Río,False
12075,0082,El Caracol,17.65919583333333,-99.52436444444444,53,6.0,False,6.0,0.6875032264810235,12075,Zumpango del Río,False
12075,0089,Tepexco,17.715130277777778,-99.51326472222222,7,,True,0.37236004969318226,5.715142102404208,12075,Huitziltepec,False
12075,0091,Colonia el Puente,17.6503025,-99.516285,22,2.0,False,2.0,1.072144118125155,12075,Zumpango del Río,False
12075,0102,La Tranca (La Uva),17.85273111111111,-99.69688000000001,8,,True,0.425554342506494,1.5823657088835967,12075,Carrizalillo,False
12075,0103,Tres Cruces,17.718596388888887,-99.77384138888888,56,1.0,False,1.0,3.2181770583069538,12040,El Naranjo,True
12075,0105,Azteca,17.604959166666667,-99.5251025,11,1.0,False,1.0,5.364555433871004,12075,Zumpango del Río,False
12075,0107,Mancilla,17.940504722222222,-99.72583111111112,22,0.0,False,0.0,10.336290042121323,12075,Carrizalillo,False
12075,0109,El Cristo,17.626168055555556,-99.53942222222221,3,,True,0.15958287843993524,3.327936807243236,12075,Zumpango del Río,False
12075,0110,Colonia Filos Nukay,17.9269575,-99.62569194444444,121,1.0,False,1.0,2.299672636397169,12075,Mezcala,False
12075,0111,Nuevo Balzamar,17.622231944444444,-99.57177083333333,151,16.0,False,16.0,4.667492660105373,12075,El Palmar,False
12075,0112,La Primavera [Fraccionamiento],17.62192,-99.57349805555555,13,0.0,False,0.0,4.565677626125264,12075,El Palmar,False
12075,0113,El Toronjil [Fraccionamiento],17.62151111111111,-99.56788694444444,5,,True,0.26597146406655875,5.020002442569909,12075,El Palmar,False
12076,0001,Acatepec,17.325218888888887,-98.91033361111111,2769,222.0,False,222.0,0.0,12076,Acatepec,False
12076,0002,Agua Tordillo,17.22727472222222,-98.98745555555556,406,27.0,False,27.0,0.0,12076,Agua Tordillo,False
12076,0003,Agua Xoco,17.116946111111112,-98.98817222222222,467,41.0,False,41.0,4.741306199749656,12076,Caxitepec,False
12076,0004,El Aguacate,17.127330555555556,-99.03760194444445,805,67.0,False,67.0,0.0,12076,El Aguacate,False
12076,0005,Alcamani,17.141585833333334,-98.95009027777778,406,20.0,False,20.0,3.6207631747278803,12076,Xochitepec,False
12076,0006,Apetzuca,17.29427027777778,-98.83275222222221,438,49.0,False,49.0,0.0,12076,Apetzuca,False
12076,0007,Barranca Dulce,17.29211138888889,-98.85728638888888,340,17.0,False,17.0,2.6157939373801553,12076,Apetzuca,False
12076,0008,Encino Amarillo,17.07956888888889,-98.96372555555556,38,1.0,False,1.0,3.6882183827077686,12076,Caxitepec,False
12076,0009,Barranca Piña,17.297315555555556,-98.91864055555556,418,31.0,False,31.0,2.996628492124911,12010,Huixtlazala,True
12076,0010,Barranca Pobre,17.249526666666668,-98.88166805555555,958,109.0,False,109.0,0.0,12076,Barranca Pobre,False
12076,0011,Buenavista,17.238689166666667,-98.94776777777778,329,19.0,False,19.0,2.526823437530989,12076,Xilotlancingo,False
12076,0013,Caxitepec,17.107315,-98.94471055555556,1276,111.0,False,111.0,0.0,12076,Caxitepec,False
12076,0014,Cerro Tigre (Cerro del Tigre),17.257480833333332,-98.97567694444444,458,32.0,False,32.0,3.5841270983252005,12076,Agua Tordillo,False
12076,0015,Cerro Pelón,17.162575555555556,-99.14005166666668,603,46.0,False,46.0,0.0,12076,Cerro Pelón,False
12076,0016,El Chirimoyo,17.34313222222222,-98.88937972222223,523,37.0,False,37.0,2.9856961493091285,12076,Acatepec,False
12076,0018,Villa Guadalupe,17.125535,-98.87289083333333,224,19.0,False,19.0,2.8755811500059445,12076,Mexcaltepec,False
12076,0019,Cuixinipa,17.262314166666666,-98.94037861111111,523,38.0,False,38.0,0.0,12076,Cuixinipa,False
12076,0020,Escalerilla Zapata,17.120697500000002,-99.1055836111111,1024,76.0,False,76.0,0.0,12076,Escalerilla Zapata,False
12076,0021,Río de Hacienda,17.207267777777776,-99.02224944444444,325,33.0,False,33.0,4.31348348409335,12076,Agua Tordillo,False
12076,0022,El Fuereño,17.17926027777778,-99.02488972222223,208,18.0,False,18.0,5.287560993049912,12076,Tierra Blanca,False
12076,0023,Las Juntas,17.132723055555555,-98.91512222222222,13,2.0,False,2.0,4.227124352219827,12076,Caxitepec,False
12076,0024,Llano del Limón,17.094989444444444,-98.91176444444444,101,8.0,False,8.0,2.8989773884732535,12076,Mexcaltepec,False
12076,0025,Llano Grande,17.16138388888889,-98.88358166666667,517,30.0,False,30.0,4.309962345418857,12076,Yerba Santa,False
12076,0026,Pozolapa,17.18643888888889,-98.94305138888889,222,15.0,False,15.0,2.9872745204967805,12076,Xochitepec,False
12076,0027,Loma Bonita (El Campamento),17.074526944444443,-98.9011875,6,1.0,False,1.0,3.544345859655291,12076,Mexcaltepec,False
12076,0029,Barrio Nuevo-Loma Macho,17.16918527777778,-98.93391277777778,83,4.0,False,4.0,3.381234644131853,12076,Xochitepec,False
12076,0030,Loma Tuza,17.352898055555556,-98.86944027777777,862,85.0,False,85.0,4.018967565412968,12010,Cacalotepec,True
12076,0031,Lomatepec,17.16375083333333,-99.03593805555555,419,32.0,False,32.0,3.44672294227466,12076,Tierra Blanca,False
12076,0032,Mexcalapa,17.10452777777778,-98.86134861111111,456,38.0,False,38.0,2.5986544015884077,12076,Mexcaltepec,False
12076,0033,Mexcaltepec,17.10277138888889,-98.88573111111111,880,99.0,False,99.0,0.0,12076,Mexcaltepec,False
12076,0034,Mexcaltepec Viejo,17.079114444444443,-98.89650611111112,75,7.0,False,7.0,2.8690099661846293,12076,Mexcaltepec,False
12076,0035,Piedra Tuza,17.311301944444445,-98.90393722222223,187,19.0,False,19.0,1.6899055247611012,12076,Acatepec,False
12076,0037,Tierra Blanca,17.152946944444444,-99.06634472222223,1154,78.0,False,78.0,0.0,12076,Tierra Blanca,False
12076,0039,Tres Cruces,17.016608055555555,-98.92671194444445,883,101.0,False,101.0,10.266015124107984,12076,Caxitepec,False
12076,0040,Vista Hermosa,17.274553333333333,-98.93779916666666,211,15.0,False,15.0,1.3882205871483342,12076,Cuixinipa,False
12076,0041,Xilotlancingo,17.216719166666664,-98.94168888888889,639,54.0,False,54.0,0.0,12076,Xilotlancingo,False
12076,0042,Xochitepec,17.170527222222223,-98.96570833333334,511,67.0,False,67.0,0.0,12076,Xochitepec,False
12076,0043,Zontecomapa,17.32021611111111,-98.84490277777778,529,34.0,False,34.0,0.0,12076,Zontecomapa,False
12076,0044,Tres Palos,17.299973055555558,-98.82734027777778,109,9.0,False,9.0,0.855706627839324,12076,Apetzuca,False
12076,0046,Agua Fría,17.281637222222223,-98.8542525,156,12.0,False,12.0,2.6803110778586676,12076,Apetzuca,False
12076,0047,Agua Tomagua,17.264723611111112,-98.9584175,338,16.0,False,16.0,1.9341162240763954,12076,Cuixinipa,False
12076,0048,El Capulín,17.292523055555556,-98.7983575,753,66.0,False,66.0,0.0,12076,El Capulín,False
12076,0049,El Izote (Laguna Seca),17.32202,-98.88889861111112,295,18.0,False,18.0,1.7935076025628105,12076,El Llano,False
12076,0050,Coxcomatepec,17.189164166666668,-99.04525805555555,15,2.0,False,2.0,4.608328909639424,12076,Tierra Blanca,False
12076,0051,Loma de la Silla,17.270826944444444,-98.88913444444445,282,18.0,False,18.0,2.497659270095426,12076,Barranca Pobre,False
12076,0052,Loma Maguey,17.284564444444445,-98.82273972222222,534,42.0,False,42.0,1.5148592375616345,12076,Apetzuca,False
12076,0053,Llano de la Parota,17.136622777777777,-98.98716583333334,234,21.0,False,21.0,4.405740522146459,12076,Xochitepec,False
12076,0054,Monte Horeb,17.174467777777778,-99.001975,239,13.0,False,13.0,3.87772907381026,12076,Xochitepec,False
12076,0055,El Naranjo,17.128823333333333,-99.04510416666666,427,33.0,False,33.0,0.8143080797899552,12076,El Aguacate,False
12076,0056,Zilacayota,17.301620555555555,-98.80707055555555,891,59.0,False,59.0,1.3707702598435523,12076,El Capulín,False
12076,0057,Plan Ojo de Agua,17.30049277777778,-98.85022305555555,325,20.0,False,20.0,1.9796613331497015,12076,Apetzuca,False
12076,0059,Barranca Lima,17.18700777777778,-98.90268,34,0.0,False,0.0,2.478867625119766,12076,Yerba Santa,False
12076,0060,Barranca Mina,17.286685833333333,-98.84165888888889,457,31.0,False,31.0,1.2670602655700816,12076,Apetzuca,False
12076,0061,Colonia Nuevo Amanecer,17.322475,-98.88185694444444,73,4.0,False,4.0,1.3466798301450331,12076,El Llano,False
12076,0062,Colonia los Pinos,17.310562222222224,-98.86744499999999,187,9.0,False,9.0,0.8979867776626168,12076,El Llano,False
12076,0063,Flor de Pascua,17.18249527777778,-98.89919972222224,131,15.0,False,15.0,2.553080969055498,12076,Yerba Santa,False
12076,0064,Laguna Seca,17.318508055555554,-98.88538638888889,86,9.0,False,9.0,1.2596204195552128,12076,El Llano,False
12076,0065,Lázaro Cárdenas,17.21993583333333,-98.9241263888889,204,16.0,False,16.0,1.8993234808949946,12076,Xilotlancingo,False
12076,0066,El Llano,17.311834444444447,-98.87579833333332,435,25.0,False,25.0,0.0,12076,El Llano,False
12076,0067,Loma Macho,17.04179638888889,-98.92165222222222,198,14.0,False,14.0,7.686568547535374,12076,Caxitepec,False
12076,0068,Mesón Zapata,17.336499166666666,-98.86344749999999,81,5.0,False,5.0,2.6745456589700245,12076,Zontecomapa,False
12076,0069,El Mirador,17.225236944444443,-98.87585138888888,610,57.0,False,57.0,2.7706357828960226,12076,Barranca Pobre,False
12076,0070,Puerto Buenavista,17.19001527777778,-98.89351277777779,318,28.0,False,28.0,1.5255364010648216,12076,Yerba Santa,False
12076,0071,San Juan de los Pinos,17.126990555555555,-99.063965,248,23.0,False,23.0,2.8016941611738932,12076,El Aguacate,False
12076,0072,Tierra Colorada,17.325903888888888,-98.82516888888888,473,38.0,False,38.0,2.1881693970109413,12076,Zontecomapa,False
12076,0073,Plan Ranchito,17.188284166666666,-98.97981805555555,293,27.0,False,27.0,2.4789865058335088,12076,Xochitepec,False
12076,0074,Villa de las Flores,17.264536666666668,-98.89300027777779,322,30.0,False,30.0,2.0576098809511847,12076,Barranca Pobre,False
12076,0075,Barranca Bejuco,17.0506,-98.95313694444445,114,13.0,False,13.0,6.369704011654837,12076,Caxitepec,False
12076,0076,Colonia Barranca Perico,17.31798638888889,-98.91920444444445,51,2.0,False,2.0,1.2383392866597265,12076,Acatepec,False
12076,0077,Colonia Yerba Santa,17.207563333333333,-99.00627777777778,8,1.0,False,1.0,2.9665818029758837,12076,Agua Tordillo,False
12076,0078,El Tejocote,17.272890555555556,-98.80603333333333,619,46.0,False,46.0,0.0,12076,El Tejocote,False
12076,0079,El Portezuelo,17.150101666666664,-99.08358138888889,140,9.0,False,9.0,1.8585209905093116,12076,Tierra Blanca,False
12076,0080,Río Grande,17.106045833333337,-99.03658444444444,113,13.0,False,13.0,2.3692218880528557,12076,El Aguacate,False
12076,0081,Lomadad,17.27613472222222,-98.81303916666667,129,7.0,False,7.0,0.8267275428250037,12076,El Tejocote,False
12076,0083,Piedra Mesa,17.28399638888889,-98.890445,14,1.0,False,1.0,3.464066931905912,12076,El Llano,False
12076,0084,Plan de Piedra,17.291379444444445,-98.90020444444446,111,4.0,False,4.0,3.447725338031966,12076,El Llano,False
12076,0086,El Rincón de los Pinos,17.255308888888887,-98.91339,103,9.0,False,9.0,2.96984902266206,12076,Cuixinipa,False
12076,0088,Barranca Bejuco (Caxitepec Viejo),17.088015833333333,-98.93325638888889,269,21.0,False,21.0,2.46721330747532,12076,Caxitepec,False
12076,0089,Barranca Xoco,17.189070277777777,-98.86849138888888,115,11.0,False,11.0,2.041893620745878,12076,Yerba Santa,False
12076,0090,Carrizalillo,17.121525277777778,-98.9344088888889,12,,True,0.9708187178147623,1.9223085876663668,12076,Caxitepec,False
12076,0091,Cerro el Maguey,17.208278611111112,-98.86349055555554,257,22.0,False,22.0,2.3417409285825164,12076,Yerba Santa,False
12076,0092,Colonia Agua Fría,17.163097777777775,-98.97069861111112,46,7.0,False,7.0,0.9816066902121198,12076,Xochitepec,False
12076,0093,Colonia Curva el Llano,17.326079444444446,-98.88744277777778,223,18.0,False,18.0,2.009206113117346,12076,El Llano,False
12076,0095,Colonia Llano Pericón,17.316386666666666,-98.87894416666666,114,10.0,False,10.0,0.6064199126798666,12076,El Llano,False
12076,0096,Colonia Ocote Capulín,17.35644027777778,-98.8478361111111,182,10.0,False,10.0,4.039959006552475,12076,Zontecomapa,False
12076,0097,Colonia Progreso (Cerro Gavilán),17.054513055555557,-98.90589250000001,245,21.0,False,21.0,5.778167247186013,12076,Mexcaltepec,False
12076,0098,Colonia Yerba Buena,17.300798611111112,-98.84294305555555,247,24.0,False,24.0,1.3028840124917282,12076,Apetzuca,False
12076,0099,San Miguel,17.32773222222222,-98.85935749999999,154,11.0,False,11.0,1.7472271908675063,12076,Zontecomapa,False
12076,0100,Filo de San Marcos,17.289296111111113,-98.87167472222221,83,7.0,False,7.0,2.5440972342107373,12076,El Llano,False
12076,0102,Ixtlahuatepec,17.33535694444444,-98.86652249999999,98,10.0,False,10.0,2.7947782208157195,12076,El Llano,False
12076,0103,Laguna Potrero,17.18629472222222,-98.88422805555557,29,1.0,False,1.0,1.5405196282320723,12076,Yerba Santa,False
12076,0104,Loma Bonita,17.14745333333333,-98.90015194444445,345,30.0,False,30.0,5.199364805449524,12076,Mexcaltepec,False
12076,0105,Loma Ocote,17.2909325,-98.8495761111111,51,3.0,False,3.0,1.824324573876088,12076,Apetzuca,False
12076,0106,Llano Maizal,17.199727777777778,-98.86326388888888,95,5.0,False,5.0,2.1845937144004957,12076,Yerba Santa,False
12076,0107,Ojo de Agua,17.209855277777777,-98.8924088888889,149,11.0,False,11.0,1.413287902216077,12076,Yerba Santa,False
12076,0108,Palo Seco,17.337138055555556,-98.8465361111111,150,11.0,False,11.0,1.8896049366652206,12076,Zontecomapa,False
12076,0109,San José,17.26473111111111,-98.87862972222221,181,19.0,False,19.0,1.7211673108061758,12076,Barranca Pobre,False
12076,0110,San Marcos Yerba Santa,17.197021944444444,-98.87748888888888,353,31.0,False,31.0,0.7573310814159521,12076,Yerba Santa,False
12076,0111,Santa Rosa,17.206730277777776,-98.89117833333334,76,5.0,False,5.0,1.070699246075582,12076,Yerba Santa,False
12076,0112,Uaskaa,17.28923277777778,-98.95586916666667,1,,True,0.08090155981789686,1.408514630791497,12010,Caxitepec,True
12076,0113,Yerba Santa,17.20014361111111,-98.88382555555556,825,82.0,False,82.0,0.0,12076,Yerba Santa,False
12076,0114,Filo de Arena,17.30108277777778,-98.79843749999999,126,8.0,False,8.0,0.9518355786362426,12076,El Capulín,False
12076,0116,Loma del Ocote Dos,17.298280000000002,-98.81489055555555,43,1.0,False,1.0,1.8683549445784478,12076,El Capulín,False
12076,0117,Colonia Plan Verde,17.276785,-98.84578444444443,108,11.0,False,11.0,2.3863657943114966,12076,Apetzuca,False
12076,0118,Plan del Guayabo,17.292574444444448,-98.82166694444444,103,7.0,False,7.0,1.1919164774565634,12076,Apetzuca,False
12076,0119,Rancho Porfirio de la Cruz,17.263526388888888,-98.83000666666666,1,,True,0.08090155981789686,2.7502838747672316,12076,El Tejocote,False
12076,0120,Barranca Honda,17.2980975,-98.79753444444444,9,0.0,False,0.0,0.6259788221290911,12076,El Capulín,False
12076,0121,Colonia la Antena,17.332552222222223,-98.88178749999999,111,10.0,False,10.0,2.3898283062561902,12076,El Llano,False
12076,0122,Colonia Santa Rosa,17.310565555555556,-98.90371833333334,177,17.0,False,17.0,1.7742626045487937,12076,Acatepec,False
12076,0123,Huixtlazala,17.240112222222223,-98.86503472222222,232,19.0,False,19.0,2.05329915260413,12076,Barranca Pobre,False
12076,0124,Colonia Capulín,17.25826916666667,-98.98959277777777,16,2.0,False,2.0,3.453890482370705,12076,Agua Tordillo,False
12076,0125,Colonia Plan Escondido,17.267048055555556,-98.97698444444444,40,3.0,False,3.0,3.275394196038423,12010,Caxitepec,True
12076,0126,Colonia Tepehuaje,17.25496972222222,-98.99178777777777,261,20.0,False,20.0,3.113720846895583,12076,Agua Tordillo,False
12076,0127,Colonia Plan de Ayala,17.285789722222223,-98.91878055555556,486,42.0,False,42.0,3.358912002922388,12010,Huixtlazala,True
12076,0128,Plan de Buena Vista,17.11096666666667,-98.98787083333333,71,8.0,False,8.0,4.604757890995926,12076,Caxitepec,False
12076,0129,Colonia los Gálvez,17.076805277777776,-98.89843472222223,61,3.0,False,3.0,3.1874056318457695,12076,Mexcaltepec,False
12076,0131,Río del Sauce,17.240993055555556,-98.88196388888888,69,3.0,False,3.0,0.9494141911448145,12076,Barranca Pobre,False
12076,0133,La Laguna,17.28643638888889,-98.96534361111111,44,2.0,False,2.0,0.9947101878279654,12010,Caxitepec,True
12076,0134,Colonia Cruz Alta,17.20744611111111,-98.94437194444444,254,16.0,False,16.0,1.0697738089476678,12076,Xilotlancingo,False
12076,0135,Plan de San Marcos,17.146536944444446,-99.0341275,260,16.0,False,16.0,2.167328719546532,12076,El Aguacate,False
12076,0136,Colonia Cerro Guayabo,17.160581666666666,-98.96265638888889,36,2.0,False,2.0,1.1524490392463507,12076,Xochitepec,False
12076,0137,Colonia Camino Real,17.336956666666666,-98.89129583333334,118,12.0,False,12.0,2.405641762069571,12076,Acatepec,False
12076,0138,Colonia Piedra Conejo,17.2896475,-98.82949555555555,61,0.0,False,0.0,0.6194954696281634,12076,Apetzuca,False
12076,0139,Laguna Seca,17.27632277777778,-98.78805555555556,468,31.0,False,31.0,1.9466440845559208,12076,El Tejocote,False
12076,0140,Río Azul,17.132505555555557,-99.12083722222222,575,49.0,False,49.0,2.085980237523793,12076,Escalerilla Zapata,False
12076,0141,Colonia Cerro el Tabaco,17.31584861111111,-98.84375277777777,80,11.0,False,11.0,0.5007522345690593,12076,Zontecomapa,False
12076,0142,Rancho Alegre,17.11611138888889,-98.89570805555556,5,,True,0.4045077990894843,1.8233243775892556,12076,Mexcaltepec,False
12076,0143,San Francisco,17.24684638888889,-98.88533305555556,149,12.0,False,12.0,0.4902065444185693,12076,Barranca Pobre,False
12076,0144,Amate de Gavilán,17.056735,-98.92576194444445,85,8.0,False,8.0,5.973979045999045,12076,Caxitepec,False
12076,0145,Colonia Loma Panorama,17.290411111111112,-98.86278472222222,171,12.0,False,12.0,2.753809449521165,12076,El Llano,False
12076,0146,Colonia Isla Escondida,17.32395138888889,-98.84729555555555,154,12.0,False,12.0,0.4868525523344409,12076,Zontecomapa,False
12076,0147,Santa Cruz,17.225796388888888,-98.99131888888888,177,7.0,False,7.0,0.4420160622683114,12076,Agua Tordillo,False
12076,0148,Cajeles,17.238671944444445,-98.98296861111112,54,4.0,False,4.0,1.3539429934186324,12076,Agua Tordillo,False
12076,0149,La Prosperidad Blanca,17.224159722222222,-98.98465694444444,263,25.0,False,25.0,0.45642214693390043,12076,Agua Tordillo,False
12076,0150,Colonia San Marcos,17.322174166666667,-98.91830305555555,62,4.0,False,4.0,0.9111945452916697,12076,Acatepec,False
12076,0151,Colonia el Guayabo,17.324435277777777,-98.89807083333334,67,8.0,False,8.0,1.304609579819228,12076,Acatepec,False
12076,0152,Colonia el Manguito Uno,17.257072222222224,-98.95208694444445,44,4.0,False,4.0,1.3731338752988513,12076,Cuixinipa,False
12076,0153,Colonia el Manguito Dos,17.252553055555556,-98.94953583333334,22,1.0,False,1.0,1.4572642229172281,12076,Cuixinipa,False
12076,0154,Ojo de Agua,17.227565555555554,-98.95374555555556,9,,True,0.7281140383610717,1.759076238908235,12076,Xilotlancingo,False
12076,0155,Colonia Eulogio Melo Maya,17.22045111111111,-98.95415666666666,16,0.0,False,0.0,1.3877186240812296,12076,Xilotlancingo,False
12076,0156,Tierra Colorada,17.213705555555556,-98.96861555555556,18,0.0,False,0.0,2.5061040750170958,12076,Agua Tordillo,False
12076,0157,La Enramada,17.185191944444444,-98.96312861111112,2,,True,0.16180311963579372,1.653512171782557,12076,Xochitepec,False
12076,0158,Majagua,17.160444444444444,-98.97871027777778,19,0.0,False,0.0,1.7790775379253487,12076,Xochitepec,False
12076,0159,El Zapote,17.158318055555554,-98.96780305555556,47,4.0,False,4.0,1.3757174595440338,12076,Xochitepec,False
12076,0160,El Manguito,17.15391,-98.96123472222223,18,,True,1.4562280767221434,1.907901138635393,12076,Xochitepec,False
12076,0161,Cocoyul,17.128831666666667,-98.99333861111111,36,5.0,False,5.0,4.706528472017422,12076,El Aguacate,False
12076,0163,Cerro Gavilucho,17.127701944444446,-98.95201083333333,75,3.0,False,3.0,2.395998111839481,12076,Caxitepec,False
12076,0164,San Martín,17.13567861111111,-98.95980416666667,14,0.0,False,0.0,3.5383170119481075,12076,Caxitepec,False
12076,0165,Los Cantú [Rancho],17.119081666666666,-98.96434333333333,3,,True,0.24270467945369056,2.462722719835969,12076,Caxitepec,False
12076,0166,Loma Nanche,17.11229888888889,-98.95786416666667,21,0.0,False,0.0,1.5037276905878134,12076,Caxitepec,False
12076,0167,Colonia Venida,17.15349111111111,-98.93711027777778,9,,True,0.7281140383610717,3.5805259781894327,12076,Xochitepec,False
12076,0168,El Mango,17.154574999999998,-98.92977416666668,7,,True,0.5663109187252781,4.209725566660806,12076,Xochitepec,False
12076,0169,Plan del Mango,17.162118333333332,-98.92198555555557,7,,True,0.5663109187252781,4.738341031064806,12076,Xochitepec,False
12076,0170,Piedra Encanto,17.119599722222222,-98.8869475,31,6.0,False,6.0,1.8756851075877998,12076,Mexcaltepec,False
12076,0171,El Platanal,17.087246944444445,-98.89211611111112,36,4.0,False,4.0,1.8548359913308068,12076,Mexcaltepec,False
12076,0172,Los Cesáreo (La Parota),17.115670555555557,-98.86912972222221,30,3.0,False,3.0,2.2737686348561956,12076,Mexcaltepec,False
12077,0001,Marquelia,16.58331388888889,-98.81785194444444,6857,407.0,False,407.0,0.0,12077,Marquelia,False
12077,0002,La Arenilla,16.556151111111113,-98.7776813888889,19,1.0,False,1.0,5.239454715225595,12077,Marquelia,False
12077,0004,Barra de Tecoanapa,16.508874444444444,-98.73121083333334,1195,74.0,False,74.0,0.0,12077,Barra de Tecoanapa,False
12077,0006,El Capulín Chocolate,16.665866388888887,-98.75961083333333,591,45.0,False,45.0,5.539602430494865,12077,Zoyatlán,False
12077,0007,La Ceniza (Loma de Romero),16.533178333333332,-98.68363972222222,421,19.0,False,19.0,5.746413418450815,12077,Barra de Tecoanapa,False
12077,0008,El Polvorín,16.579784444444446,-98.80541083333333,1554,111.0,False,111.0,1.3827239642759466,12077,Marquelia,False
12077,0011,Cruz Verde,16.713732222222223,-98.76277194444444,146,9.0,False,9.0,2.9121805107707983,12077,Zoyatlán,False
12077,0014,La Guadalupe,16.552354722222223,-98.74490722222222,417,20.0,False,20.0,5.050427783703167,12077,Barra de Tecoanapa,False
12077,0015,Huerta Heriberto Rentería Salinas,16.553014444444447,-98.74101277777778,19,3.0,False,3.0,5.018131453085867,12077,Barra de Tecoanapa,False
12077,0018,Huerta Zenaido Cruz,16.53485777777778,-98.69653916666667,7,0.0,False,0.0,4.691370503894922,12077,Barra de Tecoanapa,False
12077,0022,Las Peñitas,16.555274444444446,-98.77383722222223,110,3.0,False,3.0,5.632608938706914,12077,Marquelia,False
12077,0023,La Bocana,16.556232222222224,-98.81205472222221,201,9.0,False,9.0,3.0740745172679733,12077,Marquelia,False
12077,0024,Playa Tortuga,16.556045,-98.79085055555555,35,1.0,False,1.0,4.180356737800481,12077,Marquelia,False
12077,0025,Rancho Albino Rosales Gatica,16.582229166666668,-98.7961038888889,21,2.0,False,2.0,2.3208300354767912,12077,Marquelia,False
12077,0027,Rancho Chávez Heredia (Rancho el Rodeo),16.569757222222222,-98.81012805555555,7,,True,0.42205882352941176,1.7175417784451505,12077,Marquelia,False
12077,0030,Rancho el Palmar (La Finca),16.613872500000003,-98.82518444444445,325,21.0,False,21.0,3.486642350569848,12077,Marquelia,False
12077,0031,Rancho el Roble (Rancho David Bautista),16.539003055555558,-98.72836333333333,6,,True,0.36176470588235293,3.36387271236992,12077,Barra de Tecoanapa,False
12077,0033,Rancho Jorge San Juan,16.581188333333333,-98.79115083333333,14,,True,0.8441176470588235,2.855348034910647,12077,Marquelia,False
12077,0034,Rancho la Ceiba,16.57500222222222,-98.79710472222222,6,,True,0.36176470588235293,2.3964623341350473,12077,Marquelia,False
12077,0038,Tepantitlán,16.630961944444444,-98.83044527777777,621,39.0,False,39.0,5.465515661378421,12077,Marquelia,False
12077,0039,El Zapote,16.60535,-98.82095277777778,223,20.0,False,20.0,2.47248392134616,12077,Marquelia,False
12077,0040,Zoyatlán,16.710103611111112,-98.73569083333334,1317,62.0,False,62.0,0.0,12077,Zoyatlán,False
12077,0043,Rancho Teodoro López Santiago,16.553000833333336,-98.76562666666666,4,,True,0.2411764705882353,6.126523414841276,12077,Barra de Tecoanapa,False
12077,0044,Brisas del Mar,16.570173333333333,-98.81091555555555,54,2.0,False,2.0,1.6375183397864355,12077,Marquelia,False
12077,0045,Colonia el Panteón,16.589269444444444,-98.81044416666667,108,13.0,False,13.0,1.0304128940158124,12077,Marquelia,False
12077,0046,Las Balsas (Rancho de Don Juan Méndez),16.53968111111111,-98.70973777777778,2,,True,0.12058823529411765,4.119982064725948,12077,Barra de Tecoanapa,False
12078,0001,Cochoapa el Grande,17.192966944444446,-98.45527972222223,3697,268.0,False,268.0,0.0,12078,Cochoapa el Grande,False
12078,0002,Ahuezutla,17.21228083333333,-98.51442222222222,28,3.0,False,3.0,4.345348968428037,12043,Zitlaltepec,True
12078,0003,Arroyo Olor,16.974304166666666,-98.35994111111111,83,6.0,False,6.0,11.51845751259527,12062,San Pedro Cuitlapan,True
12078,0004,Arroyo Prieto,17.07334611111111,-98.31035166666666,976,69.0,False,69.0,0.0,12078,Arroyo Prieto,False
12078,0005,Arroyo Tigrillo,17.032033055555555,-98.40930750000001,14,0.0,False,0.0,10.881926808327993,12043,Chilixtlahuaca,True
12078,0006,Azoyuc Chiquito,17.028345277777778,-98.4040013888889,44,5.0,False,5.0,11.14242716757303,12078,Arroyo Prieto,False
12078,0007,Barranca Ceniza,17.08032888888889,-98.43421555555555,55,1.0,False,1.0,10.489982985635733,12043,Chilixtlahuaca,True
12078,0008,Barranca de Águila,17.17920555555556,-98.46455916666667,31,2.0,False,2.0,1.8202244425833387,12078,Cochoapa el Grande,False
12078,0009,Barranca de la Palma,17.14328611111111,-98.41833333333334,189,16.0,False,16.0,5.913402231121669,12043,Metlatónoc,True
12078,0010,Barranca Faisán,17.176499722222225,-98.41823916666667,13,,True,0.8605056259121511,2.4091882385274186,12043,Metlatónoc,True
12078,0011,Barranca Ocotera,17.07240638888889,-98.39510277777778,79,4.0,False,4.0,9.009208360812334,12078,Arroyo Prieto,False
12078,0013,Barrio de San Agustín,17.273038333333332,-98.49299944444445,91,9.0,False,9.0,0.4431572387535239,12078,San Agustín el Viejo,False
12078,0014,Rancho San Martín,17.19839916666667,-98.50348194444445,128,13.0,False,13.0,4.939896682882484,12043,Zitlaltepec,True
12078,0015,Cahuañaña,17.139481944444444,-98.38728472222223,342,24.0,False,24.0,6.561574915545116,12043,Metlatónoc,True
12078,0016,Calpanapa Viejo,17.076676944444444,-98.41990083333334,336,18.0,False,18.0,11.49006711011079,12043,Chilixtlahuaca,True
12078,0017,Cascada del Zorro,17.090199166666665,-98.37362805555554,137,4.0,False,4.0,6.981825102523562,12078,Arroyo Prieto,False
12078,0018,Cerro de la Garza,17.1209625,-98.39863055555556,22,1.0,False,1.0,8.32276516066245,12043,Metlatónoc,True
12078,0019,Cerro de la Lluvia,17.095175277777777,-98.33743944444444,32,2.0,False,2.0,3.7657731689901746,12078,Arroyo Prieto,False
12078,0021,Cerro Perico,17.04402361111111,-98.4481038888889,2,,True,0.1323854809095617,7.158082325841459,12043,Chilixtlahuaca,True
12078,0023,Cieneguilla,17.117718055555557,-98.34995416666666,170,10.0,False,10.0,6.485339897889785,12078,Arroyo Prieto,False
12078,0024,Colonia Chilpancinguito de los Libres,17.18490638888889,-98.42079694444445,67,8.0,False,8.0,1.8631942707704825,12043,Metlatónoc,True
12078,0025,Colonia Guadalupe el Nuevo,17.166754722222223,-98.45929,32,2.0,False,2.0,2.945636975299311,12078,Cochoapa el Grande,False
12078,0027,Nueva Jerusalén,17.072535277777778,-98.42019472222222,55,5.0,False,5.0,11.222253488028713,12043,Chilixtlahuaca,True
12078,0028,Nu'u Yaa,17.052499444444447,-98.3951363888889,90,4.0,False,4.0,9.305981330400975,12078,Arroyo Prieto,False
12078,0029,Costa Rica,17.034738055555557,-98.38556555555556,41,3.0,False,3.0,9.07526677539525,12078,Arroyo Prieto,False
12078,0030,Cruz Verde,17.02841722222222,-98.36520472222222,91,7.0,False,7.0,7.6787046096689435,12078,Arroyo Prieto,False
12078,0031,Cuetzala Unión,17.235638333333334,-98.47626194444445,39,2.0,False,2.0,4.094318451647383,12078,San Agustín el Viejo,False
12078,0033,Divino Pastor,17.095994444444443,-98.37870722222222,65,4.0,False,4.0,7.689472740704793,12078,Arroyo Prieto,False
12078,0034,Dos Ríos,17.060681666666667,-98.39230388888889,175,7.0,False,7.0,8.82445657807363,12078,Arroyo Prieto,False
12078,0035,El Ciruelo,17.04400388888889,-98.40768,60,2.0,False,2.0,10.848539913915184,12078,Arroyo Prieto,False
12078,0036,El Naranjo,17.022229444444445,-98.42054055555556,60,3.0,False,3.0,9.620514386376858,12043,Chilixtlahuaca,True
12078,0037,Guadalupe la Joya,17.008557777777778,-98.3876638888889,128,9.0,False,9.0,10.92960662245218,12078,Arroyo Prieto,False
12078,0039,Itiatio,16.99410027777778,-98.34915694444445,80,5.0,False,5.0,9.729736212546735,12078,Arroyo Prieto,False
12078,0040,Ithia Thiehe,17.047794722222225,-98.42967222222222,26,1.0,False,1.0,9.143581298375903,12043,Chilixtlahuaca,True
12078,0041,Itia Miniñu Un,17.06548111111111,-98.40774777777779,77,6.0,False,6.0,10.389764744494952,12078,Arroyo Prieto,False
12078,0043,Tutun Nde Ita,17.084419999999998,-98.35393666666666,23,1.0,False,1.0,4.793563069799518,12078,Arroyo Prieto,False
12078,0044,Joya Real,17.083153055555556,-98.38643888888889,692,40.0,False,40.0,8.1606303163352,12078,Arroyo Prieto,False
12078,0045,La Ciénega,17.175596111111112,-98.45251555555556,46,4.0,False,4.0,1.9537411591076732,12078,Cochoapa el Grande,False
12078,0046,Laguna,17.1131375,-98.38002555555555,21,1.0,False,1.0,8.626327628337519,12078,Arroyo Prieto,False
12078,0047,Lázaro Cárdenas,17.121324166666668,-98.49512472222223,60,4.0,False,4.0,5.543251233432487,12043,Ojo de Pescado,True
12078,0048,Loma Arenal,17.16042222222222,-98.43860916666667,56,2.0,False,2.0,4.028923885006787,12078,Cochoapa el Grande,False
12078,0049,Loma Canoa,17.081859166666668,-98.34421083333334,295,13.0,False,13.0,3.721370238307624,12078,Arroyo Prieto,False
12078,0050,Loma San Marcos,17.11754777777778,-98.37372916666666,58,7.0,False,7.0,8.338426357900305,12078,Arroyo Prieto,False
12078,0051,Loma Grande,17.190726944444446,-98.4728413888889,153,18.0,False,18.0,1.8820737964888123,12078,Cochoapa el Grande,False
12078,0052,Los Pinos,17.196596944444444,-98.46580777777778,438,36.0,False,36.0,1.1889558808849257,12078,Cochoapa el Grande,False
12078,0053,Llano del Carmen,17.138016944444445,-98.39618333333334,207,13.0,False,13.0,6.4822051153052,12043,Metlatónoc,True
12078,0055,Llano de la Chuparrosa,17.179722222222225,-98.47789888888889,170,12.0,False,12.0,2.818259334348746,12078,Cochoapa el Grande,False
12078,0056,Loma Bonita,17.162164999999998,-98.45050777777779,48,1.0,False,1.0,3.462334086996855,12078,Cochoapa el Grande,False
12078,0057,Llano de la Yacua,17.120410555555555,-98.32780222222222,165,10.0,False,10.0,5.552251467844236,12078,Arroyo Prieto,False
12078,0058,Llano de Laguna,17.202001944444444,-98.50494694444444,97,5.0,False,5.0,4.859411500715563,12043,Zitlaltepec,True
12078,0059,Llano de las Piedras,17.209299444444444,-98.5026425,85,7.0,False,7.0,5.3304299713948735,12043,Zitlaltepec,True
12078,0060,Llano de Metate,17.190258055555557,-98.49213916666666,52,4.0,False,4.0,3.9270342933865643,12078,Cochoapa el Grande,False
12078,0063,Llano Perdido,17.008579444444443,-98.49824722222222,440,28.0,False,28.0,1.9442370352836222,12043,Chilixtlahuaca,True
12078,0065,Ocotepec,17.131937222222223,-98.3582736111111,233,14.0,False,14.0,8.269505813468005,12078,Arroyo Prieto,False
12078,0068,Peña de Venado,17.0669875,-98.39972416666667,112,12.0,False,12.0,9.526244880265825,12078,Arroyo Prieto,False
12078,0070,Piedra Negra,17.061110555555555,-98.38578027777778,65,0.0,False,0.0,8.132524571731444,12078,Arroyo Prieto,False
12078,0071,Piedra Silleta,17.208910833333334,-98.44635083333334,5,,True,0.33096370227390426,2.010632102258729,12078,Cochoapa el Grande,False
12078,0072,Plan Buenavista,17.04914,-98.52889222222223,59,7.0,False,7.0,3.651945541482877,12043,Chilixtlahuaca,True
12078,0073,Pueblo Viejo,17.180276111111112,-98.45648305555555,110,6.0,False,6.0,1.416934196906524,12078,Cochoapa el Grande,False
12078,0074,Rancho de Guadalupe (Barranca Pobre),17.155497777777775,-98.39667055555556,130,6.0,False,6.0,4.570164089412146,12043,Metlatónoc,True
12078,0075,Rancho de los Hilarios,17.063254444444446,-98.42690972222222,62,4.0,False,4.0,10.09588557529573,12043,Chilixtlahuaca,True
12078,0076,Rancho de San Marcos,17.021147499999998,-98.41130722222223,43,3.0,False,3.0,10.60144431772482,12043,Chilixtlahuaca,True
12078,0078,Río Cantador Chiquito,17.019476388888886,-98.38089333333333,107,5.0,False,5.0,9.597900847391454,12078,Arroyo Prieto,False
12078,0079,Río Corazón,17.023445833333334,-98.50764416666667,38,3.0,False,3.0,0.4436526120938387,12043,Chilixtlahuaca,True
12078,0080,Río Hamaca,17.042045555555557,-98.35445888888889,172,8.0,False,8.0,5.839348907604552,12078,Arroyo Prieto,False
12078,0081,Río de la Víbora,17.0042525,-98.48536694444445,17,1.0,False,1.0,3.3083585597619383,12043,Chilixtlahuaca,True
12078,0082,Río Encajonado,17.042063333333335,-98.3154511111111,435,31.0,False,31.0,3.5204724156504303,12078,Arroyo Prieto,False
12078,0084,San Agustín el Viejo,17.269868055555555,-98.49047027777777,311,27.0,False,27.0,0.0,12078,San Agustín el Viejo,False
12078,0085,San Cristobalito,17.179927222222222,-98.49648027777778,225,14.0,False,14.0,4.610653374337795,12078,Cochoapa el Grande,False
12078,0086,San Isidro,17.096777222222222,-98.35592916666666,22,0.0,False,0.0,5.5005268147794695,12078,Arroyo Prieto,False
12078,0087,San Isidro,17.015409166666668,-98.39938722222223,87,8.0,False,8.0,11.44980783498455,12078,Arroyo Prieto,False
12078,0088,San Lucas,17.244554166666667,-98.51177361111111,185,13.0,False,13.0,3.611155234463531,12078,San Agustín el Viejo,False
12078,0089,San Martín Yukuxaki,17.111328055555557,-98.4999386111111,28,0.0,False,0.0,5.496632603989979,12043,Ojo de Pescado,True
12078,0090,San Miguel Amoltepec Nuevo,17.203429166666666,-98.4929025,470,37.0,False,37.0,4.162290708559405,12078,Cochoapa el Grande,False
12078,0091,San Miguel Amoltepec Viejo,17.199176944444446,-98.497765,334,16.0,False,16.0,4.565493425269506,12078,Cochoapa el Grande,False
12078,0092,San Pedro el Viejo,17.024513888888887,-98.39940638888889,153,7.0,False,7.0,10.913886631388246,12078,Arroyo Prieto,False
12078,0093,San Rafael,17.22679361111111,-98.42417472222223,856,56.0,False,56.0,2.7083572945684184,12043,Huexoapa (San Juan Huexoapa),True
12078,0094,Santa Cruz,17.130349444444445,-98.35860194444444,93,8.0,False,8.0,8.153053565383805,12078,Arroyo Prieto,False
12078,0095,Santa María Cahuañaña,17.13843888888889,-98.38863,175,13.0,False,13.0,6.627821465501688,12043,Metlatónoc,True
12078,0096,Tierra Blanca,17.270094722222222,-98.46893861111111,409,29.0,False,29.0,2.286411484893129,12078,San Agustín el Viejo,False
12078,0097,Tierra Blanquita,17.223695555555555,-98.50155111111111,199,14.0,False,14.0,5.267273511851972,12078,San Agustín el Viejo,False
12078,0098,Tierra Colorada,17.212930555555555,-98.46403972222222,66,2.0,False,2.0,2.406980950857056,12078,Cochoapa el Grande,False
12078,0099,Tierra Colorada,17.05459777777778,-98.34306722222222,29,3.0,False,3.0,4.05464797930276,12078,Arroyo Prieto,False
12078,0100,Tierra de Algodón,17.184807222222222,-98.43174972222222,50,2.0,False,2.0,2.65913712656878,12078,Cochoapa el Grande,False
12078,0101,Tierra Campesina,17.209809166666666,-98.47198416666667,76,6.0,False,6.0,2.5798542460386935,12078,Cochoapa el Grande,False
12078,0102,Vista Hermosa,17.06979888888889,-98.37633027777777,178,15.0,False,15.0,7.024315227121611,12078,Arroyo Prieto,False
12078,0103,Xa Kavá,17.019659166666667,-98.37333861111111,18,5.0,False,5.0,8.970823045276447,12078,Arroyo Prieto,False
12078,0104,Xaha Yucu Yaa,17.136205277777776,-98.36628611111111,99,8.0,False,8.0,7.879445471285565,12043,Metlatónoc,True
12078,0106,Xalpa,17.082724444444445,-98.36280638888888,84,2.0,False,2.0,5.672194607920326,12078,Arroyo Prieto,False
12078,0107,Xiniandiki,17.172645555555558,-98.46143277777779,28,3.0,False,3.0,2.3522780027480708,12078,Cochoapa el Grande,False
12078,0108,Yoso Iñu,17.172637222222225,-98.45219777777778,9,,True,0.5957346640930277,2.284147951217352,12078,Cochoapa el Grande,False
12078,0109,Yautepec,17.09113222222222,-98.42171305555556,44,3.0,False,3.0,11.694503342464195,12043,Metlatónoc,True
12078,0111,Yoso Chun,17.17260361111111,-98.47428361111112,38,4.0,False,4.0,3.0335933905556316,12078,Cochoapa el Grande,False
12078,0112,Yoso Ndikivi,17.02749777777778,-98.32650777777778,2,,True,0.1323854809095617,5.379638432627361,12078,Arroyo Prieto,False
12078,0114,Yozo Chun Chiquito,17.125351944444446,-98.34068277777777,84,4.0,False,4.0,6.620579842051415,12078,Arroyo Prieto,False
12078,0115,Yozondacua,17.14120388888889,-98.39364083333334,247,13.0,False,13.0,6.190632279901806,12043,Metlatónoc,True
12078,0116,Yuku Nu Kaxin,17.11418638888889,-98.35954583333333,128,5.0,False,5.0,6.925314255979092,12078,Arroyo Prieto,False
12078,0118,Yuu Mini Saa,17.066115,-98.52200666666667,8,,True,0.5295419236382468,5.140521539433165,12043,Chilixtlahuaca,True
12078,0119,Yuvi Chonu,17.081103055555555,-98.40672888888889,39,2.0,False,2.0,10.280406117126875,12078,Arroyo Prieto,False
12078,0121,Yuvicani,17.074629166666668,-98.406035,178,9.0,False,9.0,10.17158073204632,12078,Arroyo Prieto,False
12078,0122,La Barca,17.229588888888888,-98.42972222222222,231,13.0,False,13.0,2.7312364872229247,12043,Huexoapa (San Juan Huexoapa),True
12078,0123,Llano de la Mosca,17.16477638888889,-98.45487694444445,156,12.0,False,12.0,3.1349387827680184,12078,Cochoapa el Grande,False
12078,0124,Llano Zacatero,17.156779444444442,-98.42570694444444,150,9.0,False,9.0,4.724733667550928,12043,Metlatónoc,True
12078,0125,Juquila Tikindi,17.10187638888889,-98.32040611111111,28,0.0,False,0.0,3.3475777195941494,12078,Arroyo Prieto,False
12078,0126,Arroyo Carrizo,17.085430833333334,-98.31332055555555,81,7.0,False,7.0,1.3803161147106333,12078,Arroyo Prieto,False
12078,0127,Barranca Espino,17.093457777777775,-98.29891472222222,65,4.0,False,4.0,2.54535575822615,12078,Arroyo Prieto,False
12078,0128,Barranca Guayabo,17.08585972222222,-98.30583694444444,29,4.0,False,4.0,1.4718738172410941,12078,Arroyo Prieto,False
12078,0129,Cuesta Baje,17.001203333333333,-98.37559305555556,25,0.0,False,0.0,10.604768646617392,12078,Arroyo Prieto,False
12078,0130,Valle de Maguey,17.21053138888889,-98.46690444444445,34,2.0,False,2.0,2.310674915169665,12078,Cochoapa el Grande,False
12078,0131,Ndoyo Savi,17.16898888888889,-98.46358777777778,2,,True,0.1323854809095617,2.8085210568006973,12078,Cochoapa el Grande,False
12078,0133,Colonia los Pinos,17.1602225,-98.51419361111111,24,1.0,False,1.0,4.31315249610727,12043,Ojo de Pescado,True
12078,0134,Minatitlán,17.065665833333334,-98.35028722222222,45,3.0,False,3.0,4.330070697215474,12078,Arroyo Prieto,False
12078,0135,Monte los Pinos,16.992903333333334,-98.3847088888889,44,4.0,False,4.0,10.803580606674679,12036,Chimalapa,True
12078,0136,La Joya de Oro,17.006911944444443,-98.38951944444445,39,0.0,False,0.0,11.198615862933885,12078,Arroyo Prieto,False
12078,0137,La Puerta del Cielo,17.028958055555556,-98.39470055555556,47,5.0,False,5.0,10.235552626320596,12078,Arroyo Prieto,False
12078,0138,Barranca Escondida,17.07805722222222,-98.34194138888888,28,1.0,False,1.0,3.398390169543925,12078,Arroyo Prieto,False
12078,0139,Yozondacua Loma Bonita,17.139343611111112,-98.39285555555556,28,1.0,False,1.0,6.411250737684637,12043,Metlatónoc,True
12078,0141,Colonia Rutilio Vázquez,17.04667166666667,-98.31263277777778,14,0.0,False,0.0,2.9759585036087914,12078,Arroyo Prieto,False
12078,0142,Yozo Canu Nuevo,17.1317025,-98.35491277777777,10,,True,0.6619274045478085,8.033345907084291,12078,Arroyo Prieto,False
12078,0143,El Rincón,17.136624722222223,-98.41263861111112,46,5.0,False,5.0,6.558878186953478,12043,Metlatónoc,True
12078,0144,Loma Tronconal,17.150741666666665,-98.42479777777778,49,1.0,False,1.0,5.306935223210099,12043,Metlatónoc,True
12078,0145,Valle Verde,17.180216666666666,-98.43433944444445,7,,True,0.46334918318346596,2.6378739428970395,12078,Cochoapa el Grande,False
12078,0146,El Mameyal,17.051111111111112,-98.40138888888889,60,5.0,False,5.0,9.988176798544831,12078,Arroyo Prieto,False
12078,0147,El Limón,17.049327222222225,-98.39178472222223,120,9.0,False,9.0,9.059089726136868,12078,Arroyo Prieto,False
12078,0148,Llano de Durazno,17.106470833333336,-98.34962555555555,27,1.0,False,1.0,5.566946434814888,12078,Arroyo Prieto,False
12078,0149,La Parota,17.06241111111111,-98.41907,35,2.0,False,2.0,10.800756372170957,12043,Chilixtlahuaca,True
12078,0150,Tierra Colorada Sur,17.07994972222222,-98.40960027777778,45,1.0,False,1.0,10.574921966019444,12078,Arroyo Prieto,False
12078,0151,Naucalpan de Juárez,17.07679138888889,-98.41854444444445,109,8.0,False,8.0,11.50657355440212,12078,Arroyo Prieto,False
12078,0152,Santa Rosa de Maldonado,17.013807222222223,-98.50013416666667,95,7.0,False,7.0,1.4125885860291003,12043,Chilixtlahuaca,True
12078,0153,Llano de la Loma,17.00504611111111,-98.49661444444445,37,0.0,False,0.0,2.3515045030417787,12043,Chilixtlahuaca,True
12078,0154,El Ocotito,17.03570416666667,-98.42206777777778,9,0.0,False,0.0,9.59546821251194,12043,Chilixtlahuaca,True
12078,0155,Rancho de las Flores,17.171460555555555,-98.4796025,10,0.0,False,0.0,3.5206757647533204,12078,Cochoapa el Grande,False
12078,0156,Rancho Juquila de los Pinos,17.099946944444444,-98.30035277777777,22,2.0,False,2.0,3.14300510719109,12078,Arroyo Prieto,False
12078,0157,Colonia Barranca de los Mangos,17.04416666666667,-98.32027777777778,211,15.0,False,15.0,3.4118706100787657,12078,Arroyo Prieto,False
12078,0158,Colonia Natividad,17.075030555555557,-98.38937611111112,54,4.0,False,4.0,8.401916404280067,12078,Arroyo Prieto,False
12078,0159,Azoyú de las Palmas,17.012760555555555,-98.49943444444445,14,3.0,False,3.0,1.541197466480052,12043,Chilixtlahuaca,True
12078,0160,Colonia Belén,17.008308888888887,-98.39084611111112,53,2.0,False,2.0,11.204094417725411,12078,Arroyo Prieto,False
12078,0161,Cahuañaña Centro,17.139055833333334,-98.38866805555556,40,2.0,False,2.0,6.561118411552795,12043,Metlatónoc,True
12078,0162,San Rafael Nuevo,17.22886861111111,-98.42491472222223,378,23.0,False,23.0,2.5311053926651987,12043,Huexoapa (San Juan Huexoapa),True
12078,0163,Colonia Llano de las Flores,17.17598361111111,-98.4318925,34,2.0,False,2.0,3.1206996644382663,12078,Cochoapa el Grande,False
12078,0164,Colonia San Felipe de Jesús Cerro de Venado,17.206654166666667,-98.45235027777778,32,0.0,False,0.0,1.5534345381405712,12078,Cochoapa el Grande,False
12078,0165,Llano del Chile,17.10839277777778,-98.37150527777777,11,,True,0.7281201450025894,7.578428859422066,12078,Arroyo Prieto,False
12078,0166,Santa Cruz,17.264165555555557,-98.47364916666668,225,11.0,False,11.0,1.8953400726559069,12078,San Agustín el Viejo,False
12078,0167,Na Nuu Savi Ñuun,17.23089472222222,-98.43132638888889,28,2.0,False,2.0,2.7261788976078933,12043,Huexoapa (San Juan Huexoapa),True
12078,0168,El Coyul,17.05851277777778,-98.25288777777777,1053,66.0,False,66.0,4.231070863682075,12062,Rancho Viejo (Rancho Nuevo de la Democracia),True
12078,0169,Río Negro,17.052274444444446,-98.24810527777778,156,12.0,False,12.0,3.389193712319659,12062,Rancho Viejo (Rancho Nuevo de la Democracia),True
12079,0001,Hueycantenango,17.44872611111111,-99.02438777777778,2084,156.0,False,156.0,0.0,12079,Hueycantenango,False
12079,0002,Acalco,17.416230555555554,-98.99583333333334,96,14.0,False,14.0,0.8039957932091141,12079,Ixcatla,False
12079,0003,Agua Zarca,17.490293055555558,-99.01351027777778,42,4.0,False,4.0,0.622132422780647,12079,Tlachimaltepec,False
12079,0004,Ahuacosijtic,17.396944444444443,-99.00083333333333,140,16.0,False,16.0,0.20920283857753594,12079,Tlalchichiltipán Nuevo,False
12079,0005,Ajacayán Oriente,17.479320277777777,-98.98080722222223,457,31.0,False,31.0,2.9437083230783854,12079,Tomactilicán,False
12079,0008,Amatitlán,17.45196138888889,-99.04627138888888,43,7.0,False,7.0,2.3490671339594296,12079,Hueycantenango,False
12079,0010,Apanguito,17.447501111111112,-98.98441222222222,656,49.0,False,49.0,1.9074580558641654,12079,Tomactilicán,False
12079,0011,Apozonalco,17.468014444444442,-98.9927775,601,43.0,False,43.0,1.1878416698252419,12079,Tomactilicán,False
12079,0012,Atempa Oriente,17.440895555555556,-99.00247194444445,54,9.0,False,9.0,2.0244223169840074,12079,Tomactilicán,False
12079,0013,Axoloapa,17.420666944444445,-99.02511138888889,262,19.0,False,19.0,2.7209630763030144,12079,Ixcatla,False
12079,0014,Ayahualtempa,17.45777777777778,-99.03722222222223,721,55.0,False,55.0,1.6930782337446242,12079,Hueycantenango,False
12079,0016,El Bárzamo,17.38532083333333,-98.9680125,133,15.0,False,15.0,2.0010405262380746,12028,Cajeltitlán,True
12079,0017,Buena Vista de los Aires,17.491794444444444,-99.0096975,394,36.0,False,36.0,0.8703587402009549,12079,Tlachimaltepec,False
12079,0018,Cacahuatepec,17.39787638888889,-98.97011027777778,1004,91.0,False,91.0,3.11174138298518,12079,Tlalchichiltipán Nuevo,False
12079,0019,Cacahuatla,17.401860555555555,-99.00766972222222,513,35.0,False,35.0,0.9608137446352913,12079,Tlalchichiltipán Nuevo,False
12079,0020,Cacalotepec,17.469737499999997,-99.02362833333333,428,28.0,False,28.0,1.9996550618016358,12079,Tlachimaltepec,False
12079,0021,El Caracol,17.465172777777777,-99.0392,113,8.0,False,8.0,2.4110332866194186,12079,Hueycantenango,False
12079,0024,Cuitlanistepec,17.40324083333333,-99.02726083333333,127,9.0,False,9.0,3.003943319070803,12079,Tlalchichiltipán Nuevo,False
12079,0025,Chahuixco,17.446755555555555,-98.97786444444445,100,4.0,False,4.0,2.52002846264178,12079,Tomactilicán,False
12079,0026,Dospaños,17.472601944444442,-98.97615833333333,43,1.0,False,1.0,2.7994852614991963,12079,Tomactilicán,False
12079,0028,Ixcatla,17.422537222222225,-98.99953972222222,1467,113.0,False,113.0,0.0,12079,Ixcatla,False
12079,0029,Ixtláhuac,17.380318333333335,-98.98244111111111,112,7.0,False,7.0,1.0814396877145949,12028,Cajeltitlán,True
12079,0030,La Laguna,17.455944444444444,-99.02089722222222,121,4.0,False,4.0,0.8839290113983413,12079,Hueycantenango,False
12079,0033,Mazazontecomac,17.4562575,-98.97288083333333,479,39.0,False,39.0,2.6886102719486855,12079,Tomactilicán,False
12079,0035,Nanahuatepec,17.433584166666666,-99.0034575,37,5.0,False,5.0,1.2967782999093949,12079,Ixcatla,False
12079,0036,Ococtilicán,17.448355555555555,-99.01879555555556,27,2.0,False,2.0,0.5946436645013509,12079,Hueycantenango,False
12079,0038,Ocotecomactitlán,17.387921388888888,-98.99078583333333,145,9.0,False,9.0,0.9763098706450023,12028,Mexcalcingo,True
12079,0039,Los Ocotitos (El Ocotito),17.48143472222222,-99.02652388888889,117,3.0,False,3.0,1.461227384998861,12079,Tlachimaltepec,False
12079,0040,Oztotitlán,17.472189999999998,-99.00967666666666,304,20.0,False,20.0,1.4405724616428084,12079,Tlachimaltepec,False
12079,0042,Quetzalapa,17.41501861111111,-99.01899388888889,406,42.0,False,42.0,2.2268958389843134,12079,Ixcatla,False
12079,0043,San Marcos Ixtláhuac,17.488445555555558,-99.02282083333333,512,28.0,False,28.0,1.1037236486720698,12079,Tlachimaltepec,False
12079,0046,Temixco,17.47699944444444,-99.01614888888889,322,23.0,False,23.0,0.9130384734915438,12079,Tlachimaltepec,False
12079,0048,Teocalixtlahuacán,17.405900555555554,-98.995105,90,8.0,False,8.0,0.9648669577039728,12079,Tlalchichiltipán Nuevo,False
12079,0049,Teoyatlán,17.40795194444444,-99.04104666666666,2,,True,0.15657472389967902,4.544718207336735,12079,Tlalchichiltipán Nuevo,False
12079,0050,Tepetitlán,17.46275861111111,-99.01850472222222,132,7.0,False,7.0,1.6805049002876904,12079,Hueycantenango,False
12079,0051,Tepetlazalco,17.47432444444444,-98.98235944444444,93,8.0,False,8.0,2.4165187746193078,12079,Tomactilicán,False
12079,0052,Tepozcotlaloca,17.458485555555555,-99.01140055555555,119,5.0,False,5.0,1.4102253832853167,12079,Tomactilicán,False
12079,0053,Tequixca,17.437505277777777,-99.01132694444445,339,28.0,False,28.0,1.8645120178047652,12079,Hueycantenango,False
12079,0054,Tlacoapa,17.437956944444444,-98.99062638888888,287,19.0,False,19.0,1.958062667706555,12079,Ixcatla,False
12079,0055,Tlaixcoatipan,17.425649444444446,-99.01209,133,9.0,False,9.0,1.3757298985992943,12079,Ixcatla,False
12079,0057,Tlalchichiltipán Nuevo,17.398269444444445,-98.99943361111112,853,83.0,False,83.0,0.0,12079,Tlalchichiltipán Nuevo,False
12079,0058,Tlachimaltepec,17.484706944444444,-99.01318027777778,881,88.0,False,88.0,0.0,12079,Tlachimaltepec,False
12079,0059,Tlalojcan,17.37167527777778,-98.96898083333333,97,12.0,False,12.0,1.1142115308291298,12028,Cajeltitlán,True
12079,0060,Tlatlajquitepec,17.37892861111111,-98.97650722222222,270,24.0,False,24.0,0.933584829546368,12028,Cajeltitlán,True
12079,0061,Tlayolapa,17.460130833333334,-98.97668472222223,63,1.0,False,1.0,2.2784536549048684,12079,Tomactilicán,False
12079,0062,Toctepec,17.430489166666668,-98.98657888888889,106,8.0,False,8.0,1.6347933320293342,12079,Ixcatla,False
12079,0063,Tomactilicán,17.45861888888889,-98.99810638888889,1217,94.0,False,94.0,0.0,12079,Tomactilicán,False
12079,0064,Tonalapa,17.418993055555557,-99.01058611111111,45,5.0,False,5.0,1.2364488044709243,12079,Ixcatla,False
12079,0065,Tonalteme,17.3933425,-99.03276222222222,3,,True,0.23486208584951854,3.5786530196372737,12079,Tlalchichiltipán Nuevo,False
12079,0066,Totoleapan,17.442854166666667,-98.98160444444444,4,,True,0.31314944779935805,2.477304770255628,12079,Tomactilicán,False
12079,0067,Zacaixtlahuacán,17.45281,-99.00675361111111,268,20.0,False,20.0,1.121853501917179,12079,Tomactilicán,False
12079,0068,Zacatepec,17.418914444444447,-99.03758083333334,1,,True,0.07828736194983951,3.5982657703647063,12079,Hueycantenango,False
12079,0069,Zintiotitlán,17.447199444444443,-99.01030333333334,153,11.0,False,11.0,1.5036742530644205,12079,Hueycantenango,False
12079,0070,Zompantitlán,17.4765375,-98.99286166666667,241,18.0,False,18.0,2.0686600673243047,12079,Tomactilicán,False
12079,0071,La Haciendita,17.47286861111111,-99.01673527777778,66,2.0,False,2.0,1.3692970686553831,12079,Tlachimaltepec,False
12079,0072,Colonia los Pinos,17.474107777777775,-98.98540527777777,66,5.0,False,5.0,2.1865886220556456,12079,Tomactilicán,False
12079,0073,Juquilita,17.38608222222222,-98.98766,149,12.0,False,12.0,1.2775399018515365,12028,Mexcalcingo,True
12079,0074,Ocotitos ll,17.373752500000002,-98.96792638888888,50,3.0,False,3.0,1.2608990750014668,12028,Cajeltitlán,True
12079,0075,Zacatepec Viejo,17.407933333333332,-99.02975833333333,24,3.0,False,3.0,3.3922955627817184,12079,Tlalchichiltipán Nuevo,False
12079,0076,Bugambilia,17.450732777777777,-98.98812555555556,168,16.0,False,16.0,1.3747091427929592,12079,Tomactilicán,False
12079,0077,Zintiotitlán los Pinos,17.448338888888888,-99.01233027777778,43,2.0,False,2.0,1.279765787652545,12079,Hueycantenango,False
12079,0078,Tierra Blanca,17.454132777777776,-99.03247194444444,196,12.0,False,12.0,1.04728850272184,12079,Hueycantenango,False
12079,0079,Loma de Santuario,17.449391666666667,-98.96921944444445,162,11.0,False,11.0,3.231406019552066,12079,Tomactilicán,False
12080,0001,Juchitán,16.627070555555555,-98.63671361111112,3530,199.0,False,199.0,0.0,12080,Juchitán,False
12080,0002,Agua Zarca,16.623281666666667,-98.70069916666667,1119,66.0,False,66.0,6.830451412355729,12080,Juchitán,False
12080,0004,Barrio Nuevo,16.604765833333335,-98.74966861111112,185,13.0,False,13.0,1.537676935876757,12080,Carrizalillo,False
12080,0006,Carrizalillo,16.60868055555556,-98.7635088888889,708,43.0,False,43.0,0.0,12080,Carrizalillo,False
12080,0007,Charco Largo,16.534614166666668,-98.61540583333333,2,,True,0.11668210080698505,5.748305757865614,12023,Maldonado,True
12080,0009,El Aguacate,16.639526666666665,-98.70469250000001,341,19.0,False,19.0,7.143966009176171,12080,Carrizalillo,False
12080,0010,El Cerrito,16.536469722222225,-98.6415425,4,0.0,False,0.0,6.895729589906778,12023,Maldonado,True
12080,0011,El Coco,16.651246388888886,-98.67315611111111,190,20.0,False,20.0,4.7223637445143725,12080,Juchitán,False
12080,0012,El Ranchito,16.58968972222222,-98.77343166666667,11,0.0,False,0.0,2.3616237534197118,12080,Carrizalillo,False
12080,0013,El Rincón,16.591868055555555,-98.70208444444445,63,5.0,False,5.0,6.807156454320286,12080,Carrizalillo,False
12080,0014,El Zapotito,16.5382825,-98.68509027777777,67,5.0,False,5.0,5.904733180288365,12077,Barra de Tecoanapa,True
12080,0017,Huerta Eloy Juanico,16.575541666666666,-98.63889805555556,1,,True,0.05834105040349252,5.734477356389492,12080,Juchitán,False
12080,0021,Huerta Luisa Vázquez,16.55845,-98.57866527777777,4,,True,0.2333642016139701,8.85535528865506,12013,Huehuetán,True
12080,0024,La Cuchilla,16.594337777777778,-98.66817250000001,150,7.0,False,7.0,4.948138099172026,12080,Juchitán,False
12080,0025,La India (La India Calosa),16.58680638888889,-98.63341111111112,1,,True,0.05834105040349252,4.490979503368209,12080,Juchitán,False
12080,0028,Los Callejones,16.586730555555555,-98.77628472222221,254,11.0,False,11.0,2.794747221558815,12080,Carrizalillo,False
12080,0029,Los Pelillos,16.641666666666666,-98.64972222222222,226,13.0,False,13.0,2.1342564708567853,12080,Juchitán,False
12080,0031,Plan de Buena Vista,16.6159225,-98.67548861111112,124,11.0,False,11.0,4.313386113829954,12080,Juchitán,False
12080,0032,Rancho Cisneros,16.558317777777777,-98.75571805555556,10,,True,0.5834105040349252,5.661298420556262,12080,Carrizalillo,False
12080,0036,Rancho Urbano Jiménez,16.562121666666666,-98.73898111111112,5,,True,0.2917052520174626,5.799562841837023,12080,Carrizalillo,False
12080,0037,Rayito de Luna,16.55637972222222,-98.74801194444444,180,6.0,False,6.0,5.577698998819184,12077,Barra de Tecoanapa,True
12080,0038,San José el Capulín,16.644470555555554,-98.74854361111112,236,17.0,False,17.0,4.287206326505492,12080,Carrizalillo,False
12080,0040,Vista Hermosa,16.53607138888889,-98.66572861111112,147,6.0,False,6.0,7.607549091812201,12077,Barra de Tecoanapa,True
12080,0042,La Loma (Piedra Parada),16.58355361111111,-98.62730722222221,1,,True,0.05834105040349252,4.941583795181046,12080,Juchitán,False
12081,0001,Iliatenco,17.045530833333334,-98.6858113888889,2029,165.0,False,165.0,0.0,12081,Iliatenco,False
12081,0002,Alchipahuac,17.074223055555557,-98.71908055555556,385,31.0,False,31.0,4.226785138113492,12041,Tilapa,True
12081,0003,Arroyo San Pedro,17.03711638888889,-98.72453305555555,429,41.0,False,41.0,2.925429351023153,12041,Tilapa,True
12081,0004,Cañada Sur,17.034427222222224,-98.68424555555556,75,6.0,False,6.0,1.2458371597461029,12081,Iliatenco,False
12081,0005,Cerro Cuate,17.066590833333333,-98.68321166666666,551,44.0,False,44.0,2.358016096883823,12081,Iliatenco,False
12081,0006,Cerro Tejón,17.037707222222224,-98.59512222222222,312,31.0,False,31.0,8.529757181951057,12052,Buena Vista,True
12081,0007,Cerro Guayabo,17.064790555555557,-98.75823055555556,115,10.0,False,10.0,1.9949585955251337,12041,Tilapa,True
12081,0008,El Aserradero,17.007284722222224,-98.66798861111111,651,70.0,False,70.0,2.160297515038054,12081,San José Vista Hermosa,False
12081,0009,Cerro Ardilla,17.040526111111113,-98.69754277777778,176,17.0,False,17.0,1.3657094534063572,12081,Iliatenco,False
12081,0011,Loma Encino,17.029384999999998,-98.6634813888889,113,13.0,False,13.0,2.976434924850783,12081,Iliatenco,False
12081,0012,Colonia Universidad,17.04039277777778,-98.68033138888889,174,11.0,False,11.0,0.8159796640688824,12081,Iliatenco,False
12081,0013,Colonia Renacimiento,17.001956944444444,-98.66695638888889,134,6.0,False,6.0,1.8422906783831139,12081,San José Vista Hermosa,False
12081,0014,San Antonio,17.036938055555556,-98.7053925,125,12.0,False,12.0,2.290523924733899,12081,Iliatenco,False
12081,0015,Cruz Verde,17.021004444444443,-98.6551975,383,32.0,False,32.0,4.20388238957919,12081,San José Vista Hermosa,False
12081,0016,Cruz la Villa,17.033834444444445,-98.69531916666666,265,28.0,False,28.0,1.6471905697657332,12081,Iliatenco,False
12081,0017,Cruztomáhuac,17.046298333333336,-98.63761000000001,420,31.0,False,31.0,5.125007511150799,12081,Iliatenco,False
12081,0018,Junta de los Arroyos,17.004816666666667,-98.59861555555555,16,1.0,False,1.0,5.13050290653475,12052,Buena Vista,True
12081,0020,Loma de Cuapinole,17.022368333333333,-98.68556638888889,319,26.0,False,26.0,2.575684200517445,12081,Iliatenco,False
12081,0021,Ojo de Agua,17.05112777777778,-98.70794444444445,362,29.0,False,29.0,2.4338527711842084,12081,Iliatenco,False
12081,0022,Plan Galeana,17.03409388888889,-98.68009611111111,140,13.0,False,13.0,1.4094289238735782,12081,Iliatenco,False
12081,0023,Portezuelo del Clarín,17.064342777777778,-98.6668688888889,302,26.0,False,26.0,2.903534969508425,12081,Iliatenco,False
12081,0024,San Isidro,17.068090833333333,-98.7053525,145,10.0,False,10.0,3.256996305651965,12081,Iliatenco,False
12081,0025,San José Vista Hermosa,16.992526666666667,-98.68120111111112,745,66.0,False,66.0,0.0,12081,San José Vista Hermosa,False
12081,0026,San Juan del Río,17.032409722222223,-98.67100194444446,65,8.0,False,8.0,2.146528679661587,12081,Iliatenco,False
12081,0029,Santa Cruz Hernández,17.049339444444445,-98.69505861111111,213,21.0,False,21.0,1.0704058587223735,12081,Iliatenco,False
12081,0030,Tencohuey,17.040917222222223,-98.57603888888889,8,0.0,False,0.0,7.256022612550069,12043,Chilixtlahuaca,True
12081,0031,Tlahuitepec,16.986203333333336,-98.61837083333333,466,52.0,False,52.0,4.9091732798703305,12052,Buena Vista,True
12081,0033,Piedra Blanca,16.996908055555558,-98.65703027777778,75,8.0,False,8.0,2.6160724523432184,12081,San José Vista Hermosa,False
12081,0034,Vista Alegre,17.062685555555557,-98.71967166666667,70,1.0,False,1.0,3.459808055459898,12041,Tilapa,True
12081,0035,Vista Hermosa,17.042113888888892,-98.68203138888889,139,18.0,False,18.0,0.5530357848354868,12081,Iliatenco,False
12081,0037,Santa Cecilia,17.050776666666668,-98.67329111111111,74,8.0,False,8.0,1.4532226192503612,12081,Iliatenco,False
12081,0038,Aviación,17.052411111111113,-98.68780000000001,620,40.0,False,40.0,0.7937235479956705,12081,Iliatenco,False
12081,0039,Oriental,17.044565833333333,-98.68511277777777,490,48.0,False,48.0,0.1304988845831044,12081,Iliatenco,False
12081,0040,Cerro Guayabo,17.04393416666667,-98.66435611111112,155,11.0,False,11.0,2.2878274670804384,12081,Iliatenco,False
12081,0041,13 de Septiembre,17.048012777777778,-98.71325944444445,116,8.0,False,8.0,2.931015354136611,12081,Iliatenco,False
12081,0042,El Paraíso,17.017999166666666,-98.6721,60,7.0,False,7.0,2.993176163319633,12081,San José Vista Hermosa,False
12081,0043,San Martín de Porres,17.053111944444446,-98.68438027777778,58,6.0,False,6.0,0.8565998823776555,12081,Iliatenco,False
12081,0044,10 de Mayo,17.052031666666668,-98.65858527777779,32,4.0,False,4.0,2.983268294554579,12081,Iliatenco,False
12081,0045,Barranca Xale,17.04632777777778,-98.65090333333333,151,8.0,False,8.0,3.7121382200136033,12081,Iliatenco,False
12081,0046,Llano Pajarito,17.050669722222224,-98.60073472222221,45,3.0,False,3.0,9.062440276736782,12081,Iliatenco,False
12081,0047,Loma Bonita,16.99205888888889,-98.64461305555557,33,3.0,False,3.0,3.8911437836969136,12081,San José Vista Hermosa,False
12081,0048,Loma de las Vigas,17.032474444444443,-98.64903527777778,99,7.0,False,7.0,4.170661334932115,12081,Iliatenco,False
12081,0049,Plan Cantú,17.05917888888889,-98.68420972222222,90,7.0,False,7.0,1.5271163075918246,12081,Iliatenco,False
12081,0050,Tierra Colorada,17.04241888888889,-98.61557444444443,99,5.0,False,5.0,7.474991169130792,12081,Iliatenco,False
12081,0051,Loma Mendoza,16.99812638888889,-98.6817813888889,20,2.0,False,2.0,0.6257107890298144,12081,San José Vista Hermosa,False
12081,0052,San José Arroyo,17.03515027777778,-98.72471944444445,135,9.0,False,9.0,3.0149042846668155,12041,Tilapa,True
