cve_inegi,nom_mun,transicion,ciclo_inicio,ciclo_fin,covid,abandono,abandono_g01,abandono_g2,abandono_g3,alumnos,alumnos_fin,egresados_del_ciclo_ini,alumnos_01,alumnos_2,alumnos_3,nvo_ing_01_fin,nvo_ing_2_fin,nvo_ing_3_fin,repetidores_01_fin,repetidores_2_fin,repetidores_3_fin,docentes,grupos,escuelas,planteles,pct_privado,alumnos_por_docente,alumnos_por_grupo,pob_15a17,cobertura_15a17,grado_prom_escolaridad
12001,Acapulco de Juárez,2019-2020→2020-2021,2019-2020,2020-2021,True,8.30089983497836,20.856489048708728,5.960264900662249,-5.180484760220527,32117,30499,9725,12236,10268,9613,10773,9579,9214,105,442,386,2117,964,98,98,13.597160382352024,15.170996693434105,33.316390041493776,39697,80.90535808751291,9.87
12002,Ahuacuotzingo,2019-2020→2020-2021,2019-2020,2020-2021,True,25.632377740303536,23.720930232558135,18.93203883495146,36.04651162790697,593,507,110,215,206,172,176,164,166,0,1,0,36,34,11,11,0.0,16.47222222222222,17.441176470588236,1647,36.004857316332725,5.27
12003,Ajuchitlán del Progreso,2019-2020→2020-2021,2019-2020,2020-2021,True,6.655844155844159,14.62450592885376,7.874015748031493,-6.376811594202891,1232,1323,305,506,381,345,478,386,335,46,16,62,56,50,11,11,0.0,22.0,24.64,2089,58.975586404978465,6.87
12004,Alcozauca de Guerrero,2019-2020→2020-2021,2019-2020,2020-2021,True,24.930747922437668,31.41025641025641,32.45614035087719,4.395604395604391,361,303,87,156,114,91,119,107,77,0,0,0,11,14,4,4,0.0,32.81818181818182,25.785714285714285,1351,26.720947446336048,4.6
12005,Alpoyeca,2019-2020→2020-2021,2019-2020,2020-2021,True,9.336609336609335,15.476190476190476,4.385964912280704,5.600000000000005,407,397,117,168,114,125,145,142,109,0,0,1,11,18,3,3,0.0,37.0,22.61111111111111,476,85.50420168067227,7.31
12006,Apaxtla,2019-2020→2020-2021,2019-2020,2020-2021,True,13.080895008605854,8.636363636363631,12.785388127853881,20.4225352112676,581,604,109,220,219,142,208,189,185,12,6,4,68,38,7,7,0.0,8.544117647058824,15.289473684210526,649,89.52234206471495,7.8
12007,Arcelia,2019-2020→2020-2021,2019-2020,2020-2021,True,10.645848119233502,18.600682593856654,11.084905660377354,-1.5037593984962516,1409,1391,366,586,424,399,498,473,324,4,53,39,117,66,10,10,0.0,12.042735042735043,21.348484848484848,1726,81.63383545770567,8.41
12008,Atenango del Río,2019-2020→2020-2021,2019-2020,2020-2021,True,10.63829787234043,11.764705882352944,12.307692307692308,7.352941176470584,235,232,63,102,65,68,85,90,57,0,0,0,17,12,4,4,0.0,13.823529411764707,19.583333333333332,477,49.266247379454924,6.46
12009,Atlamajalcingo del Monte,2019-2020→2020-2021,2019-2020,2020-2021,True,11.333333333333329,9.836065573770492,19.14893617021277,4.761904761904767,150,149,40,61,47,42,56,54,38,1,0,0,18,9,3,3,0.0,8.333333333333334,16.666666666666668,399,37.59398496240601,5.93
12010,Atlixtac,2019-2020→2020-2021,2019-2020,2020-2021,True,2.0681265206812682,28.869047619047617,7.0866141732283445,-42.24137931034482,822,812,271,336,254,232,278,239,179,0,57,59,60,36,12,12,0.0,13.7,22.833333333333332,1983,41.45234493192133,5.32
12011,Atoyac de Álvarez,2019-2020→2020-2021,2019-2020,2020-2021,True,13.260473588342435,16.43709825528007,6.873614190687361,16.312997347480106,2745,2717,611,1089,902,754,947,864,801,46,39,20,209,112,21,21,0.07285974499089254,13.133971291866029,24.508928571428573,3511,78.18285388778125,8.38
12012,Ayutla de los Libres,2019-2020→2020-2021,2019-2020,2020-2021,True,13.542361574382921,16.383169203222913,21.878025169409486,-0.35377358490567,2998,2650,847,1117,1033,848,905,924,757,10,50,4,156,95,17,17,6.137424949966644,19.21794871794872,31.557894736842105,4910,61.05906313645622,7.23
12013,Azoyú,2019-2020→2020-2021,2019-2020,2020-2021,True,9.69793322734499,16.94214876033058,6.467661691542292,3.7634408602150504,629,613,172,242,201,186,217,200,174,1,14,7,43,26,6,6,0.0,14.627906976744185,24.192307692307693,871,72.2158438576349,7.48
12014,Benito Juárez,2019-2020→2020-2021,2019-2020,2020-2021,True,8.746618575293052,12.440191387559807,8.238636363636365,4.71976401179941,1109,1126,319,418,352,339,433,357,317,9,6,4,56,35,4,4,0.0,19.803571428571427,31.685714285714287,835,132.81437125748502,9.04
12015,Buenavista de Cuéllar,2019-2020→2020-2021,2019-2020,2020-2021,True,23.841059602649008,27.586206896551722,21.052631578947366,22.047244094488192,453,397,87,174,152,127,139,126,102,0,18,12,31,19,5,5,0.0,14.612903225806452,23.842105263157894,748,60.56149732620321,8.09
12016,Coahuayutla de José María Izazaga,2019-2020→2020-2021,2019-2020,2020-2021,True,12.06896551724138,31.428571428571427,18.75,-17.85714285714286,174,156,55,70,48,56,58,48,31,0,8,11,16,9,3,3,0.0,10.875,19.333333333333332,658,26.443768996960486,5.57
12017,Cocula,2019-2020→2020-2021,2019-2020,2020-2021,True,17.42574257425743,26.34146341463415,19.883040935672515,0.0,505,450,128,205,171,129,161,150,137,1,0,1,68,24,4,4,0.0,7.426470588235294,21.041666666666668,738,68.42818428184282,7.48
12018,Copala,2019-2020→2020-2021,2019-2020,2020-2021,True,5.590062111801242,9.045226130653262,3.105590062111796,3.2520325203251987,483,513,111,199,161,123,168,181,154,0,2,8,27,21,3,3,0.0,17.88888888888889,23.0,854,56.557377049180324,7.67
12019,Copalillo,2019-2020→2020-2021,2019-2020,2020-2021,True,8.704883227176218,12.925170068027214,6.358381502890175,7.284768211920534,471,427,132,147,173,151,129,128,162,0,0,8,32,21,5,5,0.0,14.71875,22.428571428571427,1033,45.595353339787025,5.42
12020,Copanatoyac,2019-2020→2020-2021,2019-2020,2020-2021,True,5.882352941176472,2.857142857142858,15.068493150684937,0.0,459,473,134,175,146,138,175,170,123,0,1,4,38,21,5,5,42.48366013071895,12.078947368421053,21.857142857142858,1613,28.456292622442653,5.35
12021,Coyuca de Benítez,2019-2020→2020-2021,2019-2020,2020-2021,True,8.665835411471324,16.626311541565777,9.794319294809007,-2.9535864978903037,3208,3149,899,1239,1021,948,1118,1013,824,20,97,77,211,100,21,21,0.0,15.203791469194313,32.08,4345,73.83199079401611,8.09
12022,Coyuca de Catalán,2019-2020→2020-2021,2019-2020,2020-2021,True,6.35451505016722,8.264462809917351,5.263157894736848,4.7826086956521685,897,974,203,363,304,230,337,333,268,0,20,16,76,33,7,7,0.0,11.802631578947368,27.181818181818183,1747,51.34516313680595,6.78
12023,Cuajinicuilapa,2019-2020→2020-2021,2019-2020,2020-2021,True,12.467306015693113,14.449541284403667,16.62337662337663,4.907975460122705,1147,1107,288,436,385,326,391,360,313,13,8,22,80,47,8,8,0.0,14.3375,24.404255319148938,1553,73.85705086928526,7.02
12024,Cualác,2019-2020→2020-2021,2019-2020,2020-2021,True,11.03448275862069,13.207547169811317,10.185185185185187,9.210526315789469,290,303,68,106,108,76,113,92,96,0,1,1,7,12,3,3,0.0,41.42857142857143,24.166666666666668,498,58.23293172690763,6.81
12025,Cuautepec,2019-2020→2020-2021,2019-2020,2020-2021,True,6.864274570982842,25.757575757575758,-0.5347593582887722,-12.10526315789473,641,663,189,264,187,190,255,196,144,0,44,24,26,24,6,6,0.0,24.653846153846153,26.708333333333332,1097,58.43208751139471,7.19
12026,Cuetzala del Progreso,2019-2020→2020-2021,2019-2020,2020-2021,True,15.92920353982301,36.22047244094488,1.0638297872340385,5.932203389830503,339,289,90,127,94,118,94,81,65,0,28,21,28,18,6,6,0.0,12.107142857142858,18.833333333333332,425,79.76470588235294,6.13
12027,Cutzamala de Pinzón,2019-2020→2020-2021,2019-2020,2020-2021,True,38.297872340425535,63.94984326018809,-24.576271186440678,32.28346456692913,564,404,83,319,118,127,139,115,132,0,15,3,75,20,5,5,0.0,7.52,28.2,975,57.84615384615385,5.94
12028,Chilapa de Álvarez,2019-2020→2020-2021,2019-2020,2020-2021,True,13.9497594869054,17.864923747276684,17.31669266770671,4.986149584487531,3742,3420,1021,1377,1282,1083,1221,1102,1041,29,19,8,229,127,24,24,9.353287012292892,16.34061135371179,29.46456692913386,8024,46.635094715852446,6.56
12029,Chilpancingo de los Bravo,2019-2020→2020-2021,2019-2020,2020-2021,True,10.288040836169177,13.508932064154388,8.560656464848082,6.334735857877516,16456,18018,3850,7669,4509,4278,7105,6502,3945,131,178,157,1076,462,52,52,5.663587749149246,15.293680297397769,35.61904761904762,15472,106.3598759048604,10.66
12030,Florencio Villarreal,2019-2020→2020-2021,2019-2020,2020-2021,True,9.528130671506352,11.190476190476195,12.876712328767127,3.4700315457413256,1102,1080,294,420,365,317,377,370,314,3,4,12,60,39,5,5,0.0,18.366666666666667,28.256410256410255,1240,88.87096774193549,8.19
12031,General Canuto A. Neri,2019-2020→2020-2021,2019-2020,2020-2021,True,-2.9126213592232997,10.869565217391308,0.0,-36.36363636363635,103,120,30,46,35,22,44,41,35,0,0,0,15,8,3,3,0.0,6.866666666666666,12.875,323,31.88854489164087,6.59
12032,General Heliodoro Castillo,2019-2020→2020-2021,2019-2020,2020-2021,True,6.429652042360057,23.366336633663366,7.061503416856496,-16.93121693121693,1322,1375,385,505,439,378,523,385,332,2,76,57,85,74,22,22,2.5718608169440245,15.552941176470588,17.864864864864863,2574,51.35975135975136,6.39
12033,Huamuxtitlán,2019-2020→2020-2021,2019-2020,2020-2021,True,16.054421768707485,28.57142857142857,11.475409836065575,4.739336492891,735,651,194,280,244,211,228,196,206,4,10,7,53,23,3,3,0.0,13.867924528301886,31.956521739130434,994,73.94366197183099,7.62
12034,Huitzuco de los Figueroa,2019-2020→2020-2021,2019-2020,2020-2021,True,13.970588235294112,28.89733840304183,5.7291666666666625,3.5555555555555562,1360,1263,383,526,384,450,476,374,294,0,68,51,133,47,8,8,0.0,10.225563909774436,28.93617021276596,1884,72.1868365180467,7.47
12035,Iguala de la Independencia,2019-2020→2020-2021,2019-2020,2020-2021,True,11.673151750972766,17.128874388254488,6.4913025031820055,9.702797202797198,7710,7354,2019,3065,2357,2288,2563,2462,2119,78,85,47,536,251,21,21,1.3618677042801557,14.384328358208956,30.717131474103585,8078,95.44441693488487,10.03
12036,Igualapa,2019-2020→2020-2021,2019-2020,2020-2021,True,10.603588907014682,21.88841201716738,0.5025125628140725,7.182320441988955,613,620,159,233,199,181,231,181,174,1,24,9,37,27,8,8,0.0,16.56756756756757,22.703703703703702,779,78.69062901155327,7.35
12037,Ixcateopan de Cuauhtémoc,2019-2020→2020-2021,2019-2020,2020-2021,True,8.510638297872342,11.111111111111116,12.676056338028175,2.409638554216864,235,200,81,81,71,83,66,72,62,0,0,0,16,10,3,3,0.0,14.6875,23.5,309,76.05177993527508,7.49
12038,Zihuatanejo de Azueta,2019-2020→2020-2021,2019-2020,2020-2021,True,5.048076923076927,13.206459054209919,4.212168486739465,-6.381118881118875,4160,4388,1197,1734,1282,1144,1635,1493,1202,12,26,20,438,135,21,21,17.836538461538463,9.497716894977168,30.814814814814813,6257,66.4855361994566,9.29
12039,Juan R. Escudero,2019-2020→2020-2021,2019-2020,2020-2021,True,14.974054855448482,46.71968190854871,-11.860465116279073,4.326923076923073,1349,1216,363,503,430,416,432,267,478,1,3,35,122,42,7,7,0.0,11.057377049180328,32.11904761904762,1495,90.23411371237458,7.88
12040,Leonardo Bravo,2019-2020→2020-2021,2019-2020,2020-2021,True,15.704154002026339,31.16883116883117,16.975308641975307,-7.194244604316546,987,903,252,385,324,278,323,248,226,17,43,46,69,42,11,11,0.0,14.304347826086957,23.5,1405,70.2491103202847,6.91
12041,Malinaltepec,2019-2020→2020-2021,2019-2020,2020-2021,True,8.007941760423565,9.549549549549551,6.857142857142861,7.424593967517401,1511,1483,394,555,525,431,487,495,479,7,10,5,85,47,12,12,0.0,17.776470588235295,32.148936170212764,2282,66.21384750219106,7.77
12042,Mártir de Cuilapan,2019-2020→2020-2021,2019-2020,2020-2021,True,7.361963190184051,12.096774193548388,6.481481481481477,2.127659574468088,326,324,90,124,108,94,112,109,100,0,1,2,14,9,2,2,0.0,23.285714285714285,36.22222222222222,1049,31.077216396568158,5.73
12043,Metlatónoc,2019-2020→2020-2021,2019-2020,2020-2021,True,20.641282565130258,28.77358490566038,24.35897435897436,3.053435114503822,499,467,120,212,156,131,191,151,113,0,5,7,31,21,7,7,0.0,16.096774193548388,23.761904761904763,1318,37.86039453717754,4.86
12044,Mochitlán,2019-2020→2020-2021,2019-2020,2020-2021,True,2.2964509394572064,9.239130434782606,5.333333333333334,-9.6551724137931,479,469,143,184,150,145,144,167,136,0,6,16,25,18,4,4,0.0,19.16,26.61111111111111,712,67.2752808988764,8.08
12045,Olinalá,2019-2020→2020-2021,2019-2020,2020-2021,True,11.654135338345862,20.87542087542088,12.890625,-0.8163265306122547,798,738,229,297,256,245,262,234,202,1,21,18,38,26,5,5,0.0,21.0,30.692307692307693,1718,46.44935972060536,6.19
12046,Ometepec,2019-2020→2020-2021,2019-2020,2020-2021,True,6.435137895812049,12.038970076548361,10.777521170130866,-5.1694915254237195,3916,3751,1210,1437,1299,1180,1297,1234,1142,30,17,31,291,121,24,24,2.9111338100102144,13.457044673539519,32.36363636363637,4589,85.33449553279581,8.36
12047,Pedro Ascencio Alquisiras,2019-2020→2020-2021,2019-2020,2020-2021,True,11.627906976744185,36.36363636363637,18.461538461538463,-23.076923076923084,172,153,51,55,65,52,52,35,41,0,12,13,27,18,6,6,0.0,6.37037037037037,9.555555555555555,415,41.445783132530124,5.78
12048,Petatlán,2019-2020→2020-2021,2019-2020,2020-2021,True,14.664082687338498,18.77133105802048,10.924369747899155,13.37448559670782,1548,1471,409,586,476,486,559,476,404,0,20,12,108,54,9,9,0.0,14.333333333333334,28.666666666666668,2359,65.62102585841458,7.96
12049,Pilcaya,2019-2020→2020-2021,2019-2020,2020-2021,True,2.500000000000002,5.154639175257736,3.749999999999998,-3.1746031746031855,240,260,65,97,80,63,91,92,75,0,2,0,13,8,2,2,0.0,18.46153846153846,30.0,657,36.5296803652968,7.54
12050,Pungarabato,2019-2020→2020-2021,2019-2020,2020-2021,True,17.823129251700674,38.42592592592593,12.1786197564276,-4.817275747508298,2205,2098,474,864,739,602,760,523,404,9,245,157,140,79,8,8,3.6734693877551026,15.75,27.911392405063292,1940,113.65979381443299,8.97
12051,Quechultenango,2019-2020→2020-2021,2019-2020,2020-2021,True,7.759882869692536,15.824175824175823,13.671875,-9.022556390977442,1366,1390,354,455,512,399,484,380,367,3,75,81,109,73,20,20,1.610541727672035,12.53211009174312,18.71232876712329,2435,56.09856262833676,6.35
12052,San Luis Acatlán,2019-2020→2020-2021,2019-2020,2020-2021,True,13.888888888888884,15.529905561385105,13.947696139476962,11.780104712041883,2520,2313,666,953,803,764,809,803,690,2,1,8,124,78,16,16,0.0,20.322580645161292,32.30769230769231,3494,72.12364052661707,7.18
12053,San Marcos,2019-2020→2020-2021,2019-2020,2020-2021,True,10.556940980881135,14.81900452488688,8.62275449101796,7.423580786026196,2406,2347,602,884,835,687,797,739,726,14,37,34,163,80,14,14,0.0,14.760736196319018,30.075,3054,78.7819253438114,7.43
12054,San Miguel Totolapan,2019-2020→2020-2021,2019-2020,2020-2021,True,9.745762711864403,14.69534050179212,6.666666666666665,6.372549019607843,708,663,188,279,225,204,212,238,206,0,4,3,46,34,9,9,0.0,15.391304347826088,20.823529411764707,1360,52.05882352941177,6.47
12055,Taxco de Alarcón,2019-2020→2020-2021,2019-2020,2020-2021,True,7.69577973369443,9.096573208722747,9.992962702322306,3.7722419928825635,4431,4272,1338,1605,1421,1405,1520,1423,1260,36,19,14,235,123,15,15,16.565109456104718,18.85531914893617,36.02439024390244,5790,76.52849740932642,8.64
12056,Tecoanapa,2019-2020→2020-2021,2019-2020,2020-2021,True,14.844315713251266,15.084388185654007,10.602910602910598,19.36619718309859,2762,2552,676,948,962,852,876,805,846,0,14,11,150,104,17,17,0.0,18.413333333333334,26.557692307692307,3226,85.6168629882207,7.82
12057,Técpan de Galeana,2019-2020→2020-2021,2019-2020,2020-2021,True,11.726117261172607,17.628541448058765,10.883482714468629,4.680851063829783,2439,2398,630,953,781,705,875,757,622,28,74,42,140,86,15,15,0.0,17.42142857142857,28.36046511627907,3432,71.06643356643356,7.94
12058,Teloloapan,2019-2020→2020-2021,2019-2020,2020-2021,True,9.783728115345003,15.27581329561527,5.891472868217051,7.457627118644073,1942,1961,507,707,645,590,716,589,564,10,43,39,183,78,17,17,0.0,10.612021857923498,24.897435897435898,2913,66.66666666666666,7.92
12059,Tepecoacuilco de Trujano,2019-2020→2020-2021,2019-2020,2020-2021,True,6.799531066822972,23.863636363636363,12.211221122112214,-14.685314685314687,853,718,323,264,303,286,246,200,252,1,14,5,88,39,12,12,10.668229777256741,9.693181818181818,21.871794871794872,1447,58.94955079474775,7.26
12060,Tetipac,2019-2020→2020-2021,2019-2020,2020-2021,True,8.597285067873306,14.66666666666666,7.801418439716312,3.31125827814569,442,399,146,150,141,151,141,128,130,0,0,0,16,18,5,5,0.0,27.625,24.555555555555557,767,57.6271186440678,6.78
12061,Tixtla de Guerrero,2019-2020→2020-2021,2019-2020,2020-2021,True,14.492753623188403,22.250316055625785,11.855670103092786,9.242618741976894,2346,2098,639,791,776,779,731,584,600,31,84,68,123,77,10,10,0.0,19.073170731707318,30.467532467532468,2501,93.80247900839665,9.21
12062,Tlacoachistlahuaca,2019-2020→2020-2021,2019-2020,2020-2021,True,-34.626865671641795,-15.41501976284585,-42.654028436018955,-50.0,670,901,308,253,211,206,307,289,301,3,0,1,43,30,7,7,0.0,15.581395348837209,22.333333333333332,1641,40.82876294942108,5.04
12063,Tlacoapa,2019-2020→2020-2021,2019-2020,2020-2021,True,10.787172011661806,9.375,7.272727272727275,16.19047619047619,343,329,86,128,110,105,109,116,102,0,0,2,33,12,3,3,0.0,10.393939393939394,28.583333333333332,718,47.77158774373259,7.03
12064,Tlalchapa,2019-2020→2020-2021,2019-2020,2020-2021,True,8.154506437768239,10.32608695652174,1.9354838709677469,12.598425196850393,466,496,111,184,155,127,179,165,152,0,0,0,44,27,7,7,0.0,10.590909090909092,17.25925925925926,552,84.42028985507247,7.52
12065,Tlalixtaquilla de Maldonado,2019-2020→2020-2021,2019-2020,2020-2021,True,16.326530612244895,37.0,26.74418604651163,-33.89830508474576,245,219,66,100,86,59,80,63,52,0,11,13,22,17,5,5,0.0,11.136363636363637,14.411764705882353,388,63.144329896907216,6.14
12066,Tlapa de Comonfort,2019-2020→2020-2021,2019-2020,2020-2021,True,10.281814178775871,14.351320321469574,10.522832561217733,4.49961210240496,4542,4596,1189,1742,1511,1289,1710,1490,1288,2,64,42,296,150,18,18,4.249229414354909,15.344594594594595,30.28,6082,74.67938178230845,8.22
12067,Tlapehuala,2019-2020→2020-2021,2019-2020,2020-2021,True,7.31204943357363,8.021390374331549,4.697986577181212,9.030100334448166,971,980,268,374,298,299,348,336,277,8,7,4,47,34,8,8,2.5746652935118437,20.659574468085108,28.558823529411764,1145,84.80349344978167,8.13
12068,La Unión de Isidoro Montes de Oca,2019-2020→2020-2021,2019-2020,2020-2021,True,6.185567010309279,19.354838709677423,0.0,-7.843137254901955,582,597,149,248,181,153,200,200,164,0,17,16,57,27,5,5,0.0,10.210526315789474,21.555555555555557,1342,43.36810730253353,7.09
12069,Xalpatláhuac,2019-2020→2020-2021,2019-2020,2020-2021,True,16.207951070336392,18.75,12.28070175438597,17.647058823529417,327,290,70,128,114,85,86,104,100,0,0,0,25,18,5,5,0.0,13.08,18.166666666666668,742,44.07008086253369,5.09
12070,Xochihuehuetlán,2019-2020→2020-2021,2019-2020,2020-2021,True,20.571428571428573,30.12048192771084,16.36363636363637,5.405405405405405,175,180,34,83,55,37,75,58,34,0,12,1,14,6,2,2,0.0,12.5,29.166666666666668,439,39.863325740318906,6.35
12071,Xochistlahuaca,2019-2020→2020-2021,2019-2020,2020-2021,True,11.5485564304462,14.503816793893131,15.163934426229508,5.078125,762,635,240,262,244,256,201,224,206,0,1,3,33,23,4,4,0.0,23.09090909090909,33.130434782608695,2168,35.14760147601476,5.19
12072,Zapotitlán Tablas,2019-2020→2020-2021,2019-2020,2020-2021,True,0.40160642570281624,0.0,3.6363636363636376,-4.109589041095885,249,246,75,66,110,73,73,66,106,0,0,1,19,8,2,2,0.0,13.105263157894736,31.125,775,32.12903225806451,6.33
12073,Zirándaro,2019-2020→2020-2021,2019-2020,2020-2021,True,15.163934426229508,16.85393258426966,20.625000000000004,7.333333333333336,488,442,138,178,160,150,166,148,125,0,2,1,30,27,7,7,0.0,16.266666666666666,18.074074074074073,913,53.45016429353778,5.53
12074,Zitlala,2019-2020→2020-2021,2019-2020,2020-2021,True,6.451612903225811,15.58441558441559,6.422018348623848,-8.571428571428562,589,635,152,231,218,140,236,194,202,1,2,0,45,21,7,7,0.0,13.088888888888889,28.047619047619047,1542,38.19714656290532,5.81
12075,Eduardo Neri,2019-2020→2020-2021,2019-2020,2020-2021,True,17.15867158671587,19.06202723146747,18.108651911468808,13.461538461538458,1626,1525,393,661,497,468,571,529,393,6,14,12,78,42,10,10,3.136531365313653,20.846153846153847,38.714285714285715,2827,57.51680226388397,7.96
12076,Acatepec,2019-2020→2020-2021,2019-2020,2020-2021,True,4.506699147381243,24.179620034542314,3.374777975133214,-16.999999999999993,1642,1586,515,579,563,500,533,439,461,0,83,70,76,63,18,18,0.0,21.605263157894736,26.063492063492063,3254,50.46097111247695,6.57
12077,Marquelia,2019-2020→2020-2021,2019-2020,2020-2021,True,10.576923076923073,13.94101876675603,11.076923076923073,6.432748538011701,1040,992,285,373,325,342,347,319,267,2,22,35,69,30,4,4,0.0,15.072463768115941,34.666666666666664,862,120.64965197215778,8.16
12078,Cochoapa el Grande,2019-2020→2020-2021,2019-2020,2020-2021,True,15.662650602409634,21.36752136752137,22.352941176470587,-10.63829787234043,249,255,44,117,85,47,89,92,57,0,9,8,10,11,3,3,0.0,24.9,22.636363636363637,1411,17.647058823529413,3.4
12079,José Joaquín de Herrera,2019-2020→2020-2021,2019-2020,2020-2021,True,16.972477064220183,20.12195121951219,19.727891156462583,9.599999999999998,436,386,113,164,147,125,137,131,118,0,0,0,19,15,5,5,0.0,22.94736842105263,29.066666666666666,1440,30.277777777777775,5.18
12080,Juchitán,2019-2020→2020-2021,2019-2020,2020-2021,True,10.332103321033214,13.793103448275868,9.677419354838712,4.8387096774193505,271,289,59,116,93,62,105,99,83,1,1,0,22,10,3,3,0.0,12.318181818181818,27.1,441,61.451247165532884,6.9
12081,Iliatenco,2019-2020→2020-2021,2019-2020,2020-2021,True,4.952830188679247,3.3755274261603407,5.063291139240511,6.101694915254241,848,729,274,237,316,295,197,229,300,0,0,3,38,22,3,3,0.0,22.31578947368421,38.54545454545455,1003,84.54636091724825,8.5
12001,Acapulco de Juárez,2020-2021→2021-2022,2020-2021,2021-2022,True,10.71182661726614,18.045596617025183,6.117153976649037,7.1979166666666705,30499,30043,8533,10878,10021,9600,11344,8709,8484,206,924,376,2200,935,99,99,12.308600281976458,13.863181818181818,32.619251336898394,39697,76.82948333627226,9.87
12002,Ahuacuotzingo,2020-2021→2021-2022,2020-2021,2021-2022,True,27.810650887573964,22.72727272727273,17.575757575757578,43.37349397590361,507,469,92,176,165,166,195,136,133,0,3,2,38,34,11,11,0.0,13.342105263157896,14.911764705882353,1647,30.783242258652095,5.27
12003,Ajuchitlán del Progreso,2020-2021→2021-2022,2020-2021,2021-2022,True,10.052910052910057,16.984732824427486,-2.487562189054726,13.60201511335013,1323,1306,316,524,402,397,432,435,396,0,16,27,63,55,10,10,0.0,21.0,24.054545454545455,2089,63.331737673527996,6.87
12004,Alcozauca de Guerrero,2020-2021→2021-2022,2020-2021,2021-2022,True,25.742574257425744,55.46218487394958,25.233644859813086,-19.480519480519476,303,290,78,119,107,77,143,53,66,0,14,14,13,14,4,4,0.0,23.307692307692307,21.642857142857142,1351,22.427831236121392,4.6
12005,Alpoyeca,2020-2021→2021-2022,2020-2021,2021-2022,True,15.86901763224181,24.13793103448276,16.19718309859155,4.545454545454541,397,374,105,145,142,110,145,110,119,0,0,0,12,18,3,3,0.0,33.083333333333336,22.055555555555557,476,83.40336134453781,7.31
12006,Apaxtla,2020-2021→2021-2022,2020-2021,2021-2022,True,14.403973509933776,17.272727272727273,12.307692307692308,13.227513227513231,604,556,146,220,195,189,185,156,148,26,23,18,58,33,7,7,0.0,10.413793103448276,18.303030303030305,649,93.0662557781202,7.8
12007,Arcelia,2020-2021→2021-2022,2020-2021,2021-2022,True,20.560747663551403,27.88844621513944,26.23574144486692,2.203856749311295,1391,1329,271,502,526,363,495,335,306,27,82,84,120,65,10,10,0.0,11.591666666666667,21.4,1726,80.59096176129779,8.41
12008,Atenango del Río,2020-2021→2021-2022,2020-2021,2021-2022,True,4.31034482758621,4.705882352941182,9.999999999999998,-5.263157894736836,232,251,60,85,90,57,89,81,81,0,0,0,17,12,4,4,0.0,13.647058823529411,19.333333333333332,477,48.63731656184486,6.46
12009,Atlamajalcingo del Monte,2020-2021→2021-2022,2020-2021,2021-2022,True,8.053691275167784,47.36842105263158,35.18518518518518,-89.4736842105263,149,112,66,57,54,38,41,30,28,0,7,6,18,9,3,3,0.0,8.277777777777779,16.555555555555557,399,37.34335839598997,5.93
12010,Atlixtac,2020-2021→2021-2022,2020-2021,2021-2022,True,15.02463054187192,26.978417266187048,18.918918918918916,-3.7815126050420256,812,727,221,278,296,238,258,203,224,0,16,26,55,38,12,12,0.0,14.763636363636364,21.36842105263158,1983,40.94805849722643,5.32
12011,Atoyac de Álvarez,2020-2021→2021-2022,2020-2021,2021-2022,True,19.80125138019875,16.213494461228596,23.809523809523814,19.732034104750305,2717,2483,616,993,903,821,920,722,596,110,92,43,216,114,22,22,0.3312476996687523,12.578703703703704,23.833333333333332,3511,77.3853602962119,8.38
12012,Ayutla de los Libres,2020-2021→2021-2022,2020-2021,2021-2022,True,15.811320754716984,18.797814207650276,18.069815195071868,9.329829172141924,2650,2508,668,915,974,761,945,717,757,26,41,22,156,91,18,18,1.8113207547169812,16.987179487179485,29.12087912087912,4910,53.97148676171079,7.23
12013,Azoyú,2020-2021→2021-2022,2020-2021,2021-2022,True,18.597063621533437,20.642201834862384,20.09345794392523,14.364640883977897,613,599,143,218,214,181,243,166,157,7,14,12,56,26,6,6,0.0,10.946428571428571,23.576923076923077,871,70.37887485648679,7.48
12014,Benito Juárez,2020-2021→2021-2022,2020-2021,2021-2022,True,14.653641207815271,19.004524886877828,12.121212121212121,11.526479750778817,1126,1110,263,442,363,321,412,326,281,32,38,21,57,35,4,4,0.0,19.75438596491228,32.17142857142857,835,134.85029940119762,9.04
12015,Buenavista de Cuéllar,2020-2021→2021-2022,2020-2021,2021-2022,True,12.09068010075567,14.388489208633093,17.361111111111114,2.631578947368418,397,390,93,139,144,114,134,109,108,10,11,18,36,21,5,5,0.0,11.027777777777779,18.904761904761905,748,53.07486631016043,8.09
12016,Coahuayutla de José María Izazaga,2020-2021→2021-2022,2020-2021,2021-2022,True,28.846153846153843,22.413793103448278,35.71428571428571,28.57142857142857,156,140,30,58,56,42,59,45,36,0,0,0,16,9,3,3,0.0,9.75,17.333333333333332,658,23.70820668693009,5.57
12017,Cocula,2020-2021→2021-2022,2020-2021,2021-2022,True,12.888888888888895,9.876543209876543,19.333333333333336,9.420289855072461,450,456,117,162,150,138,181,145,120,1,1,8,63,21,4,4,0.0,7.142857142857143,21.428571428571427,738,60.97560975609756,7.48
12018,Copala,2020-2021→2021-2022,2020-2021,2021-2022,True,9.161793372319693,16.07142857142857,2.1857923497267784,9.876543209876543,513,480,146,168,183,162,160,139,167,2,12,0,29,21,3,3,0.0,17.689655172413794,24.428571428571427,854,60.07025761124122,7.67
12019,Copalillo,2020-2021→2021-2022,2020-2021,2021-2022,True,9.36768149882904,10.077519379844958,3.125,13.529411764705879,427,364,147,129,128,170,124,115,124,1,0,0,32,20,5,5,0.0,13.34375,21.35,1033,41.33591481122943,5.42
12020,Copanatoyac,2020-2021→2021-2022,2020-2021,2021-2022,True,19.450317124735726,26.857142857142858,19.883040935672515,8.661417322834641,473,441,111,175,171,127,171,128,130,0,7,5,38,21,5,5,43.551797040169134,12.447368421052632,22.523809523809526,1613,29.324240545567264,5.35
12021,Coyuca de Benítez,2020-2021→2021-2022,2020-2021,2021-2022,True,7.81200381073357,17.48681898066784,8.46846846846847,-5.2164261931187506,3149,3168,894,1138,1110,901,1159,869,891,70,125,54,154,100,21,21,0.0,20.448051948051948,31.49,4345,72.4741081703107,8.09
12022,Coyuca de Catalán,2020-2021→2021-2022,2020-2021,2021-2022,True,9.137577002053387,10.089020771513358,8.78186968838527,8.450704225352112,974,978,254,337,353,284,347,303,317,0,5,6,91,36,7,7,0.0,10.703296703296703,27.055555555555557,1747,55.75271894676589,6.78
12023,Cuajinicuilapa,2020-2021→2021-2022,2020-2021,2021-2022,True,19.512195121951216,22.524752475247524,22.282608695652172,12.835820895522387,1107,994,282,404,368,335,385,291,273,22,13,10,85,65,8,8,0.0,13.023529411764706,17.03076923076923,1553,71.28139085640696,7.02
12024,Cualác,2020-2021→2021-2022,2020-2021,2021-2022,True,17.821782178217827,12.389380530973447,8.602150537634412,32.98969072164949,303,288,64,113,93,97,103,99,85,0,0,1,18,12,3,3,0.0,16.833333333333332,25.25,498,60.8433734939759,6.81
12025,Cuautepec,2020-2021→2021-2022,2020-2021,2021-2022,True,10.859728506787325,14.117647058823534,9.166666666666668,8.333333333333337,663,680,154,255,240,168,243,219,216,0,2,0,29,24,6,6,0.0,22.862068965517242,27.625,1097,60.43755697356426,7.19
12026,Cuetzala del Progreso,2020-2021→2021-2022,2020-2021,2021-2022,True,20.76124567474048,37.23404255319149,20.18348623853211,3.488372093023251,289,244,71,94,109,86,86,59,75,0,12,12,28,18,6,6,0.0,10.321428571428571,16.055555555555557,425,68.0,6.13
12027,Cutzamala de Pinzón,2020-2021→2021-2022,2020-2021,2021-2022,True,16.089108910891092,18.705035971223015,8.461538461538465,20.740740740740737,404,396,102,139,130,135,159,113,117,0,2,5,57,23,5,5,0.0,7.087719298245614,17.565217391304348,975,41.43589743589743,5.94
12028,Chilapa de Álvarez,2020-2021→2021-2022,2020-2021,2021-2022,True,17.36842105263158,28.959999999999997,21.587867975022302,-0.9532888465205058,3420,2994,1002,1250,1121,1049,1170,834,746,54,133,57,225,123,24,24,9.12280701754386,15.2,27.804878048780488,8024,42.62213359920239,6.56
12029,Chilpancingo de los Bravo,2020-2021→2021-2022,2020-2021,2021-2022,True,12.809412809412812,13.405196241017137,12.5,12.262311067771813,18018,19519,3376,7236,6680,4102,7185,6082,5527,184,318,223,1039,533,52,52,4.756354756354756,17.34167468719923,33.80487804878049,15472,116.45553257497414,10.66
12030,Florencio Villarreal,2020-2021→2021-2022,2020-2021,2021-2022,True,17.87037037037037,12.631578947368416,15.240641711229951,26.993865030674847,1080,1055,212,380,374,326,380,295,280,37,37,26,61,37,5,5,0.0,17.704918032786885,29.18918918918919,1240,87.09677419354838,8.19
12031,General Canuto A. Neri,2020-2021→2021-2022,2020-2021,2021-2022,True,11.66666666666667,25.0,31.707317073170728,-28.57142857142858,120,112,33,44,41,35,39,33,26,0,2,12,15,9,3,3,0.0,8.0,13.333333333333334,323,37.15170278637771,6.59
12032,General Heliodoro Castillo,2020-2021→2021-2022,2020-2021,2021-2022,True,14.254545454545454,39.23809523809524,16.052060737527118,-21.593830334190223,1375,1245,396,525,461,389,462,318,307,1,80,77,88,76,22,22,2.327272727272727,15.625,18.092105263157894,2574,53.41880341880342,6.39
12033,Huamuxtitlán,2020-2021→2021-2022,2020-2021,2021-2022,True,27.188940092165904,30.17241379310345,31.06796116504854,20.187793427230048,651,575,155,232,206,213,256,139,124,23,18,15,70,21,3,3,0.0,9.3,31.0,994,65.49295774647888,7.62
12034,Huitzuco de los Figueroa,2020-2021→2021-2022,2020-2021,2021-2022,True,20.744259699129053,29.411764705882348,20.135746606334838,9.565217391304348,1263,1244,262,476,442,345,505,332,310,4,43,50,134,47,8,8,0.0,9.425373134328359,26.872340425531913,1884,67.03821656050955,7.47
12035,Iguala de la Independencia,2020-2021→2021-2022,2020-2021,2021-2022,True,15.991297253195535,18.81862930708065,14.76246564585787,13.988919667590027,7354,6968,1814,2641,2547,2166,2604,2006,2065,138,106,49,519,239,21,21,1.2374218112591786,14.169556840077071,30.769874476987447,8078,91.03738549145828,10.03
12036,Igualapa,2020-2021→2021-2022,2020-2021,2021-2022,True,9.03225806451613,8.62068965517241,9.268292682926827,9.289617486338797,620,570,166,232,205,183,172,211,184,1,2,0,39,27,8,8,0.0,15.897435897435898,22.962962962962962,779,79.58921694480102,7.35
12037,Ixcateopan de Cuauhtémoc,2020-2021→2021-2022,2020-2021,2021-2022,True,-0.49999999999998934,24.242424242424242,23.611111111111114,-54.83870967741935,200,176,86,66,72,62,61,50,43,0,12,10,16,10,3,3,0.0,12.5,20.0,309,64.72491909385113,7.49
12038,Zihuatanejo de Azueta,2020-2021→2021-2022,2020-2021,2021-2022,True,18.41385597082954,24.04371584699454,24.81895984200132,2.864157119476274,4388,4352,1091,1647,1519,1222,1863,1175,1034,76,108,96,409,143,20,20,15.200546946216956,10.728606356968216,30.685314685314687,6257,70.12945501038837,9.29
12039,Juan R. Escudero,2020-2021→2021-2022,2020-2021,2021-2022,True,5.509868421052633,12.471131639722866,-44.07407407407406,25.730994152046783,1216,1224,377,433,270,513,452,373,381,6,8,4,86,37,7,7,0.0,14.13953488372093,32.86486486486486,1495,81.33779264214047,7.88
12040,Leonardo Bravo,2020-2021→2021-2022,2020-2021,2021-2022,True,14.617940199335544,25.588235294117645,12.714776632302405,2.941176470588236,903,865,236,340,291,272,330,236,203,17,51,28,67,41,11,11,0.0,13.477611940298507,22.024390243902438,1405,64.27046263345196,6.91
12041,Malinaltepec,2020-2021→2021-2022,2020-2021,2021-2022,True,9.77747808496291,26.518218623481783,12.277227722772277,-9.917355371900815,1483,1336,481,494,505,484,479,362,366,1,77,51,89,47,12,12,0.0,16.662921348314608,31.5531914893617,2282,64.9868536371604,7.77
12042,Mártir de Cuilapan,2020-2021→2021-2022,2020-2021,2021-2022,True,11.419753086419748,16.964285714285708,10.909090909090914,5.882352941176472,324,280,95,112,110,102,88,93,98,0,0,1,5,9,2,2,0.0,64.8,36.0,1049,30.88655862726406,5.73
12043,Metlatónoc,2020-2021→2021-2022,2020-2021,2021-2022,True,22.26980728051392,16.753926701570677,31.41025641025641,19.166666666666664,467,467,97,191,156,120,201,159,107,0,0,0,37,22,8,8,0.0,12.621621621621621,21.227272727272727,1318,35.43247344461305,4.86
12044,Mochitlán,2020-2021→2021-2022,2020-2021,2021-2022,True,9.808102345415781,22.22222222222222,10.404624277456643,-2.6315789473684292,469,416,148,144,173,152,141,112,146,0,9,8,25,18,4,4,0.0,18.76,26.055555555555557,712,65.87078651685393,8.08
12045,Olinalá,2020-2021→2021-2022,2020-2021,2021-2022,True,17.479674796747968,24.334600760456272,17.647058823529417,9.090909090909093,738,707,172,263,255,220,270,184,169,15,41,28,40,26,6,6,0.0,18.45,28.384615384615383,1718,42.9569266589057,6.19
12046,Ometepec,2020-2021→2021-2022,2020-2021,2021-2022,True,13.30311916822181,14.619442351168043,13.109512390087929,12.020460358056262,3751,3596,988,1327,1251,1173,1332,1103,1049,30,38,44,286,124,24,24,3.199146894161557,13.115384615384615,30.25,4589,81.73894094573981,8.36
12047,Pedro Ascencio Alquisiras,2020-2021→2021-2022,2020-2021,2021-2022,True,11.764705882352944,13.461538461538458,12.765957446808507,9.259259259259256,153,148,47,52,47,54,60,45,40,0,1,2,28,18,6,6,0.0,5.464285714285714,8.5,415,36.86746987951807,5.78
12048,Petatlán,2020-2021→2021-2022,2020-2021,2021-2022,True,10.944935418082935,18.6046511627907,9.2741935483871,2.644230769230771,1471,1524,391,559,496,416,605,455,403,0,47,14,108,53,9,9,0.0,13.62037037037037,27.754716981132077,2359,62.356930902924965,7.96
12049,Pilcaya,2020-2021→2021-2022,2020-2021,2021-2022,True,13.461538461538458,21.978021978021978,12.765957446808507,4.0000000000000036,260,254,72,91,94,75,101,71,82,0,0,0,13,8,2,2,0.0,20.0,32.5,657,39.5738203957382,7.54
12050,Pungarabato,2020-2021→2021-2022,2020-2021,2021-2022,True,15.014299332697812,20.93628088426528,12.630208333333337,10.160427807486627,2098,2101,467,769,768,561,785,553,619,55,52,37,190,71,8,8,1.7159199237368923,11.042105263157895,29.549295774647888,1940,108.14432989690721,8.97
12051,Quechultenango,2020-2021→2021-2022,2020-2021,2021-2022,True,15.971223021582738,29.5687885010267,17.802197802197806,-0.6696428571428603,1390,1241,399,487,455,448,472,336,295,7,79,52,129,75,20,20,1.1510791366906474,10.775193798449612,18.533333333333335,2435,57.08418891170432,6.35
12052,San Luis Acatlán,2020-2021→2021-2022,2020-2021,2021-2022,True,11.88932122784263,17.50924784217016,13.805970149253731,3.151862464183386,2313,2103,669,811,804,698,734,650,658,19,35,7,131,76,16,16,0.0,17.65648854961832,30.43421052631579,3494,66.19919862621637,7.18
12053,San Marcos,2020-2021→2021-2022,2020-2021,2021-2022,True,13.762249680443118,14.18002466091245,15.077319587628867,11.973684210526315,2347,2108,647,811,776,760,731,655,582,41,77,22,158,78,14,14,0.0,14.854430379746836,30.08974358974359,3054,76.85003274394238,7.43
12054,San Miguel Totolapan,2020-2021→2021-2022,2020-2021,2021-2022,True,5.580693815987936,9.433962264150942,4.958677685950407,2.392344497607657,663,680,202,212,242,209,256,192,227,0,3,2,52,34,9,9,0.0,12.75,19.5,1360,48.75,6.47
12055,Taxco de Alarcón,2020-2021→2021-2022,2020-2021,2021-2022,True,15.496254681647937,18.44473007712082,12.621359223300976,15.149136577708012,4272,3988,1053,1556,1442,1274,1431,1214,1199,55,61,28,218,122,15,15,15.472846441947565,19.59633027522936,35.01639344262295,5790,73.78238341968913,8.64
12056,Tecoanapa,2020-2021→2021-2022,2020-2021,2021-2022,True,13.989028213166144,11.87214611872146,11.111111111111116,18.90315052508752,2552,2311,659,876,819,857,775,738,676,34,52,36,151,93,17,17,0.0,16.90066225165563,27.440860215053764,3226,79.10725356478612,7.82
12057,Técpan de Galeana,2020-2021→2021-2022,2020-2021,2021-2022,True,12.2185154295246,17.386489479512733,12.03369434416366,5.421686746987953,2398,2385,576,903,831,664,856,697,659,49,72,52,142,84,15,15,0.0,16.887323943661972,28.547619047619047,3432,69.87179487179486,7.94
12058,Teloloapan,2020-2021→2021-2022,2020-2021,2021-2022,True,12.595614482406937,17.493112947658407,12.0253164556962,7.2968490878938645,1961,1888,513,726,632,603,687,568,519,31,37,46,173,78,17,17,0.0,11.335260115606937,25.141025641025642,2913,67.31891520768967,7.92
12059,Tepecoacuilco de Trujano,2020-2021→2021-2022,2020-2021,2021-2022,True,10.445682451253479,27.935222672064775,12.149532710280376,-7.78210116731517,718,648,277,247,214,257,282,178,178,0,10,0,90,40,12,12,8.217270194986073,7.977777777777778,17.95,1447,49.61990324809952,7.26
12060,Tetipac,2020-2021→2021-2022,2020-2021,2021-2022,True,12.531328320802004,22.69503546099291,10.9375,3.076923076923077,399,388,120,141,128,130,159,109,111,0,3,6,16,18,5,5,0.0,24.9375,22.166666666666668,767,52.02086049543677,6.78
12061,Tixtla de Guerrero,2020-2021→2021-2022,2020-2021,2021-2022,True,18.11248808388942,22.30971128608924,15.119760479041922,16.31736526946108,2098,1902,529,762,668,668,713,566,529,26,38,30,99,75,11,11,0.0,21.19191919191919,27.973333333333333,2501,83.88644542183127,9.21
12062,Tlacoachistlahuaca,2020-2021→2021-2022,2020-2021,2021-2022,True,36.18201997780244,40.32258064516129,31.141868512110726,36.75496688741722,901,609,187,310,289,302,221,181,190,4,9,4,75,37,8,8,0.0,12.013333333333334,24.35135135135135,1641,54.90554539914686,5.04
12063,Tlacoapa,2020-2021→2021-2022,2020-2021,2021-2022,True,13.677811550151976,27.522935779816514,9.482758620689658,3.8461538461538436,329,300,99,109,116,104,115,79,102,0,3,1,22,12,3,3,0.0,14.954545454545455,27.416666666666668,718,45.82172701949861,7.03
12064,Tlalchapa,2020-2021→2021-2022,2020-2021,2021-2022,True,4.435483870967738,6.145251396648044,4.2424242424242475,2.631578947368418,496,483,146,179,165,152,155,168,158,0,0,2,37,27,7,7,0.0,13.405405405405405,18.37037037037037,552,89.85507246376811,7.52
12065,Tlalixtaquilla de Maldonado,2020-2021→2021-2022,2020-2021,2021-2022,True,-12.328767123287676,56.25,25.67567567567568,-140.0,219,213,117,80,74,65,84,35,20,0,35,39,12,13,5,5,0.0,18.25,16.846153846153847,388,56.44329896907217,6.14
12066,Tlapa de Comonfort,2020-2021→2021-2022,2020-2021,2021-2022,True,18.233246301131423,45.91121495327103,12.22651222651223,-10.37593984962406,4596,4318,1050,1712,1554,1330,1610,908,862,18,502,418,316,130,19,19,5.069625761531767,14.544303797468354,35.353846153846156,6082,75.56724761591582,8.22
12067,Tlapehuala,2020-2021→2021-2022,2020-2021,2021-2022,True,12.040816326530612,13.48314606741573,5.539358600583089,18.149466192170816,980,971,206,356,343,281,315,278,296,30,28,24,52,39,7,7,1.8367346938775513,18.846153846153847,25.128205128205128,1145,85.58951965065502,8.13
12068,La Unión de Isidoro Montes de Oca,2020-2021→2021-2022,2020-2021,2021-2022,True,12.22780569514238,18.500000000000007,16.589861751152068,0.0,597,570,169,200,217,180,215,163,165,0,16,11,64,28,5,5,0.0,9.328125,21.321428571428573,1342,44.48584202682564,7.09
12069,Xalpatláhuac,2020-2021→2021-2022,2020-2021,2021-2022,True,12.06896551724138,40.69767441860465,8.653846153846157,-9.000000000000007,290,264,92,86,104,100,101,51,71,0,24,17,26,18,5,5,0.0,11.153846153846153,16.11111111111111,742,39.083557951482476,5.09
12070,Xochihuehuetlán,2020-2021→2021-2022,2020-2021,2021-2022,True,7.777777777777772,30.666666666666664,11.428571428571432,-48.57142857142858,180,216,45,75,70,35,95,52,54,0,8,7,14,5,2,2,0.0,12.857142857142858,36.0,439,41.00227790432802,6.35
12071,Xochistlahuaca,2020-2021→2021-2022,2020-2021,2021-2022,True,17.322834645669293,30.84577114427861,19.999999999999996,1.4354066985645897,635,537,181,201,225,209,193,139,159,0,21,25,33,22,4,4,0.0,19.242424242424242,28.863636363636363,2168,29.289667896678967,5.19
12072,Zapotitlán Tablas,2020-2021→2021-2022,2020-2021,2021-2022,True,23.17073170731707,26.027397260273975,24.242424242424242,20.560747663551403,246,172,85,73,66,107,68,54,50,0,0,0,18,7,2,2,0.0,13.666666666666666,35.142857142857146,775,31.74193548387097,6.33
12073,Zirándaro,2020-2021→2021-2022,2020-2021,2021-2022,True,10.18099547511312,21.084337349397586,6.000000000000005,0.7936507936507908,442,428,122,166,150,126,153,131,132,0,9,3,30,27,7,7,0.0,14.733333333333333,16.37037037037037,913,48.411829134720705,5.53
12074,Zitlala,2020-2021→2021-2022,2020-2021,2021-2022,True,18.11023622047244,34.17721518987342,15.816326530612246,1.4851485148514865,635,529,174,237,196,202,183,156,133,0,32,25,48,25,7,7,0.0,13.229166666666666,25.4,1542,41.180285343709464,5.81
12075,Eduardo Neri,2020-2021→2021-2022,2020-2021,2021-2022,True,21.245901639344268,35.35528596187175,18.600368324125228,4.691358024691361,1525,1444,340,577,543,405,583,373,387,0,55,46,67,42,10,10,2.5573770491803276,22.761194029850746,36.30952380952381,2827,53.94411036434382,7.96
12076,Acatepec,2020-2021→2021-2022,2020-2021,2021-2022,True,19.104665825977296,15.75984990619137,13.218390804597702,28.248587570621464,1586,1410,379,533,522,531,506,449,446,0,7,2,78,60,18,18,0.0,20.333333333333332,26.433333333333334,3254,48.740012292563,6.57
12077,Marquelia,2020-2021→2021-2022,2020-2021,2021-2022,True,16.633064516129036,14.899713467048715,13.78299120234604,21.85430463576159,992,899,218,349,341,302,290,263,266,34,28,18,64,30,4,4,0.0,15.5,33.06666666666667,862,115.08120649651971,8.16
12078,Cochoapa el Grande,2020-2021→2021-2022,2020-2021,2021-2022,True,12.549019607843137,10.1123595505618,18.811881188118807,6.153846153846154,255,254,55,89,101,65,86,80,79,0,3,6,11,10,3,3,0.0,23.181818181818183,25.5,1411,18.072289156626507,3.4
12079,José Joaquín de Herrera,2020-2021→2021-2022,2020-2021,2021-2022,True,16.06217616580311,47.44525547445255,21.37404580152672,-26.271186440677962,386,357,107,137,131,118,140,72,64,0,39,42,20,15,5,5,0.0,19.3,25.733333333333334,1440,26.805555555555554,5.18
12080,Juchitán,2020-2021→2021-2022,2020-2021,2021-2022,True,5.190311418685123,28.301886792452834,-15.999999999999993,1.2048192771084376,289,307,82,106,100,83,115,76,94,0,22,0,22,11,3,3,0.0,13.136363636363637,26.272727272727273,441,65.5328798185941,6.9
12081,Iliatenco,2020-2021→2021-2022,2020-2021,2021-2022,True,10.562414266117969,15.228426395939088,13.973799126637553,4.950495049504955,729,571,288,197,229,303,207,166,196,1,1,0,38,20,3,3,0.0,19.18421052631579,36.45,1003,72.68195413758724,8.5
12001,Acapulco de Juárez,2021-2022→2022-2023,2021-2022,2022-2023,False,11.127384082814629,17.108225108225106,10.962317035191527,3.510158013544018,30043,29958,8229,11550,9633,8860,11487,9356,7899,218,678,320,2655,912,102,102,11.806410811170656,11.31563088512241,32.94188596491228,39697,75.68078192306723,9.87
12002,Ahuacuotzingo,2021-2022→2022-2023,2021-2022,2022-2023,False,27.292110874200425,25.128205128205128,21.58273381294964,36.29629629629629,469,442,81,195,139,135,182,143,106,3,3,5,38,33,11,11,0.0,12.342105263157896,14.212121212121213,1647,28.47601700060716,5.27
12003,Ajuchitlán del Progreso,2021-2022→2022-2023,2021-2022,2022-2023,False,13.246554364471674,13.425925925925931,10.19955654101996,16.312056737588655,1306,1318,333,432,451,423,518,372,393,2,12,21,98,59,10,10,0.0,13.326530612244898,22.135593220338983,2089,62.51795117280996,6.87
12004,Alcozauca de Guerrero,2021-2022→2022-2023,2021-2022,2022-2023,False,10.689655172413792,18.181818181818176,5.970149253731338,1.2499999999999956,290,332,79,143,67,80,152,117,63,0,0,0,20,13,4,4,0.0,14.5,22.307692307692307,1351,21.46558105107328,4.6
12005,Alpoyeca,2021-2022→2022-2023,2021-2022,2022-2023,False,35.29411764705882,38.62068965517241,2.7272727272727226,61.34453781512605,374,353,37,145,110,119,148,89,86,0,21,9,11,18,3,3,0.0,34.0,20.77777777777778,476,78.57142857142857,7.31
12006,Apaxtla,2021-2022→2022-2023,2021-2022,2022-2023,False,17.44604316546763,18.957345971563978,20.67039106145251,12.048192771084343,556,525,130,211,179,166,196,145,121,26,21,16,67,40,7,7,0.0,8.298507462686567,13.9,649,85.67026194144837,7.8
12007,Arcelia,2021-2022→2022-2023,2021-2022,2022-2023,False,17.98344620015049,31.034482758620683,18.225419664268582,0.2564102564102555,1329,1378,335,522,417,390,623,350,283,10,58,54,115,64,10,10,0.0,11.556521739130435,20.765625,1726,76.99884125144844,8.41
12008,Atenango del Río,2021-2022→2022-2023,2021-2022,2022-2023,False,16.73306772908366,25.842696629213478,29.629629629629626,-6.172839506172845,251,207,77,89,81,81,75,66,52,0,5,9,17,12,4,4,0.0,14.764705882352942,20.916666666666668,477,52.620545073375254,6.46
12009,Atlamajalcingo del Monte,2021-2022→2022-2023,2021-2022,2022-2023,False,22.32142857142857,29.268292682926834,24.32432432432432,11.764705882352944,112,114,30,41,37,34,57,29,28,0,0,0,18,9,3,3,0.0,6.222222222222222,12.444444444444445,399,28.07017543859649,5.93
12010,Atlixtac,2021-2022→2022-2023,2021-2022,2022-2023,False,13.067400275103157,17.829457364341085,12.328767123287676,8.799999999999997,727,668,226,258,219,250,262,212,182,0,10,2,57,38,12,12,0.0,12.75438596491228,19.13157894736842,1983,36.66162380231972,5.32
12011,Atoyac de Álvarez,2021-2022→2022-2023,2021-2022,2022-2023,False,12.645992750704792,12.135922330097081,17.567567567567565,7.198748043818471,2483,2615,570,1030,814,639,1016,808,633,97,38,23,227,115,22,22,0.4832863471606927,10.938325991189428,21.591304347826085,3511,70.72059242381088,8.38
12012,Ayutla de los Libres,2021-2022→2022-2023,2021-2022,2022-2023,False,12.838915470494417,20.59732234809475,13.324538258575203,2.695763799743256,2508,2451,740,971,758,779,1005,764,617,7,40,18,177,103,17,17,1.4354066985645932,14.169491525423728,24.349514563106798,4910,51.079429735234214,7.23
12013,Azoyú,2021-2022→2022-2023,2021-2022,2022-2023,False,16.36060100166945,20.799999999999997,36.111111111111114,-11.242603550295849,599,573,150,250,180,169,222,197,110,1,5,38,46,26,6,6,0.0,13.021739130434783,23.03846153846154,871,68.77152698048221,7.48
12014,Benito Juárez,2021-2022→2022-2023,2021-2022,2022-2023,False,15.94594594594595,23.198198198198195,12.91208791208791,8.94039735099338,1110,1009,265,444,364,302,341,308,303,33,14,10,52,35,4,4,0.0,21.346153846153847,31.714285714285715,835,132.93413173652695,9.04
12015,Buenavista de Cuéllar,2021-2022→2022-2023,2021-2022,2022-2023,False,26.66666666666667,18.75,8.333333333333337,53.17460317460318,390,379,53,144,120,126,146,107,99,10,11,6,40,24,5,5,0.0,9.75,16.25,748,52.139037433155075,8.09
12016,Coahuayutla de José María Izazaga,2021-2022→2022-2023,2021-2022,2022-2023,False,35.71428571428571,27.118644067796616,31.11111111111111,55.55555555555556,140,185,14,59,45,36,109,43,31,0,0,2,15,7,3,3,0.0,9.333333333333334,20.0,658,21.27659574468085,5.57
12017,Cocula,2021-2022→2022-2023,2021-2022,2022-2023,False,9.210526315789469,34.61538461538461,4.109589041095896,-21.09375,456,528,119,182,146,128,233,117,95,2,45,36,63,20,4,4,0.0,7.238095238095238,22.8,738,61.78861788617886,7.48
12018,Copala,2021-2022→2022-2023,2021-2022,2022-2023,False,12.708333333333332,12.962962962962965,13.245033112582782,11.976047904191612,480,444,146,162,151,167,171,141,128,0,3,1,36,23,4,4,2.083333333333333,13.333333333333334,20.869565217391305,854,56.20608899297424,7.67
12019,Copalillo,2021-2022→2022-2023,2021-2022,2022-2023,False,27.1978021978022,30.400000000000006,31.304347826086953,20.161290322580648,364,300,99,125,115,124,134,87,78,0,1,0,33,18,5,5,0.0,11.030303030303031,20.22222222222222,1033,35.237173281703775,5.42
12020,Copanatoyac,2021-2022→2022-2023,2021-2022,2022-2023,False,14.28571428571429,16.959064327485386,19.999999999999996,5.185185185185182,441,419,127,171,135,135,168,141,104,1,4,1,38,21,5,5,39.229024943310655,11.605263157894736,21.0,1613,27.340359578425293,5.35
12021,Coyuca de Benítez,2021-2022→2022-2023,2021-2022,2022-2023,False,14.804292929292927,17.00569568755086,19.315895372233406,7.1957671957672,3168,2969,782,1229,994,945,1052,963,747,57,55,95,194,101,21,21,0.0,16.329896907216494,31.366336633663366,4345,72.9113924050633,8.09
12022,Coyuca de Catalán,2021-2022→2022-2023,2021-2022,2022-2023,False,12.67893660531697,13.832853025936597,11.363636363636365,12.693498452012387,978,992,273,347,308,323,411,299,269,0,4,9,85,36,7,7,0.0,11.505882352941176,27.166666666666668,1747,55.98168288494561,6.78
12023,Cuajinicuilapa,2021-2022→2022-2023,2021-2022,2022-2023,False,-3.118712273641844,3.9312039312039304,-5.921052631578938,-10.24734982332156,994,1133,306,407,304,283,414,383,301,8,21,6,82,40,8,8,0.0,12.121951219512194,24.85,1553,64.00515132002576,7.02
12024,Cualác,2021-2022→2022-2023,2021-2022,2022-2023,False,13.541666666666663,29.126213592233007,18.181818181818176,-10.465116279069765,288,262,80,103,99,86,93,73,67,0,14,15,18,12,3,3,0.0,16.0,24.0,498,57.831325301204814,6.81
12025,Cuautepec,2021-2022→2022-2023,2021-2022,2022-2023,False,11.911764705882355,35.390946502057616,8.144796380090503,-10.64814814814814,680,657,199,243,221,216,257,157,157,0,46,40,32,24,6,6,0.0,21.25,28.333333333333332,1097,61.987237921604375,7.19
12026,Cuetzala del Progreso,2021-2022→2022-2023,2021-2022,2022-2023,False,-7.786885245901631,3.488372093023251,4.225352112676061,-28.735632183908045,244,261,107,86,71,87,105,83,66,0,2,5,25,15,5,5,0.0,9.76,16.266666666666666,425,57.41176470588235,6.13
12027,Cutzamala de Pinzón,2021-2022→2022-2023,2021-2022,2022-2023,False,8.838383838383834,22.012578616352197,0.8695652173912993,-0.8196721311475308,396,421,121,159,115,122,181,124,113,0,1,2,81,21,5,5,0.0,4.888888888888889,18.857142857142858,975,40.61538461538461,5.94
12028,Chilapa de Álvarez,2021-2022→2022-2023,2021-2022,2022-2023,False,14.562458249833,21.405228758169937,21.613236814891412,-4.358655043586546,2994,3026,820,1224,967,803,1288,937,702,25,56,18,231,123,24,24,12.458249832999332,12.96103896103896,24.341463414634145,8024,37.31306081754735,6.56
12029,Chilpancingo de los Bravo,2021-2022→2022-2023,2021-2022,2022-2023,False,12.67482965315846,16.596553127968516,13.437500000000002,6.799999999999995,19519,19692,5074,7369,6400,5750,7721,5987,5220,159,320,285,1293,603,54,54,4.139556329730007,15.095901005413767,32.3698175787728,15472,126.15692864529473,10.66
12030,Florencio Villarreal,2021-2022→2022-2023,2021-2022,2022-2023,False,21.99052132701422,14.868105515587526,23.19277108433735,30.3921568627451,1055,1055,193,417,332,306,425,325,233,30,22,20,75,39,5,5,0.0,14.066666666666666,27.05128205128205,1240,85.08064516129032,8.19
12031,General Canuto A. Neri,2021-2022→2022-2023,2021-2022,2022-2023,False,9.82142857142857,5.128205128205132,22.857142857142854,2.631578947368418,112,115,37,39,35,38,51,37,26,0,1,0,15,9,3,3,0.0,7.466666666666667,12.444444444444445,323,34.6749226006192,6.59
12032,General Heliodoro Castillo,2021-2022→2022-2023,2021-2022,2022-2023,False,15.341365461847388,42.33261339092873,7.0351758793969825,-8.59375,1245,1163,359,463,398,384,468,266,280,1,90,58,86,71,22,22,3.3734939759036147,14.476744186046512,17.535211267605632,2574,48.36829836829837,6.39
12033,Huamuxtitlán,2021-2022→2022-2023,2021-2022,2022-2023,False,16.34782608695652,15.053763440860212,21.65605095541401,12.949640287769782,575,627,119,279,157,139,265,209,122,28,1,2,66,26,4,4,0.0,8.712121212121213,22.115384615384617,994,57.84708249496981,7.62
12034,Huitzuco de los Figueroa,2021-2022→2022-2023,2021-2022,2022-2023,False,8.601286173633438,25.147347740667982,6.399999999999995,-12.5,1244,1288,369,509,375,360,520,379,302,2,49,36,127,46,8,8,0.0,9.795275590551181,27.043478260869566,1884,66.02972399150742,7.47
12035,Iguala de la Independencia,2021-2022→2022-2023,2021-2022,2022-2023,False,13.978185993111369,17.68781911013858,10.748106060606055,12.393566698202463,6968,7052,1818,2742,2112,2114,2876,2140,1814,117,71,34,506,226,20,20,1.2342135476463834,13.770750988142293,30.831858407079647,8078,86.25897499381034,10.03
12036,Igualapa,2021-2022→2022-2023,2021-2022,2022-2023,False,14.73684210526316,12.71676300578035,20.657276995305164,9.782608695652172,570,560,159,173,213,184,233,150,169,1,0,7,39,27,8,8,0.0,14.615384615384615,21.11111111111111,779,73.17073170731707,7.35
12037,Ixcateopan de Cuauhtémoc,2021-2022→2022-2023,2021-2022,2022-2023,False,3.9772727272727293,4.918032786885251,17.741935483870964,-13.207547169811317,176,187,60,61,62,53,78,58,51,0,0,0,16,9,3,3,0.0,11.0,19.555555555555557,309,56.957928802588995,7.49
12038,Zihuatanejo de Azueta,2021-2022→2022-2023,2021-2022,2022-2023,False,14.31525735294118,12.429087158329033,15.510522213561961,16.19469026548672,4352,4901,904,1939,1283,1130,2076,1622,1052,76,32,43,491,135,22,22,18.106617647058822,8.863543788187373,32.237037037037034,6257,69.5540994086623,9.29
12039,Juan R. Escudero,2021-2022→2022-2023,2021-2022,2022-2023,False,11.274509803921573,15.06550218340611,14.698162729658792,3.3766233766233777,1224,1128,371,458,381,385,413,389,322,0,3,1,103,41,7,7,0.0,11.883495145631068,29.853658536585368,1495,81.87290969899665,7.88
12040,Leonardo Bravo,2021-2022→2022-2023,2021-2022,2022-2023,False,12.023121387283242,19.596541786743515,16.376306620209057,-4.761904761904767,865,939,217,347,287,231,395,248,201,31,39,25,67,40,11,11,0.0,12.91044776119403,21.625,1405,61.56583629893239,6.91
12041,Malinaltepec,2021-2022→2022-2023,2021-2022,2022-2023,False,15.119760479041922,23.750000000000004,19.817767653758544,0.23980815347721673,1336,1208,391,480,439,417,465,363,332,3,20,25,87,45,12,12,0.0,15.35632183908046,29.68888888888889,2282,58.54513584574934,7.77
12042,Mártir de Cuilapan,2021-2022→2022-2023,2021-2022,2022-2023,False,6.785714285714284,10.22727272727273,9.677419354838712,1.0101010101010055,280,263,98,88,93,99,100,79,84,0,0,0,14,9,2,2,0.0,20.0,31.11111111111111,1049,26.69208770257388,5.73
12043,Metlatónoc,2021-2022→2022-2023,2021-2022,2022-2023,False,18.20128479657388,18.40796019900498,23.27044025157232,10.280373831775702,467,472,96,201,159,107,186,164,122,0,0,0,37,23,8,8,0.0,12.621621621621621,20.304347826086957,1318,35.43247344461305,4.86
12044,Mochitlán,2021-2022→2022-2023,2021-2022,2022-2023,False,8.653846153846157,17.730496453900713,10.743801652892559,-1.298701298701288,416,376,148,141,121,154,144,116,98,0,10,8,23,18,4,4,0.0,18.08695652173913,23.11111111111111,712,58.42696629213483,8.08
12045,Olinalá,2021-2022→2022-2023,2021-2022,2022-2023,False,11.315417256011317,19.649122807017537,8.888888888888891,2.030456852791873,707,717,180,285,225,197,270,212,183,17,22,13,37,26,6,6,0.0,19.10810810810811,27.192307692307693,1718,41.15250291036088,6.19
12046,Ometepec,2021-2022→2022-2023,2021-2022,2022-2023,False,12.791991101223577,11.820851688693102,14.54864154250657,12.168344007319309,3596,3586,909,1362,1141,1093,1359,1153,925,48,50,51,288,113,24,24,3.4760845383759733,12.48611111111111,31.82300884955752,4589,78.36129875789932,8.36
12047,Pedro Ascencio Alquisiras,2021-2022→2022-2023,2021-2022,2022-2023,False,6.756756756756754,41.666666666666664,-6.521739130434789,-28.57142857142858,148,180,41,60,46,42,83,35,30,0,19,13,27,18,6,6,0.0,5.481481481481482,8.222222222222221,415,35.66265060240964,5.78
12048,Petatlán,2021-2022→2022-2023,2021-2022,2022-2023,False,16.469816272965875,21.98347107438017,14.541832669322707,10.79136690647482,1524,1568,367,605,502,417,662,472,422,0,7,5,103,53,9,9,0.0,14.79611650485437,28.754716981132077,2359,64.6036456125477,7.96
12049,Pilcaya,2021-2022→2022-2023,2021-2022,2022-2023,False,15.354330708661411,15.841584158415845,2.8169014084507005,25.609756097560975,254,265,60,101,71,82,110,85,69,0,0,1,13,8,2,2,0.0,19.53846153846154,31.75,657,38.660578386605785,7.54
12050,Pungarabato,2021-2022→2022-2023,2021-2022,2022-2023,False,15.944788196097093,20.5952380952381,3.4710743801652844,21.493902439024392,2101,2096,483,840,605,656,813,618,508,49,76,32,169,76,9,9,1.142313184198001,12.431952662721894,27.644736842105264,1940,108.29896907216494,8.97
12051,Quechultenango,2021-2022→2022-2023,2021-2022,2022-2023,False,20.628525382755846,29.436325678496868,22.650602409638555,6.051873198847257,1241,1174,292,479,415,347,481,335,279,3,42,34,139,73,20,20,1.20870265914585,8.928057553956835,17.0,2435,50.965092402464066,6.35
12052,San Luis Acatlán,2021-2022→2022-2023,2021-2022,2022-2023,False,17.879220161673803,19.920318725099605,17.080291970802918,16.390977443609025,2103,1976,538,753,685,665,787,563,551,40,17,18,128,73,16,16,0.0,16.4296875,28.80821917808219,3494,60.188895248998286,7.18
12053,San Marcos,2021-2022→2022-2023,2021-2022,2022-2023,False,17.125237191650854,23.57512953367875,18.032786885245898,7.781456953642385,2108,2001,509,772,732,604,763,569,535,21,65,48,153,75,14,14,0.0,13.777777777777779,28.106666666666666,3054,69.02423051735428,7.43
12054,San Miguel Totolapan,2021-2022→2022-2023,2021-2022,2022-2023,False,15.147058823529413,16.40625,12.307692307692308,16.157205240174676,680,655,191,256,195,229,269,214,169,0,2,1,56,33,9,9,0.0,12.142857142857142,20.606060606060606,1360,50.0,6.47
12055,Taxco de Alarcón,2021-2022→2022-2023,2021-2022,2022-2023,False,10.882647943831492,13.122476446837151,7.686274509803925,11.49144254278729,3988,3923,1069,1486,1275,1227,1438,1242,1131,49,46,17,241,122,15,15,16.399197592778336,16.547717842323653,32.68852459016394,5790,68.87737478411053,8.64
12056,Tecoanapa,2021-2022→2022-2023,2021-2022,2022-2023,False,11.986153180441372,12.97898640296663,10.506329113924052,12.5,2311,2271,606,809,790,712,843,698,696,6,11,17,156,91,17,17,0.0,14.814102564102564,25.395604395604394,3226,71.63670179789212,7.82
12057,Técpan de Galeana,2021-2022→2022-2023,2021-2022,2022-2023,False,14.884696016771493,20.22099447513812,16.5149544863459,6.329113924050633,2385,2338,627,905,769,711,935,664,584,58,58,39,154,83,16,16,0.8385744234800839,15.487012987012987,28.734939759036145,3432,69.49300699300699,7.94
12058,Teloloapan,2021-2022→2022-2023,2021-2022,2022-2023,False,13.1885593220339,19.77715877437326,14.710743801652892,3.1858407079646045,1888,1888,515,718,605,565,764,544,475,32,41,32,155,78,17,17,0.0,12.180645161290322,24.205128205128204,2913,64.81290765533814,7.92
12059,Tepecoacuilco de Trujano,2021-2022→2022-2023,2021-2022,2022-2023,False,15.277777777777779,19.14893617021277,16.48936170212766,7.86516853932584,648,683,158,282,188,178,292,224,154,4,3,6,77,38,12,12,6.944444444444445,8.415584415584416,17.05263157894737,1447,44.78230822391154,7.26
12060,Tetipac,2021-2022→2022-2023,2021-2022,2022-2023,False,15.463917525773196,30.188679245283023,8.92857142857143,1.7094017094017144,388,384,107,159,112,117,163,111,83,0,19,8,16,18,5,5,0.0,24.25,21.555555555555557,767,50.58670143415907,6.78
12061,Tixtla de Guerrero,2021-2022→2022-2023,2021-2022,2022-2023,False,11.72450052576236,16.77943166441137,9.27152317880795,7.692307692307687,1902,2011,490,739,604,559,822,575,522,40,26,26,103,70,10,10,0.0,18.466019417475728,27.17142857142857,2501,76.04958016793283,9.21
12062,Tlacoachistlahuaca,2021-2022→2022-2023,2021-2022,2022-2023,False,4.597701149425292,9.333333333333337,14.73684210526316,-10.824742268041243,609,598,214,225,190,194,231,203,160,1,2,1,44,27,7,7,0.0,13.840909090909092,22.555555555555557,1641,37.111517367458866,5.04
12063,Tlacoapa,2021-2022→2022-2023,2021-2022,2022-2023,False,5.666666666666664,6.956521739130439,7.317073170731703,2.9126213592232997,300,301,100,115,82,103,118,107,76,0,0,0,22,12,3,3,0.0,13.636363636363637,25.0,718,41.78272980501393,7.03
12064,Tlalchapa,2021-2022→2022-2023,2021-2022,2022-2023,False,16.770186335403725,9.677419354838712,14.28571428571429,26.249999999999996,483,457,118,155,168,160,173,140,144,0,0,0,38,27,7,7,0.0,12.710526315789474,17.88888888888889,552,87.5,7.52
12065,Tlalixtaquilla de Maldonado,2021-2022→2022-2023,2021-2022,2022-2023,False,4.694835680751175,48.80952380952381,22.857142857142854,-79.66101694915255,213,223,74,84,70,59,94,43,26,0,28,32,22,14,5,5,0.0,9.681818181818182,15.214285714285714,388,54.89690721649485,6.14
12066,Tlapa de Comonfort,2021-2022→2022-2023,2021-2022,2022-2023,False,10.074108383510882,30.8968058968059,15.10638297872341,-21.953124999999996,4318,4610,1277,1628,1410,1280,2004,1106,923,19,274,284,312,124,18,18,5.534969893469198,13.83974358974359,34.82258064516129,6082,70.99638276882605,8.22
12067,Tlapehuala,2021-2022→2022-2023,2021-2022,2022-2023,False,19.15550978372812,22.31884057971014,18.300653594771244,16.562500000000004,971,901,219,345,306,320,335,251,221,17,29,48,55,39,7,7,2.368692070030896,17.654545454545456,24.897435897435898,1145,84.80349344978167,8.13
12068,La Unión de Isidoro Montes de Oca,2021-2022→2022-2023,2021-2022,2022-2023,False,16.315789473684205,30.69767441860465,17.87709497206704,-2.840909090909083,570,568,165,215,179,176,256,147,131,2,16,16,58,29,5,5,0.0,9.827586206896552,19.655172413793103,1342,42.47391952309985,7.09
12069,Xalpatláhuac,2021-2022→2022-2023,2021-2022,2022-2023,False,31.439393939393945,21.78217821782178,50.66666666666666,26.136363636363637,264,225,55,101,75,88,99,79,37,0,0,10,27,18,5,5,0.0,9.777777777777779,14.666666666666666,742,35.57951482479784,5.09
12070,Xochihuehuetlán,2021-2022→2022-2023,2021-2022,2022-2023,False,18.518518518518523,14.73684210526316,19.999999999999996,22.95081967213115,216,190,46,95,60,61,60,81,47,0,1,1,14,6,2,2,0.0,15.428571428571429,36.0,439,49.202733485193626,6.35
12071,Xochistlahuaca,2021-2022→2022-2023,2021-2022,2022-2023,False,11.731843575419,8.290155440414503,13.124999999999998,14.130434782608692,537,510,150,193,160,184,186,177,133,0,6,8,34,21,4,4,0.0,15.794117647058824,25.571428571428573,2168,24.769372693726936,5.19
12072,Zapotitlán Tablas,2021-2022→2022-2023,2021-2022,2022-2023,False,11.046511627906973,13.235294117647056,11.111111111111116,7.9999999999999964,172,198,45,68,54,50,90,59,47,0,1,1,18,6,2,2,0.0,9.555555555555555,28.666666666666668,775,22.193548387096772,6.33
12073,Zirándaro,2021-2022→2022-2023,2021-2022,2022-2023,False,7.710280373831779,12.418300653594772,12.857142857142856,-2.9629629629629672,428,460,133,153,140,135,198,134,122,0,0,6,29,27,7,7,0.0,14.758620689655173,15.851851851851851,913,46.87842278203724,5.53
12074,Zitlala,2021-2022→2022-2023,2021-2022,2022-2023,False,15.689981096408323,28.415300546448087,18.617021276595747,-2.5316455696202445,529,484,144,183,188,158,182,131,137,0,16,18,46,24,7,7,0.0,11.5,22.041666666666668,1542,34.30609597924773,5.81
12075,Eduardo Neri,2021-2022→2022-2023,2021-2022,2022-2023,False,15.650969529085867,22.29845626072041,12.383177570093462,9.930715935334877,1444,1508,365,583,428,433,655,447,338,6,37,25,65,42,10,10,1.9390581717451523,22.215384615384615,34.38095238095238,2827,51.07888220728688,7.96
12076,Acatepec,2021-2022→2022-2023,2021-2022,2022-2023,False,14.893617021276595,14.229249011857704,21.271929824561408,9.15178571428571,1410,1293,397,506,456,448,490,434,349,0,10,10,74,58,18,18,0.0,19.054054054054053,24.310344827586206,3254,43.33128457283343,6.57
12077,Marquelia,2021-2022→2022-2023,2021-2022,2022-2023,False,15.350389321468294,6.79012345679012,8.247422680412376,32.3943661971831,899,938,185,324,291,284,362,300,258,2,9,7,67,27,3,3,0.0,13.417910447761194,33.2962962962963,862,104.29234338747099,8.16
12078,Cochoapa el Grande,2021-2022→2022-2023,2021-2022,2022-2023,False,21.259842519685034,17.441860465116278,21.68674698795181,24.705882352941178,254,221,61,86,83,85,82,71,56,0,9,3,11,10,3,3,0.0,23.09090909090909,25.4,1411,18.001417434443656,3.4
12079,José Joaquín de Herrera,2021-2022→2022-2023,2021-2022,2022-2023,False,24.08963585434174,32.85714285714286,25.225225225225223,11.32075471698113,357,347,83,140,111,106,159,94,70,0,13,11,21,15,5,5,0.0,17.0,23.8,1440,24.791666666666668,5.18
12080,Juchitán,2021-2022→2022-2023,2021-2022,2022-2023,False,6.84039087947883,7.826086956521738,3.0612244897959218,9.57446808510638,307,311,82,115,98,94,107,105,95,1,0,3,23,11,3,3,0.0,13.347826086956522,27.90909090909091,441,69.61451247165533,6.9
12081,Iliatenco,2021-2022→2022-2023,2021-2022,2022-2023,False,8.581436077057791,9.615384615384615,8.383233532934131,7.653061224489798,571,513,181,208,167,196,172,188,151,0,2,0,41,18,3,3,0.0,13.926829268292684,31.72222222222222,1003,56.929212362911265,8.5
12001,Acapulco de Juárez,2022-2023→2023-2024,2022-2023,2023-2024,False,6.676013084985644,14.754378470739004,12.328084512656968,-11.728920793283848,29958,31002,8661,11705,10034,8219,11705,9866,8255,112,542,522,2384,933,104,104,12.88804326056479,12.566275167785236,32.10932475884244,39697,75.46665994911454,9.87
12002,Ahuacuotzingo,2022-2023→2023-2024,2022-2023,2023-2024,False,11.085972850678738,26.486486486486484,13.013698630136982,-17.117117117117118,442,453,121,185,146,111,181,136,112,0,15,9,37,34,11,11,0.0,11.945945945945946,13.0,1647,26.836672738312085,5.27
12003,Ajuchitlán del Progreso,2022-2023→2023-2024,2022-2023,2023-2024,False,16.009104704097123,21.53846153846154,5.46875,18.840579710144922,1318,1248,320,520,384,414,461,406,322,2,41,16,102,58,10,10,0.0,12.92156862745098,22.724137931034484,2089,63.09238870272858,6.87
12004,Alcozauca de Guerrero,2022-2023→2023-2024,2022-2023,2023-2024,False,25.602409638554214,30.263157894736846,29.91452991452992,6.349206349206349,332,340,59,152,117,63,152,106,82,0,0,0,19,15,4,4,0.0,17.473684210526315,22.133333333333333,1351,24.57438934122872,4.6
12005,Alpoyeca,2022-2023→2023-2024,2022-2023,2023-2024,False,16.713881019830023,21.62162162162162,16.36363636363637,9.473684210526311,353,329,86,148,110,95,121,116,90,0,2,0,23,18,3,3,0.0,15.347826086956522,19.61111111111111,476,74.15966386554622,7.31
12006,Apaxtla,2022-2023→2023-2024,2022-2023,2023-2024,False,12.190476190476197,27.477477477477475,3.6144578313253017,-2.1897810218978186,525,502,130,222,166,137,171,150,134,11,26,10,62,40,7,7,0.0,8.46774193548387,13.125,649,80.89368258859785,7.8
12007,Arcelia,2022-2023→2023-2024,2022-2023,2023-2024,False,10.377358490566035,27.96208530805687,1.225490196078427,-11.572700296735917,1378,1465,333,633,408,337,563,446,336,10,67,43,117,62,10,10,0.0,11.777777777777779,22.225806451612904,1726,79.83777520278099,8.41
12008,Atenango del Río,2022-2023→2023-2024,2022-2023,2023-2024,False,-3.3816425120772875,25.33333333333333,21.126760563380287,-67.21311475409837,207,210,91,75,71,61,87,56,48,0,8,11,18,12,4,4,0.0,11.5,17.25,477,43.39622641509434,6.46
12009,Atlamajalcingo del Monte,2022-2023→2023-2024,2022-2023,2023-2024,False,19.298245614035093,26.315789473684216,20.68965517241379,3.57142857142857,114,106,27,57,29,28,41,42,23,0,0,0,17,9,3,3,0.0,6.705882352941177,12.666666666666666,399,28.57142857142857,5.93
12010,Atlixtac,2022-2023→2023-2024,2022-2023,2023-2024,False,11.52694610778443,16.793893129770986,16.666666666666664,-2.1739130434782705,668,705,188,262,222,184,302,216,185,2,0,0,66,39,12,12,0.0,10.121212121212121,17.128205128205128,1983,33.68633383761977,5.32
12011,Atoyac de Álvarez,2022-2023→2023-2024,2022-2023,2023-2024,False,12.543021032504775,16.35220125786163,17.84869976359338,-0.7621951219512146,2615,2683,632,1113,846,656,1028,877,658,54,37,29,189,113,22,22,0.49713193116634796,13.835978835978835,23.141592920353983,3511,74.4802050697807,8.38
12012,Ayutla de los Libres,2022-2023→2023-2024,2022-2023,2023-2024,False,10.281517747858015,11.264822134387353,15.796019900497516,1.7322834645669305,2451,2466,622,1012,804,635,889,898,676,0,1,2,188,91,17,17,2.1623827009383927,13.037234042553191,26.934065934065934,4910,49.91853360488798,7.23
12013,Azoyú,2022-2023→2023-2024,2022-2023,2023-2024,False,1.221640488656195,12.556053811659195,7.425742574257422,-24.32432432432432,573,595,180,223,202,148,209,195,179,0,8,4,47,26,6,6,0.0,12.191489361702128,22.03846153846154,871,65.78645235361653,7.48
12014,Benito Juárez,2022-2023→2023-2024,2022-2023,2023-2024,False,11.199207135778,21.657754010695186,11.801242236024844,-1.9169329073482455,1009,957,291,374,322,313,352,281,262,12,22,28,66,35,4,4,0.0,15.287878787878787,28.82857142857143,835,120.8383233532934,9.04
12015,Buenavista de Cuéllar,2022-2023→2023-2024,2022-2023,2023-2024,False,15.567282321899734,26.282051282051277,14.406779661016945,0.952380952380949,379,355,96,156,118,105,131,113,82,2,19,8,41,22,5,5,0.0,9.24390243902439,17.227272727272727,748,50.668449197860966,8.09
12016,Coahuayutla de José María Izazaga,2022-2023→2023-2024,2022-2023,2023-2024,False,8.64864864864865,29.357798165137616,-18.60465116279071,-24.242424242424242,185,227,36,109,43,33,94,77,37,0,14,5,14,7,3,3,0.0,13.214285714285714,26.428571428571427,658,28.11550151975684,5.57
12017,Cocula,2022-2023→2023-2024,2022-2023,2023-2024,False,9.659090909090907,41.276595744680854,-11.111111111111116,-21.37404580152671,528,592,122,235,162,131,237,136,101,2,79,37,54,20,4,4,0.0,9.777777777777779,26.4,738,71.54471544715447,7.48
12018,Copala,2022-2023→2023-2024,2022-2023,2023-2024,False,12.612612612612617,18.71345029239766,11.805555555555557,5.426356589147286,444,437,122,171,144,129,171,139,127,0,0,0,34,23,4,4,1.8018018018018018,13.058823529411764,19.304347826086957,854,51.99063231850117,7.67
12019,Copalillo,2022-2023→2023-2024,2022-2023,2023-2024,False,17.000000000000004,32.08955223880597,19.318181818181824,-11.538461538461542,300,300,74,134,88,78,125,86,57,5,14,13,30,16,5,5,0.0,10.0,18.75,1033,29.04162633107454,5.42
12020,Copanatoyac,2022-2023→2023-2024,2022-2023,2023-2024,False,13.842482100238662,19.526627218934912,14.482758620689651,3.809523809523807,419,435,100,169,145,105,174,135,123,1,1,1,39,21,5,5,45.10739856801909,10.743589743589743,19.952380952380953,1613,25.97644141351519,5.35
12021,Coyuca de Benítez,2022-2023→2023-2024,2022-2023,2023-2024,False,1.5156618390030352,19.477006311992785,9.332023575638503,-31.591448931116382,2969,2995,990,1109,1018,842,1061,866,817,27,106,118,199,102,21,21,0.0,14.919597989949748,29.107843137254903,4345,68.331415420023,8.09
12022,Coyuca de Catalán,2022-2023→2023-2024,2022-2023,2023-2024,False,10.584677419354838,19.22141119221411,7.26072607260726,1.4388489208633115,992,1038,270,411,303,278,421,332,269,0,12,4,87,36,7,7,0.0,11.402298850574713,27.555555555555557,1747,56.783056668574694,6.78
12023,Cuajinicuilapa,2022-2023→2023-2024,2022-2023,2023-2024,False,20.741394527802292,17.535545023696685,25.99009900990099,18.24104234527687,1133,1066,248,422,404,307,416,341,294,7,5,3,93,42,8,8,0.0,12.182795698924732,26.976190476190474,1553,72.95556986477784,7.02
12024,Cualác,2022-2023→2023-2024,2022-2023,2023-2024,False,11.832061068702293,23.655913978494624,10.344827586206895,0.0,262,246,81,93,87,82,96,71,78,0,0,1,18,12,3,3,0.0,14.555555555555555,21.833333333333332,498,52.610441767068274,6.81
12025,Cuautepec,2022-2023→2023-2024,2022-2023,2023-2024,False,11.111111111111116,27.237354085603116,13.793103448275868,-12.690355329949243,657,633,184,257,203,197,233,187,137,0,38,38,30,24,6,6,0.0,21.9,27.375,1097,59.89061075660893,7.19
12026,Cuetzala del Progreso,2022-2023→2023-2024,2022-2023,2023-2024,False,11.111111111111116,21.904761904761905,17.647058823529417,-12.676056338028175,261,255,66,105,85,71,89,82,57,0,13,14,28,18,6,6,0.0,9.321428571428571,14.5,425,61.411764705882355,6.13
12027,Cutzamala de Pinzón,2022-2023→2023-2024,2022-2023,2023-2024,False,7.125890736342044,30.939226519337016,0.0,-22.608695652173914,421,505,130,181,125,115,244,125,109,0,16,11,82,20,5,5,0.0,5.134146341463414,21.05,975,43.17948717948718,5.94
12028,Chilapa de Álvarez,2022-2023→2023-2024,2022-2023,2023-2024,False,14.375413086582945,27.418126428027424,11.98388721047331,-6.111111111111112,3026,3234,708,1313,993,720,1351,929,765,24,109,56,266,124,25,25,13.185723727693324,11.37593984962406,24.403225806451612,8024,37.71186440677966,6.56
12029,Chilpancingo de los Bravo,2022-2023→2023-2024,2022-2023,2023-2024,False,13.015437741214708,17.335025380710654,11.003646741715556,9.137148047229793,19692,19606,4922,7880,6307,5505,7399,6400,5464,114,149,80,1389,615,55,55,5.1137517773715215,14.177105831533478,32.01951219512195,15472,127.27507755946226,10.66
12030,Florencio Villarreal,2022-2023→2023-2024,2022-2023,2023-2024,False,14.59715639810426,19.56043956043956,10.086455331412104,11.857707509881422,1055,1049,213,455,347,253,361,349,287,17,25,10,65,39,5,5,0.0,16.23076923076923,27.05128205128205,1240,85.08064516129032,8.19
12031,General Canuto A. Neri,2022-2023→2023-2024,2022-2023,2023-2024,False,14.782608695652177,35.29411764705882,10.526315789473683,-19.23076923076923,115,111,27,51,38,26,40,33,27,0,7,4,15,9,3,3,0.0,7.666666666666667,12.777777777777779,323,35.60371517027864,6.59
12032,General Heliodoro Castillo,2022-2023→2023-2024,2022-2023,2023-2024,False,9.200343938091148,29.850746268656714,14.32584269662921,-24.852071005917153,1163,1118,360,469,356,338,422,329,241,0,64,62,84,76,22,22,2.9234737747205504,13.845238095238095,15.302631578947368,2574,45.18259518259518,6.39
12033,Huamuxtitlán,2022-2023→2023-2024,2022-2023,2023-2024,False,23.763955342902708,24.573378839590443,16.666666666666664,33.87096774193549,627,682,65,293,210,124,269,208,159,13,16,17,64,25,4,4,0.0,9.796875,25.08,994,63.0784708249497,7.62
12034,Huitzuco de los Figueroa,2022-2023→2023-2024,2022-2023,2023-2024,False,-5.900621118012417,23.563218390804597,7.710280373831779,-68.63905325443787,1288,1295,519,522,428,338,450,399,331,0,64,51,123,47,8,8,0.0,10.471544715447154,27.404255319148938,1884,68.36518046709129,7.47
12035,Iguala de la Independencia,2022-2023→2023-2024,2022-2023,2023-2024,False,13.754963131026654,19.14467089876378,11.397557666214386,7.846320346320345,7052,7086,1644,2993,2211,1848,2648,2345,1852,75,107,59,524,225,21,21,1.588201928530913,13.458015267175572,31.342222222222222,8078,87.29883634563011,10.03
12036,Igualapa,2022-2023→2023-2024,2022-2023,2023-2024,False,-3.571428571428581,10.256410256410254,10.666666666666668,-34.09090909090908,560,523,231,234,150,176,174,209,131,1,3,5,38,27,8,8,0.0,14.736842105263158,20.74074074074074,779,71.88703465982029,7.35
12037,Ixcateopan de Cuauhtémoc,2022-2023→2023-2024,2022-2023,2023-2024,False,5.882352941176472,24.35897435897436,5.1724137931034475,-21.568627450980383,187,194,51,78,58,51,69,59,44,0,11,11,16,10,3,3,0.0,11.6875,18.7,309,60.517799352750814,7.49
12038,Zihuatanejo de Azueta,2022-2023→2023-2024,2022-2023,2023-2024,False,7.549479698020811,18.215613382899633,25.937122128174128,-41.187214611872136,4901,5109,1526,2152,1654,1095,2104,1693,1201,67,24,20,557,163,22,22,21.444603142215872,8.798922800718133,30.067484662576685,6257,78.32827233498482,9.29
12039,Juan R. Escudero,2022-2023→2023-2024,2022-2023,2023-2024,False,7.978723404255317,15.012106537530268,8.92857142857143,-2.1671826625387025,1128,1155,329,413,392,323,446,351,356,0,1,1,112,42,7,7,0.0,10.071428571428571,26.857142857142858,1495,75.45150501672241,7.88
12040,Leonardo Bravo,2022-2023→2023-2024,2022-2023,2023-2024,False,21.725239616613422,50.23474178403755,15.679442508710807,-24.336283185840713,939,849,207,426,287,226,321,212,162,0,80,74,68,38,11,11,0.0,13.808823529411764,24.710526315789473,1405,66.83274021352314,6.91
12041,Malinaltepec,2022-2023→2023-2024,2022-2023,2023-2024,False,10.430463576158944,18.803418803418804,11.749347258485642,-1.9607843137254832,1208,1181,346,468,383,357,445,380,310,0,28,18,79,45,12,12,0.0,15.291139240506329,26.844444444444445,2282,52.93602103418055,7.77
12042,Mártir de Cuilapan,2022-2023→2023-2024,2022-2023,2023-2024,False,4.1825095057034245,21.999999999999996,13.924050632911388,-26.190476190476186,263,272,78,100,79,84,98,78,43,0,25,28,5,9,2,2,0.0,52.6,29.22222222222222,1049,25.071496663489036,5.73
12043,Metlatónoc,2022-2023→2023-2024,2022-2023,2023-2024,False,14.406779661016945,26.881720430107524,15.243902439024392,-5.737704918032782,472,466,120,186,164,122,182,136,125,0,14,9,39,24,8,8,0.0,12.102564102564102,19.666666666666668,1318,35.81183611532625,4.86
12044,Mochitlán,2022-2023→2023-2024,2022-2023,2023-2024,False,4.78723404255319,9.027777777777779,7.14285714285714,-3.7735849056603765,376,391,102,144,126,106,135,131,113,0,4,8,25,18,4,4,0.0,15.04,20.88888888888889,712,52.80898876404494,8.08
12045,Olinalá,2022-2023→2023-2024,2022-2023,2023-2024,False,11.576011157601119,17.07317073170732,11.965811965811968,3.0612244897959218,717,704,178,287,234,196,248,222,188,16,18,12,36,26,6,6,0.0,19.916666666666668,27.576923076923077,1718,41.73457508731083,6.19
12046,Ometepec,2022-2023→2023-2024,2022-2023,2023-2024,False,11.740100390407138,16.773276474769016,7.398171238570239,9.836065573770492,3586,3573,844,1407,1203,976,1252,1132,1046,39,68,36,291,119,24,24,3.959843837144451,12.323024054982818,30.134453781512605,4589,78.14338635868381,8.36
12047,Pedro Ascencio Alquisiras,2022-2023→2023-2024,2022-2023,2023-2024,False,16.11111111111111,26.506024096385538,14.814814814814813,-2.3255813953488413,180,157,39,83,54,43,45,61,34,0,12,5,28,18,6,6,0.0,6.428571428571429,10.0,415,43.373493975903614,5.78
12048,Petatlán,2022-2023→2023-2024,2022-2023,2023-2024,False,10.71428571428571,20.996978851963743,9.394572025052195,-3.74707259953162,1568,1594,427,662,479,427,621,523,411,0,23,16,97,52,9,9,0.0,16.164948453608247,30.153846153846153,2359,66.46884272997032,7.96
12049,Pilcaya,2022-2023→2023-2024,2022-2023,2023-2024,False,29.05660377358491,21.818181818181813,12.941176470588234,60.0,265,267,26,110,85,70,105,86,74,0,0,2,13,8,2,2,0.0,20.384615384615383,33.125,657,40.33485540334855,7.54
12050,Pungarabato,2022-2023→2023-2024,2022-2023,2023-2024,False,14.02671755725191,16.125290023201856,11.671469740634011,13.703703703703706,2096,2115,449,862,694,540,762,689,587,34,26,17,191,79,9,9,1.5267175572519083,10.973821989528796,26.531645569620252,1940,108.04123711340206,8.97
12051,Quechultenango,2022-2023→2023-2024,2022-2023,2023-2024,False,4.258943781942081,28.099173553719005,18.832891246684348,-50.159744408945684,1174,1091,431,484,377,313,398,344,255,4,51,39,124,71,20,20,1.2776831345826234,9.46774193548387,16.535211267605632,2435,48.2135523613963,6.35
12052,San Luis Acatlán,2022-2023→2023-2024,2022-2023,2023-2024,False,11.437246963562753,18.13784764207981,8.275862068965523,4.920913884007028,1976,1896,529,827,580,569,675,657,518,20,14,12,121,74,16,16,0.0,16.330578512396695,26.7027027027027,3494,56.55409273039497,7.18
12053,San Marcos,2022-2023→2023-2024,2022-2023,2023-2024,False,15.642178910544724,24.872448979591834,12.302839116719245,6.861063464837047,2001,1888,504,784,634,583,704,566,479,23,77,39,154,77,14,14,0.0,12.993506493506494,25.98701298701299,3054,65.52062868369352,7.43
12054,San Miguel Totolapan,2022-2023→2023-2024,2022-2023,2023-2024,False,16.793893129770986,18.587360594795545,21.29629629629629,8.235294117647063,655,610,156,269,216,170,221,218,169,1,1,0,54,33,9,9,0.0,12.12962962962963,19.848484848484848,1360,48.161764705882355,6.47
12055,Taxco de Alarcón,2022-2023→2023-2024,2022-2023,2023-2024,False,12.719857252102983,13.853396099529258,10.015527950310554,14.28571428571429,3923,3724,977,1487,1288,1148,1277,1234,1136,47,23,7,230,122,15,15,16.390517461126688,17.056521739130435,32.15573770491803,5790,67.75474956822107,8.64
12056,Tecoanapa,2022-2023→2023-2024,2022-2023,2023-2024,False,11.580801409070896,14.487632508833926,11.706629055007056,7.9943899018232845,2271,2124,647,849,709,713,763,722,616,4,10,9,171,88,17,17,0.0,13.280701754385966,25.806818181818183,3226,70.3967761934284,7.82
12057,Técpan de Galeana,2022-2023→2023-2024,2022-2023,2023-2024,False,14.029084687767323,21.148036253776436,13.296398891966755,3.5313001605136396,2338,2296,562,993,722,623,848,764,575,19,51,39,146,85,16,16,1.9674935842600514,16.013698630136986,27.50588235294118,3432,68.12354312354313,7.94
12058,Teloloapan,2022-2023→2023-2024,2022-2023,2023-2024,False,9.322033898305083,17.96482412060302,7.863247863247869,-2.564102564102555,1888,1903,488,796,585,507,679,653,508,0,31,32,146,75,17,17,0.0,12.931506849315069,25.173333333333332,2913,64.81290765533814,7.92
12059,Tepecoacuilco de Trujano,2022-2023→2023-2024,2022-2023,2023-2024,False,13.323572474377743,35.810810810810814,18.502202643171806,-35.62499999999999,683,698,165,296,227,160,271,190,154,0,31,52,88,38,12,12,6.149341142020498,7.761363636363637,17.973684210526315,1447,47.20110573600553,7.26
12060,Tetipac,2022-2023→2023-2024,2022-2023,2023-2024,False,10.15625,16.564417177914116,6.153846153846154,4.395604395604391,384,367,87,163,130,91,109,136,121,0,1,0,23,18,5,5,0.0,16.695652173913043,21.333333333333332,767,50.0651890482399,6.78
12061,Tixtla de Guerrero,2022-2023→2023-2024,2022-2023,2023-2024,False,14.66931874689209,20.99767981438515,9.484193011647257,10.401459854014593,2011,1997,482,862,601,548,763,664,517,17,27,9,110,72,10,10,0.0,18.28181818181818,27.930555555555557,2501,80.4078368652539,9.21
12062,Tlacoachistlahuaca,2022-2023→2023-2024,2022-2023,2023-2024,False,1.8394648829431426,12.5,9.756097560975608,-23.60248447204969,598,600,199,232,205,161,212,202,185,1,0,0,44,27,7,7,0.0,13.590909090909092,22.14814814814815,1641,36.4411943936624,5.04
12063,Tlacoapa,2022-2023→2023-2024,2022-2023,2023-2024,False,4.318936877076407,6.779661016949157,1.869158878504673,3.9473684210526327,301,338,73,118,107,76,123,110,105,0,0,0,22,12,3,3,0.0,13.681818181818182,25.083333333333332,718,41.92200557103064,7.03
12064,Tlalchapa,2022-2023→2023-2024,2022-2023,2023-2024,False,7.877461706783373,10.404624277456643,6.428571428571428,6.25,457,476,123,173,140,144,178,155,119,0,12,12,36,27,7,7,0.0,12.694444444444445,16.925925925925927,552,82.78985507246377,7.52
12065,Tlalixtaquilla de Maldonado,2022-2023→2023-2024,2022-2023,2023-2024,False,11.210762331838565,54.255319148936174,0.0,-44.827586206896555,223,234,59,94,71,58,95,43,34,0,37,25,22,14,5,5,0.0,10.136363636363637,15.928571428571429,388,57.47422680412371,6.14
12066,Tlapa de Comonfort,2022-2023→2023-2024,2022-2023,2023-2024,False,17.852494577006507,50.469599604547696,7.608695652173914,-25.103562551781277,4610,4382,1156,2023,1380,1207,1751,985,830,17,445,354,296,127,18,18,5.5531453362255965,15.574324324324325,36.2992125984252,6082,75.79743505425847,8.22
12067,Tlapehuala,2022-2023→2023-2024,2022-2023,2023-2024,False,3.88457269700333,11.363636363636365,0.0,-1.8587360594795488,901,952,259,352,280,269,345,312,249,0,31,15,49,39,7,7,3.884572697003329,18.387755102040817,23.102564102564102,1145,78.68995633187772,8.13
12068,La Unión de Isidoro Montes de Oca,2022-2023→2023-2024,2022-2023,2023-2024,False,8.978873239436624,18.992248062015506,11.65644171779141,-11.564625850340127,568,622,147,258,163,147,252,209,133,0,11,17,51,29,5,5,0.0,11.137254901960784,19.586206896551722,1342,42.32488822652757,7.09
12069,Xalpatláhuac,2022-2023→2023-2024,2022-2023,2023-2024,False,13.777777777777779,13.131313131313128,20.253164556962023,4.255319148936165,225,243,44,99,79,47,93,86,63,0,0,1,25,18,5,5,0.0,9.0,12.5,742,30.32345013477089,5.09
12070,Xochihuehuetlán,2022-2023→2023-2024,2022-2023,2023-2024,False,23.15789473684211,36.66666666666667,24.390243902439025,4.1666666666666625,190,167,46,60,82,48,67,38,62,0,0,0,14,6,2,2,0.0,13.571428571428571,31.666666666666668,439,43.28018223234624,6.35
12071,Xochistlahuaca,2022-2023→2023-2024,2022-2023,2023-2024,False,14.313725490196083,3.7634408602150504,22.404371584699454,17.730496453900713,510,504,115,186,183,141,182,179,142,0,0,1,32,21,4,4,0.0,15.9375,24.285714285714285,2168,23.5239852398524,5.19
12072,Zapotitlán Tablas,2022-2023→2023-2024,2022-2023,2023-2024,False,14.141414141414144,19.999999999999996,11.66666666666667,6.25,198,199,45,90,60,48,74,72,53,0,0,0,18,6,2,2,0.0,11.0,33.0,775,25.548387096774196,6.33
12073,Zirándaro,2022-2023→2023-2024,2022-2023,2023-2024,False,10.869565217391308,15.656565656565657,11.194029850746269,3.125,460,472,113,198,134,128,175,167,110,0,9,11,28,24,7,7,0.0,16.428571428571427,19.166666666666668,913,50.38335158817087,5.53
12074,Zitlala,2022-2023→2023-2024,2022-2023,2023-2024,False,8.264462809917351,15.934065934065933,7.482993197278908,0.0,484,456,151,182,147,155,163,153,134,0,2,4,43,25,7,7,0.0,11.255813953488373,19.36,1542,31.387808041504538,5.81
12075,Eduardo Neri,2022-2023→2023-2024,2022-2023,2023-2024,False,17.24137931034483,25.113464447806354,13.223140495867769,8.264462809917351,1508,1555,311,661,484,363,618,493,393,2,27,22,64,42,10,10,2.9840848806366047,23.5625,35.904761904761905,2827,53.34276618323312,7.96
12076,Acatepec,2022-2023→2023-2024,2022-2023,2023-2024,False,10.363495746326368,25.306122448979597,7.432432432432434,-6.406685236768794,1293,1259,373,490,444,359,473,366,365,0,46,9,72,56,18,18,0.0,17.958333333333332,23.089285714285715,3254,39.73570989551322,6.57
12077,Marquelia,2022-2023→2023-2024,2022-2023,2023-2024,False,11.727078891257992,13.461538461538458,11.003236245954696,10.188679245283016,938,911,236,364,309,265,319,310,273,5,2,2,70,30,4,4,0.0,13.4,31.266666666666666,862,108.8167053364269,8.16
12078,Cochoapa el Grande,2022-2023→2023-2024,2022-2023,2023-2024,False,21.71945701357466,4.878048780487809,38.74999999999999,22.033898305084744,221,213,46,82,80,59,86,78,49,0,0,0,9,11,3,3,0.0,24.555555555555557,20.09090909090909,1411,15.66265060240964,3.4
12079,José Joaquín de Herrera,2022-2023→2023-2024,2022-2023,2023-2024,False,19.596541786743515,29.55974842767296,14.018691588785048,7.4074074074074066,347,331,75,159,107,81,127,112,92,0,0,0,19,15,5,5,0.0,18.263157894736842,23.133333333333333,1440,24.09722222222222,5.18
12080,Juchitán,2022-2023→2023-2024,2022-2023,2023-2024,False,21.86495176848875,48.14814814814815,18.0952380952381,-3.0612244897959107,311,273,68,108,105,98,98,56,53,0,33,33,23,11,3,3,0.0,13.521739130434783,28.272727272727273,441,70.52154195011337,6.9
12081,Iliatenco,2022-2023→2023-2024,2022-2023,2023-2024,False,-2.923976608187129,10.465116279069765,7.36842105263158,-31.12582781456954,513,513,198,172,190,151,183,150,176,4,0,0,40,18,3,3,0.0,12.825,28.5,1003,51.14656031904287,8.5
12001,Acapulco de Juárez,2023-2024→2024-2025,2023-2024,2024-2025,False,9.051028965873165,14.06448337141406,12.019600307455802,-1.2190953628802514,31002,30565,8493,11817,10408,8777,10862,9600,8422,555,735,391,2209,912,105,105,15.663505580285142,14.034404708012675,33.99342105263158,39697,78.09658160566289,9.87
12002,Ahuacuotzingo,2023-2024→2024-2025,2023-2024,2024-2025,False,20.309050772626936,18.232044198895025,11.258278145695366,34.71074380165289,453,486,72,181,151,121,197,148,130,0,4,7,35,34,11,11,0.0,12.942857142857143,13.323529411764707,1647,27.504553734061933,5.27
12003,Ajuchitlán del Progreso,2023-2024→2024-2025,2023-2024,2024-2025,False,9.935897435897434,21.598272138228946,7.606263982102912,-2.9585798816567976,1248,1266,326,463,447,338,468,363,378,0,35,22,107,55,10,10,0.0,11.663551401869158,22.69090909090909,2089,59.74150311153662,6.87
12004,Alcozauca de Guerrero,2023-2024→2024-2025,2023-2024,2024-2025,False,15.588235294117647,23.026315789473685,15.094339622641506,2.4390243902439046,340,351,77,152,106,82,141,117,90,0,0,3,15,15,4,4,0.0,22.666666666666668,22.666666666666668,1351,25.166543301258326,4.6
12005,Alpoyeca,2023-2024→2024-2025,2023-2024,2024-2025,False,20.668693009118545,24.79338842975206,24.576271186440678,9.999999999999998,329,308,80,121,118,90,127,91,89,0,0,1,26,18,3,3,0.0,12.653846153846153,18.27777777777778,476,69.11764705882352,7.31
12006,Apaxtla,2023-2024→2024-2025,2023-2024,2024-2025,False,18.525896414342625,29.670329670329664,18.181818181818176,4.861111111111116,502,454,119,182,176,144,164,123,114,5,30,18,60,35,7,7,0.0,8.366666666666667,14.342857142857143,649,77.34976887519261,7.8
12007,Arcelia,2023-2024→2024-2025,2023-2024,2024-2025,False,13.651877133105806,27.050610820244327,10.721247563352831,-2.638522427440626,1465,1506,335,573,513,379,576,409,405,9,53,54,112,62,10,10,0.0,13.080357142857142,23.629032258064516,1726,84.87833140208575,8.41
12008,Atenango del Río,2023-2024→2024-2025,2023-2024,2024-2025,False,-0.952380952380949,12.643678160919535,7.8125,-30.508474576271194,210,217,77,87,64,59,82,76,59,0,0,0,18,12,4,4,0.0,11.666666666666666,17.5,477,44.0251572327044,6.46
12009,Atlamajalcingo del Monte,2023-2024→2024-2025,2023-2024,2024-2025,False,15.094339622641506,19.512195121951216,33.333333333333336,-26.086956521739136,106,115,21,41,42,23,46,33,28,0,0,8,18,9,3,3,0.0,5.888888888888889,11.777777777777779,399,26.56641604010025,5.93
12010,Atlixtac,2023-2024→2024-2025,2023-2024,2024-2025,False,13.758865248226948,34.86842105263158,18.518518518518523,-26.486486486486484,705,722,165,304,216,185,279,198,144,0,32,69,65,37,12,12,0.0,10.846153846153847,19.054054054054053,1983,35.55219364599092,5.32
12011,Atoyac de Álvarez,2023-2024→2024-2025,2023-2024,2024-2025,False,11.479686917629516,21.25693160813309,12.910284463894971,-5.822416302765654,2683,2641,688,1082,914,687,954,798,726,54,70,39,213,109,22,22,0.18635855385762207,12.5962441314554,24.61467889908257,3511,76.41697522073483,8.38
12012,Ayutla de los Libres,2023-2024→2024-2025,2023-2024,2024-2025,False,13.665855636658552,14.28571428571429,15.350389321468294,10.619469026548678,2466,2398,604,889,899,678,873,761,757,1,4,2,176,93,17,17,1.70316301703163,14.011363636363637,26.516129032258064,4910,50.224032586558046,7.23
12013,Azoyú,2023-2024→2024-2025,2023-2024,2024-2025,False,10.252100840336132,8.61244019138756,21.182266009852214,0.0,595,586,164,209,203,183,216,191,160,0,0,19,45,26,6,6,0.0,13.222222222222221,22.884615384615383,871,68.31228473019519,7.48
12014,Benito Juárez,2023-2024→2024-2025,2023-2024,2024-2025,False,9.404388714733546,13.186813186813184,9.570957095709575,4.482758620689653,957,957,275,364,303,290,365,303,262,13,12,2,52,35,4,4,0.0,18.403846153846153,27.34285714285714,835,114.61077844311379,9.04
12015,Buenavista de Cuéllar,2023-2024→2024-2025,2023-2024,2024-2025,False,12.957746478873243,17.29323308270677,12.121212121212121,7.777777777777772,355,348,81,133,132,90,120,109,116,1,0,2,42,19,5,5,0.0,8.452380952380953,18.68421052631579,748,47.45989304812834,8.09
12016,Coahuayutla de José María Izazaga,2023-2024→2024-2025,2023-2024,2024-2025,False,53.74449339207048,63.829787234042556,74.72527472527473,-14.28571428571428,227,136,38,94,91,42,69,34,16,0,7,10,14,9,3,3,0.0,16.214285714285715,25.22222222222222,658,34.4984802431611,5.57
12017,Cocula,2023-2024→2024-2025,2023-2024,2024-2025,False,18.41216216216216,43.096234309623426,3.7209302325581395,-1.449275362318847,592,602,122,239,215,138,241,134,160,2,47,18,74,20,4,4,0.0,8.0,29.6,738,80.21680216802169,7.48
12018,Copala,2023-2024→2024-2025,2023-2024,2024-2025,False,4.347826086956519,4.093567251461994,13.669064748201443,-5.5118110236220375,437,438,134,171,139,127,154,163,119,1,1,0,34,23,4,4,2.2883295194508007,12.852941176470589,19.0,854,51.17096018735363,7.67
12019,Copalillo,2023-2024→2024-2025,2023-2024,2024-2025,False,18.333333333333336,29.230769230769226,28.000000000000004,-15.714285714285726,300,283,61,130,100,70,99,88,57,4,15,20,31,18,5,5,0.0,9.67741935483871,16.666666666666668,1033,29.04162633107454,5.42
12020,Copanatoyac,2023-2024→2024-2025,2023-2024,2024-2025,False,11.494252873563216,17.714285714285715,11.029411764705888,3.2258064516129004,435,459,120,175,136,124,194,144,121,0,0,0,40,21,5,5,47.58620689655172,10.875,20.714285714285715,1613,26.968381897086175,5.35
12021,Coyuca de Benítez,2023-2024→2024-2025,2023-2024,2024-2025,False,11.051752921535895,16.727941176470583,8.436213991769549,7.165775401069519,2995,2896,825,1088,972,935,1057,882,818,24,72,43,181,102,21,21,0.0,16.54696132596685,29.362745098039216,4345,68.92980437284236,8.09
12022,Coyuca de Catalán,2023-2024→2024-2025,2023-2024,2024-2025,False,8.092485549132943,14.014251781472687,8.720930232558144,-1.831501831501825,1038,1065,278,421,344,273,389,362,314,0,0,0,191,35,7,7,0.0,5.43455497382199,29.65714285714286,1747,59.41614195764166,6.78
12023,Cuajinicuilapa,2023-2024→2024-2025,2023-2024,2024-2025,False,16.604127579737337,24.586288416075654,13.583815028901736,8.754208754208758,1066,1003,264,423,346,297,378,318,290,1,9,7,83,36,8,8,0.0,12.843373493975903,29.61111111111111,1553,68.6413393432067,7.02
12024,Cualác,2023-2024→2024-2025,2023-2024,2024-2025,False,17.07317073170732,36.458333333333336,11.267605633802813,-1.2658227848101333,246,205,69,96,71,79,70,61,53,0,10,11,18,12,3,3,0.0,13.666666666666666,20.5,498,49.39759036144578,6.81
12025,Cuautepec,2023-2024→2024-2025,2023-2024,2024-2025,False,13.744075829383885,30.04291845493562,12.0,-5.714285714285716,633,647,158,233,225,175,259,163,167,0,31,27,31,24,6,6,0.0,20.419354838709676,26.375,1097,57.7028258887876,7.19
12026,Cuetzala del Progreso,2023-2024→2024-2025,2023-2024,2024-2025,False,9.019607843137257,32.58426966292135,5.263157894736848,-15.492957746478876,255,257,69,89,95,71,94,59,74,1,16,13,28,18,6,6,0.0,9.107142857142858,14.166666666666666,425,60.0,6.13
12027,Cutzamala de Pinzón,2023-2024→2024-2025,2023-2024,2024-2025,False,19.207920792079204,29.918032786885252,0.0,19.999999999999996,505,511,83,244,141,120,186,166,116,5,25,13,85,23,5,5,0.0,5.9411764705882355,21.956521739130434,975,51.7948717948718,5.94
12028,Chilapa de Álvarez,2023-2024→2024-2025,2023-2024,2024-2025,False,13.821892393320967,24.8,13.8728323699422,-4.628501827040199,3234,3214,826,1375,1038,821,1253,1021,848,13,46,33,253,123,25,25,13.883735312306742,12.782608695652174,26.29268292682927,8024,40.304087736789626,6.56
12029,Chilpancingo de los Bravo,2023-2024→2024-2025,2023-2024,2024-2025,False,11.139447108028156,14.481565286836151,12.82638570774164,4.61760461760462,19606,19431,5115,7513,6549,5544,7124,6218,5502,207,207,173,1319,614,55,55,4.641436295011731,14.86429112964367,31.93159609120521,15472,126.71923474663909,10.66
12030,Florencio Villarreal,2023-2024→2024-2025,2023-2024,2024-2025,False,16.873212583412776,19.576719576719583,13.636363636363635,17.508417508417505,1049,1025,233,378,374,297,386,287,294,17,29,12,71,36,5,5,0.0,14.774647887323944,29.13888888888889,1240,84.59677419354838,8.19
12031,General Canuto A. Neri,2023-2024→2024-2025,2023-2024,2024-2025,False,16.216216216216218,17.500000000000004,42.50000000000001,-19.354838709677423,111,117,26,40,40,31,50,33,23,0,0,11,15,9,3,3,0.0,7.4,12.333333333333334,323,34.36532507739938,6.59
12032,General Heliodoro Castillo,2023-2024→2024-2025,2023-2024,2024-2025,False,13.059033989266544,32.464454976303315,18.3206106870229,-20.79207920792079,1118,1109,288,422,393,303,425,282,251,3,70,78,89,75,22,22,1.520572450805009,12.561797752808989,14.906666666666666,2574,43.43434343434344,6.39
12033,Huamuxtitlán,2023-2024→2024-2025,2023-2024,2024-2025,False,17.155425219941346,19.50354609929078,17.410714285714292,13.068181818181824,682,688,142,282,224,176,265,218,179,9,6,11,67,27,4,4,0.0,10.17910447761194,25.25925925925926,994,68.61167002012073,7.62
12034,Huitzuco de los Figueroa,2023-2024→2024-2025,2023-2024,2024-2025,False,5.2509652509652565,30.222222222222218,17.710583153347738,-39.26701570680628,1295,1277,452,450,463,382,502,314,318,0,63,80,128,66,8,8,0.0,10.1171875,19.62121212121212,1884,68.73673036093419,7.47
12035,Iguala de la Independencia,2023-2024→2024-2025,2023-2024,2024-2025,False,11.4027660174993,14.469335291957396,11.990212071778139,6.279434850863419,7086,7124,1753,2723,2452,1911,2599,2250,2070,79,88,38,524,224,21,21,1.7358171041490262,13.522900763358779,31.633928571428573,8078,87.71973260708096,10.03
12036,Igualapa,2023-2024→2024-2025,2023-2024,2024-2025,False,9.177820267686421,5.142857142857138,16.509433962264154,2.941176470588236,523,519,132,175,212,136,176,166,172,0,5,0,38,27,8,8,0.0,13.763157894736842,19.37037037037037,779,67.13735558408216,7.35
12037,Ixcateopan de Cuauhtémoc,2023-2024→2024-2025,2023-2024,2024-2025,False,5.670103092783507,23.188405797101453,1.4285714285714235,-10.909090909090914,194,205,51,69,70,55,73,53,54,0,15,10,16,10,3,3,0.0,12.125,19.4,309,62.7831715210356,7.49
12038,Zihuatanejo de Azueta,2023-2024→2024-2025,2023-2024,2024-2025,False,9.356038363671948,22.52418240442192,13.803145020384388,-20.311220311220303,5109,5493,1418,2171,1717,1221,2280,1668,1422,14,58,51,474,149,22,22,19.92562145233901,10.778481012658228,34.288590604026844,6257,81.65254914495765,9.29
12039,Juan R. Escudero,2023-2024→2024-2025,2023-2024,2024-2025,False,9.004329004329003,11.88340807174888,12.784090909090907,1.6806722689075682,1155,1107,351,446,352,357,407,393,304,0,3,0,113,41,7,7,0.0,10.221238938053098,28.170731707317074,1495,77.25752508361204,7.88
12040,Leonardo Bravo,2023-2024→2024-2025,2023-2024,2024-2025,False,20.02355712603062,37.69470404984424,21.91780821917808,-6.355932203389836,849,756,219,321,292,236,296,200,173,0,55,32,66,40,11,11,0.0,12.863636363636363,21.225,1405,60.4270462633452,6.91
12041,Malinaltepec,2023-2024→2024-2025,2023-2024,2024-2025,False,12.447078746824724,20.89887640449438,8.578431372549023,5.792682926829274,1181,1154,305,445,408,328,425,352,356,0,17,4,91,46,12,12,0.0,12.978021978021978,25.67391304347826,2282,51.75284837861525,7.77
12042,Mártir de Cuilapan,2023-2024→2024-2025,2023-2024,2024-2025,False,17.647058823529417,34.693877551020414,5.825242718446599,11.267605633802813,272,285,43,98,103,71,104,64,69,0,28,20,14,9,2,2,0.0,19.428571428571427,30.22222222222222,1049,25.92945662535748,5.73
12043,Metlatónoc,2023-2024→2024-2025,2023-2024,2024-2025,False,16.309012875536478,26.923076923076927,18.666666666666664,-0.746268656716409,466,464,123,182,150,134,197,133,108,0,14,12,39,24,8,8,0.0,11.948717948717949,19.416666666666668,1318,35.35660091047041,4.86
12044,Mochitlán,2023-2024→2024-2025,2023-2024,2024-2025,False,7.928388746803073,14.074074074074073,0.0,9.917355371900827,391,405,105,135,135,121,150,116,126,0,9,4,25,18,4,4,0.0,15.64,21.72222222222222,712,54.91573033707865,8.08
12045,Olinalá,2023-2024→2024-2025,2023-2024,2024-2025,False,12.784090909090907,23.484848484848484,12.916666666666664,-1.4999999999999902,704,693,190,264,240,200,269,191,189,11,20,13,38,27,6,6,0.0,18.526315789473685,26.074074074074073,1718,40.9778812572759,6.19
12046,Ometepec,2023-2024→2024-2025,2023-2024,2024-2025,False,13.630002798768537,23.39271882261813,7.58333333333333,8.687615526802217,3573,3478,936,1291,1200,1082,1328,966,1022,23,87,52,268,112,24,24,4.002239014833473,13.332089552238806,31.901785714285715,4589,77.86010023970364,8.36
12047,Pedro Ascencio Alquisiras,2023-2024→2024-2025,2023-2024,2024-2025,False,3.821656050955413,17.777777777777782,12.328767123287676,-28.205128205128215,157,166,42,45,73,39,57,37,61,0,3,8,28,17,6,6,0.0,5.607142857142857,9.235294117647058,415,37.83132530120482,5.78
12048,Petatlán,2023-2024→2024-2025,2023-2024,2024-2025,False,31.053952321204513,21.90016103059581,40.84249084249084,31.85011709601874,1594,1365,291,621,546,427,557,485,319,0,4,0,63,54,9,9,0.0,25.3015873015873,29.51851851851852,2359,67.57100466299279,7.96
12049,Pilcaya,2023-2024→2024-2025,2023-2024,2024-2025,False,12.35955056179775,59.04761904761905,-45.34883720930232,13.157894736842103,267,267,65,105,86,76,98,43,76,0,49,1,13,8,2,2,0.0,20.53846153846154,33.375,657,40.63926940639269,7.54
12050,Pungarabato,2023-2024→2024-2025,2023-2024,2024-2025,False,14.515366430260046,20.854271356783915,13.706293706293703,7.1192052980132425,2115,1983,539,796,715,604,714,604,583,26,34,22,183,69,9,9,2.2222222222222223,11.557377049180328,30.652173913043477,1940,109.02061855670102,8.97
12051,Quechultenango,2023-2024→2024-2025,2023-2024,2024-2025,False,12.923923006416127,26.61691542288557,19.999999999999996,-15.306122448979597,1091,1158,303,402,395,294,511,295,288,0,28,36,124,71,20,20,1.924839596700275,8.798387096774194,15.366197183098592,2435,44.80492813141684,6.35
12052,San Luis Acatlán,2023-2024→2024-2025,2023-2024,2024-2025,False,17.194092827004216,16.97841726618705,14.903129657228021,20.37735849056603,1896,1886,415,695,671,530,731,571,557,6,14,7,120,73,16,16,0.0,15.8,25.972602739726028,3494,54.2644533485976,7.18
12053,San Marcos,2023-2024→2024-2025,2023-2024,2024-2025,False,14.883474576271183,22.42090784044016,16.174183514774498,2.7027027027026973,1888,1854,465,727,643,518,712,541,487,23,52,39,131,77,14,14,0.0,14.412213740458014,24.51948051948052,3054,61.820563195808774,7.43
12054,San Miguel Totolapan,2023-2024→2024-2025,2023-2024,2024-2025,False,11.475409836065575,13.513513513513509,9.1324200913242,11.834319526627224,610,624,149,222,219,169,233,192,197,0,2,0,56,33,9,9,0.0,10.892857142857142,18.484848484848484,1360,44.85294117647059,6.47
12055,Taxco de Alarcón,2023-2024→2024-2025,2023-2024,2024-2025,False,13.077336197636946,15.70996978851964,6.921241050119331,16.79790026246719,3724,3539,942,1324,1257,1143,1244,1088,1092,28,78,9,225,120,15,15,12.674543501611172,16.551111111111112,31.033333333333335,5790,64.31778929188255,8.64
12056,Tecoanapa,2023-2024→2024-2025,2023-2024,2024-2025,False,10.075329566854997,12.907431551499348,11.612021857923494,4.800000000000004,2124,2115,583,767,732,625,788,668,632,0,15,12,169,86,17,17,0.0,12.568047337278106,24.697674418604652,3226,65.84004959702418,7.82
12057,Técpan de Galeana,2023-2024→2024-2025,2023-2024,2024-2025,False,10.583623693379796,16.147635524798154,12.638036809815956,0.0,2296,2335,578,867,815,614,860,718,666,9,46,36,180,84,16,16,1.524390243902439,12.755555555555556,27.333333333333332,3432,66.8997668997669,7.94
12058,Teloloapan,2023-2024→2024-2025,2023-2024,2024-2025,False,9.406200735680503,18.114874815905747,6.140350877192979,2.592592592592591,1903,1850,507,679,684,540,633,542,586,14,56,19,154,78,17,17,0.0,12.357142857142858,24.397435897435898,2913,65.3278407140405,7.92
12059,Tepecoacuilco de Trujano,2023-2024→2024-2025,2023-2024,2024-2025,False,15.042979942693414,34.68634686346863,0.4524886877828038,4.854368932038833,698,680,164,271,221,206,251,177,169,0,51,32,85,38,12,12,4.584527220630372,8.211764705882352,18.36842105263158,1447,48.23773324118867,7.26
12060,Tetipac,2023-2024→2024-2025,2023-2024,2024-2025,False,10.081743869209813,15.596330275229352,19.70802919708029,-5.785123966942152,367,350,117,109,137,121,137,91,110,1,0,11,24,18,5,5,0.0,15.291666666666666,20.38888888888889,767,47.84876140808344,6.78
12061,Tixtla de Guerrero,2023-2024→2024-2025,2023-2024,2024-2025,False,13.069604406609914,19.358974358974358,8.683068017366136,9.505703422053235,1997,1991,463,780,691,526,718,602,602,27,29,13,104,67,10,10,0.0,19.201923076923077,29.80597014925373,2501,79.84806077568972,9.21
12062,Tlacoachistlahuaca,2023-2024→2024-2025,2023-2024,2024-2025,False,-0.8333333333333304,13.6150234741784,3.4653465346534684,-22.162162162162158,600,592,226,213,202,185,213,184,193,0,2,0,43,27,7,7,0.0,13.953488372093023,22.22222222222222,1641,36.56307129798903,5.04
12063,Tlacoapa,2023-2024→2024-2025,2023-2024,2024-2025,False,24.852071005917164,11.382113821138207,19.090909090909093,46.666666666666664,338,304,56,123,110,105,106,109,88,0,1,0,22,12,3,3,0.0,15.363636363636363,28.166666666666668,718,47.07520891364902,7.03
12064,Tlalchapa,2023-2024→2024-2025,2023-2024,2024-2025,False,7.773109243697474,15.73033707865169,10.179640718562876,-6.106870229007644,476,471,124,178,167,131,156,150,142,0,8,15,38,27,7,7,0.0,12.526315789473685,17.62962962962963,552,86.23188405797102,7.52
12065,Tlalixtaquilla de Maldonado,2023-2024→2024-2025,2023-2024,2024-2025,False,12.82051282051282,83.15789473684211,1.2499999999999956,-84.7457627118644,234,234,58,95,80,59,88,16,16,0,63,51,21,15,5,5,0.0,11.142857142857142,15.6,388,60.30927835051546,6.14
12066,Tlapa de Comonfort,2023-2024→2024-2025,2023-2024,2024-2025,False,9.7444089456869,27.658371040723985,11.538461538461542,-19.172297297297302,4382,4476,1177,1768,1430,1184,1698,1270,1062,9,203,234,281,128,18,18,6.412596987676859,15.594306049822064,34.234375,6082,72.04866820124958,8.22
12067,Tlapehuala,2023-2024→2024-2025,2023-2024,2024-2025,False,10.399159663865543,16.52173913043479,8.74635568513119,4.545454545454541,952,959,217,345,343,264,323,287,284,1,29,35,55,39,7,7,5.2521008403361344,17.30909090909091,24.41025641025641,1145,83.14410480349345,8.13
12068,La Unión de Isidoro Montes de Oca,2023-2024→2024-2025,2023-2024,2024-2025,False,11.093247588424438,19.444444444444443,12.272727272727268,-4.666666666666663,622,643,144,252,220,150,234,203,183,0,10,13,76,29,5,5,0.0,8.18421052631579,21.448275862068964,1342,46.34873323397913,7.09
12069,Xalpatláhuac,2023-2024→2024-2025,2023-2024,2024-2025,False,18.106995884773657,38.70967741935484,32.55813953488372,-31.25,243,225,52,93,86,64,78,57,40,0,18,32,26,18,5,5,0.0,9.346153846153847,13.5,742,32.74932614555256,5.09
12070,Xochihuehuetlán,2023-2024→2024-2025,2023-2024,2024-2025,False,19.16167664670658,25.373134328358205,-5.263157894736836,27.419354838709676,167,150,45,67,38,62,60,50,39,0,1,0,14,4,2,2,0.0,11.928571428571429,41.75,439,38.041002277904326,6.35
12071,Xochistlahuaca,2023-2024→2024-2025,2023-2024,2024-2025,False,9.92063492063492,8.241758241758246,15.642458100558654,4.895104895104896,504,525,136,182,179,143,207,167,150,0,1,0,31,21,4,4,0.0,16.258064516129032,24.0,2168,23.247232472324722,5.19
12072,Zapotitlán Tablas,2023-2024→2024-2025,2023-2024,2024-2025,False,19.59798994974874,29.729729729729726,18.055555555555557,7.547169811320753,199,198,49,74,72,53,87,52,58,0,1,0,18,6,2,2,0.0,11.055555555555555,33.166666666666664,775,25.677419354838708,6.33
12073,Zirándaro,2023-2024→2024-2025,2023-2024,2024-2025,False,7.8389830508474585,13.142857142857146,16.47727272727273,-12.396694214876035,472,515,114,175,176,121,194,152,141,0,6,22,30,24,7,7,0.0,15.733333333333333,19.666666666666668,913,51.69769989047097,5.53
12074,Zitlala,2023-2024→2024-2025,2023-2024,2024-2025,False,15.57017543859649,28.220858895705526,12.903225806451612,3.6231884057971064,456,434,128,163,155,138,177,117,135,0,0,5,42,25,7,7,0.0,10.857142857142858,18.24,1542,29.571984435797667,5.81
12075,Eduardo Neri,2023-2024→2024-2025,2023-2024,2024-2025,False,15.369774919614143,24.03225806451613,14.423076923076927,3.6144578313253017,1555,1544,379,620,520,415,607,460,417,11,28,21,57,44,10,10,3.408360128617363,27.280701754385966,35.34090909090909,2827,55.00530597806862,7.96
12076,Acatepec,2023-2024→2024-2025,2023-2024,2024-2025,False,11.437648927720412,19.238900634249468,11.165048543689316,1.8716577540106916,1259,1231,355,473,412,374,471,382,348,0,18,12,84,58,18,18,0.0,14.988095238095237,21.70689655172414,3254,38.69084204056546,6.57
12077,Marquelia,2023-2024→2024-2025,2023-2024,2024-2025,False,15.69703622392975,18.518518518518523,15.705128205128204,12.363636363636365,911,922,225,324,312,275,379,253,262,11,1,16,61,30,4,4,0.0,14.934426229508198,30.366666666666667,862,105.6844547563805,8.16
12078,Cochoapa el Grande,2023-2024→2024-2025,2023-2024,2024-2025,False,2.3474178403755874,16.279069767441857,6.41025641025641,-28.57142857142858,213,239,58,86,78,49,89,72,60,0,13,5,9,10,3,3,0.0,23.666666666666668,21.3,1411,15.095676824946846,3.4
12079,José Joaquín de Herrera,2023-2024→2024-2025,2023-2024,2024-2025,False,15.70996978851964,37.00787401574803,15.17857142857143,-13.043478260869556,331,307,89,127,112,92,117,80,72,0,23,15,20,15,5,5,0.0,16.55,22.066666666666666,1440,22.98611111111111,5.18
12080,Juchitán,2023-2024→2024-2025,2023-2024,2024-2025,False,5.494505494505497,4.081632653061229,2.2471910112359605,10.465116279069765,273,284,77,98,89,86,103,94,86,0,1,0,23,11,3,3,0.0,11.869565217391305,24.818181818181817,441,61.904761904761905,6.9
12081,Iliatenco,2023-2024→2024-2025,2023-2024,2024-2025,False,7.797270955165692,12.299465240641716,7.9999999999999964,2.840909090909094,513,483,171,187,150,176,181,163,138,1,0,0,39,18,3,3,0.0,13.153846153846153,28.5,1003,51.14656031904287,8.5
