cve_inegi,cve_ent,nom_ent,nom_mun,pob_total,pob_15a17,inasistencia_15a17,inasistencia_12a14,pred,brecha,riesgo_absoluto,brecha_cat,dist_ems,pct_15a17_mas_10km,indice_rezago_social,pct_pobreza_nna,pct_hli,fuera
01001,01,Aguascalientes,Aguascalientes,948990,49934,26.92353907157448,7.8934076812736125,23.39303170153361,3.5305073700408727,bajo,en lo esperado,0.1178555486257277,0.0,-1.31532,30.91132,0.2035003386139402,13444.000000000002
01002,01,Aguascalientes,Asientos,51536,3218,33.25046612802983,10.511273420133376,33.58514052918042,-0.3346744011505933,medio,en lo esperado,0.762737384391359,0.0,-0.857301,45.494828,0.0455053158482604,1069.9999999999998
01003,01,Aguascalientes,Calvillo,58250,3220,40.77639751552795,13.554675601583916,33.34719418285337,7.429203332674575,alto,peor de lo esperado,0.6695733665918847,0.00683924357966,-0.918554,55.699408,0.1380412670735251,1312.9999999999998
01004,01,Aguascalientes,Cosío,17000,1045,25.933014354066984,7.676969092721834,29.50965727071249,-3.5766429166455076,bajo,en lo esperado,0.2098277845953529,0.0,-1.004023,40.88629,0.0438376753507014,271.0
01005,01,Aguascalientes,Jesús María,129929,7680,31.796875,10.897848769805488,29.128497751250706,2.6683772487492945,medio,en lo esperado,0.3556663370217495,0.0926197827000264,-1.173361,33.026622,0.1286173633440514,2442.0
01006,01,Aguascalientes,Pabellón de Arteaga,47646,2872,27.889972144846794,8.087706685837526,31.87462908037465,-3.9846569355278554,medio,en lo esperado,0.4603831033847728,0.0,-1.168755,35.279084,0.1159110160046364,800.9999999999999
01007,01,Aguascalientes,Rincón de Romos,57369,3471,28.752520887352347,7.218001168907071,28.79702106269631,-0.04450017534396267,medio,en lo esperado,0.3967300172661585,0.0,-1.065487,47.027181,0.3969215288001043,997.9999999999999
01008,01,Aguascalientes,San José de Gracia,9552,558,35.12544802867383,11.657559198542804,24.130462296209657,10.994985732464173,alto,peor de lo esperado,0.4444112401503503,0.0,-0.956906,51.360584,0.2362470469119136,195.99999999999997
01009,01,Aguascalientes,Tepezalá,22485,1373,30.881281864530223,10.506134969325151,28.848710987725063,2.03257087680516,medio,en lo esperado,0.2892137695655158,0.0,-0.900102,42.299747,0.0850018889308651,424.0
01010,01,Aguascalientes,El Llano,20853,1225,36.48979591836735,8.89423076923077,32.96311028710466,3.526685631262687,alto,en lo esperado,1.0835164395887138,0.0,-0.829259,46.81156,0.0663807189542483,447.00000000000006
01011,01,Aguascalientes,San Francisco de los Romo,61997,3544,35.01693002257336,11.061598951507207,26.258444993862547,8.758485028710815,alto,peor de lo esperado,0.7105961179636711,0.0,-1.075474,45.102259,0.2063202778446408,1241.0
02001,02,Baja California,Ensenada,443807,20882,22.07642946077962,7.201636524245664,26.717871485714873,-4.641442024935252,bajo,en lo esperado,1.267434652932809,4.960049816188364,-0.970463,32.782739,2.7688255637538988,4610.000000000001
02002,02,Baja California,Mexicali,1049792,51325,20.65660009741842,5.831596015751679,25.655619741420757,-4.999019644002338,muy bajo,en lo esperado,2.6620395655864137,5.291958370624606,-1.240347,27.493915,0.5851878284885647,10602.000000000004
02003,02,Baja California,Tecate,108440,5178,24.12128234839706,7.356998344675373,29.059714367355376,-4.938432018958316,bajo,en lo esperado,1.5604816156757202,7.493019016927568,-1.024642,28.893175,0.6663898090648329,1248.9999999999998
02004,02,Baja California,Tijuana,1922523,93150,22.908212560386477,8.690715254486769,26.442289433533496,-3.5340768731470185,bajo,en lo esperado,0.5264406278218301,2.143100546837194,-1.149643,31.405132,0.6701759211793096,21339.000000000004
02005,02,Baja California,Playas de Rosarito,126890,6534,24.57912457912458,9.123921924648206,23.798038368079588,0.7810862110449932,bajo,en lo esperado,0.9706866296233746,1.6466716894679887,-0.956101,41.046104,0.9758940223413248,1606.0000000000002
02006,02,Baja California,San Quintín,117568,6521,33.30777488115319,9.12781954887218,41.48147036344975,-8.173695482296559,medio,mejor de lo esperado,4.265766813890028,9.27019995819134,0.349481,44.198815,15.706091231903851,2172.0
03001,03,Baja California Sur,Comondú,73021,4090,16.674816625916876,4.966373512674599,30.311661620047857,-13.636844994130982,muy bajo,mejor de lo esperado,0.7158856075731861,2.8067104331886643,-0.811338,43.426841,1.208869814020029,682.0000000000001
03002,03,Baja California Sur,Mulegé,64022,3282,23.18708104814138,7.874015748031496,29.19985896529235,-6.01277791715097,bajo,mejor de lo esperado,1.686823326437663,5.823642557231667,-0.568869,31.040424,4.942238921573474,761.0000000000001
03003,03,Baja California Sur,La Paz,292241,14005,16.1870760442699,4.502841957628996,19.931883328123565,-3.744807283853664,muy bajo,en lo esperado,0.3808520327361009,1.4973621641689667,-1.101218,27.426621,1.1349414344547253,2266.9999999999995
03008,03,Baja California Sur,Los Cabos,351111,17269,20.053274654004284,6.082725060827251,29.271555955731372,-9.218281301727089,muy bajo,mejor de lo esperado,0.1902267007435761,0.5083239179605998,-0.758723,41.852226,1.9214296308179395,3462.9999999999995
03009,03,Baja California Sur,Loreto,18052,930,17.311827956989248,5.608465608465608,28.13405791470141,-10.82222995771216,muy bajo,mejor de lo esperado,0.95613029736526,2.866801637366683,-0.890728,42.151135,1.1957972949439832,161.0
04001,04,Campeche,Calkiní,59232,2886,19.36936936936937,5.01153972964062,31.733528531381285,-12.364159162011916,muy bajo,mejor de lo esperado,3.4881291281484765,4.446709807019067,-0.427612,69.756349,47.68051777173237,559.0
04002,04,Campeche,Campeche,294077,13520,18.03254437869822,5.029895366218236,22.80148083245237,-4.768936453754151,muy bajo,en lo esperado,1.000275792599667,5.361432428398929,-1.14464,40.152968,4.675694990098235,2437.9999999999995
04003,04,Campeche,Carmen,248845,11635,22.86205414697035,8.856027249314613,26.213113242136455,-3.3510590951661037,bajo,en lo esperado,1.0095881413456038,3.4078216740945457,-0.922415,44.887276,1.516040227941208,2660.0000000000005
04004,04,Campeche,Champotón,78170,4267,31.05226154206703,10.307583939891993,29.61425884548724,1.4380026965797903,medio,en lo esperado,2.960393350229524,12.327777038641765,-0.446059,64.422161,9.056986412492394,1325.0
04005,04,Campeche,Hecelchakán,31917,1630,20.552147239263803,11.622554660529344,29.843930257415245,-9.291783018151442,muy bajo,mejor de lo esperado,2.4994527866132974,9.342302962868564,-0.453318,71.880993,36.172668513388736,335.0
04006,04,Campeche,Hopelchén,42140,2425,44.0,25.210084033613445,43.817246795615944,0.1827532043840563,muy alto,en lo esperado,5.247516191751068,24.91136719334966,0.036244,80.459304,36.88663711209627,1067.0
04007,04,Campeche,Palizada,8683,450,26.66666666666667,6.94980694980695,26.894206963082304,-0.22754029641563278,bajo,en lo esperado,3.812934262025978,10.850969530220029,-0.31218,66.923517,0.8121212121212121,120.00000000000003
04008,04,Campeche,Tenabo,11452,554,23.46570397111914,9.022556390977444,31.570187167361254,-8.104483196242114,bajo,mejor de lo esperado,2.494889021816668,7.51620331267726,-0.34409,63.120694,18.13599706744868,130.00000000000003
04009,04,Campeche,Escárcega,59923,3225,37.92248062015504,12.751292360712236,32.87978354363854,5.042697076516504,alto,peor de lo esperado,3.276820959177525,8.677645414027863,-0.379536,75.076478,5.60139638210092,1223.0
04010,04,Campeche,Calakmul,31714,1894,39.65153115100317,12.96116504854369,43.02062263668226,-3.3690914856790926,alto,en lo esperado,7.727379326781392,39.40964354751592,0.317074,87.698592,25.78071730533206,751.0000000000001
04011,04,Campeche,Candelaria,46913,2580,47.713178294573645,17.134831460674157,44.494988216300314,3.218190078273331,muy alto,en lo esperado,12.805882162336244,46.388520451961305,0.414902,87.137968,6.476902390665239,1231.0
04012,04,Campeche,Seybaplaya,15297,696,27.58620689655173,8.176943699731904,32.625404886498735,-5.039197989947006,bajo,mejor de lo esperado,4.672237067955766,33.08991492937037,-0.699509,-888.0,2.993150684931507,192.00000000000003
05001,05,Coahuila de Zaragoza,Abasolo,1022,34,17.647058823529406,2.631578947368421,24.30131853308474,-6.654259709555333,muy bajo,mejor de lo esperado,1.8067873621503203,3.5547240411599623,-1.282192,70.10841,0.1017293997965412,5.999999999999997
05002,05,Coahuila de Zaragoza,Acuña,163058,8887,28.074715877123893,7.466115322765908,26.846613054706978,1.2281028224169148,medio,en lo esperado,0.0856750028800385,0.0886871850075842,-1.186766,29.744037,0.2819316867829906,2495.0
05003,05,Coahuila de Zaragoza,Allende,23056,1093,33.94327538883806,10.94147582697201,23.32560016096844,10.617675227869622,medio,peor de lo esperado,0.0319774799958039,0.0,-1.221814,31.905535,0.0550888307395675,371.0
05004,05,Coahuila de Zaragoza,Arteaga,29578,1399,29.09220872051465,8.26271186440678,33.15654961930793,-4.064340898793283,medio,en lo esperado,1.3875145448827118,0.1267138865423354,-1.049694,36.140637,0.2219437981027385,406.99999999999994
05005,05,Coahuila de Zaragoza,Candela,1643,93,35.483870967741936,18.08510638297872,29.183918449514586,6.29995251822735,alto,peor de lo esperado,6.598395245986417,20.911474087517647,-0.706085,42.270321,0.0,33.0
05006,05,Coahuila de Zaragoza,Castaños,29128,1444,21.606648199445985,6.492637215528782,30.58029823778143,-8.973650038335446,bajo,mejor de lo esperado,0.6074218057693986,2.2537755548507925,-1.165801,40.183216,0.0580572589716608,312.0
05007,05,Coahuila de Zaragoza,Cuatro Ciénegas,12715,625,32.16,9.686609686609687,27.588951192988603,4.571048807011394,medio,en lo esperado,0.7760839243825804,3.026627187775988,-0.773303,41.11408,0.100418410041841,200.99999999999997
05008,05,Coahuila de Zaragoza,Escobedo,3047,143,34.26573426573427,9.45945945945946,27.839162442099006,6.4265718236352605,alto,peor de lo esperado,2.2472403881441885,0.4213938411669368,-0.964528,36.252016,0.0345423143350604,49.0
05009,05,Coahuila de Zaragoza,Francisco I. Madero,59035,3122,31.93465727098014,9.44686140459913,27.029847788381975,4.904809482598164,medio,en lo esperado,1.125725626109115,0.4514697726252765,-1.02787,37.824378,0.0864880448296365,996.9999999999999
05010,05,Coahuila de Zaragoza,Frontera,82409,4111,25.662855752858192,7.661668228678538,25.58099943441376,0.08185631844443364,bajo,en lo esperado,0.1565400453192058,0.0,-1.300759,27.080625,0.0666923175580351,1055.0000000000002
05011,05,Coahuila de Zaragoza,General Cepeda,11898,597,27.63819095477388,8.372093023255815,29.66187523888874,-2.023684284114861,bajo,en lo esperado,2.4595024729808634,1.9875573210595137,-0.91883,40.251792,0.0177604120415593,165.00000000000006
05012,05,Coahuila de Zaragoza,Guerrero,1643,83,32.53012048192771,6.818181818181818,19.52891916476505,13.00120131716266,medio,peor de lo esperado,5.246096121911823,22.31153167905277,-0.736287,32.867925,0.6349206349206349,27.0
05013,05,Coahuila de Zaragoza,Hidalgo,1735,108,35.18518518518519,19.35483870967742,38.622451567149184,-3.437266381963994,alto,en lo esperado,0.4979728298970227,1.790710688304421,-0.89738,32.407576,0.0,38.00000000000001
05014,05,Coahuila de Zaragoza,Jiménez,9502,505,35.04950495049505,11.522633744855968,23.817665612309067,11.231839338185981,alto,peor de lo esperado,2.1630338791431565,3.639677505956575,-0.72267,30.946776,0.0332852546321979,177.0
05015,05,Coahuila de Zaragoza,Juárez,1584,70,35.71428571428571,10.465116279069768,21.613651870315557,14.10063384397015,alto,peor de lo esperado,9.031331014462458,39.95469562803856,-1.009518,37.892929,0.0,24.999999999999996
05016,05,Coahuila de Zaragoza,Lamadrid,1764,75,18.66666666666667,7.0588235294117645,27.88548730660208,-9.218820639935409,muy bajo,mejor de lo esperado,0.1059606462818895,0.4481792717086834,-1.095539,70.10841,0.0590667454223272,14.000000000000004
05017,05,Coahuila de Zaragoza,Matamoros,118337,6718,32.40547782077999,10.782820590922936,25.262681754038706,7.142796066741287,medio,peor de lo esperado,0.9924064692378378,0.0,-1.039603,32.720944,0.3335592736613035,2177.0
05018,05,Coahuila de Zaragoza,Monclova,237951,11373,20.856414314604763,6.078071784123657,24.78953370493007,-3.933119390325306,muy bajo,en lo esperado,0.0186647925044515,0.0599129496624263,-1.355182,29.927207,0.097257772885417,2371.9999999999995
05019,05,Coahuila de Zaragoza,Morelos,7928,429,28.205128205128204,6.392694063926941,23.34168763837996,4.863440566748245,medio,en lo esperado,0.0584231817517843,0.0123731749566938,-1.278062,31.687857,0.0265533722782793,121.0
05020,05,Coahuila de Zaragoza,Múzquiz,71627,3568,32.343049327354265,9.790590155017677,24.379768867996077,7.963280459358188,medio,peor de lo esperado,0.4077070287745288,0.2710196551014177,-1.098356,35.795216,0.149441090322195,1154.0000000000002
05021,05,Coahuila de Zaragoza,Nadadores,6539,284,19.718309859154928,4.918032786885246,27.624945841029188,-7.90663598187426,muy bajo,mejor de lo esperado,0.8495061184773144,0.150897842160857,-1.16147,21.450144,0.0956327701625757,55.99999999999999
05022,05,Coahuila de Zaragoza,Nava,33129,1754,28.563283922462944,9.801821103374396,28.095853952765495,0.46742996969744866,medio,en lo esperado,1.4336924935815822,0.3804953051440099,-1.227345,30.656409,0.0734683447262505,501.00000000000006
05023,05,Coahuila de Zaragoza,Ocampo,9642,512,28.515625,13.787085514834208,36.19517168058974,-7.679546680589738,medio,mejor de lo esperado,2.451312060974762,8.038281735920226,-0.43041,41.667484,0.0217864923747276,146.0
05024,05,Coahuila de Zaragoza,Parras,44472,2339,28.94399315946985,7.417218543046357,29.596720992698472,-0.6527278332286208,medio,en lo esperado,1.2567214959345865,2.0320856477093434,-1.026923,36.359645,0.1619548907995331,676.9999999999998
05025,05,Coahuila de Zaragoza,Piedras Negras,176327,9118,28.076332529063396,9.134147659712465,24.415293337169043,3.6610391918943535,medio,en lo esperado,0.1602654540545375,1.0255419107409796,-1.295353,28.568166,0.1532429439406183,2560.0000000000005
05026,05,Coahuila de Zaragoza,Progreso,3239,149,26.174496644295303,7.878787878787879,19.755614277762,6.418882366533303,bajo,peor de lo esperado,3.742550286619661,5.92702946262574,-0.842305,36.355739,0.0330250990752972,39.0
05027,05,Coahuila de Zaragoza,Ramos Arizpe,122243,5995,28.940783986655543,7.4406670942912125,27.699610467096957,1.2411735195585862,medio,en lo esperado,0.4793309586979149,2.7523900097248477,-1.257305,20.684852,0.3573833324700886,1734.9999999999998
05028,05,Coahuila de Zaragoza,Sabinas,64811,3195,25.665101721439758,8.925204274041484,20.208923678596754,5.456178042843003,bajo,peor de lo esperado,0.0741115823343274,0.164531538911915,-1.270138,26.034844,0.1400126988261726,820.0000000000003
05029,05,Coahuila de Zaragoza,Sacramento,2471,121,24.79338842975207,10.483870967741936,30.41775388500276,-5.62436545525069,bajo,mejor de lo esperado,0.035280347437927,0.0,-1.164213,70.10841,0.0,30.000000000000004
05030,05,Coahuila de Zaragoza,Saltillo,879958,43636,22.469978916490973,5.790008311016714,26.183470695068436,-3.7134917785774633,bajo,en lo esperado,0.105364650305894,0.3671606218167684,-1.383355,23.819055,0.2613970433517497,9805.000000000002
05031,05,Coahuila de Zaragoza,San Buenaventura,24759,1149,20.10443864229765,6.395348837209302,24.875934270319448,-4.771495628021796,muy bajo,en lo esperado,0.5296166912605799,1.848371565697496,-1.294073,28.879208,0.0851534891642185,231.0
05032,05,Coahuila de Zaragoza,San Juan de Sabinas,42260,1985,25.18891687657431,9.720101781170484,19.660761474460994,5.528155402113317,bajo,peor de lo esperado,0.1433340997207469,0.0424478245489918,-1.250474,28.091144,0.0670274564321533,500.0000000000001
05033,05,Coahuila de Zaragoza,San Pedro,101041,5552,25.378242074927957,7.100694444444445,26.3381682941908,-0.9599262192628437,bajo,en lo esperado,0.8561973929211981,0.1846856498887982,-0.947149,48.333572,0.1695731362656227,1409.0000000000002
05034,05,Coahuila de Zaragoza,Sierra Mojada,6744,305,30.49180327868852,8.875739644970414,30.027104645536586,0.46469863315193294,medio,en lo esperado,1.6904705313653157,6.318135597228464,-1.040244,29.806494,0.1427664974619289,92.99999999999997
05035,05,Coahuila de Zaragoza,Torreón,720848,35772,23.389802079838987,6.977139457805728,22.832159579090728,0.5576425007482584,bajo,en lo esperado,0.1127666108251855,0.3047338337931512,-1.334731,32.991357,0.1321371951619701,8367.000000000002
05036,05,Coahuila de Zaragoza,Viesca,20305,1245,34.618473895582326,11.99021207177814,31.641514548139487,2.9769593474428397,alto,en lo esperado,3.143167435088225,5.217643317621401,-0.594478,48.431092,0.0574322560434396,430.99999999999994
05037,05,Coahuila de Zaragoza,Villa Unión,6188,329,30.699088145896653,10.122699386503069,28.676707748837824,2.0223803970588285,medio,en lo esperado,0.8969735327707989,2.600183572142586,-1.09659,34.452404,0.0344768143423547,100.99999999999999
05038,05,Coahuila de Zaragoza,Zaragoza,13135,644,35.09316770186335,9.251700680272108,31.464595440444835,3.6285722614185154,alto,en lo esperado,0.8069824505031554,3.0788018656321388,-0.907766,41.679241,0.0805671930389945,225.99999999999997
06001,06,Colima,Armería,27626,1409,34.35060326472676,13.658201784488677,28.22716163944334,6.123441625283416,alto,peor de lo esperado,0.2343388759715735,0.0,-0.489055,49.973135,0.3868471953578336,484.00000000000006
06002,06,Colima,Colima,157048,7421,18.312895836140683,5.789034233231283,20.683949800905047,-2.3710539647643643,muy bajo,en lo esperado,0.1291610112423908,0.137763500261809,-1.157756,33.931509,0.4302954474741657,1359.0
06003,06,Colima,Comala,21661,1148,26.916376306620208,9.267840593141798,26.21965716160723,0.6967191450129775,bajo,en lo esperado,0.6512847906008116,0.0,-0.719713,57.014769,0.3227982270186934,309.0
06004,06,Colima,Coquimatlán,20837,1077,30.82636954503249,9.86842105263158,25.99225686125537,4.834112683777121,medio,en lo esperado,0.5846084390794439,1.0269329585590543,-0.646125,54.436618,1.0298402491711045,331.9999999999999
06005,06,Colima,Cuauhtémoc,31267,1664,24.759615384615387,10.38536903984324,26.328192325114447,-1.5685769404990602,bajo,en lo esperado,0.4540912901815382,0.0,-0.884068,36.285457,3.7303730373037305,412.0
06006,06,Colima,Ixtlahuacán,5623,269,27.13754646840148,7.171314741035856,25.65824408070193,1.4793023876995512,bajo,en lo esperado,1.8796675906242148,0.0,-0.421713,51.522171,0.277623542476402,72.99999999999999
06007,06,Colima,Manzanillo,191031,9454,19.6319018404908,8.082376073683122,25.05255447318213,-5.420652632691329,muy bajo,mejor de lo esperado,0.1842071981644449,0.0791172939883479,-1.087651,32.30112,0.4937269251235688,1856.0000000000002
06008,06,Colima,Minatitlán,10231,494,22.064777327935214,8.506616257088847,28.701288262240805,-6.636510934305591,bajo,mejor de lo esperado,1.411352763064372,0.1068895151102905,-0.623937,34.545775,0.2295252999478351,108.99999999999996
06009,06,Colima,Tecomán,116305,6118,36.00849950964368,16.839459629280555,29.33459483928085,6.673904670362827,alto,peor de lo esperado,0.2079673473901464,0.1189613856724783,-0.48853,46.674811,1.5575087079716292,2203.0
06010,06,Colima,Villa de Álvarez,149762,7185,15.838552540013922,4.63623395149786,22.952255820503254,-7.113703280489332,muy bajo,mejor de lo esperado,0.0558749248387267,0.1689761359036836,-1.32786,25.95935,0.2812528281921151,1138.0000000000005
07001,07,Chiapas,Acacoyagua,17994,1050,38.57142857142857,16.063548102383052,38.12404983815766,0.4473787332709094,alto,en lo esperado,1.3701348142093055,0.0,0.082204,82.250656,0.2689296599533855,404.99999999999994
07002,07,Chiapas,Acala,21187,1211,36.0858794384806,20.34294621979735,31.577080142245613,4.50879929623499,alto,en lo esperado,1.1464049295925638,0.0,-0.03197,83.076602,7.9582354998251486,437.0000000000001
07003,07,Chiapas,Acapetahua,26899,1353,33.11160384331116,15.52076242341729,35.302773763412056,-2.191169920100897,medio,en lo esperado,2.014325244966474,0.0,0.039884,64.598798,0.1344670753411113,448.0
07004,07,Chiapas,Altamirano,36160,2371,50.40067482075074,22.8042536431666,51.931684700093015,-1.5310098793422782,muy alto,en lo esperado,2.4286141113000967,0.0214575007376015,1.42085,95.672843,62.661373416570704,1195.0
07005,07,Chiapas,Amatán,24512,1494,48.46050870147256,20.23298589822195,45.901209958636386,2.5592987428361766,muy alto,en lo esperado,2.3736217066598666,0.0,1.256774,92.977393,26.484278939047957,724.0
07006,07,Chiapas,Amatenango de la Frontera,31735,1785,42.07282913165266,20.174165457184326,39.82220877737722,2.2506203542754406,alto,en lo esperado,2.007312842102411,0.0,0.229509,84.085425,1.8250008371563475,751.0
07007,07,Chiapas,Amatenango del Valle,11283,736,65.21739130434783,32.67813267813268,50.03664689124927,15.180744413098559,muy alto,peor de lo esperado,1.5310232427227908,0.0,2.321146,94.150694,71.51422860949843,480.0
07008,07,Chiapas,Angel Albino Corzo,31947,1909,37.663698271346256,17.166344294003867,44.72970262968312,-7.066004358336862,alto,mejor de lo esperado,1.7141072868129603,0.0523330855182277,0.517613,89.233155,3.251162323978994,719.0000000000001
07009,07,Chiapas,Arriaga,41135,2240,22.63392857142857,10.047639670853185,29.937200053128063,-7.303271481699493,bajo,mejor de lo esperado,1.2162701899693589,0.5681833224417026,-0.429847,68.751499,0.4919202732324004,506.99999999999994
07010,07,Chiapas,Bejucal de Ocampo,7365,479,52.81837160751566,17.472118959107807,51.92524398976105,0.8931276177546081,muy alto,en lo esperado,2.141633442678961,0.0,0.684595,95.499508,0.2612102742707879,253.0
07011,07,Chiapas,Bella Vista,20157,1262,35.26148969889066,12.193412754029431,40.687891052331416,-5.42640135344076,alto,mejor de lo esperado,1.4453638710515668,0.0,0.610934,85.761211,0.6776277774859484,445.0000000000001
07012,07,Chiapas,Berriozábal,64632,3664,44.3231441048035,20.087674058793198,36.427017092315786,7.89612701248771,muy alto,peor de lo esperado,1.3536587843821857,0.0,0.045575,68.718916,4.006828515618588,1624.0000000000002
07013,07,Chiapas,Bochil,37263,2259,41.87693669765383,18.329278183292782,41.37607012040086,0.500866577252971,alto,en lo esperado,2.1092453332007333,0.0,0.682808,82.958086,47.43212811209808,946.0000000000001
07014,07,Chiapas,El Bosque,24273,1546,59.1203104786546,26.10169491525424,53.33213820088599,5.788172277768609,muy alto,peor de lo esperado,1.4609118832079362,0.0,1.301126,96.746665,94.25687745623436,914.0000000000001
07015,07,Chiapas,Cacahoatán,50112,2958,23.630831643002026,10.409281340638092,30.481363744478564,-6.850532101476539,bajo,mejor de lo esperado,0.4840528681194193,0.0,-0.222215,82.268249,2.784547246180254,698.9999999999999
07016,07,Chiapas,Catazajá,17619,850,22.235294117647054,11.3561190738699,37.02279956968793,-14.787505452040879,bajo,mejor de lo esperado,3.509836678681728,0.0,-0.066618,73.507284,2.774621778389045,188.99999999999994
07017,07,Chiapas,Cintalapa,88106,4817,27.81814407307452,11.22983870967742,36.91336039602591,-9.095216322951387,medio,mejor de lo esperado,1.541921177818473,2.3886835942516687,-0.137743,77.367287,7.254354057765037,1339.9999999999995
07018,07,Chiapas,Coapilla,9900,573,46.94589877835951,17.333333333333332,48.06517084166192,-1.1192720633024038,muy alto,en lo esperado,2.364269575876545,0.0,0.381097,86.438819,11.18321436296777,269.0
07019,07,Chiapas,Comitán de Domínguez,166178,9124,34.41473038141166,14.676025917926566,36.00506428133203,-1.590333899920374,alto,en lo esperado,1.119158755300253,0.1174324634948205,-0.280019,75.682104,4.049881762218432,3139.9999999999995
07020,07,Chiapas,La Concordia,49920,2777,41.411595246669066,16.556945358788678,46.197086819624666,-4.7854915729556,alto,en lo esperado,3.1830781296033748,4.716984677068586,0.526642,81.286686,7.575628643151938,1150.0
07021,07,Chiapas,Copainalá,22192,1334,28.18590704647676,12.6044039483675,28.004371898252426,0.18153514822433436,medio,en lo esperado,1.6421470765496913,0.0,0.080833,80.70068,9.436666825935305,376.0
07022,07,Chiapas,Chalchihuitán,21915,1473,77.25729803122879,45.34050179211469,61.26204815397223,15.995249877256555,muy alto,peor de lo esperado,3.279206545761441,0.0,4.260517,99.411754,98.8540715951729,1138.0
07023,07,Chiapas,Chamula,101967,6803,80.24400999559018,43.2554945054945,57.37483049052904,22.869179505061133,muy alto,peor de lo esperado,2.199915644206688,0.0,2.564559,97.016753,98.21072711190682,5458.999999999999
07024,07,Chiapas,Chanal,13678,997,51.75526579739218,19.281332164767747,63.26825816001846,-11.512992362626285,muy alto,mejor de lo esperado,1.2738963294435692,0.0,2.4473,99.637481,98.4765784114053,516.0
07025,07,Chiapas,Chapultenango,7472,529,26.46502835538752,12.375249500998004,31.87824796684168,-5.41321961145416,bajo,mejor de lo esperado,1.787031161593138,0.0,0.734063,88.403983,79.76770863206194,140.0
07026,07,Chiapas,Chenalhó,47371,3183,76.5315739868049,46.534368708656885,64.0335913500908,12.497982636714099,muy alto,peor de lo esperado,2.4534350591897653,0.0,2.877015,99.164463,96.76931536981029,2436.0
07027,07,Chiapas,Chiapa de Corzo,112075,6007,27.667720992175788,11.5464910872009,33.76280665375925,-6.095085661583461,bajo,mejor de lo esperado,1.2897750251066935,0.0,-0.452716,65.94338,3.89842800764804,1661.9999999999995
07028,07,Chiapas,Chiapilla,6156,334,30.538922155688624,11.695906432748538,34.45546117468658,-3.916539018997959,medio,en lo esperado,0.644829743784971,0.0,0.050131,85.127395,2.956759528285763,102.0
07029,07,Chiapas,Chicoasén,5402,324,28.395061728395063,3.7383177570093458,29.12240620411357,-0.7273444757185068,medio,en lo esperado,1.4402463512750128,0.0,-0.172642,76.715295,8.243375858684985,92.00000000000001
07030,07,Chiapas,Chicomuselo,36785,2212,36.12115732368897,14.237995824634655,39.03389553543693,-2.912738211747964,alto,en lo esperado,1.599405141530999,0.0,0.527657,86.060203,0.7618551026911156,799.0
07031,07,Chiapas,Chilón,137262,9408,45.48256802721088,22.26097844557732,64.28400678125627,-18.801438754045385,muy alto,mejor de lo esperado,2.539951053495792,0.0,2.16834,97.881574,93.4416961130742,4278.999999999999
07032,07,Chiapas,Escuintla,30896,1811,31.36388735505245,12.748597654258033,35.839537596697184,-4.475650241644733,medio,en lo esperado,1.8121071491331768,0.0,0.151513,77.82197,0.3825475599669148,567.9999999999999
07033,07,Chiapas,Francisco León,7245,464,35.12931034482759,11.77570093457944,40.8841857377253,-5.754875392897716,alto,mejor de lo esperado,1.660139060552374,0.0,0.786109,89.931742,68.80733944954129,163.0
07034,07,Chiapas,Frontera Comalapa,80897,4638,35.705045278137135,14.916008905079943,36.00807396817281,-0.30302869003567423,alto,en lo esperado,1.9515596848394128,0.0012285917880924,-0.088252,82.042163,1.915481832543444,1656.0000000000005
07035,07,Chiapas,Frontera Hidalgo,14556,797,28.356336260978665,14.916467780429594,43.71626549530439,-15.359929234325726,medio,mejor de lo esperado,3.1353806809016804,0.0,0.05739,75.683573,0.5665097115950559,225.99999999999997
07036,07,Chiapas,La Grandeza,7701,562,38.61209964412812,18.46153846153846,39.121789248315615,-0.5096896041874928,alto,en lo esperado,1.6057270448441707,0.0,0.281259,91.60684,0.5444646098003629,217.00000000000006
07037,07,Chiapas,Huehuetán,36333,1963,27.814569536423846,13.323643410852712,34.913245220200785,-7.098675683776939,medio,mejor de lo esperado,1.7518277964549267,0.0,0.181587,61.897163,0.2073113758467647,546.0000000000001
07038,07,Chiapas,Huixtán,22975,1488,50.73924731182796,19.258373205741627,53.31839492521662,-2.5791476133886633,muy alto,en lo esperado,2.653687326051989,0.0,1.87954,97.459568,92.82200253010356,755.0000000000001
07039,07,Chiapas,Huitiupán,27893,1784,51.17713004484305,27.050053248136315,53.680871584009104,-2.5037415391660574,muy alto,en lo esperado,1.99647871997159,0.0,1.389175,95.980211,53.50111943179186,912.9999999999999
07040,07,Chiapas,Huixtla,53242,3008,29.32180851063829,12.033845189595738,30.031013070208335,-0.7092045595700434,medio,en lo esperado,1.2233236068470643,0.0,-0.219837,62.910837,1.182365523251208,881.9999999999998
07041,07,Chiapas,La Independencia,46409,2584,62.77089783281734,35.77803647652309,58.85049227684467,3.920405555972671,muy alto,en lo esperado,2.864450565215077,0.0,0.77228,93.692425,4.869453788242832,1622.0
07042,07,Chiapas,Ixhuatán,11377,669,50.37369207772795,20.707070707070702,32.185644129889546,18.188047947838406,muy alto,peor de lo esperado,1.2563610571258308,0.0,0.394224,88.284385,38.02830278279039,337.0
07043,07,Chiapas,Ixtacomitán,10961,649,33.281972265023114,10.735294117647058,35.108909942040256,-1.826937677017142,medio,en lo esperado,1.8197765675754276,0.0,0.043094,71.573521,20.47045101088647,216.0
07044,07,Chiapas,Ixtapa,28999,1779,53.96290050590219,22.33115468409586,45.30173909866873,8.661161407233458,muy alto,peor de lo esperado,1.96910543688922,0.0,0.65865,88.541596,19.60624976914269,960.0
07045,07,Chiapas,Ixtapangajoya,6284,393,36.1323155216285,21.06824925816024,29.635087465483554,6.4972280561449445,alto,peor de lo esperado,0.948638854465267,0.0,0.573689,76.903458,13.54024556616644,142.0
07046,07,Chiapas,Jiquipilas,41063,2195,25.148063781321184,10.479422995333053,29.491449938905305,-4.343386157584121,bajo,en lo esperado,1.898663236097505,0.0,-0.117168,70.632752,6.099320008242325,552.0
07047,07,Chiapas,Jitotol,24966,1529,49.77109221713538,19.816197587593336,50.793863337614546,-1.0227711204791632,muy alto,en lo esperado,1.91669508813727,0.0,0.698862,96.086391,71.79627851689297,761.0
07048,07,Chiapas,Juárez,21807,1127,25.110913930789707,10.606060606060606,32.40510530541847,-7.294191374628767,bajo,mejor de lo esperado,2.4364518406628077,0.0,-0.328909,61.41317,5.973118540443496,283.0
07049,07,Chiapas,Larráinzar,31259,2100,60.90476190476191,29.66567922132882,50.11346243226386,10.791299472498054,muy alto,peor de lo esperado,2.4161202841300944,0.0,1.255667,96.235484,98.36338517127776,1279.0000000000002
07050,07,Chiapas,La Libertad,5232,249,28.11244979919678,13.090909090909092,35.42024089596991,-7.30779109677313,medio,mejor de lo esperado,4.908192179619714,17.460055058468047,-0.189003,46.473617,3.2556270096463025,69.99999999999999
07051,07,Chiapas,Mapastepec,46130,2513,32.67011539992042,14.18359668924003,38.96888207671266,-6.298766676792241,medio,mejor de lo esperado,2.16924331002277,0.039748122424217,-0.060241,77.393445,0.3553823225954373,821.0000000000001
07052,07,Chiapas,Las Margaritas,141027,8976,57.063279857397504,28.24053936494128,56.875274463547285,0.18800539385021864,muy alto,en lo esperado,2.986554019322995,1.3598300328151771,1.599144,95.746386,47.15161598422528,5122.0
07053,07,Chiapas,Mazapa de Madero,7901,504,39.68253968253968,17.576791808873722,35.222762026866384,4.459777655673292,alto,en lo esperado,2.191904845370674,0.0,0.329235,87.710604,3.462622466782982,199.99999999999997
07054,07,Chiapas,Mazatán,28250,1481,33.55840648210669,14.18877236273905,35.79043622860627,-2.2320297464995775,medio,en lo esperado,2.2863987595281,0.0,0.060171,64.228176,0.2965910797417029,497.00000000000006
07055,07,Chiapas,Metapa,5876,319,20.689655172413797,11.224489795918368,29.22382829731917,-8.534173124905372,muy bajo,mejor de lo esperado,1.2304289012027745,0.0,-0.310815,66.675049,0.3640997633351538,66.00000000000001
07056,07,Chiapas,Mitontic,13755,943,70.4135737009544,45.24053224155578,60.89898227092502,9.514591430029384,muy alto,peor de lo esperado,1.796921833179819,0.0,2.865647,98.755527,98.43369582859926,664.0
07057,07,Chiapas,Motozintla,76398,4945,38.15975733063701,15.16300227445034,39.33542299487918,-1.1756656642421746,alto,en lo esperado,1.3870244533411398,0.0,0.277526,75.811112,1.2446970863727371,1887.0
07058,07,Chiapas,Nicolás Ruíz,4765,375,32.8,14.945652173913045,38.938264688017355,-6.138264688017358,medio,mejor de lo esperado,0.0,0.0,0.284701,97.801008,0.4939380332285586,122.99999999999999
07059,07,Chiapas,Ocosingo,234661,15874,40.76477258409979,19.899301979631534,50.558524519715036,-9.793751935615248,alto,mejor de lo esperado,2.515453699914868,4.18138152192164,1.739935,94.53824,73.20958696423551,6471.000000000001
07060,07,Chiapas,Ocotepec,14088,1101,49.50045413260672,26.666666666666668,52.22980474902278,-2.7293506164160632,muy alto,en lo esperado,0.963360656526646,0.0,1.645398,93.927418,96.44136427347765,545.0
07061,07,Chiapas,Ocozocoautla de Espinosa,97397,5861,41.76761644770517,20.04914004914005,37.061940820606985,4.705675627098188,alto,en lo esperado,1.6997263271164278,0.6851046166749915,0.170683,80.366391,16.461677816459495,2448.0000000000005
07062,07,Chiapas,Ostuacán,18469,1035,29.27536231884058,15.125324114088158,33.02951682246976,-3.754154503629181,medio,en lo esperado,2.2174451612897506,1.162336618197689,0.136178,63.247129,3.944932901434521,303.0
07063,07,Chiapas,Osumacinta,3983,251,21.91235059760956,8.26771653543307,32.100912931219,-10.18856233360944,bajo,mejor de lo esperado,2.490211681579064,0.0,-0.326817,71.826496,10.919849381387843,54.99999999999999
07064,07,Chiapas,Oxchuc,54932,3697,34.379226399783605,10.950941641478726,47.920387633135505,-13.5411612333519,alto,mejor de lo esperado,1.585710879303653,0.0,3.378717,98.80077,94.5220893047495,1270.9999999999998
07065,07,Chiapas,Palenque,132265,7948,31.894816305988925,13.0844508880029,34.940948621723564,-3.0461323157346385,medio,en lo esperado,2.4167833511666617,0.7334520973412482,0.086753,78.445716,41.270149229600165,2535.0
07066,07,Chiapas,Pantelhó,26391,1855,66.90026954177898,42.89827255278311,61.754606230632945,5.145663311146038,muy alto,peor de lo esperado,2.062380063219589,0.0,2.491271,98.484239,91.7347567234654,1241.0
07067,07,Chiapas,Pantepec,12266,845,34.91124260355029,13.105726872246697,44.6688131255623,-9.75757052201201,alto,mejor de lo esperado,1.1488545826481478,0.0,1.13541,91.569017,37.48793965441628,294.99999999999994
07068,07,Chiapas,Pichucalco,31919,1742,22.56027554535017,10.657095527332965,35.20292309498118,-12.642647549631011,bajo,mejor de lo esperado,1.404678566583925,0.0,-0.221975,66.305543,1.8965175444393048,392.99999999999994
07069,07,Chiapas,Pijijiapan,51193,2703,27.74694783573807,11.18421052631579,35.723767285608126,-7.976819449870057,medio,mejor de lo esperado,1.9986585548603304,1.99259346695179,-0.048161,74.826442,0.8231043967322139,750.0
07070,07,Chiapas,El Porvenir,12263,805,42.2360248447205,14.464099895941729,39.32615955056918,2.9098652941513166,muy alto,en lo esperado,1.942126198319188,0.0,0.527706,96.162613,2.340555120508135,340.0
07071,07,Chiapas,Villa Comaltitlán,30297,1634,31.395348837209298,14.733178654292344,36.741938253684445,-5.3465894164751475,medio,mejor de lo esperado,2.7290355282023326,0.0,0.083613,61.761203,0.666969305444006,512.9999999999999
07072,07,Chiapas,Pueblo Nuevo Solistahuacán,29636,1964,51.93482688391039,22.752548656163118,48.62607386402516,3.3087530198852306,muy alto,en lo esperado,1.2143135477793068,0.0,1.119394,94.84451,32.448830409356724,1020.0000000000001
07073,07,Chiapas,Rayón,10866,740,38.108108108108105,17.6696542893726,36.41624538688238,1.691862721225725,alto,en lo esperado,1.1028088678264418,0.0,0.768871,88.399377,34.59480879730533,282.0
07074,07,Chiapas,Reforma,44829,2416,25.86920529801324,10.074349442379182,23.40414445850589,2.465060839507352,bajo,en lo esperado,1.1307890691043494,0.0,-0.724109,63.321752,0.6089903082865334,624.9999999999999
07075,07,Chiapas,Las Rosas,28829,1671,53.5607420706164,31.253420908593323,43.17429982798115,10.386442242635248,muy alto,peor de lo esperado,1.102834016949806,0.0,1.054037,92.494567,6.076516375385519,895.0
07076,07,Chiapas,Sabanilla,29889,1857,38.55681206246634,12.662337662337665,47.72648603954743,-9.16967397708109,alto,mejor de lo esperado,1.942630641727159,0.0,1.364996,95.330187,73.42115739567876,716.0
07077,07,Chiapas,Salto de Agua,64251,4060,33.669950738916256,13.19854611540209,47.06565230421869,-13.395701565302431,medio,mejor de lo esperado,2.8727154874744056,0.0,1.24697,91.07731,81.87096774193549,1367.0
07078,07,Chiapas,San Cristóbal de las Casas,215874,12465,34.73726434015242,18.4695285238984,39.21660863033971,-4.479344290187285,alto,en lo esperado,0.7472488308714214,0.0,-0.122718,75.20231,32.69607171517488,4330.0
07079,07,Chiapas,San Fernando,41793,2360,44.49152542372882,19.95230524642289,42.850374464721305,1.6411509590075113,muy alto,en lo esperado,4.684027054425249,0.0,0.002227,66.520332,2.507471759282711,1050.0
07080,07,Chiapas,Siltepec,25937,1731,32.69786250722126,10.0,48.4546072643731,-15.756744757151843,medio,mejor de lo esperado,1.877276550410512,0.0,0.555407,94.132928,0.2533748701973001,566.0
07081,07,Chiapas,Simojovel,52935,3459,56.43249494073432,30.816959669079623,55.95796127056695,0.474533670167375,muy alto,en lo esperado,1.6392670853900515,0.0,1.507437,96.974409,73.18063744691378,1952.0000000000002
07082,07,Chiapas,Sitalá,15518,1078,59.27643784786642,35.01602564102564,60.04434788651866,-0.7679100386522393,muy alto,en lo esperado,2.545436309611344,0.0,4.173845,98.194918,94.20551657055512,639.0
07083,07,Chiapas,Socoltenango,19092,966,50.0,22.40543161978661,39.67893470398828,10.321065296011717,muy alto,peor de lo esperado,3.1818025391169766,0.0,0.317392,80.630982,6.500167242724942,483.0
07084,07,Chiapas,Solosuchiapa,8561,506,36.758893280632414,20.739549839228296,33.68321263608258,3.075680644549834,alto,en lo esperado,1.3894259752484,0.0,0.369846,81.330311,18.377772240219286,186.00000000000003
07085,07,Chiapas,Soyaló,10890,644,47.36024844720497,21.72661870503597,43.14812887140092,4.212119575804046,muy alto,en lo esperado,0.250453639260875,0.0,0.422559,93.63626,32.90889349521272,305.0
07086,07,Chiapas,Suchiapa,25627,1395,26.66666666666667,9.851551956815117,33.64663003339559,-6.979963366728917,bajo,mejor de lo esperado,0.6738783154977824,0.0,-0.281148,76.485797,0.6221929210103424,372.00000000000006
07087,07,Chiapas,Suchiate,41672,2412,43.407960199004975,24.03314917127072,38.51244191878454,4.895518280220436,muy alto,en lo esperado,1.6840830180675974,0.0,0.603534,69.467806,0.3250825504901835,1047.0
07088,07,Chiapas,Sunuapa,2308,115,20.869565217391298,12.76595744680851,30.208438395696728,-9.33887317830543,muy bajo,mejor de lo esperado,1.6206142780836807,0.0,0.224661,70.444186,0.5537609598523304,23.999999999999993
07089,07,Chiapas,Tapachula,353706,18676,25.535446562433066,12.026855572002535,26.49285496901584,-0.9574084065827755,bajo,en lo esperado,0.9567441313096386,0.0,-0.404519,67.07144,1.0379994918883606,4769.0
07090,07,Chiapas,Tapalapa,4547,280,29.28571428571429,8.6053412462908,33.333843164331334,-4.048128878617046,medio,en lo esperado,0.8214966633897269,0.0,0.610062,82.369405,90.87702798024924,82.0
07091,07,Chiapas,Tapilula,13592,826,24.092009685230025,11.560044893378226,27.432441731251902,-3.3404320460218777,bajo,en lo esperado,0.9913437024774038,0.0,-0.065293,78.141564,8.936669272869429,199.0
07092,07,Chiapas,Tecpatán,21426,1304,34.12576687116564,11.435149654643132,37.24700212130995,-3.1212352501443092,medio,en lo esperado,1.5006723518665206,0.0,0.322362,87.416115,18.832326433594137,444.9999999999999
07093,07,Chiapas,Tenejapa,48162,3114,60.40462427745665,26.08695652173913,55.39013729827032,5.01448697918633,muy alto,peor de lo esperado,1.661263134406568,0.0,1.683409,97.668352,97.70068303239331,1881.0000000000002
07094,07,Chiapas,Teopisca,49499,3183,66.38391454602576,38.54555906869791,50.850205434178406,15.533709111847358,muy alto,peor de lo esperado,1.1052020541719538,0.0,1.262836,94.357426,44.87390588439206,2113.0
07096,07,Chiapas,Tila,83505,4612,38.29141370338248,14.082792207792208,61.685553460963405,-23.394139757580923,alto,mejor de lo esperado,2.097235124200166,0.0,1.745,98.910899,94.32350796792,1766.0
07097,07,Chiapas,Tonalá,91913,5153,24.21890161071221,9.231685527099463,30.099226585796398,-5.880324975084189,bajo,mejor de lo esperado,1.1944349264240484,0.492668875694592,-0.546402,65.348696,0.3926611403246917,1248.0000000000002
07098,07,Chiapas,Totolapa,7211,431,47.79582366589327,19.09547738693467,42.491626478409934,5.304197187483339,muy alto,peor de lo esperado,1.5910181740661546,0.0,0.721426,96.290224,8.849821215733016,206.0
07099,07,Chiapas,La Trinitaria,83111,4497,51.03402268178786,20.50686378035903,45.9377590230025,5.096263658785361,muy alto,peor de lo esperado,2.3934592911722934,0.1629522905238015,0.473267,90.544805,9.994122607517951,2295.0
07100,07,Chiapas,Tumbalá,38025,2373,35.94605983986514,17.197953561589927,53.30781410502336,-17.36175426515822,alto,mejor de lo esperado,1.7505447397766032,0.0,1.674061,96.9062,95.72779466396489,852.9999999999998
07101,07,Chiapas,Tuxtla Gutiérrez,604147,29454,17.62409180416921,7.499737771406594,23.586349513650863,-5.962257709481651,muy bajo,mejor de lo esperado,0.0831173930137487,0.0,-1.071436,55.444449,2.26119444599342,5191.0
07102,07,Chiapas,Tuxtla Chico,41024,2304,22.439236111111114,9.792531120331953,35.14401199124308,-12.704775880131969,bajo,mejor de lo esperado,1.608224982429881,0.0,0.047119,71.723514,0.2217866721683515,517.0
07103,07,Chiapas,Tuzantán,30302,1771,29.474872953133826,12.322274881516588,34.85037898145367,-5.3755060283198475,medio,mejor de lo esperado,1.2285362030322546,0.0,0.025636,74.677089,0.4971814712370015,522.0
07104,07,Chiapas,Tzimol,16560,886,45.82392776523702,18.53546910755149,43.156440696514146,2.6674870687228776,muy alto,en lo esperado,1.9407130801526136,0.0,0.179531,83.903111,1.9474752600862728,406.0
07105,07,Chiapas,Unión Juárez,16008,936,18.58974358974359,9.01639344262295,35.88378010785554,-17.29403651811195,muy bajo,mejor de lo esperado,1.052507739306313,0.0,-0.140053,77.250845,1.0494356808131478,174.0
07106,07,Chiapas,Venustiano Carranza,67292,3824,43.17468619246862,16.910331384015596,42.225717846058004,0.9489683464106164,muy alto,en lo esperado,1.896969536932949,0.1940658331359177,0.543004,89.464069,23.60204593950044,1651.0
07107,07,Chiapas,Villa Corzo,65643,3438,35.95113438045375,17.35024284943335,35.72963420194128,0.22150017851247128,alto,en lo esperado,1.86343183628875,2.1637580615289536,0.226467,86.088379,8.787038388556415,1236.0
07108,07,Chiapas,Villaflores,109536,5926,29.68275396557543,13.027881950105984,31.995169629493457,-2.3124156639180278,medio,en lo esperado,1.5359067494566283,2.251220582653536,-0.249881,75.154513,2.8122956180510137,1759.0
07109,07,Chiapas,Yajalón,40285,2476,45.19386106623586,25.835866261398177,47.76107043086672,-2.5672093646308554,muy alto,en lo esperado,1.7127920670403474,0.0,1.289378,93.472083,63.40694006309148,1119.0
07110,07,Chiapas,San Lucas,7526,438,47.03196347031963,15.939278937381404,40.072069925877855,6.959893544441776,muy alto,peor de lo esperado,0.7578215016763317,0.0,0.673939,91.31811,15.945945945945946,206.0
07111,07,Chiapas,Zinacantán,45373,3078,84.17803768680962,50.17022593624265,62.51507319993407,21.662964486875545,muy alto,peor de lo esperado,2.194267086863728,0.0,2.288732,98.119839,97.823523863422,2591.0
07112,07,Chiapas,San Juan Cancuc,37948,2566,54.01402961808262,23.091849935316947,61.72019115238871,-7.706161534306091,muy alto,mejor de lo esperado,2.076844226803205,0.0,2.950748,99.566106,98.46389281898767,1386.0
07113,07,Chiapas,Aldama,8480,606,68.48184818481849,32.33190271816881,59.37392411669219,9.107924068126302,muy alto,peor de lo esperado,1.4795647300240289,0.0,1.686595,99.514466,99.22988063149788,415.0
07114,07,Chiapas,Benemérito de las Américas,23603,1423,44.13211524947295,20.13888888888889,42.37524537260133,1.756869876871626,muy alto,en lo esperado,1.9953701889353648,7.285758654551753,0.410454,80.860867,25.04942755988781,628.0000000000001
07115,07,Chiapas,Maravilla Tenejapa,14714,962,65.38461538461539,36.24288425047438,55.900503066343646,9.484112318271741,muy alto,peor de lo esperado,4.009854418951534,5.824888024250102,1.64563,96.190081,41.788497217068645,629.0
07116,07,Chiapas,Marqués de Comillas,12892,859,48.544819557625146,22.821100917431192,45.04012861273056,3.504690944894584,muy alto,en lo esperado,3.965922007020183,11.75694601767011,0.85034,82.165526,38.93366918555835,417.0
07117,07,Chiapas,Montecristo de Guerrero,8412,476,33.403361344537814,15.985790408525755,47.10875840656372,-13.70539706202591,medio,mejor de lo esperado,1.6980881987057166,0.0,0.635521,94.891515,1.639134332180817,159.0
07118,07,Chiapas,San Andrés Duraznal,6047,350,67.42857142857143,43.76321353065539,54.98239556465487,12.446175863916558,muy alto,peor de lo esperado,1.0332493434708558,0.0,1.694751,98.567039,92.72434751519484,236.0
07119,07,Chiapas,Santiago el Pinar,4959,324,40.4320987654321,13.110539845758357,57.587932946468456,-17.155834181036354,alto,mejor de lo esperado,1.0131913481767536,0.0,1.868427,97.910787,98.55459195018902,131.0
07120,07,Chiapas,Capitán Luis Ángel Vidal,4315,290,34.13793103448276,14.018691588785046,58.067804746112785,-23.929873711630023,medio,mejor de lo esperado,3.9520950480111168,5.530664184383244,1.136283,94.580627,0.2967359050445103,99.0
07121,07,Chiapas,Rincón Chamula San Pedro,8718,594,68.35016835016835,38.37579617834395,57.46494370232892,10.88522464783943,muy alto,peor de lo esperado,0.9242527460715786,0.0,1.696329,99.073388,87.55800827793804,406.0
07122,07,Chiapas,El Parral,15587,852,28.990610328638496,12.984054669703871,33.99264598557086,-5.002035656932364,medio,mejor de lo esperado,1.8172594779347373,2.191433291378225,-0.126434,81.824198,3.958459774765662,246.99999999999997
07123,07,Chiapas,Emiliano Zapata,10783,606,27.72277227722772,11.202635914332784,32.651301848375994,-4.928529571148275,bajo,en lo esperado,1.049358114181682,0.0,-0.071234,76.862035,20.44461702747306,167.99999999999997
07124,07,Chiapas,Mezcalapa,23847,1626,43.05043050430504,18.956406869220608,33.49624130988984,9.554189194415201,muy alto,peor de lo esperado,1.979764899126272,0.5551193877973831,0.341719,84.757418,24.16681598279878,700.0
07125,07,Chiapas,Honduras de la Sierra,11650,739,32.47631935047362,10.376282782212089,55.55019815106588,-23.07387880059226,medio,mejor de lo esperado,8.00923815698249,34.601435381122045,0.825837,-888.0,0.0642378636321923,240.0
08001,08,Chihuahua,Ahumada,14635,732,40.30054644808743,17.707150964812712,36.72655094980609,3.5739954982813416,alto,en lo esperado,8.096047444950942,24.336775344108005,-0.819982,43.749789,0.5786199913207001,295.0
08002,08,Chihuahua,Aldama,26047,1307,28.309104820198925,9.034051424600417,17.717890098689733,10.591214721509193,medio,peor de lo esperado,1.4478721924457465,4.082746990516188,-1.174008,32.197685,1.1515541955226285,370.0
08003,08,Chihuahua,Allende,8487,405,25.925925925925924,8.411214953271028,25.971547229859496,-0.04562130393357222,bajo,en lo esperado,4.464185349747171,15.384103185116006,-0.982017,24.916702,2.122146822948797,105.0
08004,08,Chihuahua,Aquiles Serdán,24344,1180,37.20338983050848,11.191626409017712,20.004389563307747,17.19900026720073,alto,peor de lo esperado,0.7696762270169075,0.0,-1.168073,38.125758,1.0736460848568472,439.0
08005,08,Chihuahua,Ascensión,26093,1573,44.5645263827082,22.267206477732792,27.06735782261036,17.49716856009784,muy alto,peor de lo esperado,4.7647233503289375,12.586243855524735,-0.676733,53.72718,2.054822335025381,701.0
08006,08,Chihuahua,Bachíniva,5807,214,27.570093457943926,12.751677852348994,27.65574431283356,-0.0856508548896322,bajo,en lo esperado,5.017320883714239,22.26023362079957,-0.592165,16.466365,4.452857400396611,59.00000000000001
08007,08,Chihuahua,Balleza,16440,941,55.68544102019128,30.27777777777778,41.64644611458299,14.038994905608284,muy alto,peor de lo esperado,7.133116919196167,30.12358261672229,3.329732,73.137115,49.61565790323623,523.9999999999999
08008,08,Chihuahua,Batopilas de Manuel Gómez Morín,11270,600,66.33333333333334,39.61538461538461,52.085402877880774,14.247930455452568,muy alto,peor de lo esperado,7.4289947567601295,29.74758992355456,6.827093,94.429658,59.01951451689671,398.00000000000006
08009,08,Chihuahua,Bocoyna,23351,1329,29.0443942814146,11.80167597765363,18.7632810055177,10.2811132758969,medio,peor de lo esperado,1.6307038486436805,6.637802976481551,0.922968,58.571685,14.25512528473804,386.0
08010,08,Chihuahua,Buenaventura,25146,1447,41.81064270905321,20.0255918106206,30.316434079543612,11.4942086295096,alto,peor de lo esperado,2.9045909190637533,7.02944342437157,-0.807769,58.904188,4.11344537815126,605.0
08011,08,Chihuahua,Camargo,49499,2586,30.897138437741688,11.428571428571429,17.41857389600991,13.478564541731778,medio,peor de lo esperado,1.295110297896435,3.958470368721751,-1.148985,34.036973,2.0850159404888418,799.0000000000001
08012,08,Chihuahua,Carichí,8113,446,59.19282511210762,41.2,41.42443805890043,17.768387053207192,muy alto,peor de lo esperado,13.664630800953582,60.04567519015404,3.492768,64.238924,49.53764861294584,263.99999999999994
08013,08,Chihuahua,Casas Grandes,11815,663,29.411764705882348,9.425625920471282,26.43930483721115,2.972459868671198,medio,en lo esperado,2.352361856168342,13.996282681530856,-0.850455,41.364143,2.8959599570968897,194.99999999999997
08014,08,Chihuahua,Coronado,2034,86,20.930232558139537,10.416666666666666,27.900995302937705,-6.970762744798169,muy bajo,mejor de lo esperado,6.231542502415048,32.77232971110522,-0.871124,29.799283,0.4665629860031104,18.0
08015,08,Chihuahua,Coyame del Sotol,1230,52,36.53846153846154,21.27659574468085,40.03678220538173,-3.4983206669201934,alto,en lo esperado,7.848270065773765,35.35695368136072,-0.458541,70.10841,1.3876843018213356,19.0
08016,08,Chihuahua,La Cruz,3704,207,27.053140096618364,10.144927536231885,20.861680904488107,6.191459192130257,bajo,peor de lo esperado,2.3039100928471394,0.0536480686695278,-1.00446,19.432234,2.093352192362093,56.00000000000002
08017,08,Chihuahua,Cuauhtémoc,180638,9708,33.75566543057272,12.811963221178134,18.677169610608292,15.078495819964427,medio,peor de lo esperado,1.583905344582598,5.841608847220692,-1.090677,29.223173,1.6971408318953245,3276.9999999999995
08018,08,Chihuahua,Cusihuiriachi,5099,262,47.70992366412214,24.11067193675889,33.208587369059714,14.501336295062423,muy alto,peor de lo esperado,8.542355244698026,48.30278195488723,-0.317614,37.750837,6.274429129808682,125.0
08019,08,Chihuahua,Chihuahua,937674,44360,18.032010820559066,5.779653589796813,14.751231921135357,3.2807788994237086,muy bajo,en lo esperado,0.1383923213643833,0.4591184793847289,-1.386087,20.818562,1.0508116821670388,7999.000000000002
08020,08,Chihuahua,Chínipas,6222,390,23.58974358974359,7.868020304568528,31.939605647027985,-8.349862057284394,bajo,mejor de lo esperado,4.056965071105719,18.311950756463705,1.901284,55.842686,13.158340389500424,92.00000000000001
08021,08,Chihuahua,Delicias,150506,7371,23.131189797856464,8.087669828249167,15.754558761621627,7.376631036234837,bajo,peor de lo esperado,0.5082189495910231,0.0,-1.27883,27.038814,0.5650583522034489,1705.0
08022,08,Chihuahua,Dr. Belisario Domínguez,2456,99,30.303030303030297,14.851485148514852,25.209947495830157,5.09308280720014,medio,peor de lo esperado,2.4019367509496696,0.2021835826930853,-0.383432,52.623457,5.887265135699374,29.999999999999996
08023,08,Chihuahua,Galeana,6656,396,48.73737373737374,20.711297071129707,35.23656299551892,13.500810741854814,muy alto,peor de lo esperado,1.684334009276924,1.314086783425641,-0.604243,38.551737,6.668824862415021,193.0
08024,08,Chihuahua,Santa Isabel,3791,157,38.21656050955414,10.112359550561798,29.497320809710423,8.719239699843719,alto,peor de lo esperado,4.621161936258528,23.047038431653814,-0.855143,70.10841,1.692601692601693,60.00000000000001
08025,08,Chihuahua,Gómez Farías,7023,353,30.59490084985836,6.958762886597938,25.40886642310326,5.1860344267551,medio,peor de lo esperado,3.6755647899369,19.57161804999095,-0.922168,38.405706,0.4151838671411625,108.0
08026,08,Chihuahua,Gran Morelos,2448,75,29.33333333333333,3.0927835051546397,27.746708498439958,1.586624834893371,medio,en lo esperado,6.0620459402549285,16.727272727272727,-0.72976,30.910891,2.493660185967878,21.999999999999996
08027,08,Chihuahua,Guachochi,50180,2984,45.60991957104557,20.99004424778761,39.051295088165205,6.558624482880369,muy alto,peor de lo esperado,4.325378019979257,17.605304064968436,2.944131,69.547924,56.12476892675775,1360.9999999999998
08028,08,Chihuahua,Guadalupe,4237,299,26.75585284280936,5.405405405405405,24.68536079223964,2.0704920505697224,bajo,en lo esperado,2.157245107795404,1.3574782450333744,-0.918094,25.066066,0.0740192450037009,80.0
08029,08,Chihuahua,Guadalupe y Calvo,50514,3109,50.56288195561274,22.45409015025042,50.06805531052523,0.49482664508750673,muy alto,en lo esperado,4.960728075974076,17.161735447611626,3.264541,81.347439,33.89642758238715,1572.0
08030,08,Chihuahua,Guazapares,8196,426,43.1924882629108,15.875912408759124,44.72441554841869,-1.5319272855078907,muy alto,en lo esperado,4.72454197602355,21.753462346048156,1.85595,71.119205,26.026143790849677,184.0
08031,08,Chihuahua,Guerrero,35473,1882,33.79383634431456,11.208677685950413,25.187231492158716,8.606604852155847,medio,peor de lo esperado,1.419232051397311,1.5349795908552608,-0.386209,51.015858,3.091162597525883,636.0000000000001
08032,08,Chihuahua,Hidalgo del Parral,116662,5815,19.8280309544282,6.153846153846154,19.008760194997485,0.8192707594307151,muy bajo,en lo esperado,0.1507312747384417,0.4379381584322668,-1.239709,36.955636,0.8743916590952026,1152.9999999999998
08033,08,Chihuahua,Huejotitán,824,32,46.875,25.0,23.449773262715393,23.425226737284607,muy alto,peor de lo esperado,5.285661345933093,29.51901371765932,-0.505817,49.524229,1.4120667522464698,15.0
08034,08,Chihuahua,Ignacio Zaragoza,5196,224,28.57142857142857,10.344827586206897,24.311269036309795,4.260159535118774,medio,en lo esperado,3.843373356832363,8.95900002735155,-0.809208,32.427827,0.2195170624625823,64.0
08035,08,Chihuahua,Janos,11005,640,59.84375,44.0422322775264,35.98632968057231,23.85742031942769,muy alto,peor de lo esperado,7.868741461834565,38.4277439943499,-0.302702,41.866712,4.448761534725595,383.0
08036,08,Chihuahua,Jiménez,40859,2187,27.754915409236403,9.565987599645704,20.891310011905283,6.863605397331121,medio,peor de lo esperado,0.5981201954576633,1.010016282036857,-1.103903,44.815766,1.175255069094666,607.0000000000001
08037,08,Chihuahua,Juárez,1512450,82775,25.54636061612805,8.314476971668316,22.491884184982084,3.054476431145968,bajo,en lo esperado,0.023598194259233,0.033164152862985,-1.266366,31.634417,0.5641940080660384,21145.999999999993
08038,08,Chihuahua,Julimes,4980,231,28.138528138528144,12.97071129707113,22.560864250449477,5.577663888078668,medio,peor de lo esperado,2.920737470071593,1.563825650452489,-0.815055,28.177898,0.6128486897717667,65.00000000000001
08039,08,Chihuahua,López,4122,214,30.373831775700936,12.875536480686696,25.46153744712633,4.912294328574607,medio,en lo esperado,1.5800220070830675,2.421196996775805,-0.833833,70.10841,4.2639593908629445,65.00000000000001
08040,08,Chihuahua,Madera,25144,1342,28.46497764530551,10.775566231983529,20.42658875797485,8.038388887330658,medio,peor de lo esperado,1.4914921440531486,6.734562177302938,-0.631036,50.344181,1.416406711069893,381.99999999999994
08041,08,Chihuahua,Maguarichi,1302,53,26.41509433962264,16.867469879518072,27.362209623512427,-0.9471152838897865,bajo,en lo esperado,2.529241349614728,12.005479679521777,3.294234,82.669834,16.802610114192497,14.0
08042,08,Chihuahua,Manuel Benavides,1178,54,35.18518518518519,17.647058823529413,32.15816776487014,3.0270174203150475,alto,en lo esperado,5.101839956457055,18.86049252527759,-0.275021,70.10841,0.4374453193350831,19.000000000000004
08043,08,Chihuahua,Matachí,2742,123,42.27642276422764,17.88617886178862,30.606376284275246,11.670046479952394,muy alto,peor de lo esperado,4.455804436173539,27.78167209580415,-0.65573,33.939944,0.7210626185958254,51.99999999999999
08044,08,Chihuahua,Matamoros,4314,194,23.711340206185568,6.944444444444445,22.37252875640323,1.3388114497823373,bajo,en lo esperado,3.889131072652018,16.091024299388437,-0.855228,35.925647,1.6932752781809386,46.0
08045,08,Chihuahua,Meoqui,44853,2431,34.84162895927602,14.533710133225677,19.135907911764836,15.705721047511187,alto,peor de lo esperado,0.5086223277118574,0.0,-1.021442,36.645702,1.3280243588242182,847.0000000000001
08046,08,Chihuahua,Morelos,7266,418,49.2822966507177,24.56140350877193,47.85597056937585,1.4263260813418484,muy alto,en lo esperado,4.950095896769075,21.975194372454645,3.410274,80.172951,32.65000748166991,205.99999999999997
08047,08,Chihuahua,Moris,4447,249,40.16064257028113,8.98876404494382,38.77235049481358,1.3882920754675467,alto,en lo esperado,3.658012905006104,16.425752980985994,0.484097,67.597577,3.6661842739990353,100.0
08048,08,Chihuahua,Namiquipa,22712,1045,35.88516746411483,15.18151815181518,28.567536061819833,7.317631402294996,alto,peor de lo esperado,7.10173398032012,25.91660183197052,-0.863307,23.444526,1.047627838286875,375.0
08049,08,Chihuahua,Nonoava,2757,146,33.56164383561644,13.017751479289942,25.653500788213496,7.908143047402941,medio,peor de lo esperado,4.399172340497554,14.367019154030324,0.506444,49.460661,13.992395437262358,49.0
08050,08,Chihuahua,Nuevo Casas Grandes,65753,3515,25.433854907539114,8.834117972860703,20.061361910418707,5.372492997120407,bajo,peor de lo esperado,0.5421883958739999,2.165677664433804,-1.238021,36.689986,0.9732437736330712,893.9999999999999
08051,08,Chihuahua,Ocampo,8127,405,36.2962962962963,7.088122605363985,29.514584447926854,6.781711848369444,alto,peor de lo esperado,2.881606172612277,14.35394910574961,0.24412,41.347147,0.9227524387028736,147.0
08052,08,Chihuahua,Ojinaga,24534,1155,34.97835497835497,12.684124386252046,24.875538429729193,10.102816548625778,alto,peor de lo esperado,2.773681422864187,6.402310476438849,-1.041172,39.212079,0.4345394312266059,403.9999999999999
08053,08,Chihuahua,Praxedis G. Guerrero,5111,302,31.125827814569533,13.468013468013469,25.57258358671617,5.553244227853362,medio,peor de lo esperado,1.4771799709378517,0.0191975427145325,-0.733587,16.678277,0.0618046971569839,94.0
08054,08,Chihuahua,Riva Palacio,7695,463,80.12958963282938,57.85876993166287,46.39163845805497,33.73795117477441,muy alto,peor de lo esperado,16.86890223328319,78.47425138502535,-0.362099,70.10841,1.2284334023464458,371.0
08055,08,Chihuahua,Rosales,16776,915,31.36612021857924,9.418604651162791,19.733411840201214,11.632708378378027,medio,peor de lo esperado,1.2934831710947303,0.5377506081250071,-1.012485,33.515135,1.1495681352140683,287.00000000000006
08056,08,Chihuahua,Rosario,2079,101,15.84158415841584,14.444444444444445,28.297125141757444,-12.455540983341605,muy bajo,mejor de lo esperado,5.384820335288625,17.0182841068917,-0.465483,36.846154,1.2487512487512489,15.999999999999998
08057,08,Chihuahua,San Francisco de Borja,2197,91,28.57142857142857,17.59259259259259,28.366054434299866,0.2053741371287039,medio,en lo esperado,3.351121384650107,20.94451665519789,-0.130073,70.10841,8.881578947368421,26.0
08058,08,Chihuahua,San Francisco de Conchos,2696,130,35.38461538461539,11.290322580645162,25.487618603774113,9.896996780841274,alto,peor de lo esperado,1.5966426738666004,0.1748863238894718,-0.899751,70.10841,1.1201235998455,46.0
08059,08,Chihuahua,San Francisco del Oro,5004,238,25.21008403361344,6.42570281124498,17.72842205019486,7.481661983418579,bajo,peor de lo esperado,0.9104074179012414,2.2887177525323925,-1.010303,30.36701,0.776495278069255,59.999999999999986
08060,08,Chihuahua,Santa Bárbara,11582,518,27.799227799227797,6.3268892794376095,21.024235743156183,6.774992056071614,medio,peor de lo esperado,0.3386798409610209,0.1191286589516677,-1.05935,34.139042,0.8702821546353976,144.0
08061,08,Chihuahua,Satevó,3414,136,29.411764705882348,16.363636363636363,29.69214492030487,-0.2803802144225216,medio,en lo esperado,11.007100692313188,53.5381589842672,-0.541415,38.37484,2.19681011134517,39.99999999999999
08062,08,Chihuahua,Saucillo,29862,1578,26.552598225602026,9.698795180722891,22.81887677863379,3.733721446968236,bajo,en lo esperado,1.5467074288305849,1.6318224455078776,-1.096387,25.291087,0.5862528961595169,418.99999999999994
08063,08,Chihuahua,Temósachic,5320,260,40.0,13.138686131386862,26.97493489786567,13.02506510213433,alto,peor de lo esperado,5.990425726110517,29.95221397139713,0.194904,34.782034,6.616778259157148,104.0
08064,08,Chihuahua,El Tule,1448,64,34.375,22.22222222222222,22.560786615970027,11.814213384029973,alto,peor de lo esperado,2.301273442455176,0.3324468085106382,-0.339039,47.759358,2.246376811594203,22.0
08065,08,Chihuahua,Urique,17043,933,49.62486602357985,24.744027303754265,39.19814109501563,10.42672492856422,muy alto,peor de lo esperado,4.978272004612889,19.90218080128002,3.89139,65.85843,48.62564619846173,463.0
08066,08,Chihuahua,Uruachi,6512,385,35.84415584415585,17.2680412371134,40.16522485568276,-4.321069011526909,alto,en lo esperado,4.992158031089797,20.51820630772397,3.175966,83.146844,21.005532053368043,138.00000000000003
08067,08,Chihuahua,Valle de Zaragoza,4775,213,24.882629107981217,7.5,30.204498067720966,-5.321868959739749,bajo,mejor de lo esperado,4.844713000308452,19.63138763410503,-0.686369,39.718025,1.2716509537382152,52.99999999999999
09002,09,Ciudad de México,Azcapotzalco,432205,16351,15.729924775243106,6.18379068283344,12.468660778824782,3.2612639964183234,muy bajo,en lo esperado,0.0,0.0,-1.391197,33.560905,0.7637076961167083,2572.0000000000005
09003,09,Ciudad de México,Coyoacán,614447,22618,15.500928464055178,5.9196113915611015,12.67265862450553,2.828269839549648,muy bajo,en lo esperado,0.0,0.0,-1.451144,37.442645,1.2890140243658346,3506.0
09004,09,Ciudad de México,Cuajimalpa de Morelos,217686,9868,19.274422375354675,7.094379639448569,19.57122972492374,-0.2968073495690646,muy bajo,en lo esperado,0.5833272637023679,0.0,-1.278397,43.110548,0.9764245490121218,1901.9999999999993
09005,09,Ciudad de México,Gustavo A. Madero,1173351,49290,18.082775410833847,6.041724262594901,16.33129686254031,1.7514785482935373,muy bajo,en lo esperado,0.0,0.0,-1.30486,43.871534,1.2476095393441702,8913.000000000002
09006,09,Ciudad de México,Iztacalco,404695,16184,16.44834404349976,5.271658375864074,13.491540493658452,2.9568035498413074,muy bajo,en lo esperado,0.0,0.0,-1.386912,34.726554,1.122674877223339,2662.0000000000014
09007,09,Ciudad de México,Iztapalapa,1835486,84797,21.75312805877566,7.0750825082508255,19.225334099526943,2.527793959248715,bajo,en lo esperado,0.0,0.0,-1.244697,54.076244,1.6158146821038226,18445.999999999996
09008,09,Ciudad de México,La Magdalena Contreras,247622,11154,21.848664156356463,5.946834749246369,15.833874197973726,6.014789958382737,bajo,peor de lo esperado,0.0122418743626273,0.0,-1.26263,53.079847,1.202373126752594,2437.0
09009,09,Ciudad de México,Milpa Alta,152685,8082,24.57312546399406,6.084029422765242,22.328503403050387,2.244622060943673,bajo,en lo esperado,2.0132376333442674,0.0,-0.849953,64.399736,3.3306775078823536,1986.0
09010,09,Ciudad de México,Álvaro Obregón,759137,32011,20.189934709943454,7.059663238490738,17.31058798926928,2.8793467206741745,muy bajo,en lo esperado,0.0008087222659298,0.0,-1.321042,48.893756,1.152080922424471,6462.999999999999
09011,09,Ciudad de México,Tláhuac,392313,19240,20.805613305613303,6.083204602354445,19.12293175301574,1.6826815525975611,muy bajo,en lo esperado,0.5131294681808255,0.0,-1.182614,52.363167,1.282985011610724,4002.999999999999
09012,09,Ciudad de México,Tlalpan,699928,30781,20.11955427049153,6.037099494097808,19.432786217451333,0.686768053040197,muy bajo,en lo esperado,1.4028277402951128,1.0183359549378492,-1.266801,52.16636,1.7462705867140018,6192.999999999998
09013,09,Ciudad de México,Xochimilco,442178,20595,22.13644088370964,6.411018628616726,18.607282597421023,3.5291582862886166,bajo,en lo esperado,0.132255589530295,0.0,-1.084835,59.611967,2.489841670169539,4559.000000000001
09014,09,Ciudad de México,Benito Juárez,434153,10787,11.003986279781216,6.362339514978602,18.729142663189883,-7.725156383408667,muy bajo,mejor de lo esperado,0.0,0.0,-1.550066,13.487136,0.833341180237102,1186.9999999999998
09015,09,Ciudad de México,Cuauhtémoc,545884,18325,18.537517053206003,7.553003533568905,17.445515604270437,1.0920014489355658,muy bajo,en lo esperado,0.0,0.0,-1.407415,34.084975,1.705650177962066,3396.9999999999995
09016,09,Ciudad de México,Miguel Hidalgo,414470,13093,14.450469716642488,6.082949308755761,18.05162852245778,-3.6011588058152917,muy bajo,en lo esperado,0.0,0.0,-1.424851,21.519958,0.9042132866252938,1892.0000000000011
09017,09,Ciudad de México,Venustiano Carranza,443704,17632,18.891787658802173,6.9022672112709405,12.307739602685905,6.584048056116268,muy bajo,peor de lo esperado,0.0,0.0,-1.361456,41.318129,1.1545965531657918,3330.999999999999
10001,10,Durango,Canatlán,31454,1609,23.430702299564945,5.440097799511002,26.896246282131422,-3.4655439825664764,bajo,en lo esperado,3.484565403214717,12.394077326371075,-0.885814,49.971958,0.2543252016196499,377.0
10002,10,Durango,Canelas,4321,239,56.90376569037657,17.96875,37.345113882533816,19.55865180784275,muy alto,peor de lo esperado,5.2952044192457866,24.880199348284453,0.676833,72.505218,0.0246913580246913,135.99999999999997
10003,10,Durango,Coneto de Comonfort,4084,243,43.20987654320987,8.13953488372093,35.00081156077142,8.209064982438456,muy alto,peor de lo esperado,7.440144611732437,40.62745727352965,-0.585558,71.705922,0.1560468140442132,105.0
10004,10,Durango,Cuencamé,34955,1879,27.83395423097392,7.477567298105683,29.412217417424245,-1.5782631864503252,medio,en lo esperado,2.3120373842618123,6.495770583162452,-0.907548,41.466752,0.0909807727300297,522.9999999999999
10005,10,Durango,Durango,688697,36136,25.802523798981625,6.472808611771285,20.88958324226314,4.912940556718485,bajo,en lo esperado,0.475228209931324,0.7816282111867993,-1.252476,38.952367,0.6759336467124213,9324.0
10006,10,Durango,General Simón Bolívar,10038,574,34.66898954703832,7.628524046434494,28.416376187929732,6.25261335910859,alto,peor de lo esperado,2.288029712395165,7.050055025582986,-0.510272,45.695719,0.0105988341282458,198.99999999999997
10007,10,Durango,Gómez Palacio,372750,19614,29.60130519017028,10.115548347861342,24.777079586763417,4.8242256034068625,medio,en lo esperado,0.5891197185590753,0.0,-1.198614,34.556233,0.1001586081074562,5805.999999999998
10008,10,Durango,Guadalupe Victoria,36695,1937,28.136293236964377,10.34658511722732,25.01322258475712,3.1230706522072573,medio,en lo esperado,0.3645019869233883,0.2555082766020706,-1.081443,52.132017,0.1601326813645592,545.0
10009,10,Durango,Guanaceví,9869,448,44.86607142857143,17.547169811320753,46.00300036176664,-1.1369289331952075,muy alto,en lo esperado,10.967475674490156,47.36529928158128,0.417251,62.128598,1.0940207972270364,201.0
10010,10,Durango,Hidalgo,3843,173,20.23121387283237,9.004739336492891,35.907486977011594,-15.676273104179224,muy bajo,mejor de lo esperado,6.407085083774956,35.02054715335217,-0.910842,51.382762,0.3812636165577342,35.0
10011,10,Durango,Indé,4748,207,36.71497584541063,10.72961373390558,37.81853744973669,-1.1035616043260603,alto,en lo esperado,12.543881003495342,63.50716472999985,-0.677768,56.352423,1.615401637530427,76.0
10012,10,Durango,Lerdo,163313,8989,30.29257981977973,11.385003439578078,26.812973196391624,3.4796066233881042,medio,en lo esperado,1.0428331830351736,1.0404344479008214,-1.120294,35.517326,0.0865152434693904,2723.0
10013,10,Durango,Mapimí,26932,1564,40.02557544757033,16.08695652173913,32.31700365949577,7.708571788074565,alto,peor de lo esperado,2.101685489084992,6.942767741155481,-0.749637,40.808089,0.1792328832596487,626.0
10014,10,Durango,Mezquital,48583,3448,38.34106728538283,13.69727047146402,57.62613214163583,-19.285064856253,alto,mejor de lo esperado,4.922418406935123,16.633190640394744,5.1575,93.814744,83.96694961170309,1322.0
10015,10,Durango,Nazas,12894,665,30.22556390977444,9.917355371900827,29.171983555319333,1.0535803544551072,medio,en lo esperado,2.767887861087559,6.383434187974396,-0.806273,55.366596,0.0736497545008183,201.00000000000003
10016,10,Durango,Nombre de Dios,19060,1039,35.41867179980751,9.732824427480915,29.73779006468172,5.680881735125791,alto,peor de lo esperado,4.106257209575701,4.888479171878296,-0.855361,48.52861,0.0554446662231093,368.00000000000006
10017,10,Durango,Ocampo,8003,379,12.13720316622691,3.6496350364963503,28.901386767200602,-16.76418360097369,muy bajo,mejor de lo esperado,5.789502389573049,22.316246838208603,-0.706336,58.8869,1.6803438843298164,45.99999999999999
10018,10,Durango,El Oro,10384,474,27.84810126582279,10.29126213592233,27.65474714880831,0.1933541170144828,medio,en lo esperado,3.5249764166470348,14.72474302660037,-0.93605,46.140517,0.4753717002124001,132.00000000000003
10019,10,Durango,Otáez,4924,285,59.29824561403509,9.810126582278482,46.138556156637144,13.159689457397945,muy alto,peor de lo esperado,11.368612624315688,49.70530800261318,0.79194,84.735417,0.0,169.00000000000003
10020,10,Durango,Pánuco de Coronado,12656,641,27.76911076443058,5.105105105105105,26.281680209411636,1.4874305550189426,medio,en lo esperado,1.9907542589014515,3.425320840878671,-1.040475,59.291164,0.0499126528574993,178.0
10021,10,Durango,Peñón Blanco,11118,594,24.57912457912458,8.931419457735247,32.07278261387986,-7.493658034755278,bajo,mejor de lo esperado,1.5629512343314462,0.5297590572872971,-0.760538,60.423566,0.0570396425515733,146.0
10022,10,Durango,Poanas,25623,1372,29.518950437317784,7.2888283378746594,28.07852164087633,1.4404287964414557,medio,en lo esperado,2.9226376379526,9.566911221696438,-0.910067,58.573835,0.1069870792527364,404.99999999999994
10023,10,Durango,Pueblo Nuevo,51269,3202,33.76014990630856,9.012629161882892,33.98541569814782,-0.22526579183925577,medio,en lo esperado,2.858817254647636,11.964041719376254,0.392051,62.626099,6.5997821715817695,1081.0000000000002
10024,10,Durango,Rodeo,12818,662,28.096676737160124,4.122340425531915,27.047776177486504,1.0489005596736192,medio,en lo esperado,2.281615578713189,3.343868869198901,-0.979057,52.043859,0.0165016501650165,186.00000000000003
10025,10,Durango,San Bernardo,2837,119,47.89915966386555,18.84057971014493,39.42223233297032,8.47692733089523,muy alto,peor de lo esperado,14.766752592371484,57.917741972983656,-0.316012,58.922652,1.5090172984909829,57.0
10026,10,Durango,San Dimas,17333,999,39.23923923923924,10.211267605633802,41.14497672069537,-1.9057374814561285,alto,en lo esperado,4.562333935539349,22.65940270608882,0.13648,67.22239,0.0859317456420329,392.0
10027,10,Durango,San Juan de Guadalupe,5251,310,33.87096774193549,6.0,38.09434169233374,-4.223373950398255,medio,en lo esperado,7.823946997998346,38.37564507056033,-0.272207,66.548673,0.0,105.00000000000001
10028,10,Durango,San Juan del Río,12013,538,27.509293680297404,9.737248840803709,31.39162992389673,-3.882336243599326,bajo,en lo esperado,2.469249106414061,6.789164965301406,-0.864927,62.528337,0.1678000529894904,148.00000000000003
10029,10,Durango,San Luis del Cordero,2103,116,40.51724137931034,13.333333333333334,37.887907519785436,2.6293338595249054,alto,en lo esperado,2.639126902424282,14.855768032112492,-0.774887,64.047688,0.0,47.0
10030,10,Durango,San Pedro del Gallo,1633,90,34.44444444444444,6.0606060606060606,32.851357010835,1.5930874336094405,alto,en lo esperado,11.720669695074342,46.77556415824757,-0.759272,60.915789,0.0,31.0
10031,10,Durango,Santa Clara,6727,326,21.16564417177913,2.933333333333333,29.968772963133,-8.803128791353867,muy bajo,mejor de lo esperado,2.553726665148255,10.17886908636387,-0.924022,68.791558,0.0472664250827162,68.99999999999997
10032,10,Durango,Santiago Papasquiaro,49207,2530,31.26482213438736,7.801418439716312,27.943452235930213,3.321369898457146,medio,en lo esperado,2.869123166041944,11.546068068837824,-0.670823,49.733982,0.3484395500397909,791.0000000000002
10033,10,Durango,Súchil,6917,352,24.147727272727263,7.769423558897243,29.652153410751694,-5.5044261380244315,bajo,mejor de lo esperado,3.086521349105821,11.34088877789753,-0.388368,68.510187,10.627204416500536,84.99999999999996
10034,10,Durango,Tamazula,26300,1600,43.75,10.23308698123934,48.29530346566602,-4.5453034656660165,muy alto,en lo esperado,8.48646605814667,39.15353936954283,1.421833,79.801387,0.2788142195251958,700.0
10035,10,Durango,Tepehuanes,11378,558,40.681003584229394,13.62862010221465,38.69459523324863,1.986408350980767,alto,en lo esperado,6.336590009122245,28.351857015448488,0.035067,68.618648,0.599796991787395,227.0
10036,10,Durango,Tlahualilo,21143,1176,26.70068027210884,7.862407862407863,28.78751246059838,-2.086832188489538,bajo,en lo esperado,2.433080559001531,1.3653036130078748,-0.901634,34.220309,0.0501202886928628,313.99999999999994
10037,10,Durango,Topia,9320,496,44.95967741935484,13.667820069204152,43.10313110681243,1.856546312542413,muy alto,en lo esperado,4.370437165918364,14.514521643210776,0.392295,79.692351,0.2417962003454231,223.0
10038,10,Durango,Vicente Guerrero,23476,1230,29.268292682926827,7.78050778050778,25.443298099970768,3.8249945829560588,medio,en lo esperado,1.0333209988848928,2.4450692229197184,-1.177611,51.245566,0.9046499004885108,360.0
10039,10,Durango,Nuevo Ideal,27981,1629,44.99693063228975,23.58916478555305,35.9932140192756,9.003716613014149,muy alto,peor de lo esperado,3.69648586259166,7.560322333701291,-0.803432,52.085792,0.1899984800121599,732.9999999999999
11001,11,Guanajuato,Abasolo,92040,4962,40.46755340588472,14.38233538889994,37.35054326506474,3.1170101408199784,alto,en lo esperado,1.2821227301722564,0.0,-0.540405,54.473941,0.0966372536612864,2007.9999999999998
11002,11,Guanajuato,Acámbaro,108697,5439,33.13109027394742,11.159365558912386,33.42208546719182,-0.2909951932443988,medio,en lo esperado,0.9358857293129524,0.0,-0.842175,61.699347,0.0943496134554101,1802.0000000000002
11003,11,Guanajuato,San Miguel de Allende,174615,9586,39.80805341122471,12.818105965790572,38.057444943049575,1.7506084681751375,alto,en lo esperado,1.2734826896203342,0.0,-0.607835,50.261847,0.2002621613748907,3816.000000000001
11004,11,Guanajuato,Apaseo el Alto,63392,3498,33.76214979988565,9.203490008443568,36.08731984463342,-2.3251700447477717,medio,en lo esperado,0.6424188087648435,0.0,-0.697684,56.4808,0.1513639387890885,1181.0
11005,11,Guanajuato,Apaseo el Grande,117883,5918,34.521797904697536,9.501337108699072,31.129237524423274,3.3925603802742614,alto,en lo esperado,1.3374880381332293,0.0,-0.743184,46.392537,0.2889227575760409,2043.0000000000002
11006,11,Guanajuato,Atarjea,5296,309,19.093851132686083,3.8922155688622753,37.104332210239164,-18.01048107755308,muy bajo,mejor de lo esperado,2.254837540604944,0.0,0.816765,72.942021,0.0993443274389032,58.99999999999999
11007,11,Guanajuato,Celaya,521169,26831,26.063135924863037,8.839884947267498,23.29753054918063,2.765605375682405,bajo,en lo esperado,0.4474600524535464,0.0,-1.12077,48.363776,0.2161875447042088,6993.000000000001
11008,11,Guanajuato,Manuel Doblado,41240,2162,50.74005550416281,17.903154153709462,33.93959133213505,16.80046417202776,muy alto,peor de lo esperado,1.386058773620103,0.0071906234270511,-0.493599,57.360749,0.0590758482521254,1096.9999999999998
11009,11,Guanajuato,Comonfort,82216,4782,39.96235884567127,10.418445772843723,32.55438856408282,7.407970281588447,alto,peor de lo esperado,0.6512404439055028,0.0,-0.205953,59.306776,0.295088332362648,1911.0000000000002
11010,11,Guanajuato,Coroneo,11083,635,27.874015748031496,8.267090620031796,28.714656073109207,-0.840640325077711,medio,en lo esperado,1.179579006046834,0.0,-0.599197,58.312691,0.1898614011771406,177.0
11011,11,Guanajuato,Cortazar,97928,5115,32.94232649071358,9.846093133385953,28.413990204345627,4.528336286367956,medio,en lo esperado,0.2692725541123388,0.0,-0.884588,45.777395,0.1654401890745018,1684.9999999999995
11012,11,Guanajuato,Cuerámaro,30857,1680,41.66666666666666,14.354644149577805,35.797118899855484,5.8695477668111735,alto,peor de lo esperado,1.2087523406773557,0.0,-0.63918,59.186124,0.102750282563277,699.9999999999999
11013,11,Guanajuato,Doctor Mora,27390,1695,29.6755162241888,7.129686539643516,36.82952192075843,-7.15400569656963,medio,mejor de lo esperado,1.721446459108521,0.0,-0.545608,44.587754,0.1443564433693574,503.0000000000002
11014,11,Guanajuato,Dolores Hidalgo Cuna de la Independencia Nacional,163038,9722,43.1495577041761,15.28773295105468,34.727167112512454,8.422390591663643,muy alto,peor de lo esperado,1.5251074300893457,0.0,-0.432231,61.36188,0.5975432157620798,4195.0
11015,11,Guanajuato,Guanajuato,194500,9488,25.45320404721754,7.38759131597901,26.25172776831099,-0.7985237210934493,bajo,en lo esperado,0.4797436997533429,0.0,-1.030786,40.711981,0.1519658212103185,2415.0
11016,11,Guanajuato,Huanímaro,21128,1144,38.81118881118881,12.049252418645558,31.20521136483401,7.605977446354803,alto,peor de lo esperado,1.1078341840718535,0.0,-0.671679,56.633462,0.0549093994908401,444.0
11017,11,Guanajuato,Irapuato,592953,30366,31.117038793387337,11.040872299150443,29.60917357469244,1.5078652186948958,medio,en lo esperado,0.3697814235050153,0.0,-1.038608,42.449475,0.1317146513910806,9448.999999999998
11018,11,Guanajuato,Jaral del Progreso,38782,1998,33.58358358358359,10.437710437710438,27.59287229704443,5.99071128653916,medio,peor de lo esperado,0.3057048688368569,0.0,-0.843632,60.8463,0.0787465718087273,671.0000000000001
11019,11,Guanajuato,Jerécuaro,49517,2553,46.61182922052488,16.347569955817377,36.47312423334869,10.13870498717619,muy alto,peor de lo esperado,2.139326298317759,0.0,-0.247495,65.579295,0.0620427024945445,1190.0000000000002
11020,11,Guanajuato,León,1721215,92240,36.290112749349525,12.163285206156438,29.66052055269101,6.629592196658514,alto,peor de lo esperado,0.1404396021562845,0.0011992673014953,-1.054585,53.185444,0.2193095334387293,33474.0
11021,11,Guanajuato,Moroleón,47261,2235,26.577181208053688,12.036613272311213,28.501431578947876,-1.924250370894189,bajo,en lo esperado,0.3150657618457824,0.0,-0.923447,57.177591,0.0284638290418637,593.9999999999999
11022,11,Guanajuato,Ocampo,26383,1594,50.62735257214555,18.01112656467316,40.934288701629214,9.693063870516333,muy alto,peor de lo esperado,1.6509201557558968,0.0,-0.364146,59.597722,0.1212415130940834,807.0
11023,11,Guanajuato,Pénjamo,154960,8155,39.97547516860821,13.691990791227433,35.74432320346838,4.23115196513983,alto,en lo esperado,1.55657034885349,0.0,-0.463296,56.271798,0.0729459245725505,3260.0
11024,11,Guanajuato,Pueblo Nuevo,12403,632,41.45569620253165,15.03875968992248,30.50142955826558,10.954266644266067,alto,peor de lo esperado,1.2788326466234916,0.0,-0.701691,50.170065,0.1105724249383346,262.0
11025,11,Guanajuato,Purísima del Rincón,83842,4884,49.73382473382473,22.038794882377218,35.65134846382774,14.082476269996995,muy alto,peor de lo esperado,0.9558759204162848,0.0,-0.718131,49.675019,0.2028037620097852,2429.0
11026,11,Guanajuato,Romita,65766,3607,43.027446631549765,13.812308549150654,35.0963126986396,7.931133932910164,muy alto,peor de lo esperado,1.2861408049536578,0.0,-0.57924,55.861535,0.1523130519322693,1552.0
11027,11,Guanajuato,Salamanca,273417,13655,28.3705602343464,8.668500483235448,30.23187642924761,-1.8613161949012103,medio,en lo esperado,0.5946806570226856,0.0,-1.056396,43.29352,0.1033789604671197,3874.0000000000005
11028,11,Guanajuato,Salvatierra,94126,4543,29.89214175654854,9.289016068677086,34.20302038277564,-4.310878626227101,medio,en lo esperado,0.6327291933576155,0.0,-0.73253,59.57317,0.0543146926786011,1358.0000000000002
11029,11,Guanajuato,San Diego de la Unión,41054,2563,44.90831057354662,12.154471544715449,37.13948279592244,7.768827777624182,muy alto,peor de lo esperado,1.175403288022768,0.0,-0.144878,45.668956,0.0803712633844079,1151.0
11030,11,Guanajuato,San Felipe,119793,7216,43.98558758314856,11.760573275256428,39.24450766203495,4.741079921113609,muy alto,en lo esperado,1.2140584757509756,0.0833872169622352,-0.253882,58.28655,0.0760517509797255,3173.9999999999995
11031,11,Guanajuato,San Francisco del Rincón,130871,7213,49.53556079301261,21.703682878830477,34.63993760727877,14.89562318573384,muy alto,peor de lo esperado,0.8555186719036895,0.0,-0.751296,54.221514,0.2760927996621923,3572.999999999999
11032,11,Guanajuato,San José Iturbide,89558,5262,25.047510452299505,6.485084306095979,35.21232980522404,-10.164819352924532,bajo,mejor de lo esperado,1.1848935910921696,0.0,-0.930426,27.330023,0.2198399659602633,1318.0
11033,11,Guanajuato,San Luis de la Paz,128536,7994,38.36627470602952,10.252563140785195,32.392962346423076,5.973312359606446,alto,peor de lo esperado,1.1009028065064828,0.2380172364651693,-0.402081,56.890762,1.896938260574624,3067.0
11034,11,Guanajuato,Santa Catarina,5723,359,30.36211699164346,8.682634730538922,33.77850996718726,-3.4163929755438005,medio,en lo esperado,1.08719726446502,0.0,-0.003255,54.011657,0.1299424540560609,109.00000000000003
11035,11,Guanajuato,Santa Cruz de Juventino Rosas,82340,4532,37.97440423654016,13.8840830449827,37.05597579771018,0.9184284388299773,alto,en lo esperado,0.7025846918634241,0.0,-0.594873,67.5471,0.065388806974806,1721.0
11036,11,Guanajuato,Santiago Maravatío,6714,321,36.7601246105919,7.903780068728523,32.14272403585569,4.617400574736209,alto,en lo esperado,3.609525395812658,0.0,-0.735575,62.389073,0.0469263256687001,118.00000000000001
11037,11,Guanajuato,Silao de la Victoria,203556,11706,37.50213565692807,9.972391868150256,33.70216475962054,3.7999708973075315,alto,en lo esperado,0.740645334773933,0.0,-0.780484,48.354509,0.1289144050104384,4390.0
11038,11,Guanajuato,Tarandacuao,11304,606,39.10891089108911,11.35972461273666,30.887417970228178,8.221492920860932,alto,peor de lo esperado,1.2131163594581724,0.0,-0.746019,60.507621,0.0463907960660604,237.0
11039,11,Guanajuato,Tarimoro,35905,1660,34.93975903614458,9.988385598141695,33.95083823090081,0.9889208052437723,alto,en lo esperado,0.8696345808197855,0.0,-0.627255,57.904268,0.0525118151584106,580.0
11040,11,Guanajuato,Tierra Blanca,20007,1282,38.45553822152886,6.800618238021638,34.49776303011262,3.957775191416239,alto,en lo esperado,2.286189951758806,0.0,0.325468,59.703471,8.070624633274658,493.0
11041,11,Guanajuato,Uriangato,61494,3091,31.60789388547396,12.597889002383384,31.084684057040164,0.5232098284337958,medio,en lo esperado,0.2036162853741846,0.0,-0.830709,60.827392,0.166743232436663,977.0000000000001
11042,11,Guanajuato,Valle de Santiago,150054,7902,40.85041761579347,13.8685208596713,34.461087679420174,6.389329936373294,alto,peor de lo esperado,0.7663479669495056,0.0,-0.676837,53.081936,0.0751731793336986,3227.9999999999995
11043,11,Guanajuato,Victoria,21253,1361,30.271858927259373,6.3429913860610805,37.64392027332303,-7.37206134606366,medio,mejor de lo esperado,2.175813989156552,0.8814769900895923,0.091415,54.126534,0.2303916658319142,412.00000000000006
11044,11,Guanajuato,Villagrán,65791,3564,28.05836139169473,7.223290304861302,29.48436907079496,-1.426007679100227,medio,en lo esperado,0.6620551403597648,0.0,-0.995057,39.419501,0.2632001283903065,1000.0000000000002
11045,11,Guanajuato,Xichú,11143,725,41.241379310344826,13.043478260869565,39.33781177648281,1.9035675338620166,alto,en lo esperado,2.7469591117034717,1.1123226972299922,0.44792,66.721095,0.0572847049837693,299.0
11046,11,Guanajuato,Yuriria,68741,3466,39.06520484708598,13.819742489270386,35.62298558577527,3.4422192613107114,alto,en lo esperado,0.8053143462706264,0.0,-0.50204,67.655551,0.0629461886850387,1354.0
12001,12,Guerrero,Acapulco de Juárez,779566,39697,19.396931758067357,7.1703303701062175,25.609502727084887,-6.212570969017531,muy bajo,mejor de lo esperado,0.4548362546573257,0.1896939112747609,-0.580997,63.866772,1.6005402942325218,7699.999999999998
12002,12,Guerrero,Ahuacuotzingo,25205,1647,49.42319368548877,19.26829268292683,53.16785592896235,-3.7446622434735772,muy alto,en lo esperado,1.5728442666315732,0.0,1.658613,95.443901,21.9541358841867,814.0
12003,12,Guerrero,Ajuchitlán del Progreso,37655,2089,29.96649114408808,11.05121293800539,40.784125243862434,-10.817634099774352,medio,mejor de lo esperado,2.3859725929454747,5.955302437243978,0.846409,73.608397,0.9013876251137396,626.0
12004,12,Guerrero,Alcozauca de Guerrero,21225,1351,65.72908956328646,25.360050093926112,61.71072852757967,4.018361035706796,muy alto,en lo esperado,2.82328407211486,0.0,2.072817,96.618605,89.0188601463465,888.0000000000002
12005,12,Guerrero,Alpoyeca,7813,476,28.78151260504201,7.205623901581722,31.719499765356286,-2.9379871603142753,medio,en lo esperado,0.4339559638011083,0.0,-0.133817,76.852494,18.96763621466612,136.99999999999997
12006,12,Guerrero,Apaxtla,11112,649,27.272727272727263,11.058451816745656,40.93174986451864,-13.65902259179138,bajo,mejor de lo esperado,0.7371870002286942,0.0,0.207002,85.695259,1.0083549409392103,176.99999999999994
12007,12,Guerrero,Arcelia,33267,1726,31.344148319814597,9.454949944382648,30.214249949300765,1.129898370513832,medio,en lo esperado,0.9882505945757606,0.0,-0.18522,70.98595,0.8188331627430911,540.9999999999999
12008,12,Guerrero,Atenango del Río,9147,477,46.9601677148847,13.157894736842104,36.756609802629725,10.203557912254972,muy alto,peor de lo esperado,2.452904522805892,3.783758267704988,0.628686,79.050366,7.493871833780787,224.0
12009,12,Guerrero,Atlamajalcingo del Monte,5811,399,48.87218045112782,14.698795180722891,45.69040276770247,3.181777683425345,muy alto,en lo esperado,1.198100370878206,0.0,3.055902,96.897884,94.9700822737472,195.0
12010,12,Guerrero,Atlixtac,28491,1983,45.63792233988906,15.973741794310722,46.54807908723296,-0.9101567473439047,muy alto,en lo esperado,1.021085716687298,0.0,2.34953,97.682226,64.81587048227112,905.0
12011,12,Guerrero,Atoyac de Álvarez,60680,3511,21.247507832526352,7.2370348666862,32.24768353455164,-11.000175702025288,muy bajo,mejor de lo esperado,1.1444081781774955,0.2010474913194312,0.031814,63.574596,1.55859483476812,746.0000000000002
12012,12,Guerrero,Ayutla de los Libres,69123,4910,35.05091649694501,15.205281617495356,40.837961598275015,-5.787045101330008,alto,mejor de lo esperado,1.954111256163487,0.7332342399800577,1.604785,82.692508,34.48773224975961,1720.9999999999998
12013,12,Guerrero,Azoyú,15099,871,22.158438576349027,5.92755214050494,28.14091072049765,-5.982472144148623,bajo,mejor de lo esperado,1.7635347323254125,0.0,0.514385,63.462708,7.1999439147504205,193.00000000000003
12014,12,Guerrero,Benito Juárez,15442,835,18.562874251497007,6.878306878306878,23.844501154420637,-5.28162690292363,muy bajo,mejor de lo esperado,1.3494486444581977,0.0,-0.436513,36.432175,0.6521446819954283,155.00000000000003
12015,12,Guerrero,Buenavista de Cuéllar,12982,748,22.59358288770053,6.056129985228951,24.600236700866827,-2.006653813166295,bajo,en lo esperado,0.6725244512131356,0.0307219662058371,-0.613283,61.655056,0.688537869582827,168.99999999999997
12016,12,Guerrero,Coahuayutla de José María Izazaga,12408,658,55.47112462006079,23.142857142857142,46.729197269458126,8.741927350602666,muy alto,peor de lo esperado,10.3835431429748,46.050730375067154,1.847462,77.208552,0.0086140063743647,365.00000000000006
12017,12,Guerrero,Cocula,15579,738,38.21138211382114,18.514150943396228,35.46749014920246,2.743891964618676,alto,en lo esperado,2.3828667308857283,0.0,-0.014041,65.705488,0.4499897729597054,282.0
12018,12,Guerrero,Copala,14463,854,21.77985948477752,6.923950056753689,29.26180632816464,-7.481946843387117,bajo,mejor de lo esperado,1.5144791854965178,0.0,0.17581,73.73161,3.3374807875283614,186.00000000000003
12019,12,Guerrero,Copalillo,15598,1033,50.62923523717328,26.23762376237624,58.96049518461164,-8.331259947438355,muy alto,mejor de lo esperado,1.546207551840732,0.0,2.749238,95.984142,73.39588795363599,523.0
12020,12,Guerrero,Copanatoyac,21648,1613,60.07439553626782,24.984500929944204,59.3709456196566,0.7034499166112198,muy alto,en lo esperado,1.8928949402522697,0.0,2.546531,96.877179,88.49949647532729,969.0
12021,12,Guerrero,Coyuca de Benítez,73056,4345,22.09436133486767,6.7551266586248495,31.05728965858663,-8.962928323718959,bajo,mejor de lo esperado,1.494962032458482,0.0,0.151475,74.856545,0.571321667050426,960.0000000000003
12022,12,Guerrero,Coyuca de Catalán,38554,1747,40.5266170578134,16.8111753371869,43.34218214035407,-2.8155650825406724,alto,en lo esperado,5.836841476077826,19.825568417528128,0.712881,73.900939,0.1844128578318722,708.0
12023,12,Guerrero,Cuajinicuilapa,26627,1553,29.684481648422405,10.180337405468295,29.640221473418716,0.044260175003689284,medio,en lo esperado,2.1469682221494724,0.0,0.354782,70.122202,5.802947402052798,460.99999999999994
12024,12,Guerrero,Cualác,7874,498,37.75100401606426,9.63855421686747,34.78772439195376,2.9632796241104984,alto,en lo esperado,2.4266990124052152,0.0,0.665699,86.462104,40.905327077008,188.00000000000003
12025,12,Guerrero,Cuautepec,17024,1097,25.706472196900634,6.825938566552901,33.17766934277885,-7.4711971458782145,bajo,mejor de lo esperado,1.3306091233716024,0.0,1.069738,84.047686,1.0890777463015424,281.99999999999994
12026,12,Guerrero,Cuetzala del Progreso,8272,425,31.764705882352946,11.290322580645162,34.9215760429855,-3.156870160632554,medio,en lo esperado,0.6090769369894571,0.1806575936408526,1.24265,83.20549,3.756708407871199,135.00000000000003
12027,12,Guerrero,Cutzamala de Pinzón,20537,975,45.333333333333336,24.301964839710443,33.79802854724976,11.535304786083579,muy alto,peor de lo esperado,3.7606571565183584,3.776640021606282,0.209761,67.599451,0.0515942627179857,442.00000000000006
12028,12,Guerrero,Chilapa de Álvarez,123722,8024,44.97756729810568,14.24821002386635,46.60711214637599,-1.6295448482703065,muy alto,en lo esperado,1.7815091173975106,0.0,1.411,82.348282,31.13753269020939,3609.0
12029,12,Guerrero,Chilpancingo de los Bravo,283354,15472,18.485005170630814,6.235263295782028,28.672966105686115,-10.187960935055301,muy bajo,mejor de lo esperado,0.3564783086131471,0.0775566137816521,-0.579304,66.008769,2.931900042924062,2859.9999999999995
12030,12,Guerrero,Florencio Villarreal,22250,1240,24.11290322580645,8.345120226308346,31.244147880562156,-7.131244654755708,bajo,mejor de lo esperado,1.4187375611785866,0.0,0.228375,63.480209,1.3779904306220097,298.99999999999994
12031,12,Guerrero,General Canuto A. Neri,6278,323,35.913312693498455,9.836065573770492,50.73809338484752,-14.824780691349062,alto,mejor de lo esperado,2.064747949605348,0.0,0.782896,88.672931,0.1532697547683923,116.00000000000001
12032,12,Guerrero,General Heliodoro Castillo,37254,2574,42.11344211344211,14.311792625045635,51.18652652029616,-9.07308440685405,alto,mejor de lo esperado,1.8650533587130984,0.5428368353191106,1.6752,96.748929,0.2150225192503269,1084.0
12033,12,Guerrero,Huamuxtitlán,17488,994,27.867203219315897,10.738916256157635,30.87095032565297,-3.003747106337073,medio,en lo esperado,1.2149111080774155,0.0,-0.225142,81.421213,16.340747983378147,277.0
12034,12,Guerrero,Huitzuco de los Figueroa,36593,1884,35.45647558386412,13.611416026344676,31.99485290351466,3.4616226803494605,alto,en lo esperado,1.2031679052073965,0.0,0.383238,74.579871,4.7919697410532445,668.0
12035,12,Guerrero,Iguala de la Independencia,154173,8078,21.11908888338698,8.177215189873417,23.88017450996285,-2.76108562657587,muy bajo,en lo esperado,0.2132624415012604,0.0,-0.484134,63.77328,1.7804093507344956,1706.0000000000002
12036,12,Guerrero,Igualapa,11739,779,21.694480102695763,7.875894988066825,31.220123561182533,-9.525643458486769,bajo,mejor de lo esperado,1.0002540876531567,0.0,0.954925,80.96311,20.845784659965588,169.0
12037,12,Guerrero,Ixcateopan de Cuauhtémoc,6138,309,30.74433656957929,8.540925266903914,29.36449698875252,1.3798395808267685,medio,en lo esperado,1.0583859946938212,0.0,0.211931,80.033819,1.8288474810213944,95.0
12038,12,Guerrero,Zihuatanejo de Azueta,126001,6257,23.110116669330356,8.133896449241357,26.124894251826397,-3.014777582496041,bajo,en lo esperado,1.55460372892021,0.4569244271988174,-0.671834,53.544649,1.9784584829272016,1446.0000000000002
12039,12,Guerrero,Juan R. Escudero,26093,1495,22.006688963210703,8.115358819584172,26.144054733942163,-4.13736577073146,bajo,en lo esperado,0.9649171319783932,0.0,-0.07409,81.392595,1.287240932642487,329.0
12040,12,Guerrero,Leonardo Bravo,26357,1405,35.51601423487544,11.306532663316585,47.38394014400136,-11.867925909125915,alto,mejor de lo esperado,0.763835950532287,0.0,0.56019,92.128449,0.4558404558404558,498.99999999999994
12041,12,Guerrero,Malinaltepec,29625,2282,19.719544259421557,4.210104250200481,51.3717350060357,-31.652190746614142,muy bajo,mejor de lo esperado,1.265765064977036,0.0,2.079635,92.555197,87.97869642404261,449.99999999999994
12042,12,Guerrero,Mártir de Cuilapan,18613,1049,44.51858913250715,16.15508885298869,53.486752215981944,-8.968163083474792,muy alto,mejor de lo esperado,2.612753054086137,0.0,1.13742,91.349043,40.9708626050904,467.00000000000006
12043,12,Guerrero,Metlatónoc,18859,1318,50.682852807283766,18.742368742368743,55.769938723094135,-5.08708591581037,muy alto,mejor de lo esperado,1.7627402203006086,0.0,2.911277,98.458666,96.45653308588992,668.0
12044,12,Guerrero,Mochitlán,12402,712,23.595505617977523,7.091172214182344,32.328858267213775,-8.733352649236252,bajo,mejor de lo esperado,1.277144257386703,0.8447638085256526,0.199186,75.326284,0.9457271875266252,167.99999999999994
12045,12,Guerrero,Olinalá,28446,1718,52.15366705471479,23.519826181423134,49.382907488961095,2.7707595657536928,muy alto,en lo esperado,2.0227365890950546,0.0,1.810943,93.371037,38.321900936067,896.0000000000001
12046,12,Guerrero,Ometepec,68207,4589,23.25125299629549,8.383101083831011,36.052401024412696,-12.801148028117204,bajo,mejor de lo esperado,0.6275403255736389,0.0,0.6477,77.266669,30.56520317099382,1067.0
12047,12,Guerrero,Pedro Ascencio Alquisiras,7076,415,52.28915662650602,18.689320388349515,50.361987701541594,1.9271689249644268,muy alto,en lo esperado,2.255558921432353,0.0,2.12233,92.717456,0.0758150113722517,216.99999999999997
12048,12,Guerrero,Petatlán,44583,2359,35.22679101314117,15.552099533437014,27.309144270830878,7.917646742310289,alto,peor de lo esperado,1.8764931168897123,7.923760983690871,-0.205994,66.781359,0.5717961546708599,831.0000000000001
12049,12,Guerrero,Pilcaya,12753,657,33.94216133942162,15.567282321899736,34.660664057531456,-0.7185027181098391,medio,en lo esperado,1.365878539792312,0.0,-0.113681,69.896727,0.1575586698731238,223.00000000000003
12050,12,Guerrero,Pungarabato,38482,1940,22.731958762886592,9.695817490494296,30.058294496596222,-7.32633573370963,bajo,mejor de lo esperado,0.7135037833173737,0.0,-0.586999,61.425814,0.3136262345594102,440.9999999999999
12051,12,Guerrero,Quechultenango,36143,2435,39.630390143737166,12.678494158373,43.54935870134691,-3.9189685576097446,alto,en lo esperado,1.015841728973338,0.0,0.924252,96.054757,13.767257213959828,965.0
12052,12,Guerrero,San Luis Acatlán,46270,3494,29.307384087006294,9.880410022779044,49.07349845494529,-19.766114367938993,medio,mejor de lo esperado,0.9059723568009852,0.0,2.228403,91.02315,55.04926678077439,1023.9999999999999
12053,12,Guerrero,San Marcos,50124,3054,24.852652259332014,7.519788918205805,30.081987474777637,-5.229335215445623,bajo,mejor de lo esperado,2.1268545453361534,1.1462375054760785,0.6156,70.035009,1.1308152438122212,758.9999999999998
12054,12,Guerrero,San Miguel Totolapan,24139,1360,39.70588235294117,17.82894736842105,53.29928748133189,-13.593405128390721,alto,mejor de lo esperado,3.5288948963225586,8.453574270128973,1.889224,89.009555,0.2767115951084531,539.9999999999999
12055,12,Guerrero,Taxco de Alarcón,105586,5790,25.9412780656304,8.890482165262592,29.885757358078717,-3.9444792924483174,bajo,en lo esperado,1.5064468032165523,0.0,-0.225229,82.519022,2.433733980737085,1502.0000000000002
12056,12,Guerrero,Tecoanapa,46063,3226,20.675759454432736,5.695989214694978,38.69914905546377,-18.023389601031035,muy bajo,mejor de lo esperado,1.2272145146021929,0.0,0.800443,86.861559,1.9078598288232171,667.0
12057,12,Guerrero,Técpan de Galeana,65237,3432,28.29254079254079,9.967368733313556,27.663719512030212,0.6288212805105786,medio,en lo esperado,2.0644744125804704,2.515605484050299,-0.006518,47.741782,0.8093496066560911,971.0
12058,12,Guerrero,Teloloapan,53817,2913,30.44970820460007,9.932659932659933,37.005860307512314,-6.556152102912243,medio,mejor de lo esperado,1.2160510607997872,0.0,0.209592,73.562127,1.3338082799018445,887.0000000000001
12059,12,Guerrero,Tepecoacuilco de Trujano,30806,1447,30.338631651693163,12.787088764742396,34.028073213427874,-3.6894415617347107,medio,en lo esperado,1.2298780583401532,0.0,0.522841,83.447828,17.296740994854204,439.0000000000001
12060,12,Guerrero,Tetipac,13552,767,40.15645371577575,11.280101394169836,41.06036644621488,-0.9039127304391315,alto,en lo esperado,1.5127916360475386,0.0,0.352859,85.261185,0.1019687818652443,308.0
12061,12,Guerrero,Tixtla de Guerrero,43171,2501,21.35145941623351,7.423409269442263,35.58252220703788,-14.231062790804373,muy bajo,mejor de lo esperado,0.4305761113863142,0.0,0.407787,65.443965,19.16693070754832,534.0000000000001
12062,12,Guerrero,Tlacoachistlahuaca,22781,1641,49.72577696526509,23.97081813444502,52.538804736637196,-2.8130277713721057,muy alto,en lo esperado,2.640934658770916,0.0,2.291287,87.92427,77.75322110410984,816.0000000000001
12063,12,Guerrero,Tlacoapa,10092,718,32.590529247910865,11.851851851851851,43.40757667628015,-10.817047428369285,medio,mejor de lo esperado,1.88864554351033,0.0,2.858437,94.238581,83.7199493884437,234.0
12064,12,Guerrero,Tlalchapa,11681,552,23.913043478260875,10.398613518197571,28.658725182034537,-4.745681703773663,bajo,en lo esperado,0.931742382632641,0.0,-0.184517,57.228837,0.0271370420624151,132.00000000000003
12065,12,Guerrero,Tlalixtaquilla de Maldonado,7602,388,37.88659793814433,11.648351648351648,38.674926835820536,-0.7883288976762088,alto,en lo esperado,0.4470264584237049,0.0,0.760751,83.175958,25.070861678004537,147.0
12066,12,Guerrero,Tlapa de Comonfort,96125,6082,33.22920092074975,12.515375153751538,42.191779061201565,-8.962578140451818,medio,mejor de lo esperado,0.9436022643454156,0.0,0.49729,79.072641,51.63490179391279,2020.9999999999995
12067,12,Guerrero,Tlapehuala,22209,1145,23.14410480349345,8.447304907481898,32.97089888927475,-9.826794085781302,bajo,mejor de lo esperado,0.6272723515630867,0.0,-0.028733,75.008951,0.0620791748245069,265.0
12068,12,Guerrero,La Unión de Isidoro Montes de Oca,26349,1342,32.339791356184804,10.25039123630673,30.531486907164112,1.8083044490206923,medio,en lo esperado,5.210059719479595,13.679930530996712,-0.002655,51.645779,0.1767636188333601,434.00000000000006
12069,12,Guerrero,Xalpatláhuac,11966,742,52.15633423180593,21.50655021834061,53.410269844674,-1.2539356128680694,muy alto,en lo esperado,0.9532406470347656,0.0,2.0646,95.216778,86.93135570227005,386.99999999999994
12070,12,Guerrero,Xochihuehuetlán,7862,439,39.40774487471526,7.971014492753623,37.311194882086404,2.0965499926288587,alto,en lo esperado,0.8051487922403096,0.0,0.242333,81.954459,1.9249017215670328,173.0
12071,12,Guerrero,Xochistlahuaca,29891,2168,53.92066420664207,23.232323232323232,38.9303544852866,14.990309721355473,muy alto,peor de lo esperado,2.717526968860815,4.022310235254426,2.343437,91.236924,91.3593443791199,1169.0000000000002
12072,12,Guerrero,Zapotitlán Tablas,12004,775,54.32258064516129,19.955654101995567,42.48211749294393,11.84046315221736,muy alto,peor de lo esperado,1.882695746561536,0.0,2.48207,93.646691,85.17123901739286,421.0
12073,12,Guerrero,Zirándaro,18031,913,54.983570646221246,28.33333333333333,35.858548253792875,19.12502239242837,muy alto,peor de lo esperado,2.8978262142447098,7.32537277575488,0.800867,80.606353,3.311299575954103,502.0
12074,12,Guerrero,Zitlala,21977,1542,44.3579766536965,17.157825802226586,42.18719934117397,2.1707773125225245,muy alto,en lo esperado,1.032299248339223,0.0,1.720882,92.599509,55.77567370721049,684.0
12075,12,Guerrero,Eduardo Neri,53126,2827,34.59497700742837,11.788480970023578,43.21584312931615,-8.62086612188778,alto,mejor de lo esperado,0.5848057602996329,0.1767222794641938,0.099217,72.153976,14.288291538877864,978.0
12076,12,Guerrero,Acatepec,40197,3254,37.12354025814383,9.022988505747126,62.095309963998275,-24.97176970585445,alto,mejor de lo esperado,1.798302291163669,3.100074027980726,3.197062,97.592945,97.19927896903332,1208.0000000000002
12077,12,Guerrero,Marquelia,14280,862,22.621809744779583,6.42939150401837,27.273252476362355,-4.651442731582772,bajo,en lo esperado,1.2422901000431696,0.0,0.278664,65.534222,3.814754341695117,195.0
12078,12,Guerrero,Cochoapa el Grande,21241,1411,58.9652728561304,32.80653950953678,63.25358725460538,-4.288314398474981,muy alto,en lo esperado,3.892487696105618,7.798280881093497,4.998727,99.774489,97.99036618842906,832.0
12079,12,Guerrero,José Joaquín de Herrera,18381,1440,52.98611111111112,16.29287598944591,54.7203155980289,-1.7342044869177755,muy alto,en lo esperado,1.1364106522361952,0.0,2.992723,96.432355,91.64222873900292,763.0000000000001
12080,12,Guerrero,Juchitán,7559,441,24.26303854875283,8.755760368663594,29.641229919883703,-5.378191371130871,bajo,mejor de lo esperado,2.408959584885816,0.0,0.763133,72.849191,4.575986565910999,106.99999999999999
12081,12,Guerrero,Iliatenco,11679,1003,12.861415752741776,6.243386243386244,40.118466575399516,-27.25705082265774,muy bajo,mejor de lo esperado,2.149109440618556,0.0,1.820274,86.105764,83.35629650041334,129.0
13001,13,Hidalgo,Acatlán,22268,1299,35.56581986143188,11.102719033232628,48.48105667141391,-12.915236809982027,alto,mejor de lo esperado,2.7037771296731625,0.0,-0.301684,46.433754,0.3424168925666999,462.00000000000017
13002,13,Hidalgo,Acaxochitlán,46065,2862,53.214535290006985,14.977549711353433,46.671994602356115,6.54254068765087,muy alto,peor de lo esperado,1.52758945472933,0.0,0.711946,85.525238,33.26059705650216,1522.9999999999998
13003,13,Hidalgo,Actopan,61002,3156,18.155893536121667,4.121212121212121,28.544827892206555,-10.388934356084889,muy bajo,mejor de lo esperado,1.0246650197112783,0.0,-0.870466,58.15063,2.9709412832411517,572.9999999999998
13004,13,Hidalgo,Agua Blanca de Iturbide,10313,618,27.993527508090608,5.537974683544304,37.33847103161271,-9.344943523522105,medio,mejor de lo esperado,1.9641144135869848,0.0,0.026182,67.274807,0.6045081967213115,172.99999999999997
13005,13,Hidalgo,Ajacuba,18872,965,21.34715025906736,4.516129032258065,33.40322444924523,-12.05607419017787,muy bajo,mejor de lo esperado,2.003725412574352,0.0,-0.671084,54.767096,0.3415225294700892,206.00000000000003
13006,13,Hidalgo,Alfajayucan,19162,1007,14.597815292949347,3.315412186379928,30.490774065371326,-15.892958772421979,muy bajo,mejor de lo esperado,2.053719153560632,0.0,-0.308831,55.378244,21.17794486215539,146.99999999999994
13007,13,Hidalgo,Almoloya,12546,672,29.61309523809524,5.932203389830509,33.15906104178176,-3.5459658036865207,medio,en lo esperado,2.821793882418388,0.0,-0.552404,58.048917,0.1580961890497587,199.0
13008,13,Hidalgo,Apan,46681,2521,23.244744149147166,5.289885738468049,26.929174474001744,-3.6844303248545778,bajo,en lo esperado,1.181661466956463,0.0,-0.931588,49.818818,0.2195143804318609,586.0000000000001
13009,13,Hidalgo,El Arenal,19836,1159,24.07247627264884,5.965909090909091,27.80529964410721,-3.732823371458373,bajo,en lo esperado,2.2389435805722133,0.0,-0.62489,58.53589,1.450189155107188,279.00000000000006
13010,13,Hidalgo,Atitalaquia,31525,1655,18.972809667673715,5.306380290587492,24.42909357544308,-5.456283907769365,muy bajo,mejor de lo esperado,0.952233883959167,0.0,-1.045802,35.772965,0.4785636489653124,314.0
13011,13,Hidalgo,Atlapexco,19812,1201,17.235636969192342,3.6547433903576985,29.385244531377914,-12.149607562185572,muy bajo,mejor de lo esperado,2.127617743169382,0.0,0.3984,72.049185,70.28408791440468,207.00000000000003
13012,13,Hidalgo,Atotonilco el Grande,30135,1641,31.139549055454,6.827545615067687,39.79952550204247,-8.65997644658847,medio,mejor de lo esperado,2.0039532708844945,0.0,-0.342797,60.302775,0.4553670745272525,511.00000000000017
13013,13,Hidalgo,Atotonilco de Tula,62470,3450,23.53623188405797,5.942733657482442,23.411575927288254,0.12465595676971475,bajo,en lo esperado,2.8699129512654022,0.0,-1.155127,38.560743,1.3227601931330473,811.9999999999999
13014,13,Hidalgo,Calnali,16150,1026,15.594541910331388,4.211557296767874,27.9783169446632,-12.38377503433181,muy bajo,mejor de lo esperado,1.703332361343503,0.0,0.189925,73.915893,28.86757226549926,160.00000000000006
13015,13,Hidalgo,Cardonal,19431,1023,14.369501466275665,2.795899347623485,34.94030480115973,-20.57080333488407,muy bajo,mejor de lo esperado,3.481945633044295,3.423952690915627,-0.249766,64.525062,56.70636417524384,147.00000000000003
13016,13,Hidalgo,Cuautepec de Hinojosa,60421,3402,33.2745443856555,8.957293399889073,37.42651022344959,-4.151965837794087,medio,en lo esperado,2.3364744060910443,0.0,-0.435984,74.260237,0.3996579346934501,1132.0000000000002
13017,13,Hidalgo,Chapantongo,12967,632,24.367088607594937,5.755395683453237,38.22092912220997,-13.85384051461503,bajo,mejor de lo esperado,4.777028801815527,0.0,0.013213,58.714943,0.3878161105275915,154.0
13018,13,Hidalgo,Chapulhuacán,22903,1297,39.01310717039321,8.735795454545455,27.74745813448758,11.265649035905632,alto,peor de lo esperado,1.7593681953798177,0.0,-0.018166,59.120242,6.881561300467095,506.0
13019,13,Hidalgo,Chilcuautla,18909,1042,16.986564299424188,3.393213572854292,32.49405410307947,-15.507489803655282,muy bajo,mejor de lo esperado,1.4886671600875965,0.0,-0.313465,57.587593,39.68815658520403,177.00000000000006
13020,13,Hidalgo,Eloxochitlán,2593,104,11.538461538461531,5.384615384615385,26.787128589936465,-15.248667051474934,muy bajo,mejor de lo esperado,1.2881112980295646,2.004960343282528,-0.311282,62.733032,0.5579912315663611,11.999999999999993
13021,13,Hidalgo,Emiliano Zapata,15175,812,20.566502463054192,5.673758865248227,18.415855211920466,2.1506472511337265,muy bajo,en lo esperado,1.3116149539449495,0.0,-0.997424,44.380926,0.3366309425666391,167.00000000000006
13022,13,Hidalgo,Epazoyucan,16285,928,22.73706896551724,8.61878453038674,28.56284546745765,-5.82577650194041,bajo,mejor de lo esperado,2.9915881870660908,0.0,-0.764795,45.252637,0.7642825297751735,210.99999999999997
13023,13,Hidalgo,Francisco I. Madero,36248,1863,12.23832528180354,3.331624807790877,25.379338245336516,-13.141012963532976,muy bajo,mejor de lo esperado,1.4841173485875647,0.0,-0.883003,54.956812,1.6820881882567968,227.99999999999994
13024,13,Hidalgo,Huasca de Ocampo,17607,933,30.117899249732048,10.675808031341822,39.369075591235216,-9.251176341503168,medio,mejor de lo esperado,3.162073906645671,0.0,-0.426784,60.166881,0.4258637236084453,281.0
13025,13,Hidalgo,Huautla,20673,1196,9.448160535117054,1.7656500802568218,28.72416630875762,-19.276005773640566,muy bajo,mejor de lo esperado,2.725906562511653,0.0,0.78261,72.949,68.75346260387812,112.99999999999997
13026,13,Hidalgo,Huazalingo,12766,865,22.658959537572255,3.736263736263736,32.87309433871871,-10.214134801146454,bajo,mejor de lo esperado,2.161794416318152,0.0,0.520875,90.868467,77.91214215202369,196.0
13027,13,Hidalgo,Huehuetla,22846,1457,24.02196293754289,8.258774948382657,27.848204646056825,-3.8262417085139333,bajo,en lo esperado,0.9957316108723884,0.0,1.252039,81.332636,49.4027579209519,349.99999999999994
13028,13,Hidalgo,Huejutla de Reyes,126781,7325,22.580204778157,6.153654898060666,27.265309668962693,-4.685104890805693,bajo,en lo esperado,1.2935628577240503,0.0,0.05702,71.870969,53.79404019866004,1654.0000000000002
13029,13,Hidalgo,Huichapan,47425,2534,21.62588792423047,4.393816110659072,28.803237419582832,-7.177349495352363,bajo,mejor de lo esperado,2.320809680270474,0.0,-0.678922,51.075186,1.4014058127492677,548.0000000000001
13030,13,Hidalgo,Ixmiquilpan,98654,5143,18.99669453626288,4.2831541218638,33.64340256623337,-14.64670802997049,muy bajo,mejor de lo esperado,1.757079585782136,0.0,-0.665575,60.411816,36.769015975871,976.9999999999999
13031,13,Hidalgo,Jacala de Ledezma,12290,593,26.81281618887016,6.22154779969651,36.301458686869125,-9.488642497998967,bajo,mejor de lo esperado,2.3111294514991134,0.0,-0.31712,52.591406,0.5344871468567065,159.00000000000003
13032,13,Hidalgo,Jaltocán,10523,599,18.86477462437395,5.745341614906832,25.603536442326035,-6.738761817952085,muy bajo,mejor de lo esperado,1.467948014533661,0.0,0.310417,81.007498,73.63979348689436,112.99999999999996
13033,13,Hidalgo,Juárez Hidalgo,2895,161,19.254658385093165,5.142857142857143,19.993116342045205,-0.7384579569520398,muy bajo,en lo esperado,0.3333496127498127,0.0,-0.174996,63.592152,1.4595941616233534,30.999999999999996
13034,13,Hidalgo,Lolotla,9474,554,18.231046931407946,3.3628318584070795,35.48112972317681,-17.25008279176886,muy bajo,mejor de lo esperado,1.240301866890695,0.0,0.147607,82.971822,23.807932263814617,101.00000000000001
13035,13,Hidalgo,Metepec,13078,746,30.026809651474537,7.9422382671480145,42.855903338748895,-12.829093687274359,medio,mejor de lo esperado,2.832463581797459,0.0,-0.534641,50.089749,1.187590887057683,224.00000000000003
13036,13,Hidalgo,San Agustín Metzquititlán,9449,520,19.807692307692307,5.346534653465347,27.951786277718845,-8.144093970026539,muy bajo,mejor de lo esperado,1.846505554743992,0.0,-0.550105,61.398396,0.4822974898607914,103.0
13037,13,Hidalgo,Metztitlán,20962,1069,25.53788587464921,5.472197705207414,34.05387753087284,-8.51599165622363,bajo,mejor de lo esperado,2.838705798772606,0.3519981296014002,-0.02479,60.120871,12.529821073558647,273.00000000000006
13038,13,Hidalgo,Mineral del Chico,8878,476,19.957983193277315,3.37972166998012,35.49160760790506,-15.533624414627745,muy bajo,mejor de lo esperado,3.0264116445271365,0.0,-0.118335,51.4875,0.6960830580462483,95.00000000000001
13039,13,Hidalgo,Mineral del Monte,14324,727,23.65887207702889,4.166666666666667,18.309389965167746,5.349482111861143,bajo,peor de lo esperado,0.8313111321345986,0.0,-0.945139,60.460885,0.2967144304530322,172.00000000000003
13040,13,Hidalgo,La Misión,9819,523,41.87380497131931,12.126537785588752,36.08809159305279,5.7857133782665215,alto,peor de lo esperado,2.9505448246197354,0.0,0.550946,68.104677,0.4473796335747763,219.0
13041,13,Hidalgo,Mixquiahuala de Juárez,47222,2443,19.23864101514532,4.20032310177706,28.8468036509111,-9.60816263576578,muy bajo,mejor de lo esperado,1.465012848483668,0.0,-0.874137,48.125865,1.2714474263088429,470.00000000000017
13042,13,Hidalgo,Molango de Escamilla,11578,688,15.552325581395351,5.6923076923076925,27.205273208086492,-11.652947626691141,muy bajo,mejor de lo esperado,1.0639016079015713,0.0,-0.268152,68.19461,0.9713977334052888,107.00000000000001
13043,13,Hidalgo,Nicolás Flores,6265,370,15.945945945945953,2.696078431372549,23.84486254929735,-7.898916603351397,muy bajo,mejor de lo esperado,2.180315902730595,0.0,0.180269,75.771157,53.27882529617887,59.00000000000002
13044,13,Hidalgo,Nopala de Villagrán,16948,850,18.941176470588232,4.901960784313726,32.388251984026596,-13.447075513438364,muy bajo,mejor de lo esperado,2.5122299737106664,0.0,-0.241193,53.023415,0.3102506825515016,160.99999999999997
13045,13,Hidalgo,Omitlán de Juárez,9295,519,27.74566473988439,6.1041292639138245,29.623116211354894,-1.8774514714705042,medio,en lo esperado,2.0834026225628994,0.0,-0.60085,53.375841,0.3143947900291938,143.99999999999997
13046,13,Hidalgo,San Felipe Orizatlán,38492,2265,25.386313465783655,5.757931844888367,26.31912394574122,-0.9328104799575669,bajo,en lo esperado,1.9288940118192053,0.0,0.203505,78.386899,55.96726964231959,574.9999999999998
13047,13,Hidalgo,Pacula,4748,221,17.194570135746602,4.878048780487805,36.26625529305674,-19.071685157310135,muy bajo,mejor de lo esperado,3.793444218236876,4.514428009230427,0.287127,61.25107,2.9411764705882355,37.999999999999986
13048,13,Hidalgo,Pachuca de Soto,314331,15212,16.29634499079674,3.912859560067682,18.541328064579726,-2.2449830737829863,muy bajo,en lo esperado,0.2797428563684372,0.0,-1.264186,37.92083,3.3764577743537973,2479.0
13049,13,Hidalgo,Pisaflores,18723,1110,45.04504504504504,12.442396313364055,29.667619090977624,15.37742595406742,muy alto,peor de lo esperado,1.8391487178461208,0.0,0.170309,69.55617,1.027849554981338,500.0
13050,13,Hidalgo,Progreso de Obregón,23641,1213,17.06512778235779,4.875886524822695,22.41162904120269,-5.346501258844899,muy bajo,mejor de lo esperado,0.6189058709681576,0.0,-0.939745,46.996411,1.5986963798115037,207.00000000000003
13051,13,Hidalgo,Mineral de la Reforma,202749,10499,15.972949804743308,3.765486294020096,15.506732717425272,0.4662170873180358,muy bajo,en lo esperado,0.8463808042910677,0.0,-1.362099,24.529698,2.2247817963090943,1677.0
13052,13,Hidalgo,San Agustín Tlaxiaca,38891,2139,20.14960261804582,3.5427491733585263,27.153821568656497,-7.004218950610678,muy bajo,mejor de lo esperado,1.9996998121185452,0.0,-0.731581,51.431636,0.8275052052746783,431.0000000000001
13053,13,Hidalgo,San Bartolo Tutotepec,17699,1198,32.804674457429044,8.410428931875526,33.59238766166339,-0.7877132042343433,medio,en lo esperado,1.6733085924489246,0.0,1.442699,71.56763,29.74137931034483,392.99999999999994
13054,13,Hidalgo,San Salvador,36796,2028,14.644970414201184,2.6046986721144023,28.674272795596238,-14.029302381395054,muy bajo,mejor de lo esperado,2.7828347694353472,0.0,-0.720619,51.216345,19.96102685757858,297.0
13055,13,Hidalgo,Santiago de Anaya,18329,983,14.242115971515773,2.2797927461139897,26.752793421482444,-12.510677449966671,muy bajo,mejor de lo esperado,2.078052829592751,0.0,-0.504788,57.720637,43.61471861471861,140.00000000000006
13056,13,Hidalgo,Santiago Tulantepec de Lugo Guerrero,39561,2212,25.36166365280289,7.2835547411818595,28.58068892239645,-3.219025269593562,bajo,en lo esperado,0.8759355081475071,0.0,-0.928801,47.539634,1.0598932177406566,560.9999999999999
13057,13,Hidalgo,Singuilucan,15142,847,29.63400236127509,9.613259668508288,47.16739299706167,-17.533390635786578,medio,mejor de lo esperado,4.129265801091606,0.0,-0.456636,56.20649,0.2145180264341568,251.00000000000003
13058,13,Hidalgo,Tasquillo,17441,938,12.473347547974411,2.2900763358778624,25.77180684562508,-13.298459297650668,muy bajo,mejor de lo esperado,1.7630083689510287,0.0,-0.435302,61.452791,34.361180829449026,116.99999999999999
13059,13,Hidalgo,Tecozautla,38010,2174,27.644894204231832,6.4171122994652405,35.40567065304826,-7.760776448816429,bajo,mejor de lo esperado,2.1053855860395903,0.0,-0.285522,51.716458,7.628826143357898,601.0000000000001
13060,13,Hidalgo,Tenango de Doria,17503,974,38.19301848049281,8.409506398537477,34.43269105831824,3.7603274221745693,alto,en lo esperado,1.7730078892207233,0.0,0.203736,69.802807,26.355840077304023,372.0
13061,13,Hidalgo,Tepeapulco,56245,2876,17.211404728789987,4.58071666050979,22.63137330504297,-5.419968576252984,muy bajo,mejor de lo esperado,0.714921666149246,0.0,-1.190125,38.351529,0.538984051978736,495.0
13062,13,Hidalgo,Tepehuacán de Guerrero,31235,1827,39.18992884510126,9.095354523227384,35.580639965523666,3.6092888795775906,alto,en lo esperado,1.43865597917126,0.0,1.069416,86.32246,34.6454809499402,716.0
13063,13,Hidalgo,Tepeji del Río de Ocampo,90546,4713,26.373859537449604,8.582246529238535,27.566604488295187,-1.192744950845583,bajo,en lo esperado,1.2320304284696455,0.0,-0.803785,37.182595,3.271981269848629,1243.0
13064,13,Hidalgo,Tepetitlán,10830,527,27.514231499051235,5.58659217877095,28.30504461152406,-0.7908131124728257,bajo,en lo esperado,2.7556646685979183,0.0,-0.441794,48.815709,2.1714066102997696,145.0
13065,13,Hidalgo,Tetepango,11768,615,21.463414634146343,5.631399317406143,33.90060975482398,-12.43719512067764,muy bajo,mejor de lo esperado,1.0573864037323146,0.0,-0.834356,62.081343,0.2757516456146593,132.00000000000003
13066,13,Hidalgo,Villa de Tezontepec,13032,696,26.436781609195407,6.484149855907781,26.917018022529067,-0.4802364133336603,bajo,en lo esperado,1.61319816330239,0.0,-1.036207,62.036292,0.3781174577634754,184.00000000000006
13067,13,Hidalgo,Tezontepec de Aldama,55134,3143,24.657970092268528,5.270049099836334,31.060871598055783,-6.402901505787256,bajo,mejor de lo esperado,1.3672182936075872,0.0,-0.626687,61.113097,0.437303926228729,774.9999999999998
13068,13,Hidalgo,Tianguistengo,14340,770,33.11688311688312,6.323687031082529,38.044427384165594,-4.927544267282471,medio,en lo esperado,1.770576426248171,0.0,0.825744,86.013358,33.42620426717501,255.00000000000003
13069,13,Hidalgo,Tizayuca,168302,9709,20.980533525594808,5.575383428185589,18.975659826423954,2.0048736991708545,muy bajo,en lo esperado,0.4319679882840827,0.0,-1.245231,42.738626,1.6667704764870757,2037.0
13070,13,Hidalgo,Tlahuelilpan,19067,1121,21.76628010704728,4.419321685508736,25.97418103360103,-4.2079009265537515,bajo,en lo esperado,1.1987546723329974,0.0,-0.851029,57.096807,0.635407537248028,244.0
13071,13,Hidalgo,Tlahuiltepa,9086,489,41.104294478527606,8.3984375,32.41415388614922,8.690140592378384,alto,peor de lo esperado,3.854492512050912,1.839974554400036,0.406312,77.135204,0.5511539786427834,201.0
13072,13,Hidalgo,Tlanalapa,11113,521,15.355086372360844,4.419889502762431,23.75367531096778,-8.398588938606935,muy bajo,mejor de lo esperado,0.4021167413651749,0.0,-1.115615,44.018324,0.1488787568623802,80.0
13073,13,Hidalgo,Tlanchinol,37722,2372,28.709949409780776,6.430868167202572,38.28761843632072,-9.577669026539944,medio,mejor de lo esperado,1.9708899488794716,0.0,0.373288,90.640081,45.12277350115188,681.0
13074,13,Hidalgo,Tlaxcoapan,28626,1527,21.74197773411919,5.759888965995836,26.180361649212838,-4.438383915093649,bajo,en lo esperado,0.8023381550719612,0.0,-0.857315,60.930245,0.3428279660089718,332.0
13075,13,Hidalgo,Tolcayuca,21362,1113,19.676549865229106,5.641025641025641,20.801027406048526,-1.12447754081942,muy bajo,en lo esperado,1.629324051473673,0.0,-1.086146,46.461361,0.9561442021562028,218.99999999999994
13076,13,Hidalgo,Tula de Allende,115107,5688,17.281997187060483,4.992917847025495,25.324005649364963,-8.04200846230448,muy bajo,mejor de lo esperado,0.8678913153337989,0.0,-1.012403,34.654814,0.5294794962691641,983.0000000000002
13077,13,Hidalgo,Tulancingo de Bravo,168369,9152,25.633741258741253,7.962032384142937,35.9788459678968,-10.34510470915555,bajo,mejor de lo esperado,1.1046598016280382,0.0,-0.938734,53.732484,2.830600411496976,2345.9999999999995
13078,13,Hidalgo,Xochiatipan,18260,1260,27.85714285714286,7.928913192071087,40.70977315652448,-12.852630299381616,medio,mejor de lo esperado,1.631207785402107,0.0,1.49385,92.553611,90.6318082788671,351.00000000000006
13079,13,Hidalgo,Xochicoatlán,7015,416,15.865384615384611,3.333333333333333,24.4441088761278,-8.578724260743188,muy bajo,mejor de lo esperado,0.7877238117237377,0.0,-0.107903,64.21169,1.2157153446997775,65.99999999999999
13080,13,Hidalgo,Yahualica,24674,1753,21.163719338277232,5.599547511312217,32.27528258509508,-11.111563246817845,muy bajo,mejor de lo esperado,1.165921257272376,0.0,1.194312,86.123727,79.42901168514318,370.9999999999999
13081,13,Hidalgo,Zacualtipán de Ángeles,38155,2181,26.08895002292526,6.625060009601536,29.55992391619336,-3.4709738932680985,bajo,en lo esperado,0.3958917430984038,0.0,-0.603229,66.588591,4.92599894482548,569.0
13082,13,Hidalgo,Zapotlán de Juárez,21443,1198,22.20367278797997,5.686433793663688,22.52945483738287,-0.3257820494028998,bajo,en lo esperado,0.4615935874673252,0.0,-0.973141,59.017998,1.107817890287158,266.00000000000006
13083,13,Hidalgo,Zempoala,57906,2967,15.638692281766096,4.692556634304207,24.00949104163305,-8.370798759866956,muy bajo,mejor de lo esperado,1.5838237318870731,0.0,-1.179373,41.395065,0.8784038147822814,464.00000000000006
13084,13,Hidalgo,Zimapán,39927,2184,16.300366300366306,5.433829973707274,28.612347664737577,-12.31198136437127,muy bajo,mejor de lo esperado,1.5318628739279545,0.2846389194410066,-0.550162,48.014738,11.207145671877052,356.0000000000001
14001,14,Jalisco,Acatic,23175,1272,44.26100628930818,17.027632561613146,36.73081193117758,7.530194358130601,muy alto,peor de lo esperado,1.733451340532104,3.879229630322925,-0.788597,33.044131,0.0548421004524473,563.0
14002,14,Jalisco,Acatlán de Juárez,25250,1728,25.173611111111114,6.589644843816859,26.85985377232279,-1.6862426612116757,bajo,en lo esperado,1.6895648817880964,0.0,-1.116235,30.63195,2.69427466633404,435.0000000000001
14003,14,Jalisco,Ahualulco de Mercado,23630,1227,24.44987775061125,7.1484071484071485,26.422771982993567,-1.9728942323823162,bajo,en lo esperado,1.785975796425861,0.0,-1.192017,35.699776,0.7053500133084908,300.00000000000006
14004,14,Jalisco,Amacueca,5743,280,33.21428571428571,12.1580547112462,26.84517049985224,6.369115214433467,medio,peor de lo esperado,2.404172088860273,0.0,-0.84086,56.267204,0.220345207491737,92.99999999999999
14005,14,Jalisco,Amatitán,16490,980,27.244897959183675,7.50256937307297,24.990544648959315,2.25435331022436,bajo,en lo esperado,0.2058252341024579,0.0,-1.149719,40.023912,0.9335565284573784,267.0
14006,14,Jalisco,Ameca,60386,3166,31.23815540113708,8.276972624798711,28.23611784435447,3.0020375567826107,medio,en lo esperado,1.330845167729778,0.8664942292542541,-1.089717,40.737778,0.2649442404931773,989.0
14007,14,Jalisco,San Juanito de Escobedo,9433,530,23.01886792452831,4.936014625228519,32.6893732724678,-9.67050534793949,bajo,mejor de lo esperado,2.121701495647192,0.0,-1.031135,49.715073,0.1004800714524952,122.00000000000003
14008,14,Jalisco,Arandas,80609,4658,43.10863031343924,18.142201834862384,36.98768714961998,6.120943163819263,muy alto,peor de lo esperado,1.4611730297440928,4.346564524040481,-0.905326,37.044565,0.3385222653544028,2008.0
14009,14,Jalisco,El Arenal,21115,1192,22.399328859060404,9.547325102880658,26.833921857748436,-4.434592998688032,bajo,en lo esperado,1.3821551666741414,0.0,-1.139195,34.104023,0.5173019938727337,267.0
14010,14,Jalisco,Atemajac de Brizuela,7758,491,51.12016293279022,21.24248496993988,43.23662646915241,7.88353646363781,muy alto,peor de lo esperado,1.2372372127121658,3.468851196525625,-0.401685,80.458836,0.1507055761063159,251.0
14011,14,Jalisco,Atengo,5599,309,26.860841423948216,6.920415224913495,32.41534749279068,-5.554506068842464,bajo,mejor de lo esperado,2.0662949435934435,4.84848099979679,-0.561734,60.24904,0.056390977443609,82.99999999999999
14012,14,Jalisco,Atenguillo,4176,200,25.5,11.27450980392157,31.325510059342903,-5.8255100593429034,bajo,mejor de lo esperado,7.290075000579733,45.97159352462789,-0.903461,24.610096,0.0748316288351209,51.0
14013,14,Jalisco,Atotonilco el Alto,64009,3404,38.1903642773208,16.98841698841699,34.98013250804958,3.2102317692712248,alto,en lo esperado,2.145725763183658,0.0,-0.886297,38.058594,0.1176743569345001,1300.0000000000002
14014,14,Jalisco,Atoyac,8689,448,33.92857142857143,14.5413870246085,33.85025245623143,0.07831897233999996,medio,en lo esperado,2.712317545444662,13.641653563779077,-0.564898,52.54214,0.2173125679101774,152.0
14015,14,Jalisco,Autlán de Navarro,64931,3308,26.269649334945584,8.666858623668299,24.45599851092886,1.8136508240167224,bajo,en lo esperado,1.051149129491768,0.4031052315077775,-1.024138,36.328681,1.158681233559798,868.9999999999999
14016,14,Jalisco,Ayotlán,41552,2346,45.14066496163683,19.365079365079364,46.9400312720794,-1.7993663104425721,muy alto,en lo esperado,2.550076285822199,6.913695775334937,-0.709515,57.707001,0.1223303940058107,1059.0
14017,14,Jalisco,Ayutla,12880,639,32.3943661971831,7.272727272727272,31.61010110535952,0.7842650918235847,medio,en lo esperado,3.994329963240504,16.79484176413885,-0.888539,52.625833,0.0488559563553456,207.00000000000006
14018,14,Jalisco,La Barca,67937,3679,37.18401739603153,15.436241610738255,36.9491994787879,0.23481791724363177,alto,en lo esperado,1.6802946314512168,0.0,-0.911828,46.608703,0.1488972298911189,1367.9999999999998
14019,14,Jalisco,Bolaños,7043,433,34.8729792147806,13.646532438478747,39.684022846743055,-4.811043631962455,alto,en lo esperado,3.339518715903342,5.932909400296071,2.413635,63.985054,61.3719512195122,151.0
14020,14,Jalisco,Cabo Corrientes,10940,607,31.96046128500824,11.407407407407408,31.607260412649637,0.3532008723586024,medio,en lo esperado,3.7132789175121874,15.285648167954667,-0.356114,50.45469,0.2312807169702226,194.00000000000003
14021,14,Jalisco,Casimiro Castillo,20548,1055,32.03791469194313,13.673655423883318,30.959110604215756,1.0788040877273737,medio,en lo esperado,0.830033444367007,0.0,-0.743008,42.898219,0.215484069570571,338.00000000000006
14022,14,Jalisco,Cihuatlán,40139,2224,32.5089928057554,13.22455989695148,27.46223470595093,5.046758099804467,medio,peor de lo esperado,0.4858612918501907,0.0,-0.760205,52.215118,1.6698372437116888,723.0000000000001
14023,14,Jalisco,Zapotlán el Grande,115141,5575,21.040358744394624,7.58545055748492,22.170920597003008,-1.130561852608384,muy bajo,en lo esperado,0.2225142078322186,1.2024563686538343,-1.192947,29.801481,0.7831380030889434,1173.0000000000002
14024,14,Jalisco,Cocula,29267,1525,27.34426229508196,7.791371538956858,32.320467284910166,-4.976204989828204,bajo,en lo esperado,1.757227179611617,0.0,-0.987616,44.411442,0.1505646173149309,416.9999999999999
14025,14,Jalisco,Colotlán,19689,972,24.89711934156378,4.752275025278059,24.519149965837457,0.37796937572632316,bajo,en lo esperado,1.8125792098439095,10.456217054025403,-1.117514,42.527075,3.004820567755758,241.99999999999994
14026,14,Jalisco,Concepción de Buenos Aires,6334,326,36.809815950920246,14.420062695924765,34.09028839090702,2.7195275600132263,alto,en lo esperado,0.8719072360990268,0.629978908579602,-0.743997,56.508924,0.1493032514930325,120.0
14027,14,Jalisco,Cuautitlán de García Barragán,18370,1075,27.813953488372093,6.312900274473925,28.286059453452143,-0.47210596508005054,medio,en lo esperado,2.252290093767868,0.7632249905455907,0.699831,64.223805,1.719462235300906,299.0
14028,14,Jalisco,Cuautla,2166,99,28.28282828282828,15.454545454545457,34.53395902488904,-6.251130742060763,medio,mejor de lo esperado,5.009680497647214,24.331178472292667,-0.548397,44.417742,0.0484261501210653,28.0
14029,14,Jalisco,Cuquío,17820,958,34.9686847599165,17.816683831101958,37.578942082174066,-2.610257322257567,alto,en lo esperado,3.2982491429348797,3.6278323110972654,-0.62226,49.776656,0.0177409816676522,335.0000000000001
14030,14,Jalisco,Chapala,55196,2646,33.5222978080121,12.373371924746744,24.29651557379952,9.225782234212577,medio,peor de lo esperado,0.4330920588295346,0.0,-1.15721,46.210193,0.1941045500390112,887.0000000000001
14031,14,Jalisco,Chimaltitán,3270,183,33.87978142076503,10.0418410041841,38.85231595784721,-4.972534537082183,medio,en lo esperado,5.590947490445676,15.42771230549338,0.753031,75.106564,2.5910134470318136,62.0
14032,14,Jalisco,Chiquilistlán,5983,324,39.81481481481482,13.80281690140845,36.52985736002267,3.284957454792149,alto,en lo esperado,1.592840350567891,5.247926080868141,-0.478103,76.684011,0.0536576641030227,129.0
14033,14,Jalisco,Degollado,21226,1074,43.109869646182496,19.456244689889548,36.60522645538217,6.504643190800323,muy alto,peor de lo esperado,2.417646145948848,0.0,-0.81233,48.032913,0.194504014762356,463.0
14034,14,Jalisco,Ejutla,1981,87,37.93103448275862,17.391304347826086,35.093092704671875,2.837941778086744,alto,en lo esperado,3.559146619001239,19.604597701149423,-0.718981,70.10841,0.0,33.0
14035,14,Jalisco,Encarnación de Díaz,53039,2838,40.415785764622974,14.592274678111588,35.622878686945946,4.792907077677029,alto,en lo esperado,3.698954909011265,20.07298838304104,-0.910991,40.99248,0.0756188808405635,1147.0
14036,14,Jalisco,Etzatlán,20011,1126,24.689165186500887,7.03125,30.895477895266044,-6.206312708765157,bajo,mejor de lo esperado,0.9002288031478625,0.0,-1.15281,43.275566,0.0947169017049042,278.0
14037,14,Jalisco,El Grullo,25920,1250,26.64,9.37950937950938,26.06094245817359,0.5790575418264119,bajo,en lo esperado,0.7885004532756635,0.0,-1.071568,43.438005,1.273007378577799,333.00000000000006
14038,14,Jalisco,Guachinango,4199,196,31.12244897959184,9.5,37.09180042656833,-5.969351446976486,medio,mejor de lo esperado,4.200793896600563,21.407113394038447,-0.711614,56.138589,0.1258494840171155,61.000000000000014
14039,14,Jalisco,Guadalajara,1385629,61120,23.4342277486911,7.77659332785768,21.833304196232536,1.600923552458564,bajo,en lo esperado,4.779285760768394e-05,0.0,-1.3417,31.772174,0.3111576639632189,14323.0
14040,14,Jalisco,Hostotipaquillo,8732,508,33.26771653543307,11.5234375,34.683835369680295,-1.4161188342472286,medio,en lo esperado,2.760481033154001,4.047569957735857,-0.626644,72.811679,0.216710811461594,168.99999999999997
14041,14,Jalisco,Huejúcar,5920,290,23.448275862068968,8.783783783783784,28.40791649952988,-4.959640637460911,bajo,en lo esperado,2.4148303729268834,13.793067382531618,-0.982872,55.198905,0.1764602082230457,68.0
14042,14,Jalisco,Huejuquilla el Alto,10015,525,33.9047619047619,10.909090909090908,32.25918665114263,1.6455752536192705,medio,en lo esperado,1.5398438146315263,1.0485361568126326,-0.29225,57.844589,8.963824565147796,177.99999999999997
14043,14,Jalisco,La Huerta,23258,1231,31.03168155970755,9.305873379099925,26.821604527939403,4.210077031768147,medio,en lo esperado,3.369098388942525,5.215293275306682,-0.697538,39.644851,0.9146479510980304,381.99999999999994
14044,14,Jalisco,Ixtlahuacán de los Membrillos,67969,3821,37.92200994504056,13.432122370936902,28.05711494011737,9.864895004923188,alto,peor de lo esperado,2.003165965043465,0.0,-0.967437,39.859452,0.4670866825983054,1448.9999999999998
14045,14,Jalisco,Ixtlahuacán del Río,20465,1059,32.95561850802645,12.203389830508474,33.4842555900258,-0.5286370819993564,medio,en lo esperado,4.1498515432731065,9.625594761215746,-0.800359,46.368491,0.1396720293828565,349.00000000000006
14046,14,Jalisco,Jalostotitlán,32678,1972,44.06693711967546,15.06253398586188,34.010431189553685,10.056505930121773,muy alto,peor de lo esperado,1.1236753792661287,1.4923878703450335,-1.0013,44.551883,0.0581188854089309,869.0
14047,14,Jalisco,Jamay,24894,1355,30.332103321033216,14.929785661492978,32.9811041602503,-2.6490008392170807,medio,en lo esperado,0.22214874690102,0.0,-0.917348,50.217354,0.4132055378061768,411.00000000000006
14048,14,Jalisco,Jesús María,18982,1074,54.09683426443203,24.56813819577735,38.828047135230086,15.268787129201947,muy alto,peor de lo esperado,2.931038045764029,6.1754332834907455,-0.618624,43.915389,0.3077956237058593,581.0000000000001
14049,14,Jalisco,Jilotlán de los Dolores,9425,463,48.16414686825054,15.748031496062993,42.896600466976956,5.267546401273584,muy alto,peor de lo esperado,6.991202461599924,28.71840942877616,-0.209476,63.225455,0.6061286339656528,223.0
14050,14,Jalisco,Jocotepec,47105,2674,46.82124158563949,20.106423413150893,37.00625630111958,9.814985284519913,muy alto,peor de lo esperado,3.79136124056196,0.0,-0.809552,49.367692,0.6691382584320463,1252.0
14051,14,Jalisco,Juanacatlán,30855,1549,37.57262750161394,10.929577464788732,30.012944627508222,7.5596828741057145,alto,peor de lo esperado,1.3092293233558747,0.0,-1.106803,35.185065,0.1273227804542326,581.9999999999999
14052,14,Jalisco,Juchitlán,5534,282,29.07801418439716,10.033444816053512,27.142495090606836,1.9355190937903224,medio,en lo esperado,1.1154833109436348,0.0,-0.879399,55.482777,0.2660585328772329,82.0
14053,14,Jalisco,Lagos de Moreno,172403,9579,33.06190625326235,10.244458255645329,34.10991719551978,-1.0480109422574273,medio,en lo esperado,1.4403931250386917,1.8352930849147635,-0.969389,40.658581,0.0681320165235485,3167.000000000001
14054,14,Jalisco,El Limón,5368,232,22.84482758620689,8.764940239043824,25.068001136405318,-2.223173550198428,bajo,en lo esperado,2.080161782538092,2.5833194307200698,-0.945314,32.937084,0.0583657587548638,52.999999999999986
14055,14,Jalisco,Magdalena,21781,1197,23.80952380952381,5.69620253164557,28.994789490414682,-5.185265680890872,bajo,mejor de lo esperado,0.1578145568392147,0.0,-1.048355,44.786125,0.1363791339924991,285.0
14056,14,Jalisco,Santa María del Oro,1815,106,24.52830188679245,26.041666666666668,45.174967628159315,-20.646665741366867,bajo,mejor de lo esperado,8.190372089016348,47.70380542424802,0.59893,67.714286,0.0,25.999999999999993
14057,14,Jalisco,La Manzanilla de la Paz,4099,182,36.81318681318681,14.97005988023952,27.185846368032507,9.627340445154303,alto,peor de lo esperado,1.959530811578088,0.0,-0.943604,44.607206,0.1029601029601029,67.0
14058,14,Jalisco,Mascota,14451,733,25.92087312414733,6.779661016949152,26.539384882279624,-0.6185117581322928,bajo,en lo esperado,2.8827114390955,15.747464799758584,-1.036579,44.577064,0.3766478342749529,189.99999999999994
14059,14,Jalisco,Mazamitla,14043,749,37.78371161548731,13.272010512483574,31.829451909540854,5.954259705946459,alto,peor de lo esperado,2.463927417064073,6.071853610732768,-0.919131,50.675845,0.2703311556656905,283.0
14060,14,Jalisco,Mexticacán,5307,248,34.2741935483871,15.0,34.58944456734119,-0.31525101895408625,alto,en lo esperado,8.330409888132843,9.283140555925632,-0.687099,69.940709,0.0,85.00000000000001
14061,14,Jalisco,Mezquitic,22083,1473,45.28173794976239,28.45138055222089,49.35084015927062,-4.06910220950823,muy alto,en lo esperado,5.192895603400087,21.480403567385697,4.606749,86.979979,78.6192080464821,666.9999999999999
14062,14,Jalisco,Mixtlán,3638,180,30.0,13.541666666666666,33.60762741129356,-3.6076274112935565,medio,en lo esperado,6.457423937750388,0.9864158702542236,-0.78814,32.323005,0.0577700751010976,54.0
14063,14,Jalisco,Ocotlán,106050,5589,32.08087314367508,13.369737537431742,28.527388592460305,3.5534845512147726,medio,en lo esperado,0.4306726987160059,0.0,-1.015214,32.31783,0.1607621315867818,1793.0
14064,14,Jalisco,Ojuelos de Jalisco,33588,2069,46.93088448525858,12.834978843441467,39.71028958159063,7.220594903667951,muy alto,peor de lo esperado,1.6056304836774773,1.5972510319517217,-0.558481,51.278001,0.0731087094723458,971.0
14065,14,Jalisco,Pihuamo,11386,561,34.22459893048128,11.986301369863014,32.37723633941312,1.8473625910681548,alto,en lo esperado,3.6972222979072926,13.980446222379266,-0.54165,45.572256,0.1848428835489833,191.99999999999997
14066,14,Jalisco,Poncitlán,53659,3121,42.93495674463313,15.689332501559576,38.48324156666684,4.4517151779662925,muy alto,en lo esperado,1.981141435783408,0.0,-0.693105,45.742113,0.0739600615667539,1340.0000000000002
14067,14,Jalisco,Puerto Vallarta,291839,14196,26.591997745843894,7.65802824626354,24.888479638831818,1.7035181070120764,bajo,en lo esperado,0.1514280078445503,0.0563453767150734,-1.155159,40.331676,1.1038258048505034,3774.999999999999
14068,14,Jalisco,Villa Purificación,11303,558,34.587813620071685,12.727272727272728,31.972997301865,2.6148163182066853,alto,en lo esperado,4.639156023817913,20.19851353068225,-0.500468,55.133888,0.448723941291951,193.0
14069,14,Jalisco,Quitupan,7734,350,57.71428571428572,21.114369501466275,48.75110502488481,8.963180689400915,muy alto,peor de lo esperado,4.753954427654935,15.494944710079492,-0.374447,67.546917,0.0406173842404549,202.0
14070,14,Jalisco,El Salto,232852,12893,39.29263941673776,12.6862820022927,21.88434880004371,17.408290616694046,alto,peor de lo esperado,0.7565820330826983,0.0,-0.962645,44.700456,0.5806191762719995,5065.999999999999
14071,14,Jalisco,San Cristóbal de la Barranca,2924,137,31.386861313868607,10.240963855421686,36.5229578100517,-5.136096496183093,medio,mejor de lo esperado,2.6214929937005045,0.0,-0.519897,52.808091,3.864382063434196,42.99999999999999
14072,14,Jalisco,San Diego de Alejandría,7609,448,47.99107142857143,15.212527964205815,40.208264575888265,7.782806852683166,muy alto,peor de lo esperado,1.063577426516304,0.7438466345475436,-0.793198,52.606196,0.1391594767603673,215.0
14073,14,Jalisco,San Juan de los Lagos,72230,4054,42.84657128761717,15.510688836104514,36.60524304503573,6.241328242581439,muy alto,peor de lo esperado,1.5880786549299275,5.101041855105748,-0.967635,37.580241,0.1159088574907933,1737.0
14074,14,Jalisco,San Julián,16792,766,40.60052219321149,11.862396204033216,36.34573321801483,4.254788975196661,alto,en lo esperado,0.3196072293124388,0.2129316304173701,-0.951708,41.932831,0.0627943485086342,311.0
14075,14,Jalisco,San Marcos,3791,202,22.27722772277228,15.422885572139304,31.903453184107526,-9.626225461335245,bajo,mejor de lo esperado,0.396206571849851,0.546021840873635,-0.862545,56.324277,0.139821029082774,45.00000000000001
14076,14,Jalisco,San Martín de Bolaños,3095,149,33.557046979865774,10.526315789473683,25.450641781303556,8.106405198562218,medio,peor de lo esperado,1.696061130774169,7.44886804843978,-0.143902,42.385047,5.44382801664355,50.0
14077,14,Jalisco,San Martín Hidalgo,28102,1408,24.005681818181813,9.084354722422496,27.93848629492032,-3.9328044767385073,bajo,en lo esperado,1.565714967584951,0.0,-1.042209,45.978112,0.0631688466111771,337.9999999999999
14078,14,Jalisco,San Miguel el Alto,31965,1768,42.02488687782805,15.86566299942096,36.070678078481315,5.954208799346738,alto,peor de lo esperado,1.2740173369528325,5.567256748326854,-0.869247,42.432224,0.1352376554408417,743.0
14079,14,Jalisco,Gómez Farías,16431,870,28.73563218390805,10.080183276059564,32.7649495710495,-4.02931738714145,medio,en lo esperado,1.6053553332428554,0.5746395623968125,-0.782514,44.025048,0.9447300771208226,250.00000000000003
14080,14,Jalisco,San Sebastián del Oeste,5086,248,21.774193548387103,7.782101167315175,31.714154093357827,-9.939960544970724,bajo,mejor de lo esperado,4.28617282514005,7.187795150819127,-0.561166,55.513703,0.2289758534554538,54.000000000000014
14081,14,Jalisco,Santa María de los Ángeles,3515,168,35.11904761904762,11.176470588235292,35.277324606750334,-0.15827698770271326,alto,en lo esperado,5.871638999713284,30.32263630089717,-0.63791,66.811377,0.0889679715302491,59.00000000000001
14082,14,Jalisco,Sayula,37186,1903,27.903310562270093,9.53757225433526,22.690881540347235,5.212429021922858,medio,peor de lo esperado,0.0412607157453184,0.00268290719824,-1.024692,41.328182,0.8988128886376484,530.9999999999999
14083,14,Jalisco,Tala,87690,5034,35.24036551450139,12.198942627765812,27.16571326758445,8.07465224691694,alto,peor de lo esperado,2.2116384659851764,0.0,-0.983211,31.286864,1.2455302503059829,1774.0
14084,14,Jalisco,Talpa de Allende,14997,780,25.769230769230774,4.491725768321513,32.59466969671719,-6.825438927486417,bajo,mejor de lo esperado,2.608315569269385,13.795437962752535,-0.695555,53.102633,0.1821621242906186,201.00000000000003
14085,14,Jalisco,Tamazula de Gordiano,38955,1827,37.98576902025178,11.49171270718232,31.193197717028575,6.792571303223205,alto,peor de lo esperado,1.5088135056722782,2.9348002967760087,-0.800524,37.080583,0.5705212734465406,694.0
14086,14,Jalisco,Tapalpa,21245,1204,46.59468438538206,13.723916532905298,42.21983031874518,4.374854066636878,muy alto,en lo esperado,3.911949039553441,2.511103319308088,-0.674082,51.34868,1.4302261167346528,561.0
14087,14,Jalisco,Tecalitlán,16705,821,34.71376370280146,12.875,33.68464241777883,1.029121285022626,alto,en lo esperado,1.6013925454243658,7.715085127551242,-0.594673,42.924681,0.1574307304785894,285.0
14088,14,Jalisco,Tecolotlán,16603,852,27.347417840375584,10.138248847926269,27.143019042042827,0.20439879833275754,bajo,en lo esperado,1.481827968249574,0.0,-0.951887,43.479766,0.1074045994440232,232.99999999999997
14089,14,Jalisco,Techaluta de Montenegro,4072,203,26.600985221674875,12.0,26.812014794793267,-0.21102957311839177,bajo,en lo esperado,1.5778131730608258,0.0,-0.782976,55.279661,0.491336953710887,54.0
14090,14,Jalisco,Tenamaxtlán,7302,399,23.30827067669173,5.978260869565218,26.832636518033986,-3.524365841342256,bajo,en lo esperado,1.949193074641128,0.0,-1.039056,55.712092,0.3289944213989415,93.0
14091,14,Jalisco,Teocaltiche,39839,2246,36.82101513802315,12.62135922330097,33.39798634476158,3.4230287932615724,alto,en lo esperado,1.7446326182788454,1.4216683856965562,-0.887725,45.940016,0.0980807973703743,827.0
14092,14,Jalisco,Teocuitatlán de Corona,11039,541,36.04436229205176,9.469696969696969,28.541432098059577,7.5029301939921815,alto,peor de lo esperado,2.5231996186544285,0.0,-0.740623,51.867482,0.8483363182203789,195.0
14093,14,Jalisco,Tepatitlán de Morelos,150190,8145,33.97176181706568,12.332672285572633,35.92603897455854,-1.9542771574928537,medio,en lo esperado,1.3663144924550823,1.9731812773809068,-1.085521,31.362876,0.175549469840601,2767.0
14094,14,Jalisco,Tequila,44353,2761,32.343353857298084,11.346384338793449,29.710935371826995,2.6324184854710886,medio,en lo esperado,1.7172619255005992,3.5536459087241736,-0.994939,44.726832,0.2248696234629922,893.0000000000001
14095,14,Jalisco,Teuchitlán,9647,525,25.52380952380952,9.437751004016064,30.059106494104192,-4.535296970294674,bajo,en lo esperado,1.548603099877391,0.0,-1.027886,27.484489,0.1632386549134835,133.99999999999997
14096,14,Jalisco,Tizapán el Alto,22758,1189,45.836837678721615,25.314333612740988,41.8729021676635,3.963935511058118,muy alto,en lo esperado,1.5830753475563988,0.0,-0.704221,58.824597,0.2148027083819752,545.0
14097,14,Jalisco,Tlajomulco de Zúñiga,727750,42020,31.765825797239412,11.091783947410034,29.334540392831283,2.431285404408129,medio,en lo esperado,1.3308023641933149,0.0,-1.183862,39.279738,0.5867004902684748,13348.0
14098,14,Jalisco,San Pedro Tlaquepaque,687127,36177,29.012908754180827,9.967872844098748,22.927739410730315,6.085169343450513,medio,peor de lo esperado,0.0711610484094975,0.0,-1.190253,31.386892,0.4915865440111553,10495.999999999998
14099,14,Jalisco,Tolimán,11219,580,34.48275862068965,9.531772575250836,40.18884480257129,-5.706086181881638,alto,mejor de lo esperado,3.141261595743878,1.6548752644612394,-0.305543,52.275978,3.9689305673960407,199.99999999999997
14100,14,Jalisco,Tomatlán,36316,1980,28.181818181818187,11.33302368787738,32.144020780262316,-3.9622025984441294,medio,en lo esperado,1.519585331543908,5.097902900242691,-0.432989,53.742784,1.80132913606156,558.0000000000001
14101,14,Jalisco,Tonalá,569913,31717,32.16256266355582,10.655531043176804,27.62331702574708,4.539245637808737,medio,en lo esperado,0.2792970188798343,0.0,-1.182097,41.248117,0.2615973918018006,10200.999999999998
14102,14,Jalisco,Tonaya,5961,285,28.421052631578945,7.317073170731708,29.583390902184647,-1.1623382706057015,medio,en lo esperado,3.1641886328032114,13.68561990750936,-1.012064,35.075472,0.0348432055749128,81.0
14103,14,Jalisco,Tonila,7565,381,28.346456692913392,9.4147582697201,30.19815000696041,-1.8516933140470186,medio,en lo esperado,3.186363481558569,0.0,-0.914865,33.369238,0.8424250794089214,108.00000000000001
14104,14,Jalisco,Totatiche,4180,168,19.04761904761905,7.389162561576355,26.185276637117163,-7.137657589498112,muy bajo,mejor de lo esperado,1.5006078489788748,0.117508813160987,-0.720268,49.738501,1.1788312014045648,32.00000000000001
14105,14,Jalisco,Tototlán,23573,1330,45.48872180451128,17.97505502567865,35.36131935725312,10.127402447258156,muy alto,peor de lo esperado,1.4650846366428758,0.0,-0.834486,46.085172,0.0581343350326446,605.0
14106,14,Jalisco,Tuxcacuesco,5482,247,28.34008097165992,11.494252873563218,36.516690169640945,-8.176609197981026,medio,mejor de lo esperado,5.2228055261283535,15.500710670024686,-0.369871,46.377026,5.788153579008297,70.0
14107,14,Jalisco,Tuxcueca,6702,347,36.023054755043226,14.463840399002494,38.20300501850946,-2.1799502634662318,alto,en lo esperado,0.961222986941128,0.0,-0.821936,57.903986,0.0951474785918173,125.0
14108,14,Jalisco,Tuxpan,37518,1979,28.19605861546235,9.501187648456057,25.597262742202496,2.598795873259853,medio,en lo esperado,1.5925766314977363,8.360769575285035,-0.854231,40.909069,1.3725819076372583,557.9999999999999
14109,14,Jalisco,Unión de San Antonio,19069,1104,44.29347826086956,14.620938628158845,37.86794609045039,6.425532170419174,muy alto,peor de lo esperado,3.232772420577543,4.293973814025561,-0.600489,37.381436,0.0166889185580774,488.99999999999994
14110,14,Jalisco,Unión de Tula,13799,686,25.364431486880463,10.165184243964422,24.748624214680326,0.6158072722001364,bajo,en lo esperado,1.5810092002677587,2.187632344173538,-1.017756,43.510033,0.113739763421292,173.99999999999997
14111,14,Jalisco,Valle de Guadalupe,6627,343,41.39941690962099,15.151515151515152,35.912319103105595,5.4870978065153935,alto,peor de lo esperado,1.5071492976821217,3.803641351590601,-0.979512,30.326686,0.0,142.0
14112,14,Jalisco,Valle de Juárez,6151,296,37.16216216216216,19.8019801980198,41.69964445865123,-4.537482296489067,alto,en lo esperado,1.4135753125885138,3.6409787919540464,-0.797788,54.439369,0.0681895669962495,110.0
14113,14,Jalisco,San Gabriel,16548,790,32.40506329113924,12.03178206583428,34.54834720226768,-2.143283911128435,medio,en lo esperado,3.9162561095039496,2.490129692203339,-0.656669,42.503396,2.818431648239279,256.0
14114,14,Jalisco,Villa Corona,19063,1142,29.7723292469352,13.087557603686635,28.06228642863029,1.7100428183049097,medio,en lo esperado,1.4480546136613075,0.0,-0.894107,45.796015,1.4826654908229069,340.0
14115,14,Jalisco,Villa Guerrero,5525,305,31.47540983606558,9.931506849315069,34.10476036599803,-2.629350529932452,medio,en lo esperado,3.954183148055984,18.00653794380141,-0.1137,58.38067,6.395237180718264,96.00000000000003
14116,14,Jalisco,Villa Hidalgo,20088,1211,38.645747316267546,11.769616026711184,40.60161708017013,-1.9558697639025837,alto,en lo esperado,0.6285546005892728,0.7103725644316351,-1.053785,50.921029,0.0421185637569758,468.0
14117,14,Jalisco,Cañadas de Obregón,4388,216,42.129629629629626,23.47826086956522,25.733910470005142,16.395719159624484,alto,peor de lo esperado,1.897597530145268,5.176642703570752,-0.522863,40.011521,0.1904308497976672,91.0
14118,14,Jalisco,Yahualica de González Gallo,22394,1128,34.04255319148936,14.186851211072664,29.213739637060346,4.828813554429015,medio,en lo esperado,1.7504335451527613,6.784534317152576,-0.817356,46.112258,0.0699822711579733,384.0
14119,14,Jalisco,Zacoalco de Torres,30472,1593,33.58443188951664,13.37772397094431,28.846362724916883,4.738069164599754,medio,en lo esperado,1.86416444882093,1.066690080596027,-0.788164,56.31864,0.7808181315644003,535.0
14120,14,Jalisco,Zapopan,1476491,68397,24.492302293960265,8.969459906724838,22.383171996358744,2.1091302976015207,bajo,en lo esperado,0.1575530913990555,0.0246837133091004,-1.272576,32.78835,1.0455355277513405,16752.0
14121,14,Jalisco,Zapotiltic,33713,1680,32.14285714285714,10.030395136778116,25.07724705339443,7.065610089462709,medio,peor de lo esperado,0.9597637360252074,0.0237022991230149,-0.952425,38.917232,2.23924756298857,540.0
14122,14,Jalisco,Zapotitlán de Vadillo,7466,402,41.04477611940298,9.433962264150944,32.52695234163144,8.51782377777154,alto,peor de lo esperado,2.7538561671679207,0.0,-0.134613,57.164696,0.2691980731085293,164.99999999999997
14123,14,Jalisco,Zapotlán del Rey,19279,1039,43.888354186718,16.586768935762226,36.2424556301706,7.645898556547394,muy alto,peor de lo esperado,3.495223820761024,0.0,-0.768457,42.783036,0.0927795666648474,456.0
14124,14,Jalisco,Zapotlanejo,64806,3546,45.23406655386351,15.678670360110804,38.63070736058646,6.6033591932770435,muy alto,peor de lo esperado,2.107844372906915,1.1903170223201731,-0.939527,42.824805,0.0929686353182952,1604.0
14125,14,Jalisco,San Ignacio Cerro Gordo,18341,1050,49.80952380952381,19.5077484047402,36.64059794962713,13.168925859896682,muy alto,peor de lo esperado,1.8994630982894256,0.1900877444447968,-0.809672,44.40611,0.2654356607039815,523.0
15001,15,México,Acambay de Ruíz Castañeda,67872,4161,26.45998558038933,6.585249042145594,29.325570706096016,-2.865585125706687,bajo,en lo esperado,1.375356059060127,0.0,0.232584,71.735101,13.42123741905282,1101.0
15002,15,México,Acolman,171507,9625,19.85454545454546,8.008191420564778,20.818327330387238,-0.9637818758417787,muy bajo,en lo esperado,0.3007459809595378,0.0,-1.016887,61.427357,1.1682327758226607,1911.0000000000002
15003,15,México,Aculco,49266,2950,28.57627118644068,6.26916524701874,29.158823266749096,-0.5825520803084139,medio,en lo esperado,1.7662388700449785,0.0,0.077221,54.171696,6.913442327110233,843.0000000000001
15004,15,México,Almoloya de Alquisiras,15333,943,31.0710498409332,12.366737739872068,33.361121212041034,-2.2900713711078353,medio,en lo esperado,0.7982108969536724,0.0,-0.114168,61.771653,0.0347584289190128,293.0000000000001
15005,15,México,Almoloya de Juárez,174587,9950,31.10552763819095,8.68493690851735,34.88118244352169,-3.7756548053307384,medio,en lo esperado,1.3837059356126251,0.0,-0.175501,69.042534,0.6174410431663395,3094.9999999999995
15006,15,México,Almoloya del Río,12694,689,22.06095791001451,5.094614264919942,27.877462513340216,-5.816504603325708,bajo,mejor de lo esperado,0.1511616172759211,0.0,-0.810396,67.247219,0.7228915662650602,151.99999999999997
15007,15,México,Amanalco,23675,1363,26.0454878943507,8.297258297258297,31.290821678445084,-5.2453337840943846,bajo,mejor de lo esperado,0.5990962456485456,0.0,0.252554,72.303113,6.258717660292463,355.00000000000006
15008,15,México,Amatepec,25244,1320,28.560606060606062,9.781021897810218,35.27791472878875,-6.717308668182689,medio,mejor de lo esperado,1.1569485229464376,0.0,0.052734,68.906396,0.0209546959473618,377.00000000000006
15009,15,México,Amecameca,53441,2889,21.529941156109373,7.796101949025488,22.436364178952832,-0.9064230228434589,muy bajo,en lo esperado,0.254722884881609,0.0,-0.845984,65.87567,0.2428943605414193,621.9999999999998
15010,15,México,Apaxco,31898,1607,22.77535780958307,6.334310850439882,24.949770026707995,-2.1744122171249245,bajo,en lo esperado,0.5452018745164431,0.0,-1.008782,56.693263,0.339262187088274,365.99999999999994
15011,15,México,Atenco,75489,4405,23.8138479001135,7.99638581432121,22.943726991388985,0.8701209087245161,bajo,en lo esperado,1.4911191511084558,0.0,-0.806248,74.888119,1.965775312296817,1048.9999999999998
15012,15,México,Atizapán,12984,750,26.933333333333337,7.496823379923761,26.522028343883054,0.41130498945028293,bajo,en lo esperado,1.6785962464632578,0.0,-0.674769,67.259384,1.1210398050365555,202.00000000000003
15013,15,México,Atizapán de Zaragoza,523674,23797,18.80068916249948,7.619630828448955,17.761954165633743,1.0387349968657382,muy bajo,en lo esperado,0.0059261400818954,0.0,-1.305154,46.79223,1.294635856371248,4474.000000000002
15014,15,México,Atlacomulco,109384,6479,23.182589905849667,6.555133079847908,29.357283526035438,-6.174693620185771,bajo,mejor de lo esperado,1.0040134693387657,0.0,-0.494635,60.551339,12.782593586501148,1502.0
15015,15,México,Atlautla,31900,1760,24.431818181818187,8.690614136732329,34.583246295268566,-10.151428113450379,bajo,mejor de lo esperado,0.1412368225001538,0.0,-0.3193,79.051783,0.1756944904859776,430.0000000000001
15016,15,México,Axapusco,29128,1670,21.856287425149706,8.137535816618911,22.545543598722467,-0.6892561735727618,bajo,en lo esperado,0.6627544376292424,0.0,-0.729046,67.804886,0.5937387549478229,365.0000000000001
15017,15,México,Ayapango,10053,479,17.74530271398747,6.172839506172839,17.583416691907264,0.16188602208020697,muy bajo,en lo esperado,0.5209179545229148,0.0,-0.964372,53.63733,0.2813086059595749,84.99999999999999
15018,15,México,Calimaya,68489,3779,20.42868483725853,6.715806715806716,22.625422817156025,-2.1967379798974953,muy bajo,en lo esperado,0.6644149122565014,0.0,-1.049318,53.471749,0.3440787863958894,771.9999999999998
15019,15,México,Capulhuac,36921,1969,24.631792788217368,8.820564516129032,26.775431688417864,-2.1436389002004965,bajo,en lo esperado,0.1824736488051552,0.0,-0.985248,65.298571,0.3446900638103919,485.0
15020,15,México,Coacalco de Berriozábal,293444,13490,14.106745737583395,5.325490196078431,15.954930973883481,-1.8481852363000861,muy bajo,en lo esperado,0.0001035809433344,0.0,-1.463503,36.01959,0.5864978754413696,1903.0
15021,15,México,Coatepec Harinas,38643,2347,52.109075415423945,22.20873786407767,39.36489930705786,12.744176108366084,muy alto,peor de lo esperado,1.3073940613828157,0.0,-0.00986,56.091203,0.0861350375104195,1223.0
15022,15,México,Cocotitlán,15107,798,19.42355889724311,6.33373934226553,19.163969609373595,0.25958928786951674,muy bajo,en lo esperado,0.1946583268412072,0.0,-0.956612,56.782824,1.0482758620689656,155.00000000000003
15023,15,México,Coyotepec,40885,2353,23.629409264768384,9.05982905982906,25.385596631451392,-1.7561873666830081,bajo,en lo esperado,0.0740747972458106,0.0,-0.925627,58.229726,1.0287217037075234,556.0000000000001
15024,15,México,Cuautitlán,178847,9180,15.631808278867098,5.807743658210948,18.833004407674885,-3.201196128807787,muy bajo,en lo esperado,0.4595734884409945,0.0,-1.418401,40.156852,0.7794836210136756,1434.9999999999995
15025,15,México,Chalco,400057,22845,22.73145108338805,7.110281923714759,21.728736072173213,1.0027150112148355,bajo,en lo esperado,0.3997653282934603,0.0,-0.946757,62.397038,2.043096484510234,5193.0
15026,15,México,Chapa de Mota,31737,1938,25.54179566563468,7.277486910994765,31.62910239357223,-6.087306727937548,bajo,mejor de lo esperado,0.7535119918333585,0.0,-0.03388,69.076883,19.842089482626516,495.0000000000001
15027,15,México,Chapultepec,12772,753,20.185922974767596,4.922279792746114,18.03732975936054,2.1485932154070575,muy bajo,en lo esperado,0.8354896849739778,0.0,-1.082111,45.101051,0.6300114547537228,152.0
15028,15,México,Chiautla,30045,1643,20.267802799756534,7.924984875983061,20.49321052928092,-0.2254077295243846,muy bajo,en lo esperado,0.6453339367639352,0.0,-1.010488,66.497923,0.9755757639106653,332.9999999999999
15029,15,México,Chicoloapan,200750,11513,19.187005993225057,7.017224095507154,20.635677088199014,-1.4486710949739567,muy bajo,en lo esperado,0.0953761577671179,0.0,-1.212614,62.120487,1.0976452315028855,2209.000000000001
15030,15,México,Chiconcuac,27692,1434,19.6652719665272,7.392197125256674,22.021181168548512,-2.355909202021312,muy bajo,en lo esperado,0.036099806787892,0.0,-1.041196,70.634576,2.6567118926703555,282.00000000000006
15031,15,México,Chimalhuacán,705193,39226,25.27405292408096,9.88511616032678,21.993555000235926,3.280497923845033,bajo,en lo esperado,0.0023822477713655,0.0,-0.897422,74.945633,3.022543585759744,9913.999999999996
15032,15,México,Donato Guerra,37436,2445,42.61758691206544,14.808853118712271,39.38540033793592,3.2321865741295213,muy alto,en lo esperado,0.4289532761714689,0.0,0.960216,81.961351,21.716969245747663,1042.0
15033,15,México,Ecatepec de Morelos,1645352,78467,20.65071941070768,7.860972308973558,18.923015208755412,1.7277042019522675,muy bajo,en lo esperado,0.0015005369819266,0.0,-1.217934,51.541126,1.5575697942556912,16203.999999999995
15034,15,México,Ecatzingo,10827,624,22.59615384615384,8.006279434850864,28.40710234953174,-5.810948503377901,bajo,mejor de lo esperado,0.0082973896490675,0.0,-0.210484,65.719629,0.2071005917159763,140.99999999999997
15035,15,México,Huehuetoca,163244,9573,21.23681186670845,6.687775858760315,19.234276153914628,2.002535712793822,muy bajo,en lo esperado,1.8672588280991356,0.0,-1.186174,49.829076,1.6612402902043224,2032.9999999999998
15036,15,México,Hueypoxtla,46757,2619,24.398625429553263,5.970149253731344,31.071976480935625,-6.673351051382362,bajo,mejor de lo esperado,0.2428939501927057,0.0,-0.707284,70.940007,0.3115055353861324,639.0
15037,15,México,Huixquilucan,284965,13569,19.84670941115779,7.778365711694006,18.296560187830288,1.5501492233275016,muy bajo,en lo esperado,2.1672417832597564,0.0,-1.232901,57.460876,1.4293809062494287,2693.0000000000005
15038,15,México,Isidro Fabela,11929,710,21.97183098591549,5.287009063444109,21.385583870674292,0.5862471152411963,bajo,en lo esperado,0.9828375284146028,0.0,-0.678086,43.171473,1.2863436123348018,155.99999999999997
15039,15,México,Ixtapaluca,542211,29642,20.96687133121921,6.725360723893372,19.569466033143414,1.397405298075796,muy bajo,en lo esperado,0.4144592259444187,0.0,-1.147348,60.6381,1.9779630893312208,6214.999999999998
15040,15,México,Ixtapan de la Sal,36911,2092,39.24474187380497,14.770088248954949,32.56159968821745,6.683142185587521,alto,peor de lo esperado,1.135520940162157,0.0,-0.447412,56.490437,0.247019962659773,820.9999999999999
15041,15,México,Ixtapan del Oro,6475,393,54.70737913486005,22.32346241457859,39.66512856199297,15.042250572867076,muy alto,peor de lo esperado,2.515428711638988,0.0,0.478251,86.339937,2.7507824081699885,214.99999999999997
15042,15,México,Ixtlahuaca,160139,9331,20.105026256564145,4.629042485732404,33.141429299144676,-13.036403042580531,muy bajo,mejor de lo esperado,0.7744068705360236,0.0,-0.07735,79.733132,16.273642274391726,1876.0000000000005
15043,15,México,Xalatlaco,30687,1751,31.410622501427756,7.420289855072464,27.446113914819243,3.9645085866085132,medio,en lo esperado,0.4132014023860059,0.0,-0.59134,69.077064,0.7221838286109191,550.0
15044,15,México,Jaltenco,28217,1443,18.5031185031185,6.848404255319149,18.171905269962867,0.33121323315563345,muy bajo,en lo esperado,0.0,0.0,-1.210044,59.708226,0.6152372531682877,267.0
15045,15,México,Jilotepec,87671,4954,21.69963665724667,5.203851669739808,26.586300840538474,-4.886664183291803,bajo,en lo esperado,1.4090709501642782,0.0,-0.375665,52.970128,0.4745129053131066,1075.0
15046,15,México,Jilotzingo,19877,1119,20.017873100983024,6.04089219330855,22.04216248964166,-2.0242893886586373,muy bajo,en lo esperado,0.593443500431063,0.0,-0.853303,51.151402,0.7867779068539444,224.00000000000006
15047,15,México,Jiquipilco,76826,4733,29.220367631523345,8.276573787409701,33.83180641263728,-4.611438781113932,medio,en lo esperado,1.7612174531748168,0.0,-0.028475,75.971355,7.6848812512067965,1383.0
15048,15,México,Jocotitlán,69264,3884,15.113285272914524,4.356585243011836,24.205336784574925,-9.0920515116604,muy bajo,mejor de lo esperado,0.6837165003658378,0.0,-0.48921,58.963285,3.433840927015713,587.0000000000001
15049,15,México,Joquicingo,15428,841,27.705112960761,7.344632768361582,31.804798097654967,-4.099685136893967,bajo,en lo esperado,0.337453358002647,0.0,-0.30796,72.146282,0.547832637129357,232.99999999999997
15050,15,México,Juchitepec,27116,1484,29.98652291105121,8.494475138121548,29.186224735893937,0.8002981751572733,medio,en lo esperado,0.0659748223503116,0.0,-0.527987,75.993251,0.2150621725189645,445.0
15051,15,México,Lerma,170327,9378,19.91895926636809,5.372352041930553,23.760793541621837,-3.8418342752537455,muy bajo,en lo esperado,0.7070358784045547,0.0,-1.057189,37.52511,1.3662715557032603,1867.9999999999995
15052,15,México,Malinalco,28155,1596,34.02255639097744,10.484365419987736,33.921318631738856,0.10123775923858602,medio,en lo esperado,1.7709356410228465,0.0,-0.158165,72.052749,0.2178485576923076,543.0
15053,15,México,Melchor Ocampo,61220,3390,21.592920353982308,7.92520035618878,21.551020060113018,0.04190029386928984,muy bajo,en lo esperado,0.2480285352898541,0.0,-1.119372,59.678917,1.704175658548282,732.0000000000002
15054,15,México,Metepec,242307,11601,14.757348504439278,5.31517094017094,18.077556935034973,-3.320208430595695,muy bajo,en lo esperado,0.3091006634544845,0.0,-1.355831,38.968346,0.3872419813096909,1712.0000000000005
15055,15,México,Mexicaltzingo,13807,761,26.54402102496715,6.994818652849741,21.071125299351415,5.472895725615736,bajo,peor de lo esperado,0.295322292976482,0.0,-1.008261,60.12497,0.4408299764383978,202.00000000000003
15056,15,México,Morelos,33164,1934,34.69493278179938,12.290769966523197,35.22615452764887,-0.5312217458494928,alto,en lo esperado,1.0343025029803306,0.0,0.657331,77.622726,16.521516393442624,671.0
15057,15,México,Naucalpan de Juárez,834434,38823,21.35332148468692,7.972394098048548,19.49451594892488,1.8588055357620377,muy bajo,en lo esperado,0.2354252660274671,0.0,-1.22168,50.748172,2.3259745635767626,8290.000000000002
15058,15,México,Nezahualcóyotl,1077208,49223,19.47666741157589,7.238406658739596,18.943654587653445,0.5330128239224443,muy bajo,en lo esperado,0.0066843922411863,0.0,-1.231234,55.274543,1.2489630380680248,9587.0
15059,15,México,Nextlalpan,57082,3071,26.212959947899705,8.101918121958201,19.091621336934615,7.12133861096509,bajo,peor de lo esperado,1.6827230842546368,0.0,-1.09511,57.517317,1.5305279770971354,805.0
15060,15,México,Nicolás Romero,430601,23202,20.57150245668477,6.170072511535926,18.771189668513525,1.8003127881712437,muy bajo,en lo esperado,0.5217978062137374,0.0,-1.055037,57.918323,2.375962392117481,4773.0
15061,15,México,Nopaltepec,10351,590,32.54237288135593,15.57788944723618,25.109366875624836,7.4330060057310945,medio,peor de lo esperado,0.079521119533324,0.0,-0.757059,66.990515,0.183019827147941,192.0
15062,15,México,Ocoyoacac,72103,3799,15.635693603579895,3.701758991861381,21.76151046644426,-6.125816862864365,muy bajo,mejor de lo esperado,0.4917161299130335,0.0,-1.054562,53.301069,2.135665615783586,594.0000000000002
15063,15,México,Ocuilan,36223,2195,30.250569476082006,7.062019013128112,33.43439264624907,-3.1838231701670665,medio,en lo esperado,1.4755503624288542,0.0,-0.239844,68.148696,6.751252673835966,664.0
15064,15,México,El Oro,36937,2268,27.38095238095238,5.645161290322581,28.22933807710903,-0.8483856961566509,bajo,en lo esperado,0.9467495247308612,0.0,-0.175375,66.779214,13.065899313370751,620.9999999999999
15065,15,México,Otumba,36331,1945,21.90231362467867,7.665330661322645,26.967234807068838,-5.064921182390169,bajo,mejor de lo esperado,0.8490351996478186,0.0,-0.859412,67.965669,0.447808626816514,426.0000000000001
15066,15,México,Otzoloapan,4891,268,22.01492537313433,8.04953560371517,38.059449142533055,-16.044523769398726,bajo,mejor de lo esperado,1.178862006962106,0.0,-0.329547,70.305399,0.0216169476869865,59.0
15067,15,México,Otzolotepec,88783,5386,29.762346825102117,8.142351406744922,31.286169773808943,-1.523822948706826,medio,en lo esperado,0.9386028713085772,0.0,-0.611617,67.123067,5.480086996826755,1603.0
15068,15,México,Ozumba,30785,1644,22.141119221411188,7.44949494949495,27.05248478264044,-4.911365561229253,bajo,en lo esperado,0.4187379777059624,0.0,-0.573797,70.285318,0.3155656170679838,363.99999999999994
15069,15,México,Papalotla,4862,263,16.349809885931563,6.530612244897959,15.196721153688154,1.1530887322434094,muy bajo,en lo esperado,0.0108682159581244,0.0,-1.182342,56.717157,0.7945028988619283,43.00000000000001
15070,15,México,La Paz,304088,16306,24.567643812093703,7.824677348961905,23.205222684534945,1.3624211275587577,bajo,en lo esperado,1.3485761732333994,0.0,-0.886248,69.359764,3.4653345715281927,4005.999999999999
15071,15,México,Polotitlán,14985,766,23.107049608355094,5.774278215223097,26.81202146957887,-3.7049718612237754,bajo,en lo esperado,1.7785886468932022,0.0,-0.722621,52.126497,0.2462707571066704,177.0
15072,15,México,Rayón,15972,910,21.318681318681318,6.555671175858481,21.764113883884985,-0.44543256520366725,muy bajo,en lo esperado,0.2329324783863991,0.0,-0.910729,51.173189,0.4047790037213553,194.0
15073,15,México,San Antonio la Isla,31962,1856,16.379310344827587,3.457172342621259,20.00355018593598,-3.624239841108391,muy bajo,en lo esperado,0.570805369452428,0.0,-1.18234,48.579058,0.4673202614379085,304.00000000000006
15074,15,México,San Felipe del Progreso,144924,9525,41.123359580052494,11.689526184538654,42.180765217690535,-1.0574056376380412,alto,en lo esperado,0.686872617245458,0.0,0.899887,80.343471,29.162545578010363,3917.0
15075,15,México,San Martín de las Pirámides,29182,1687,19.383521043272083,6.220419202163624,19.662902845376983,-0.2793818021049006,muy bajo,en lo esperado,0.998389846726878,0.0,-0.949243,54.123668,0.9794776119402984,327.00000000000006
15076,15,México,San Mateo Atenco,97418,5413,22.039534454092006,6.961538461538462,20.117207824960435,1.9223266291315717,bajo,en lo esperado,0.1897829226573509,0.0,-1.016994,58.373857,0.4551316088902374,1193.0000000000002
15077,15,México,San Simón de Guerrero,6692,415,19.277108433734934,7.1258907363420425,34.85636110385986,-15.579252670124927,muy bajo,mejor de lo esperado,1.4634610295378074,0.0,-0.16127,67.115323,0.1586294416243654,79.99999999999999
15078,15,México,Santo Tomás,9729,534,35.767790262172284,13.26923076923077,34.37470111641084,1.3930891457614436,alto,en lo esperado,1.9057464894435705,0.0,-0.453717,61.733044,0.0329779048037814,191.0
15079,15,México,Soyaniquilpan de Juárez,14323,746,16.62198391420911,3.270440251572327,26.209478967543824,-9.587495053334713,muy bajo,mejor de lo esperado,0.945258478705185,0.0,-0.515633,55.573888,0.1759788825340959,123.99999999999996
15080,15,México,Sultepec,24145,1407,35.03909026297086,10.27095148078135,36.29869319419866,-1.2596029312278034,alto,en lo esperado,0.6889759300958582,0.0,0.527459,70.920547,0.7691631504922645,492.99999999999994
15081,15,México,Tecámac,547503,30342,17.365368136576365,6.390288593678425,18.530350210727935,-1.1649820741515704,muy bajo,en lo esperado,0.4168254029215273,0.0,-1.375786,45.703047,0.9213732506857368,5269.000000000001
15082,15,México,Tejupilco,79282,4774,30.205278592375365,9.717932880378834,36.8016904491108,-6.596411856735436,medio,mejor de lo esperado,0.5181294170572746,0.0,-0.219724,65.618517,0.076677832035191,1441.9999999999998
15083,15,México,Temamatla,14130,741,23.21187584345479,12.969696969696969,19.2912329481662,3.920642895288591,bajo,en lo esperado,1.02038100629322,0.0,-0.767961,49.388142,1.805296531145095,172.0
15084,15,México,Temascalapa,43593,2541,21.251475796930336,6.04,20.36495594321301,0.8865198537173278,muy bajo,en lo esperado,1.049541794467196,0.0,-0.800272,66.713967,0.7784257965006989,539.9999999999999
15085,15,México,Temascalcingo,66414,4039,29.83411735578113,10.084248149093694,30.79495000491958,-0.9608326491384496,medio,en lo esperado,0.9352351919788456,0.0,-0.137204,71.858776,15.937534786826328,1205.0
15086,15,México,Temascaltepec,35014,2071,34.717527764365045,10.911540188594522,32.811369813616786,1.9061579507482591,alto,en lo esperado,0.849417738141076,0.0,0.205933,67.325383,5.563649608450191,719.0000000000001
15087,15,México,Temoaya,105766,6430,32.2239502332815,8.609556607834696,31.943430612659892,0.2805196206216074,medio,en lo esperado,1.184605678901043,0.0,-0.18131,65.706761,24.672102446100745,2072.0000000000005
15088,15,México,Tenancingo,104677,5960,27.43288590604027,7.880207461937426,31.147405603834756,-3.7145196977944863,bajo,en lo esperado,0.7727367727878923,0.0,-0.65363,66.297644,0.1908820974811642,1635.0000000000002
15089,15,México,Tenango del Aire,11359,581,19.277108433734934,9.531502423263328,17.851588587949163,1.4255198457857716,muy bajo,en lo esperado,0.2055889870635833,0.0,-0.9236,63.34855,0.535005995756849,111.99999999999997
15090,15,México,Tenango del Valle,90518,5045,27.888999008919725,8.886679920477137,33.30886577325267,-5.419866764332944,medio,mejor de lo esperado,0.4457997733912663,0.0,-0.529853,71.400774,0.4305100608329433,1407.0
15091,15,México,Teoloyucan,65459,3537,24.003392705682785,11.295681063122924,25.96717017712205,-1.9637774714392648,bajo,en lo esperado,0.4337696282779266,0.0,-1.012769,57.975131,0.4144511734751249,849.0000000000001
15092,15,México,Teotihuacán,58507,3085,15.656401944894654,5.726735138499844,20.19172741615856,-4.535325471263906,muy bajo,en lo esperado,0.4000129843343505,0.0,-1.093884,59.582184,1.4642334202349916,483.0000000000001
15093,15,México,Tepetlaoxtoc,32564,1764,21.825396825396822,6.041784302653868,18.579275156804588,3.2461216685922345,bajo,en lo esperado,0.7953267913692157,0.0,-0.907368,61.846193,0.911942567021311,384.99999999999994
15094,15,México,Tepetlixpa,20500,1083,25.30009233610342,7.699275362318841,29.152863337216598,-3.8527710011131795,bajo,en lo esperado,0.8313664620010907,0.0,-0.497324,69.325125,0.4358527330530202,274.00000000000006
15095,15,México,Tepotzotlán,103696,5564,23.580158159597417,7.492997198879552,21.407653253475612,2.172504906121805,bajo,en lo esperado,0.7271965598838172,0.0,-1.028496,53.047905,1.0427853106777605,1312.0000000000002
15096,15,México,Tequixquiac,39489,2119,23.124115148655022,4.600811907983762,22.300513870844554,0.823601277810468,bajo,en lo esperado,0.5234835425738122,0.0,-0.971587,66.726902,0.5496247753937216,489.99999999999994
15097,15,México,Texcaltitlán,18482,1094,28.610603290676423,7.046979865771812,34.118804304398274,-5.508201013721852,medio,mejor de lo esperado,0.7746927265978797,0.0,-0.050802,59.470047,0.0576070050118094,313.00000000000006
15098,15,México,Texcalyacac,5736,339,15.929203539823009,6.472491909385114,18.210614261025075,-2.2814107212020662,muy bajo,en lo esperado,0.082020102867629,0.0,-0.879334,59.648959,1.3027522935779816,54.0
15099,15,México,Texcoco,277562,15301,18.67198222338409,6.602150537634409,17.556907594826342,1.1150746285577497,muy bajo,en lo esperado,1.056532805067526,0.0,-1.010396,61.10689,2.293169019647673,2857.0
15100,15,México,Tezoyuca,47044,2775,24.288288288288285,9.452363090772693,26.3904641029127,-2.102175814624413,bajo,en lo esperado,1.1816765826405131,0.0,-0.61818,69.344639,2.650865429596133,673.9999999999999
15101,15,México,Tianguistenco,84259,4794,26.72090112640801,7.95601552393273,26.96428243763303,-0.24338131122502205,bajo,en lo esperado,0.5006002748700098,0.0,-0.6542,65.251834,1.0636032221289604,1281.0
15102,15,México,Timilpan,16414,933,14.576634512325825,5.049396267837541,23.263275194107834,-8.68664068178201,muy bajo,mejor de lo esperado,0.8621552260050092,0.0,-0.554741,49.518876,5.509852687966329,135.99999999999994
15103,15,México,Tlalmanalco,49196,2378,20.26913372582001,6.558773424190801,19.075534166838874,1.1935995589811341,muy bajo,en lo esperado,0.3201043394196348,0.0,-1.143319,57.349403,0.2974356795343007,481.99999999999983
15104,15,México,Tlalnepantla de Baz,672202,28954,19.309939904676384,8.010044399155689,18.996706976940814,0.31323292773556943,muy bajo,en lo esperado,0.1723658320611963,0.0,-1.270055,46.35713,1.3407465412123796,5591.0
15105,15,México,Tlatlaya,31762,1798,29.644048943270302,10.124434389140273,36.974338567165624,-7.330289623895322,medio,mejor de lo esperado,1.34132905066553,0.0,0.097939,67.32187,0.0702341137123745,533.0
15106,15,México,Toluca,910608,46530,20.651192778852348,6.3492405008821375,20.48325989306109,0.16793288579125942,muy bajo,en lo esperado,1.10053470196331,0.0,-1.055367,59.465362,2.777787342765942,9608.999999999998
15107,15,México,Tonatico,12912,660,27.121212121212125,9.162717219589258,26.853558734006214,0.26765338720591103,bajo,en lo esperado,0.7899094492446481,0.0,-0.769349,55.534601,0.252319713495035,179.00000000000003
15108,15,México,Tultepec,157645,8092,19.19179436480475,7.641520968333537,21.03559558939664,-1.843801224591889,muy bajo,en lo esperado,0.1836910968089722,0.0,-1.282163,50.494294,0.9541579240923216,1553.0000000000002
15109,15,México,Tultitlán,516341,25156,19.25186834154873,7.516833299326668,20.42789135598244,-1.17602301443371,muy bajo,en lo esperado,0.6785581762903121,0.0,-1.277346,48.851951,0.987228376006295,4842.999999999998
15110,15,México,Valle de Bravo,61590,3237,26.07352486870559,9.249408983451536,29.254753492155178,-3.181228623449588,bajo,en lo esperado,0.8553196095551128,0.0,-0.726684,64.569735,0.6888397676450932,843.9999999999999
15111,15,México,Villa de Allende,53275,3469,40.96281349091957,13.238573021181717,39.12599562182748,1.8368178690920942,alto,en lo esperado,1.6563345281876496,0.0,0.642086,77.410302,5.262841332852159,1420.9999999999998
15112,15,México,Villa del Carbón,51498,3126,34.29302623160589,8.92687559354226,32.34215094066798,1.9508752909379155,alto,en lo esperado,0.4432877487230289,0.0,0.141563,69.310214,2.798171778379832,1072.0000000000002
15113,15,México,Villa Guerrero,69086,4000,48.45,22.56846081208688,40.69706836586972,7.7529316341302845,muy alto,peor de lo esperado,0.6546118939677149,0.0,-0.074316,70.962511,0.0728829066323445,1938.0000000000002
15114,15,México,Villa Victoria,108196,7202,53.582338239377954,19.02894238571815,44.453984033258834,9.12835420611912,muy alto,peor de lo esperado,1.2865361595657434,0.0,1.054294,76.285299,8.9202997952327,3859.0000000000005
15115,15,México,Xonacatlán,54633,3128,22.890025575447567,5.190199871050935,23.787134869842102,-0.8971092943945358,bajo,en lo esperado,0.3148274340075405,0.0,-0.874135,65.289679,1.3269230769230769,715.9999999999999
15116,15,México,Zacazonapan,5109,303,39.93399339933993,13.60759493670886,35.576550436731594,4.357442962608339,alto,en lo esperado,0.8058275313926264,0.0,-0.553528,59.778299,0.0417885499373171,121.0
15117,15,México,Zacualpan,13522,721,38.141470180305134,13.647642679900745,39.173584563737705,-1.032114383432571,alto,en lo esperado,1.248029365104757,0.0,0.723989,70.35867,0.0313725490196078,275.00000000000006
15118,15,México,Zinacantepec,203872,11327,22.600865189370538,5.839416058394161,27.00231702102024,-4.401451831649702,bajo,en lo esperado,0.6177066772189213,0.0,-0.795792,55.847085,0.4123073751481729,2560.0000000000005
15119,15,México,Zumpahuacán,18833,1153,41.196877710320905,9.85432733504713,43.70309142963771,-2.506213719316804,alto,en lo esperado,1.2748747853909408,0.0,0.334047,81.255146,0.1371585324037033,475.00000000000006
15120,15,México,Zumpango,280455,16015,24.495785201373707,6.758298163567925,19.986013145206748,4.509772056166959,bajo,en lo esperado,1.3090762690965296,0.0,-1.110164,63.847744,1.2493489098891286,3922.999999999999
15121,15,México,Cuautitlán Izcalli,555163,25971,15.536560009241072,6.2443008365380805,17.145511115848997,-1.6089511066079254,muy bajo,en lo esperado,0.2601217682675301,0.0,-1.377332,41.026142,0.8095370320329928,4034.9999999999986
15122,15,México,Valle de Chalco Solidaridad,391731,20948,25.720832537712425,8.302591641372869,22.664583725129173,3.0562488125832523,bajo,en lo esperado,0.0588726916730154,0.0,-0.914528,71.200748,2.899757234623069,5387.999999999998
15123,15,México,Luvianos,28822,1787,38.66815892557359,12.227324913892078,41.72084104957945,-3.0526821240058553,alto,en lo esperado,1.2586155270012838,0.0,0.239679,80.760553,0.0780988508311949,691.0000000000001
15124,15,México,San José del Rincón,100082,6916,54.91613649508386,17.690739662201516,45.99492068850799,8.921215806575873,muy alto,peor de lo esperado,1.2650869773433342,0.0,1.154552,80.407198,12.978158237172938,3798.0000000000005
15125,15,México,Tonanitla,14883,728,24.587912087912088,8.12720848056537,18.664153054359815,5.9237590335522725,bajo,peor de lo esperado,0.6869836431804647,0.0,-1.143247,59.355862,1.4194364415712175,179.0
16001,16,Michoacán de Ocampo,Acuitzio,11301,608,38.48684210526316,14.583333333333334,32.28752882027132,6.199313284991838,alto,peor de lo esperado,1.1607810582011682,0.0,-0.47751,63.884179,0.1961150541651102,234.0
16002,16,Michoacán de Ocampo,Aguililla,14754,764,45.54973821989529,25.88235294117647,40.24578799315296,5.30395022674233,muy alto,peor de lo esperado,3.874634088497912,23.22367650347714,-0.062369,72.872947,0.8657688323220364,348.0
16003,16,Michoacán de Ocampo,Álvaro Obregón,23000,1196,43.47826086956522,13.102409638554215,38.900158954577854,4.578101914987364,muy alto,en lo esperado,1.9262250481983585,0.0,-0.651338,70.638612,0.0876505051437007,520.0
16004,16,Michoacán de Ocampo,Angamacutiro,14943,721,43.96671289875173,18.92265193370166,35.067669764613576,8.899043134138154,muy alto,peor de lo esperado,1.7406146054576084,0.0,-0.398368,57.327453,0.0702395167521247,317.0
16005,16,Michoacán de Ocampo,Angangueo,10892,665,41.65413533834587,16.951566951566953,32.44184862298021,9.212286715365657,alto,peor de lo esperado,2.056627728736294,0.0,-0.233614,69.708808,0.0486334014200953,277.0
16006,16,Michoacán de Ocampo,Apatzingán,126191,6754,40.83506070476754,19.23022095509622,33.963737785398784,6.871322919368758,alto,peor de lo esperado,0.6722287250539268,0.6669281293901561,-0.486702,51.484716,1.078928130278051,2758.0
16007,16,Michoacán de Ocampo,Aporo,3529,195,31.7948717948718,15.656565656565656,34.33520480733123,-2.540333012459431,medio,en lo esperado,1.4661978289383346,0.0,-0.326063,64.224939,0.0900360144057623,62.00000000000001
16008,16,Michoacán de Ocampo,Aquila,24676,1570,39.87261146496815,14.758861127251595,38.76326548956315,1.1093459754049988,alto,en lo esperado,4.146847432468463,10.313963864646434,1.528749,57.313118,37.39816146037555,626.0
16009,16,Michoacán de Ocampo,Ario,36268,1911,41.548927263212974,14.77485928705441,40.479184347574424,1.0697429156385496,alto,en lo esperado,2.18562988208034,0.0,-0.531118,54.094371,0.2014576050245896,794.0
16010,16,Michoacán de Ocampo,Arteaga,20332,1195,30.460251046025107,9.113100081366966,35.36029957524168,-4.900048529216576,medio,en lo esperado,5.091183080901872,23.07586892097915,-0.086817,58.389925,0.0780071766602527,364.0
16011,16,Michoacán de Ocampo,Briseñas,11681,622,46.46302250803858,20.51696284329564,32.20555079621924,14.257471711819335,muy alto,peor de lo esperado,1.8708213826750304,0.0,-0.734971,54.957202,0.0906207521522428,288.99999999999994
16012,16,Michoacán de Ocampo,Buenavista,45538,2300,54.43478260869565,29.60159362549801,36.683711130689645,17.751071478006004,muy alto,peor de lo esperado,1.451842653039039,0.0,-0.189167,61.687953,3.6349592734762655,1252.0
16013,16,Michoacán de Ocampo,Carácuaro,9176,505,38.415841584158414,12.520868113522535,37.358375666199784,1.0574659179586305,alto,en lo esperado,2.612273711384261,2.342031245648723,0.069319,71.833979,0.0699382212379065,194.0
16014,16,Michoacán de Ocampo,Coahuayana,17022,875,51.65714285714286,21.661721068249257,37.10701912102678,14.550123736116078,muy alto,peor de lo esperado,5.094640578588342,2.846548330311622,-0.354501,58.363271,1.466992665036675,452.0
16015,16,Michoacán de Ocampo,Coalcomán de Vázquez Pallares,19633,997,45.83751253761284,15.7847533632287,38.65693907108417,7.180573466528671,muy alto,peor de lo esperado,3.033705107080956,12.922170686402556,-0.268599,58.750159,0.5350805350805351,457.0
16016,16,Michoacán de Ocampo,Coeneo,20965,942,38.32271762208068,9.824198552223372,30.47174872171846,7.850968900362222,alto,peor de lo esperado,2.3142495561534937,0.0,-0.367754,61.590014,19.70263932545028,361.0
16017,16,Michoacán de Ocampo,Contepec,35070,2026,42.84304047384008,13.504356243949662,37.833693768603155,5.009346705236922,muy alto,peor de lo esperado,3.3443971883543364,0.8390515968389376,-0.287302,67.699956,0.1064282673478075,868.0
16018,16,Michoacán de Ocampo,Copándaro,9484,485,43.50515463917526,7.8125,40.97725858844905,2.5278960507262127,muy alto,en lo esperado,2.48995167451818,0.0,-0.579551,73.010218,0.0776483638380477,211.0
16019,16,Michoacán de Ocampo,Cotija,20198,1022,46.1839530332681,19.496268656716417,41.138034910404,5.045918122864094,muy alto,peor de lo esperado,1.426188591853816,1.77668109684846,-0.546476,55.918841,0.2305233928852098,472.0
16020,16,Michoacán de Ocampo,Cuitzeo,29910,1654,40.3869407496977,12.40694789081886,38.054903650370214,2.3320370993274864,alto,en lo esperado,0.7328126946910468,0.0,-0.493717,73.10934,0.0669344042838018,668.0
16021,16,Michoacán de Ocampo,Charapan,13539,643,46.50077760497667,18.181818181818183,46.1164756673119,0.38430193766476606,muy alto,en lo esperado,2.758567097794705,0.0,1.058064,87.441888,49.65761511216056,299.0
16022,16,Michoacán de Ocampo,Charo,25138,1231,36.555645816409424,10.706482155863071,40.24946594051268,-3.6938201241032544,alto,en lo esperado,2.487588375228852,0.0,-0.654216,51.60495,0.262346964270842,450.0
16023,16,Michoacán de Ocampo,Chavinda,10417,515,50.87378640776699,21.428571428571427,34.384759167746836,16.489027240020157,muy alto,peor de lo esperado,0.3463450123902666,0.0,-0.566511,63.753426,0.4534461910519952,262.00000000000006
16024,16,Michoacán de Ocampo,Cherán,20586,1055,41.51658767772512,11.920529801324504,39.73883898937283,1.7777486883522897,alto,en lo esperado,0.3328394710888851,0.0,0.304729,80.941235,20.907010609527774,438.0
16025,16,Michoacán de Ocampo,Chilchota,40560,2180,45.22935779816514,16.49908592321755,39.68832193707745,5.541035861087693,muy alto,peor de lo esperado,0.9176876420782272,0.0,0.225376,74.932679,55.78581948243215,986.0
16026,16,Michoacán de Ocampo,Chinicuila,4773,228,29.824561403508767,11.48036253776435,40.15625759156221,-10.331696188053442,medio,mejor de lo esperado,4.066864393577971,3.28918648891032,0.027981,47.554224,3.936479534779692,67.99999999999999
16027,16,Michoacán de Ocampo,Chucándiro,4944,231,45.45454545454545,10.83743842364532,31.41011696526235,14.044428489283103,muy alto,peor de lo esperado,2.353259704043737,0.0,-0.054908,60.368336,0.0210925964986289,105.0
16028,16,Michoacán de Ocampo,Churintzio,5233,238,27.73109243697479,11.304347826086955,28.266333446670153,-0.5352410096953619,bajo,en lo esperado,2.7951625871385803,0.0,-0.77547,51.288344,0.1792114695340501,66.0
16029,16,Michoacán de Ocampo,Churumuco,12342,717,30.543933054393307,13.183730715287515,33.77096597710473,-3.227032922711423,medio,en lo esperado,1.814195632796343,0.0,0.40742,72.776233,0.02601908065915,219.0
16030,16,Michoacán de Ocampo,Ecuandureo,11850,500,37.0,18.893129770992367,36.198338953172446,0.8016610468275545,alto,en lo esperado,2.5186689358296364,0.0,-0.495814,57.101997,0.0614196718434675,185.0
16031,16,Michoacán de Ocampo,Epitacio Huerta,16112,844,38.74407582938389,12.91913214990138,32.4838826770133,6.26019315237059,alto,peor de lo esperado,2.970543929693484,0.0,-0.339867,60.155696,0.1901016060308095,327.0
16032,16,Michoacán de Ocampo,Erongarícuaro,15715,736,36.41304347826087,10.07462686567164,27.84500223164272,8.568041246618147,alto,peor de lo esperado,2.927460479207121,0.0,-0.222833,65.136648,23.170320404721757,267.99999999999994
16033,16,Michoacán de Ocampo,Gabriel Zamora,21466,1089,36.91460055096419,16.25441696113074,36.82029372712692,0.09430682383726463,alto,en lo esperado,1.7131059995672486,0.0,-0.455858,56.233551,0.1139121390718637,402.0
16034,16,Michoacán de Ocampo,Hidalgo,125712,7042,36.836126100539616,13.578874218207089,39.82644704644278,-2.9903209459031643,alto,en lo esperado,1.2724847049864307,0.228822565552676,-0.446255,76.221596,0.1113811259619279,2594.0
16035,16,Michoacán de Ocampo,La Huacana,30627,1673,35.803945008965925,12.039170506912445,32.796875177457174,3.007069831508751,alto,en lo esperado,1.964987195042604,1.9719713395695035,-0.110391,69.680286,0.094066822283385,599.0
16036,16,Michoacán de Ocampo,Huandacareo,11644,520,28.269230769230774,10.973451327433628,39.00108051273343,-10.731849743502657,medio,mejor de lo esperado,1.8800481329154448,0.0,-0.781289,57.942813,0.0896137646742539,147.00000000000003
16037,16,Michoacán de Ocampo,Huaniqueo,7945,305,52.131147540983605,11.51685393258427,36.409103404547004,15.722044136436601,muy alto,peor de lo esperado,3.5244077045897804,0.0,-0.408583,57.430006,0.0523217789404839,159.0
16038,16,Michoacán de Ocampo,Huetamo,41973,2106,30.389363722697052,9.939898289412852,35.03587681409896,-4.646513091401911,medio,en lo esperado,2.0686073460077634,1.787881757006456,-0.324638,48.594381,0.120845921450151,639.9999999999999
16039,16,Michoacán de Ocampo,Huiramba,9015,512,39.453125,17.338709677419356,30.76210834069492,8.691016659305081,alto,peor de lo esperado,1.020257137268774,0.0,-0.510292,59.561324,0.2471751412429378,202.0
16040,16,Michoacán de Ocampo,Indaparapeo,18385,1015,45.12315270935961,16.979269496544916,36.099599733697744,9.023552975661865,muy alto,peor de lo esperado,0.9514962141131572,0.0,-0.258159,73.203081,0.0575373993095512,458.00000000000006
16041,16,Michoacán de Ocampo,Irimbo,16043,887,37.31679819616686,12.8,35.91286858835801,1.4039296078088483,alto,en lo esperado,1.8781919831792036,0.0,-0.399228,70.748554,0.0397535281256211,331.0
16042,16,Michoacán de Ocampo,Ixtlán,14302,656,59.90853658536585,32.51798561151079,41.47983968000515,18.428696905360702,muy alto,peor de lo esperado,2.6192396701356144,0.0,-0.420619,55.971262,0.0664648105752898,393.0
16043,16,Michoacán de Ocampo,Jacona,68781,3687,50.12205044751831,28.60477178423237,36.43079771475151,13.691252732766799,muy alto,peor de lo esperado,0.4722704595747357,0.0,-0.540679,55.850613,0.8168423648357068,1848.0
16044,16,Michoacán de Ocampo,Jiménez,12946,619,41.680129240710826,12.815884476534295,29.238564502211347,12.44156473849948,alto,peor de lo esperado,1.0157706481856723,0.0,-0.587964,56.829538,0.0566709844559585,258.0
16045,16,Michoacán de Ocampo,Jiquilpan,36158,1708,39.11007025761124,18.84661117717004,34.19209590599048,4.917974351620764,alto,en lo esperado,1.1647963669511625,0.0,-0.787111,52.247528,0.1631891828884485,668.0
16046,16,Michoacán de Ocampo,Juárez,14936,838,44.39140811455847,17.963386727688786,40.86559280137678,3.5258153131816954,muy alto,en lo esperado,3.419891120498628,0.0,-0.513943,69.994041,0.0282326369282891,372.0
16047,16,Michoacán de Ocampo,Jungapeo,19834,1145,45.85152838427948,19.00161030595813,39.95120135538858,5.900327028890906,muy alto,peor de lo esperado,2.246752039254896,0.0,-0.47854,58.651997,0.0800897004645202,525.0000000000001
16048,16,Michoacán de Ocampo,Lagunillas,5745,324,38.27160493827161,15.112540192926046,31.828818615483996,6.442786322787612,alto,peor de lo esperado,1.480368780472387,0.0,-0.466689,66.777278,0.055238445958387,124.00000000000001
16049,16,Michoacán de Ocampo,Madero,19086,1112,52.15827338129496,21.59468438538206,43.95544106616284,8.20283231513212,muy alto,peor de lo esperado,4.071320947674373,15.171492101675527,0.318021,77.470677,0.1351808043257857,580.0
16050,16,Michoacán de Ocampo,Maravatío,89311,4853,39.87224397280033,14.84593837535014,39.02414083133353,0.8481031414667939,alto,en lo esperado,1.40907304085913,0.0,-0.428673,67.84529,0.1839223226761892,1934.9999999999998
16051,16,Michoacán de Ocampo,Marcos Castellanos,13983,681,37.00440528634361,11.878453038674031,36.292534688914735,0.7118705974288773,alto,en lo esperado,0.889327305884762,0.0,-1.03838,48.663013,0.1433637666943333,252.0
16052,16,Michoacán de Ocampo,Lázaro Cárdenas,196003,10038,22.65391512253437,7.615191825718141,24.34291263820472,-1.6889975156703478,bajo,en lo esperado,1.0597357658445878,0.0416063513526462,-0.969938,37.255784,0.8521782061326779,2274.0
16053,16,Michoacán de Ocampo,Morelia,849053,40739,22.609784236235555,6.805175416770341,22.340761169249607,0.26902306698594813,bajo,en lo esperado,0.3620767066347501,0.0,-1.180576,37.725391,0.6782420971472629,9211.000000000004
16054,16,Michoacán de Ocampo,Morelos,7983,420,29.52380952380952,9.62566844919786,34.65323772498318,-5.12942820117366,medio,mejor de lo esperado,2.3926624879544334,0.0,-0.511479,57.017567,0.065359477124183,123.99999999999999
16055,16,Michoacán de Ocampo,Múgica,45732,2375,40.92631578947368,17.4390243902439,33.59237263012301,7.3339431593506745,alto,peor de lo esperado,0.380544804870095,0.0,-0.400475,66.182988,0.4188702204333785,972.0
16056,16,Michoacán de Ocampo,Nahuatzen,32598,1807,38.7382401770891,9.6004151530877,42.82424892169711,-4.086008744608016,alto,en lo esperado,1.709335757092984,0.0,1.11999,84.04249,39.97316139168003,700.0
16057,16,Michoacán de Ocampo,Nocupétaro,8196,401,37.65586034912718,12.859884836852208,37.12587785607731,0.5299824930498716,alto,en lo esperado,2.2417325245663102,0.6495766152418513,0.30113,67.82285,0.0392875851231011,151.0
16058,16,Michoacán de Ocampo,Nuevo Parangaricutiro,20981,1039,35.12993262752647,11.194029850746269,38.8245883428608,-3.694655715334328,alto,en lo esperado,1.207282894655603,6.268080508256065,-0.77082,62.367082,1.8072900802111889,365.00000000000006
16059,16,Michoacán de Ocampo,Nuevo Urecho,9027,439,46.46924829157175,11.93058568329718,34.0470163238059,12.422231967765853,muy alto,peor de lo esperado,2.342222810194763,0.0,-0.420381,51.322248,0.3054870168017859,204.0
16060,16,Michoacán de Ocampo,Numarán,9437,439,37.12984054669704,19.313304721030043,39.78724318689889,-2.657402640201852,alto,en lo esperado,1.6944950036635749,0.0,-0.631732,65.919698,0.0669493416648069,163.0
16061,16,Michoacán de Ocampo,Ocampo,24774,1538,48.76462938881664,15.79961464354528,38.17302845910397,10.59160092971267,muy alto,peor de lo esperado,1.270231841921868,0.0,0.219348,83.817752,0.3876306620209059,749.9999999999999
16062,16,Michoacán de Ocampo,Pajacuarán,21028,1122,52.584670231729056,24.60117548278757,44.73079974193306,7.853870489795995,muy alto,peor de lo esperado,3.04350583917699,0.0,-0.414901,79.290372,0.1810956285527441,590.0
16063,16,Michoacán de Ocampo,Panindícuaro,14889,720,43.888888888888886,15.289256198347108,35.3956915104104,8.493197378478484,muy alto,peor de lo esperado,0.866416383842939,0.0,-0.331637,60.841873,0.0923820352472996,316.0
16064,16,Michoacán de Ocampo,Parácuaro,26832,1434,41.14365411436541,18.98238747553816,35.92845226523436,5.215201849131049,alto,peor de lo esperado,0.8717771314730826,0.0,-0.180553,69.973967,0.7973659155823548,590.0
16065,16,Michoacán de Ocampo,Paracho,39657,2025,35.55555555555556,11.357921207041072,33.85511268553988,1.700442870015678,alto,en lo esperado,0.4634714906014973,0.0,0.167747,68.949534,30.15000266908664,720.0
16066,16,Michoacán de Ocampo,Pátzcuaro,98382,5279,33.983709035802235,11.9185503456006,28.542106229845878,5.441602805956357,medio,peor de lo esperado,1.0138112210874417,0.0,-0.494398,62.800902,6.228783878441726,1794.0
16067,16,Michoacán de Ocampo,Penjamillo,16621,755,40.52980132450331,14.11451398135819,36.08490256119607,4.444898763307243,alto,en lo esperado,2.432264072769799,0.0,-0.490324,59.906281,0.0761856390070471,306.0
16068,16,Michoacán de Ocampo,Peribán,29389,1611,45.25139664804469,18.15440289505428,35.89789035037536,9.353506297669327,muy alto,peor de lo esperado,1.6964620914941335,0.1331940889977342,-0.716202,42.978103,0.8663186892851965,729.0
16069,16,Michoacán de Ocampo,La Piedad,106490,5293,33.15699981107123,14.868970755791873,34.31257882920187,-1.1555790181306378,medio,en lo esperado,0.8327303986734212,0.0,-0.997996,45.061966,0.2872853997808338,1755.0000000000002
16070,16,Michoacán de Ocampo,Purépero,15503,724,37.01657458563536,13.885180240320429,27.202191677642727,9.814382907992634,alto,peor de lo esperado,0.3854062716973074,0.0,-0.876323,49.620396,0.2631578947368421,268.0
16071,16,Michoacán de Ocampo,Puruándiro,69260,3753,44.23128164135358,13.91484942886812,37.974207016773526,6.257074624580056,muy alto,peor de lo esperado,1.3927099553339548,0.0,-0.615608,60.987189,0.1366659580283657,1660.0
16072,16,Michoacán de Ocampo,Queréndaro,13961,741,44.26450742240216,15.14745308310992,35.22758483212819,9.036922590273974,muy alto,peor de lo esperado,0.7552960719164975,0.0,-0.504057,70.689709,0.1438086587950348,328.0
16073,16,Michoacán de Ocampo,Quiroga,27176,1361,39.75018368846436,16.29735525375268,28.826996411009954,10.923187277454407,alto,peor de lo esperado,1.2078816979316551,0.0,-0.202168,69.652637,30.823199251637043,541.0
16074,16,Michoacán de Ocampo,Cojumatlán de Régules,10553,520,49.42307692307692,19.41391941391941,39.4841511468313,9.938925776245618,muy alto,peor de lo esperado,1.887298904021485,0.0,-0.541342,68.39584,0.0796019900497512,257.0
16075,16,Michoacán de Ocampo,Los Reyes,78935,4348,46.38914443422263,19.92142361913566,35.165590658933404,11.223553775289226,muy alto,peor de lo esperado,1.0781158403408744,0.0459790345504819,-0.195428,53.219941,19.416859200410737,2017.0
16076,16,Michoacán de Ocampo,Sahuayo,78477,4219,41.71604645650629,19.55599900224495,41.58251816023662,0.13352829626967377,alto,en lo esperado,0.4042630148553707,0.0,-0.901399,55.910151,0.1167659848606861,1760.0000000000005
16077,16,Michoacán de Ocampo,San Lucas,17677,828,32.971014492753625,13.969732246798603,31.3355646847292,1.6354498080244255,medio,en lo esperado,2.8915400099433763,4.61119081779053,-0.094469,64.275116,0.2156721782890007,273.0
16078,16,Michoacán de Ocampo,Santa Ana Maya,12812,663,35.14328808446456,8.307210031347962,34.82307599634832,0.3202120881162358,alto,en lo esperado,1.0833982086328462,0.0,-0.644311,69.021863,0.0571521881123448,233.00000000000003
16079,16,Michoacán de Ocampo,Salvador Escalante,49896,2711,53.08004426410918,20.79884850665707,43.285101786013215,9.794942478095969,muy alto,peor de lo esperado,1.5069180979076806,0.0,0.038961,69.222646,0.0664736785675994,1439.0
16080,16,Michoacán de Ocampo,Senguio,19833,1088,44.7610294117647,12.807017543859647,39.39137831164952,5.369651100115185,muy alto,peor de lo esperado,4.228146388399075,0.0,-0.258486,67.458931,0.0917084749420078,486.99999999999994
16081,16,Michoacán de Ocampo,Susupuato,9076,486,47.11934156378601,29.050279329608937,42.461156662252925,4.658184901533083,muy alto,en lo esperado,2.8132523092851285,0.0,0.612554,73.385697,1.5366568914956011,229.0
16082,16,Michoacán de Ocampo,Tacámbaro,79540,4324,41.90564292321924,17.615112160566706,39.687826258904046,2.217816664315194,alto,en lo esperado,1.0593767019298803,0.0,-0.617709,49.060994,0.1523937963587323,1811.9999999999998
16083,16,Michoacán de Ocampo,Tancítaro,33453,1919,53.10057321521626,18.94736842105263,41.36283295489881,11.737740260317445,muy alto,peor de lo esperado,4.126341486243603,6.917422326403882,-0.523045,34.180803,1.5080052619758078,1019.0000000000001
16084,16,Michoacán de Ocampo,Tangamandapio,31716,1762,46.651532349602725,20.88030059044552,39.50584975133536,7.1456825982673635,muy alto,peor de lo esperado,1.916630672336344,0.0,0.059722,69.143742,26.135562493705308,822.0
16085,16,Michoacán de Ocampo,Tangancícuaro,35256,1668,54.436450839328536,27.01979668271803,38.03972389400135,16.396726945327188,muy alto,peor de lo esperado,3.176217206093364,4.014982570028935,-0.294679,58.876647,3.808664259927798,907.9999999999999
16086,16,Michoacán de Ocampo,Tanhuato,15534,791,38.1795195954488,18.0442374854482,35.884159861566296,2.2953597338825062,alto,en lo esperado,1.654312214946518,0.0,-0.7122,50.432048,0.3929539295392953,302.0
16087,16,Michoacán de Ocampo,Taretan,15589,797,43.03638644918444,16.875,32.21584315138338,10.82054329780106,muy alto,peor de lo esperado,1.1333533825325055,0.0,-0.63722,38.732466,0.2522841947361243,343.0
16088,16,Michoacán de Ocampo,Tarímbaro,114513,6467,27.27694448739756,8.088993664358332,28.366495448189315,-1.0895509607917546,bajo,en lo esperado,2.739580639209452,0.0,-1.052885,38.293127,0.3949028283086824,1764.0000000000002
16089,16,Michoacán de Ocampo,Tepalcatepec,24074,1229,43.85679414157852,19.138755980861244,36.35577263198581,7.501021509592711,muy alto,peor de lo esperado,1.230014736366773,2.232156702354504,-0.647772,38.096636,0.2972287787394003,539.0
16090,16,Michoacán de Ocampo,Tingambato,16325,864,31.71296296296296,11.229946524064172,36.59864239429198,-4.88567943132902,medio,en lo esperado,0.4557614659259806,0.0,-0.100039,70.681715,3.6571056062581486,273.99999999999994
16091,16,Michoacán de Ocampo,Tingüindín,14934,770,38.701298701298704,17.258883248730964,29.84896020000484,8.852338501293865,alto,peor de lo esperado,1.7772212340821938,0.0,-0.679342,50.053254,5.41432584269663,298.0
16092,16,Michoacán de Ocampo,Tiquicheo de Nicolás Romero,12836,742,39.75741239892184,12.515802781289509,39.08360932489295,0.6738030740288963,alto,en lo esperado,2.844031838161061,0.8227057124132755,0.279097,64.969125,0.0498504486540378,295.00000000000006
16093,16,Michoacán de Ocampo,Tlalpujahua,28556,1619,36.13341568869673,10.984393757503002,33.02610687227981,3.107308816416918,alto,en lo esperado,2.4300585691737018,0.0,-0.15278,69.158098,0.1450461172270157,585.0
16094,16,Michoacán de Ocampo,Tlazazalca,6420,267,63.67041198501872,31.086142322097377,37.15571697016158,26.51469501485714,muy alto,peor de lo esperado,2.8713395872164718,0.0,-0.368621,53.701054,0.2773246329526916,169.99999999999997
16095,16,Michoacán de Ocampo,Tocumbo,12325,562,42.34875444839858,21.24183006535948,34.56990109658975,7.778853351808827,muy alto,peor de lo esperado,0.7990396618798712,0.8003794450974228,-0.425951,42.730511,0.5379098360655737,238.0
16096,16,Michoacán de Ocampo,Tumbiscatío,5971,320,42.5,21.095890410958905,31.672472488921503,10.827527511078497,muy alto,peor de lo esperado,2.92387014207214,11.988529953030266,0.271803,63.552923,0.2836879432624113,136.0
16097,16,Michoacán de Ocampo,Turicato,29056,1645,40.06079027355623,15.2989449003517,36.56667541831047,3.494114855245762,alto,en lo esperado,2.410045311060029,0.4870949428611447,0.230022,61.707636,1.3688575727549634,659.0
16098,16,Michoacán de Ocampo,Tuxpan,25757,1375,39.41818181818182,13.120567375886525,33.69654771777384,5.721634100407982,alto,peor de lo esperado,1.7952206140754117,0.0,-0.4757,60.010879,0.1156164836072342,542.0
16099,16,Michoacán de Ocampo,Tuzantla,14329,765,44.57516339869281,18.765743073047854,33.725473274871234,10.849690123821574,muy alto,peor de lo esperado,3.045809099596106,3.7625832933777152,0.046232,74.750176,0.0519403428062625,341.0
16100,16,Michoacán de Ocampo,Tzintzuntzan,14911,741,36.70715249662618,10.397946084724005,25.31293457115171,11.394217925474468,alto,peor de lo esperado,2.376290599787041,0.0,-0.181811,71.097421,9.390971039182284,272.0
16101,16,Michoacán de Ocampo,Tzitzio,8855,537,42.83054003724395,17.892976588628763,44.67097330621098,-1.8404332689670326,muy alto,en lo esperado,3.520217884710641,3.852601347600743,0.838441,74.973416,0.0840437027254172,230.0
16102,16,Michoacán de Ocampo,Uruapan,356786,18239,33.36257470256045,12.487622400704147,27.318366614747802,6.044208087812649,medio,peor de lo esperado,0.4777163256421002,0.0,-0.861512,51.417896,6.002427321311465,6085.0
16103,16,Michoacán de Ocampo,Venustiano Carranza,23469,1185,45.56962025316456,21.0655737704918,42.79724637846071,2.7723738747038453,muy alto,en lo esperado,1.997341961045453,0.0,-0.661941,71.153124,0.1349102846607006,540.0
16104,16,Michoacán de Ocampo,Villamar,15864,758,44.06332453825858,18.04320203303685,37.98516535195988,6.078159186298699,muy alto,peor de lo esperado,2.485938228638932,0.0,-0.457793,50.160515,0.1192131929266838,334.0
16105,16,Michoacán de Ocampo,Vista Hermosa,20982,1088,43.38235294117647,20.782608695652176,39.97479105002472,3.407561891151751,muy alto,en lo esperado,1.489145801887659,0.0,-0.709979,53.008535,0.1713709677419354,472.0
16106,16,Michoacán de Ocampo,Yurécuaro,32303,1726,53.70799536500579,33.51862145636465,34.53128445557391,19.176710909431883,muy alto,peor de lo esperado,0.5550660077433003,0.0,-0.407693,59.374353,2.747595443652956,926.9999999999999
16107,16,Michoacán de Ocampo,Zacapu,76829,4038,33.95245170876672,13.82839149829441,24.427724288877396,9.524727419889327,medio,peor de lo esperado,0.5742705626827724,0.0,-0.890435,54.787047,1.3532948895311407,1371.0000000000002
16108,16,Michoacán de Ocampo,Zamora,204860,10681,40.960584214961145,20.20147989658554,32.54009255208054,8.420491662880607,alto,peor de lo esperado,0.5640787897571997,0.0,-0.77,53.31205,0.6314925487983174,4375.0
16109,16,Michoacán de Ocampo,Zináparo,3232,115,17.391304347826093,12.307692307692308,30.88870783382706,-13.497403486000966,muy bajo,mejor de lo esperado,1.375376326068291,0.0,-0.717642,34.729345,0.128369704749679,20.000000000000007
16110,16,Michoacán de Ocampo,Zinapécuaro,49005,2477,41.219216794509485,11.452408039438756,39.88546660012166,1.3337501943878252,alto,en lo esperado,1.9422655311173973,0.8068433089054887,-0.750263,62.329781,0.0624407889070708,1020.9999999999999
16111,16,Michoacán de Ocampo,Ziracuaretiro,18402,1013,49.45705824284304,20.11661807580175,42.008998743341095,7.4480594995019445,muy alto,peor de lo esperado,2.3485885464670866,0.0,-0.540029,68.38538,0.4835984385014275,501.0
16112,16,Michoacán de Ocampo,Zitácuaro,157056,8742,32.30382063601007,11.722991689750693,32.53196021147457,-0.22813957546449615,medio,en lo esperado,1.432161092468744,0.0,-0.489516,66.99019,3.324778898161807,2824.0000000000005
16113,16,Michoacán de Ocampo,José Sixto Verduzco,26213,1231,31.356620633631195,7.766272189349112,37.382520761752765,-6.02590012812157,medio,mejor de lo esperado,1.2951448446475675,0.0,-0.671391,59.990764,0.0720547616188303,386.0
17001,17,Morelos,Amacuzac,17598,966,29.8136645962733,13.375796178343949,31.18682997892881,-1.373165382655511,medio,en lo esperado,2.217128715076522,0.0,-0.482608,69.767741,0.2382938162754676,288.00000000000006
17002,17,Morelos,Atlatlahucan,25232,1321,32.096896290688875,10.412299091544376,24.402229948649023,7.694666342039852,medio,peor de lo esperado,1.3176700010675468,0.0,-0.492468,63.330502,3.48455237224001,424.00000000000006
17003,17,Morelos,Axochiapan,39174,2102,36.39391056137012,13.696060037523452,35.2481144478069,1.1457961135632218,alto,en lo esperado,1.3947883989643288,0.0,-0.281821,78.561614,1.895323965017735,764.9999999999999
17004,17,Morelos,Ayala,89834,4904,37.68352365415987,14.562323517547398,29.436781855384627,8.246741798775243,alto,peor de lo esperado,2.176617922688468,0.0,-0.497999,62.730651,3.8981525841620015,1848.0000000000002
17005,17,Morelos,Coatlán del Río,10520,475,33.684210526315795,8.34990059642147,35.24727576625313,-1.5630652399373375,medio,en lo esperado,2.720932231623048,0.0,-0.41614,67.828964,0.1493577616250124,160.00000000000003
17006,17,Morelos,Cuautla,187118,9517,25.711883997057896,8.757770749263823,22.927169645990702,2.784714351067194,bajo,en lo esperado,0.4669290749648934,0.0,-0.952349,58.702729,2.8685939479868487,2446.9999999999995
17007,17,Morelos,Cuernavaca,378476,17135,19.340531076743503,5.65494056909593,20.385748397162335,-1.045217320418832,muy bajo,en lo esperado,0.4652774251925841,0.0,-1.246878,46.098797,1.302643123491994,3313.999999999999
17008,17,Morelos,Emiliano Zapata,107053,5563,26.74815746899155,8.105244570015893,21.06121166019822,5.686945808793329,bajo,peor de lo esperado,0.9093363435652956,0.0,-1.012178,55.545295,0.8988436497910796,1488.0
17009,17,Morelos,Huitzilac,24515,1261,23.314829500396517,5.298013245033113,21.837882920833614,1.4769465795629024,bajo,en lo esperado,2.215723484363537,0.0,-0.559215,54.785066,2.219751079936701,294.00000000000006
17010,17,Morelos,Jantetelco,18402,957,26.854754440961344,10.095642933049946,26.44993087602087,0.4048235649404752,bajo,en lo esperado,1.0285580730495072,0.0,-0.484023,70.10841,0.9158134243458476,257.00000000000006
17011,17,Morelos,Jiutepec,215357,10378,20.948159568317596,6.472906403940887,20.33942800981501,0.608731558502587,muy bajo,en lo esperado,0.3501261476975345,0.0,-1.174747,49.134457,0.9477640130565752,2174.0
17012,17,Morelos,Jojutla,57682,2816,26.313920454545453,8.53882959146117,23.19145004901279,3.1224704055326633,bajo,en lo esperado,1.8681397591665252,0.0,-0.866935,59.256587,1.010666137270119,741.0
17013,17,Morelos,Jonacatepec de Leandro Valle,16694,864,35.41666666666667,14.906832298136646,28.142198840106946,7.274467826559725,alto,peor de lo esperado,0.5576262748074845,0.0,-0.521943,78.567791,2.288876312645413,306.00000000000006
17014,17,Morelos,Mazatepec,9653,478,33.68200836820084,10.32258064516129,30.23143692874467,3.4505714394561693,medio,en lo esperado,2.4866415032614237,0.0,-0.71672,58.562932,0.2935101641482769,161.0
17015,17,Morelos,Miacatlán,15802,851,23.85428907168037,8.793686583990981,25.232567113234992,-1.3782780415546227,bajo,en lo esperado,0.8934908367015486,0.0,-0.684655,58.656311,1.086092715231788,202.99999999999994
17016,17,Morelos,Ocuituco,19219,1100,30.909090909090907,9.96309963099631,30.06034129985304,0.848749609237867,medio,en lo esperado,1.0790872345932527,0.0,-0.378244,79.567265,0.3834775939520105,340.0
17017,17,Morelos,Puente de Ixtla,40018,2117,29.806329711856407,9.494274809160306,29.003149763942222,0.8031799479141846,medio,en lo esperado,2.251589144150118,0.3776283199536103,-0.747988,70.750196,0.579428960960646,631.0000000000001
17018,17,Morelos,Temixco,122263,6487,31.247109603823034,9.155784998481629,23.387350226721445,7.8597593771015895,medio,peor de lo esperado,0.3901076151436429,0.0,-0.798326,67.49747,4.056853934500311,2027.0000000000005
17019,17,Morelos,Tepalcingo,28122,1416,33.26271186440678,9.24775707384403,34.030360183589906,-0.7676483191831238,medio,en lo esperado,2.139747471326003,0.6352066640255981,-0.399643,75.344447,0.3811231924672122,471.0
17020,17,Morelos,Tepoztlán,54987,2787,27.05418012199497,8.192090395480227,28.947558174305907,-1.8933780523109363,bajo,en lo esperado,3.0022069337537785,0.0,-0.652623,54.259421,5.074892537256907,753.9999999999998
17021,17,Morelos,Tetecala,7617,383,26.631853785900788,9.97067448680352,26.330109454702058,0.30174433119873,bajo,en lo esperado,0.8409543479828756,0.0,-0.692026,67.221266,0.2604523646333105,102.00000000000001
17022,17,Morelos,Tetela del Volcán,14853,909,39.16391639163916,10.626992561105208,30.566873089145588,8.597043302493574,alto,peor de lo esperado,0.4634493317676803,0.0,-0.319327,83.356362,3.75923820352473,356.0
17023,17,Morelos,Tlalnepantla,7943,432,41.66666666666666,11.967545638945234,37.38262975627457,4.284036910392089,alto,en lo esperado,2.0298518036090214,0.0,-0.098411,75.343576,1.7140579325006644,179.99999999999997
17024,17,Morelos,Tlaltizapán de Zapata,52399,2734,31.89465983906365,9.906191369606004,24.304548816393773,7.590111022669877,medio,peor de lo esperado,1.126919017334779,0.0,-0.663995,65.041765,1.1409195173032811,872.0000000000002
17025,17,Morelos,Tlaquiltenango,33789,1738,26.1795166858458,11.015911872705018,27.00199547194354,-0.8224787860977401,bajo,en lo esperado,1.4190302841387314,0.0,-0.600067,64.958643,0.6912726823848907,455.0
17026,17,Morelos,Tlayacapan,19408,1033,31.07454017424976,10.3,28.228285767625028,2.8462544066247304,medio,en lo esperado,1.2697060737087302,0.0,-0.550874,53.856419,5.704861298869843,321.0
17027,17,Morelos,Totolapan,12750,724,35.35911602209944,13.060686015831134,35.079734183844224,0.2793818382552189,alto,en lo esperado,2.0165488443267123,0.0,-0.004966,80.184297,2.5896907216494847,255.99999999999994
17028,17,Morelos,Xochitepec,73539,3988,31.118355065195587,9.673061334774385,25.55947136492589,5.558883700269696,medio,peor de lo esperado,1.3515659088945782,0.0,-0.7418,68.699915,1.4671043242471813,1241.0
17029,17,Morelos,Yautepec,105780,5641,32.4942386101755,10.855614973262032,23.303509889682214,9.190728720493286,medio,peor de lo esperado,0.9723718637022674,0.0,-0.756775,65.26659,1.0824263732790804,1833.0
17030,17,Morelos,Yecapixtla,56083,3164,33.91276864728192,9.632731958762887,30.30940005268427,3.603368594597651,medio,en lo esperado,1.8889790766859027,0.0,-0.559332,73.625354,1.2290544724447865,1073.0
17031,17,Morelos,Zacatepec,36094,1831,22.39213544511196,6.472684085510688,19.521445780654393,2.8706896644575686,bajo,en lo esperado,0.1961993253210538,0.0,-1.077112,50.831294,0.4351961264662651,410.0
17032,17,Morelos,Zacualpan de Amilpas,9965,529,17.202268431001897,5.597014925373134,25.079410471875782,-7.877142040873885,muy bajo,mejor de lo esperado,0.6928316406243762,0.0,-0.745669,66.161168,0.3783102143757881,91.00000000000003
17033,17,Morelos,Temoac,16574,910,26.5934065934066,8.51063829787234,31.970807853645674,-5.3774012602390755,bajo,mejor de lo esperado,1.5276617377273376,0.0,-0.401861,78.072239,0.6862371330537552,242.00000000000006
17034,17,Morelos,Coatetelco,11347,628,48.08917197452229,19.478527607361965,40.93946032308448,7.149711651437805,muy alto,peor de lo esperado,3.1735192909491983,0.0,0.387638,87.512937,0.5107726597325408,301.99999999999994
17035,17,Morelos,Xoxocotla,27805,1595,44.20062695924765,14.86570893191755,35.86615871959644,8.334468239651208,muy alto,peor de lo esperado,0.2817577830818666,0.0,0.218552,83.93126,8.352834604061297,705.0
17036,17,Morelos,Hueyapan,7855,458,42.35807860262009,21.788990825688074,31.987825159042785,10.370253443577305,muy alto,peor de lo esperado,2.29517829848092,0.0,0.529148,91.832482,35.08369330453564,194.00000000000003
18001,18,Nayarit,Acaponeta,37232,1932,15.89026915113871,3.857566765578635,24.03300055710926,-8.142731405970551,muy bajo,mejor de lo esperado,1.7351464855337433,2.52739146271679,-0.699457,48.488348,2.328012431134341,306.9999999999999
18002,18,Nayarit,Ahuacatlán,15393,704,24.431818181818187,8.966376089663761,26.640108478514048,-2.2082902966958606,bajo,en lo esperado,1.524505796153703,0.0,-0.986383,29.842002,0.4062288422477996,172.00000000000006
18003,18,Nayarit,Amatlán de Cañas,11536,530,15.84905660377359,5.776173285198556,30.380753341031564,-14.531696737257974,muy bajo,mejor de lo esperado,4.1285925110863015,7.59501602600905,-0.907088,35.46718,0.2820489491402056,84.00000000000003
18004,18,Nayarit,Compostela,77436,3750,29.200000000000003,8.651226158038147,31.130695383373688,-1.9306953833736848,medio,en lo esperado,1.2380125258291932,0.2863231220873378,-0.889762,46.162589,1.3233054074638233,1095.0000000000002
18005,18,Nayarit,Huajicori,12230,744,23.52150537634408,5.654450261780105,41.260658897829224,-17.739153521485143,bajo,mejor de lo esperado,3.009827198796528,9.407235722042296,1.960731,81.889544,16.508522228079425,174.99999999999997
18006,18,Nayarit,Ixtlán del Río,29299,1535,28.14332247557003,9.523809523809524,29.37519008746795,-1.2318676118979184,medio,en lo esperado,0.5112106255486555,0.0475996192030463,-1.094638,44.082068,0.762397957348869,432.0
18007,18,Nayarit,Jala,19321,1098,30.32786885245902,10.76158940397351,30.465531909076862,-0.13766305661784273,medio,en lo esperado,1.312189248330827,1.270940057053367,-0.288277,63.181908,0.7751511819681144,333.0
18008,18,Nayarit,Xalisco,65229,3465,19.27849927849928,6.44536652835408,25.036259257479895,-5.757759978980616,muy bajo,mejor de lo esperado,0.2653652756851236,0.0,-1.216494,23.605918,1.43630912080472,668.0
18009,18,Nayarit,Del Nayar,47550,3475,48.66187050359712,21.04598281960586,50.485510846212605,-1.8236403426154837,muy alto,en lo esperado,5.038074546607113,18.510201693242504,5.074744,91.436554,86.8073277433467,1691.0
18010,18,Nayarit,Rosamorada,33567,1717,26.849155503785667,8.53920515574651,23.705944728061485,3.1432107757241816,bajo,en lo esperado,2.146668922278489,0.0968718693085434,-0.58123,50.234595,5.147956787224049,460.9999999999999
18011,18,Nayarit,Ruíz,24096,1272,34.74842767295597,13.049853372434018,25.307729117779058,9.440698555176912,alto,peor de lo esperado,1.3930965421685422,3.5512757305225904,-0.321091,48.539423,10.661926081994556,441.9999999999999
18012,18,Nayarit,San Blas,41518,2130,28.732394366197184,11.030082041932545,21.744388056067823,6.988006310129361,medio,peor de lo esperado,1.0989219145459403,0.0,-0.679499,39.52099,1.9292847775648136,612.0
18013,18,Nayarit,San Pedro Lagunillas,7683,355,23.380281690140848,6.493506493506493,27.431721224708966,-4.051439534568118,bajo,en lo esperado,1.585944964100521,0.0,-0.916683,43.554997,0.2301963439404197,83.00000000000001
18014,18,Nayarit,Santa María del Oro,24911,1329,25.733634311512414,8.530465949820789,33.71989784194446,-7.986263530432044,bajo,mejor de lo esperado,1.948771467485699,1.0822893309924504,-0.623588,36.542954,7.026095726352061,342.0
18015,18,Nayarit,Santiago Ixcuintla,93981,4612,32.89245446660884,8.305716652858326,24.75066962707521,8.141784839533628,medio,peor de lo esperado,1.3589096257723914,0.9766649623920094,-0.795071,29.115121,1.2826365306463283,1516.9999999999998
18016,18,Nayarit,Tecuala,37135,1792,15.95982142857143,3.703703703703704,21.2859332537927,-5.326111825221268,muy bajo,mejor de lo esperado,1.0629390340849587,0.6710501219115047,-0.875713,39.178599,0.2417292070719847,286.0
18017,18,Nayarit,Tepic,425924,21440,17.826492537313428,5.3528319405756735,21.868147344990362,-4.0416548076769345,muy bajo,en lo esperado,0.2884537637914609,0.0464808388127531,-1.213796,27.899401,2.601783589504545,3821.9999999999986
18018,18,Nayarit,Tuxpan,30064,1455,25.01718213058419,9.145129224652088,21.784906120989945,3.232276009594244,bajo,en lo esperado,0.6951683294993878,0.0,-0.961274,40.553342,0.733275412684622,363.99999999999994
18019,18,Nayarit,La Yesca,13719,917,32.49727371864776,13.449023861171366,44.17846769109373,-11.681193972445968,medio,mejor de lo esperado,4.37668597574954,12.456631691408914,1.743538,76.045145,43.57698289269052,298.0
18020,18,Nayarit,Bahía de Banderas,187632,9327,32.089632250455665,10.35883547731889,24.532352139392607,7.557280111063058,medio,peor de lo esperado,0.7079511504229926,0.0,-1.045391,37.06319,1.0052613396310832,2992.9999999999995
19001,19,Nuevo León,Abasolo,2974,168,31.54761904761905,7.894736842105263,21.18109995011068,10.36651909750837,medio,peor de lo esperado,0.5331515905817715,0.0,-1.125021,14.817287,0.4275026718916993,53.00000000000001
19002,19,Nuevo León,Agualeguas,3382,152,34.21052631578948,5.921052631578948,29.021205997052054,5.189320318737426,alto,peor de lo esperado,5.482347444416757,28.53192713326941,-0.93282,70.10841,0.0917992656058751,52.00000000000001
19003,19,Nuevo León,Los Aldamas,1407,44,45.45454545454545,2.127659574468085,27.360930673899837,18.093614780645616,muy alto,peor de lo esperado,13.664608669108326,97.54027617951664,-0.907215,70.10841,0.0,20.0
19004,19,Nuevo León,Allende,35289,1753,38.61950941243583,13.566350710900474,24.114630628392927,14.504878784042905,alto,peor de lo esperado,0.553227595465847,0.0,-1.142397,30.796389,0.5199821720398158,677.0000000000001
19005,19,Nuevo León,Anáhuac,18030,973,33.81294964028777,9.582059123343528,28.53524952917278,5.277700111114989,medio,peor de lo esperado,0.9182100758656336,3.333961808909591,-0.825282,43.804692,0.0705135738629686,329.0
19006,19,Nuevo León,Apodaca,656464,34196,20.29184699964908,4.356762389995368,22.626887397006286,-2.3350403973572043,muy bajo,en lo esperado,0.8706169754453541,0.0,-1.506361,17.799137,0.6650130573340024,6939.0
19007,19,Nuevo León,Aramberri,14992,834,24.460431654676256,6.476399560922063,34.89277372115553,-10.432342066479272,bajo,mejor de lo esperado,4.816015825049092,22.666263680732797,-0.084188,64.274319,0.0416782439566546,203.99999999999997
19008,19,Nuevo León,Bustamante,3661,187,24.598930481283418,9.23076923076923,20.232051748983743,4.366878732299675,bajo,en lo esperado,0.1234485396628042,0.3189792663476874,-0.908533,44.220114,0.1712817584927205,45.99999999999999
19009,19,Nuevo León,Cadereyta Jiménez,122337,6072,33.38274044795784,9.181258873639376,21.05960482337249,12.323135624585355,medio,peor de lo esperado,2.0432654762928943,2.5489117110505632,-1.160138,27.307193,1.3708124759337696,2027.0000000000002
19010,19,Nuevo León,El Carmen,104478,4553,46.12343509773776,8.90023709648003,24.758771551158027,21.364663546579735,muy alto,peor de lo esperado,3.88366382133386,0.0,-1.213524,33.681249,4.29905196701421,2100.0000000000005
19011,19,Nuevo León,Cerralvo,7340,350,37.142857142857146,9.898477157360404,21.027031155795967,16.11582598706118,alto,peor de lo esperado,0.4793734047067029,1.9653484372634344,-0.899237,15.033415,0.2274989335987487,130.0
19012,19,Nuevo León,Ciénega de Flores,68747,3226,41.69249845009299,10.472334682860998,23.39558245677433,18.29691599331866,alto,peor de lo esperado,1.6846028427944315,0.0,-1.160312,31.222203,3.334939159893705,1344.9999999999998
19013,19,Nuevo León,China,9930,419,42.004773269689736,10.905349794238685,36.481287176910435,5.523486092779301,alto,peor de lo esperado,11.6486163022796,92.75438779453894,-0.557934,25.531099,0.0630848491220691,176.0
19014,19,Nuevo León,Doctor Arroyo,36088,2155,30.06960556844548,7.682291666666667,39.784093891833685,-9.714488323388206,medio,mejor de lo esperado,2.4442148239151664,5.597297121701172,0.185431,65.448371,0.0706609745326071,648.0000000000001
19015,19,Nuevo León,Doctor Coss,1360,61,21.311475409836063,10.0,26.174261872171027,-4.862786462334963,muy bajo,en lo esperado,4.082931826623084,25.436341827617444,-0.769808,22.246951,0.6074411541381929,13.0
19016,19,Nuevo León,Doctor González,3256,151,33.7748344370861,13.81578947368421,21.549460787574336,12.225373649511763,medio,peor de lo esperado,4.308724401303771,24.805007618498543,-0.748767,21.39852,0.5489183080400387,51.00000000000001
19017,19,Nuevo León,Galeana,40903,2236,30.948121645796064,9.503239740820735,33.006446387326484,-2.05832474153042,medio,en lo esperado,3.525078829159543,10.177693526431872,-0.380583,50.310399,0.0593563704869803,691.9999999999999
19018,19,Nuevo León,García,397205,19913,33.14919901571838,6.204867611660872,22.755801924018325,10.393397091700056,medio,peor de lo esperado,0.4895418427630007,0.1900598579289547,-1.324283,27.976434,3.544152616808415,6601.000000000001
19019,19,Nuevo León,San Pedro Garza García,132169,4802,20.74135776759684,5.754203173099692,18.691259018051802,2.050098749545036,muy bajo,en lo esperado,0.000351423730843,0.0,-1.367207,10.457944,2.046959174401246,996.0000000000001
19020,19,Nuevo León,General Bravo,5506,251,30.677290836653384,8.664259927797834,26.858380518423246,3.818910318230138,medio,en lo esperado,3.805941318821502,17.072738234563953,-0.880533,26.369329,0.5531184436391379,76.99999999999999
19021,19,Nuevo León,General Escobedo,481213,25805,30.176322418136024,6.592641312337989,20.380657812765563,9.795664605370462,medio,peor de lo esperado,0.1273504777532897,0.0,-1.342311,31.615802,1.395594513659103,7787.000000000002
19022,19,Nuevo León,General Terán,14109,641,44.77379095163806,10.405405405405403,30.54410123303321,14.229689718604853,muy alto,peor de lo esperado,17.902357750216904,96.41278660388156,-0.809083,16.430976,0.3688131592535221,287.0
19023,19,Nuevo León,General Treviño,1808,61,47.540983606557376,17.045454545454547,31.92194550856384,15.619038097993535,muy alto,peor de lo esperado,1.3293882827552526,0.4331348132106117,-0.722708,70.10841,0.0,29.0
19024,19,Nuevo León,General Zaragoza,6282,368,27.98913043478261,5.398457583547557,40.61549016941112,-12.626359734628508,medio,mejor de lo esperado,16.656036633325282,98.41893767055096,0.336598,74.917257,0.0335401643468053,103.00000000000001
19025,19,Nuevo León,General Zuazua,102149,5569,33.32734781827976,6.582703610411419,24.055916794958705,9.271431023321057,medio,peor de lo esperado,4.959592924826311,0.0009776604585227,-1.270429,28.210288,3.470467754176933,1856.0
19026,19,Nuevo León,Guadalupe,643143,28779,22.53379200111192,5.477646369594669,23.123009046888253,-0.5892170457763335,bajo,en lo esperado,0.0725725993662132,0.0,-1.412271,23.251612,0.5746671981383429,6484.999999999999
19027,19,Nuevo León,Los Herreras,1959,65,36.92307692307692,13.095238095238097,20.265425490768983,16.657651432307937,alto,peor de lo esperado,1.9065859548920772,14.64639889726998,-0.713407,70.10841,0.1050972149238045,23.999999999999996
19028,19,Nuevo León,Higueras,1386,64,21.875,5.633802816901408,22.29555891678142,-0.4205589167814203,bajo,en lo esperado,0.2529797736518019,0.6126616746085775,-0.837919,15.345361,1.283987915407855,14.0
19029,19,Nuevo León,Hualahuises,7026,335,20.59701492537313,4.25531914893617,22.659814461027906,-2.0627995356547757,muy bajo,en lo esperado,0.5576555427160426,0.0,-1.064791,30.714436,0.0593383770953864,68.99999999999999
19030,19,Nuevo León,Iturbide,3298,191,35.6020942408377,9.94475138121547,30.451557231208017,5.150537009629684,alto,peor de lo esperado,2.080385254276204,1.062609547376018,-0.269957,48.174274,0.063391442155309,68.00000000000001
19031,19,Nuevo León,Juárez,471523,25836,32.97724105898746,6.95049066627315,21.61773720294271,11.35950385604475,medio,peor de lo esperado,0.7674633087272308,0.0,-1.324739,30.068078,1.9736059921531328,8520.0
19032,19,Nuevo León,Lampazos de Naranjo,5351,272,28.308823529411768,9.23076923076923,22.602777234739584,5.706046294672184,medio,peor de lo esperado,0.5281048833889334,2.1249522840055994,-0.957253,21.967722,0.0196078431372549,77.00000000000001
19033,19,Nuevo León,Linares,84666,4404,25.136239782016347,5.094838994265549,27.433764193266786,-2.297524411250439,bajo,en lo esperado,1.337668490943339,7.084119883806381,-1.054393,31.105196,0.0912600046863245,1106.9999999999998
19034,19,Nuevo León,Marín,5119,274,33.21167883211679,7.777777777777778,23.23411303316376,9.97756579895303,medio,peor de lo esperado,1.5046463422828498,0.0,-1.09203,13.401123,3.441917639827904,91.0
19035,19,Nuevo León,Melchor Ocampo,1483,64,29.6875,6.0,19.119610497059607,10.567889502940393,medio,peor de lo esperado,0.9801247376640668,0.0,-1.039397,15.621951,0.1393728222996515,19.0
19036,19,Nuevo León,Mier y Noriega,7652,458,41.92139737991266,11.213235294117649,40.351323233231916,1.5700741466807457,alto,en lo esperado,1.2639945849691232,0.0,0.345079,73.964682,0.0698421567257996,192.0
19037,19,Nuevo León,Mina,6048,316,29.43037974683544,7.120743034055727,27.254649988577746,2.1757297582576918,medio,en lo esperado,1.0497843949424146,5.005946047443199,-0.790684,19.311065,0.3313568189745378,92.99999999999999
19038,19,Nuevo León,Montemorelos,67428,3371,32.215959655888454,8.839779005524862,21.618212361142007,10.597747294746448,medio,peor de lo esperado,1.0078774325545212,1.7685215996863362,-1.111001,23.502091,0.2833787465940054,1085.9999999999998
19039,19,Nuevo León,Monterrey,1142994,48667,24.81352867446114,7.211591153196992,19.33331411861385,5.48021455584729,bajo,peor de lo esperado,0.0001702130200927,0.001049860499786,-1.33268,28.849378,1.0212430263716632,12076.000000000002
19040,19,Nuevo León,Parás,906,31,35.483870967741936,13.513513513513514,22.789747308233643,12.694123659508293,alto,peor de lo esperado,1.722561432373669,9.176454659310156,-0.91468,70.10841,0.2288329519450801,11.0
19041,19,Nuevo León,Pesquería,147624,6278,43.18254221089519,8.924893587807222,24.337694023987854,18.84484818690734,muy alto,peor de lo esperado,1.566610202877761,1.3132510629622594,-1.177381,30.064704,4.776576001855825,2711.0
19042,19,Nuevo León,Los Ramones,5389,233,33.90557939914163,11.857707509881424,35.328832610879516,-1.4232532117378867,medio,en lo esperado,10.276230947831255,58.44793794057579,-0.784683,29.761871,0.2871362940275651,78.99999999999999
19043,19,Nuevo León,Rayones,2377,103,49.51456310679612,21.951219512195124,31.996080122108385,17.518482984687733,muy alto,peor de lo esperado,8.231095599182824,47.53605817573384,-0.050216,45.935766,0.0440334654337296,51.0
19044,19,Nuevo León,Sabinas Hidalgo,34709,1773,27.18556119571348,6.81551116333725,21.86306989197072,5.322491303742758,bajo,peor de lo esperado,0.3141575827069787,1.7697674114315152,-1.210437,32.832356,0.1738504885798213,482.0
19045,19,Nuevo León,Salinas Victoria,86766,4007,42.17619166458697,8.268615806304249,26.66195341092211,15.514238253664864,muy alto,peor de lo esperado,6.248901394116496,3.993934592263408,-1.182215,35.326514,3.118403612979235,1690.0
19046,19,Nuevo León,San Nicolás de los Garza,412199,15830,18.12381554011371,5.405030836393874,20.831476260197665,-2.707660720083954,muy bajo,en lo esperado,0.0,0.0,-1.460158,16.920529,0.4331906038657009,2869.0000000000005
19047,19,Nuevo León,Hidalgo,16086,800,30.5,11.196911196911197,24.410639465910116,6.089360534089884,medio,peor de lo esperado,0.0019869236606153,0.0,-1.146255,31.074232,0.1630151278038602,244.0
19048,19,Nuevo León,Santa Catarina,306322,13989,21.731360354564305,5.885806546308528,20.531740635633174,1.1996197189311317,bajo,en lo esperado,0.0312535004383451,0.0231068682080228,-1.347309,22.010909,1.4557500922124438,3040.0000000000005
19049,19,Nuevo León,Santiago,46784,2168,28.459409594095945,7.842182172430589,20.750279658686754,7.709129935409191,medio,peor de lo esperado,0.5873655345717838,1.9180805051319785,-1.160329,18.008363,1.7552916881775942,617.0000000000001
19050,19,Nuevo León,Vallecillo,1552,61,44.26229508196721,12.195121951219512,40.79805646097095,3.4642386209962623,muy alto,en lo esperado,17.018292614110347,85.1101312401622,-0.686661,70.10841,0.8064516129032258,27.0
19051,19,Nuevo León,Villaldama,3573,172,32.55813953488372,7.6923076923076925,16.707992201521996,15.850147333361726,medio,peor de lo esperado,0.5379257135301359,0.0551571980143408,-0.983773,19.821561,0.0582580833090591,56.00000000000001
20001,20,Oaxaca,Abejones,841,57,5.263157894736835,4.411764705882353,28.327692876156572,-23.064534981419737,muy bajo,mejor de lo esperado,0.0,0.0,0.815821,94.777372,94.93201483312733,2.9999999999999964
20002,20,Oaxaca,Acatlán de Pérez Figueroa,45167,2242,28.90276538804639,8.524590163934427,32.79825883003982,-3.8954934419934304,medio,en lo esperado,3.635988475312228,0.0,0.066739,69.333524,11.042830104913897,648.0000000000001
20003,20,Oaxaca,Asunción Cacalotepec,2547,102,37.25490196078432,4.320987654320987,37.20177873064022,0.05312323014410225,alto,en lo esperado,3.157556442577304,0.0,1.873466,93.330176,94.4605208763952,38.000000000000014
20004,20,Oaxaca,Asunción Cuyotepeji,1107,56,19.64285714285714,7.8125,18.934623008194325,0.7082341346628134,muy bajo,en lo esperado,4.051338371365319,0.0,-0.158009,72.120743,0.1895734597156398,10.999999999999998
20005,20,Oaxaca,Asunción Ixtaltepec,15261,783,13.282247765006389,4.422253922967189,26.649200213208044,-13.366952448201655,muy bajo,mejor de lo esperado,1.7611802582238556,5.11935861256358,-0.494904,33.620263,44.24670561065073,104.00000000000003
20006,20,Oaxaca,Asunción Nochixtlán,20464,1093,21.134492223238794,5.374716124148373,25.087831673761993,-3.953339450523199,muy bajo,en lo esperado,1.033526914365033,0.1255674385708908,-0.050485,82.424573,11.55952873088053,231.0
20007,20,Oaxaca,Asunción Ocotlán,2395,96,51.04166666666666,9.803921568627452,29.42383613223758,21.61783053442908,muy alto,peor de lo esperado,1.880818103048233,0.0,2.176115,88.112026,79.93049522154648,48.999999999999986
20008,20,Oaxaca,Asunción Tlacolulita,734,33,39.39393939393939,15.625,16.727761701906886,22.666177692032505,alto,peor de lo esperado,3.108287215056869,0.0,0.324694,81.529412,8.948863636363637,13.0
20009,20,Oaxaca,Ayotzintepec,6857,323,45.20123839009288,8.415841584158416,42.85675502286583,2.344483367227049,muy alto,en lo esperado,3.3366297370937628,0.0,0.449867,95.194096,55.859735466010456,146.00000000000003
20010,20,Oaxaca,El Barrio de la Soledad,13474,665,13.984962406015043,5.2117263843648205,26.674286267048313,-12.68932386103327,muy bajo,mejor de lo esperado,2.826491953546408,1.1485384439093218,-0.856314,29.752096,4.521645355107071,93.00000000000004
20011,20,Oaxaca,Calihualá,1402,69,56.52173913043478,5.555555555555555,44.11979574872654,12.401943381708243,muy alto,peor de lo esperado,5.69500857537247,0.0,0.821549,88.587607,42.93478260869565,39.0
20012,20,Oaxaca,Candelaria Loxicha,11166,692,60.26011560693642,22.89002557544757,42.51579063697206,17.744324969964353,muy alto,peor de lo esperado,2.657738567701408,0.0,1.768702,89.142974,60.70250339607996,417.0
20013,20,Oaxaca,Ciénega de Zimatlán,3043,132,24.24242424242425,6.382978723404255,27.375263458813357,-3.132839216389108,bajo,en lo esperado,0.027071009152775,0.0,-0.583268,75.986699,1.163188504960657,32.00000000000001
20014,20,Oaxaca,Ciudad Ixtepec,28082,1392,12.715517241379317,4.461221688400824,18.573182312444956,-5.8576650710656395,muy bajo,mejor de lo esperado,0.2545068046258713,0.0106674252391281,-0.756319,34.192558,19.03456451672656,177.0000000000001
20015,20,Oaxaca,Coatecas Altas,5356,340,53.23529411764706,17.484662576687118,56.00589610368779,-2.770601986040731,muy alto,en lo esperado,1.7490298507749222,0.0,2.010036,96.879874,56.76959619952494,181.0
20016,20,Oaxaca,Coicoyán de las Flores,9563,738,64.36314363143632,28.870779976717117,60.87154286749929,3.491600763937022,muy alto,en lo esperado,2.274192576552708,0.0,3.30464,99.547709,96.4711171049674,475.0
20017,20,Oaxaca,La Compañía,3607,191,55.49738219895288,12.77777777777778,39.430713699576465,16.066668499376412,muy alto,peor de lo esperado,6.151749081728421,0.0,1.031368,89.946256,0.6120664529291752,106.0
20018,20,Oaxaca,Concepción Buenavista,752,29,58.62068965517241,17.391304347826086,33.515656759265546,25.105032895906866,muy alto,peor de lo esperado,10.552198643187584,65.34345559315832,0.416116,84.739496,1.1157601115760112,17.0
20019,20,Oaxaca,Concepción Pápalo,2754,141,48.226950354609926,6.818181818181818,36.25971761673657,11.967232737873353,muy alto,peor de lo esperado,3.497875050269461,0.0,0.68511,93.914286,39.75858166729536,68.0
20020,20,Oaxaca,Constancia del Rosario,4847,361,38.78116343490305,15.486725663716816,36.56395723379917,2.2172062011038776,alto,en lo esperado,1.6520505863626822,0.0,0.96141,83.431102,60.93921439543559,140.0
20021,20,Oaxaca,Cosolapa,14488,802,25.31172069825436,8.582089552238806,27.55198018837689,-2.240259490122533,bajo,en lo esperado,0.9247216563136056,0.0,-0.29893,64.241841,3.6042609076316943,202.99999999999994
20022,20,Oaxaca,Cosoltepec,803,30,13.333333333333329,5.555555555555555,26.71827333695639,-13.384940003623061,muy bajo,mejor de lo esperado,9.764765142341943,52.80032800328004,0.065971,88.296296,19.404915912031047,3.9999999999999982
20023,20,Oaxaca,Cuilápam de Guerrero,26882,1513,24.65300727032385,7.78236914600551,25.944100559742452,-1.2910932894186011,bajo,en lo esperado,0.9577276653225576,0.0,0.271797,63.432202,8.120505344995141,372.9999999999999
20024,20,Oaxaca,Cuyamecalco Villa de Zaragoza,3644,210,39.04761904761905,17.529880478087648,46.83185793455249,-7.784238886933437,alto,mejor de lo esperado,1.977239542581063,0.0,1.24711,95.85573,20.034443168771528,82.00000000000001
20025,20,Oaxaca,Chahuites,11356,618,41.74757281553398,19.83870967741936,30.202560484686295,11.545012330847683,alto,peor de lo esperado,0.0999154452346834,0.0,-0.070896,72.834876,4.528197055282897,258.0
20026,20,Oaxaca,Chalcatongo de Hidalgo,9035,512,27.5390625,3.92156862745098,31.39756828685902,-3.85850578685902,bajo,en lo esperado,1.6649278702017478,0.0,0.700694,86.031499,38.44447039588929,141.0
20027,20,Oaxaca,Chiquihuitlán de Benito Juárez,2179,127,31.496062992125985,7.758620689655173,27.80710579697938,3.6889571951466067,medio,en lo esperado,0.9025127173824866,0.0,1.483942,90.378626,53.63155363155363,40.0
20028,20,Oaxaca,Heroica Ciudad de Ejutla de Crespo,23148,1215,42.88065843621399,13.348765432098766,40.22318920599264,2.657469230221352,muy alto,en lo esperado,1.7320966245183758,0.0,0.520629,73.638357,2.077422897410085,521.0
20029,20,Oaxaca,Eloxochitlán de Flores Magón,4215,240,42.5,23.170731707317078,37.58979750677857,4.910202493221433,muy alto,en lo esperado,1.5799610261463168,0.0,2.271906,94.021066,86.45418326693228,102.0
20030,20,Oaxaca,El Espinal,8730,356,7.022471910112358,3.25,21.734058718053046,-14.711586807940687,muy bajo,mejor de lo esperado,0.1656739714233783,0.0,-1.015521,29.859354,33.436680181254474,24.999999999999996
20031,20,Oaxaca,Tamazulápam del Espíritu Santo,7185,347,39.481268011527376,17.15867158671587,38.553647449585576,0.9276205619418008,alto,en lo esperado,1.6216874920411166,0.0,1.292013,90.029903,89.60474880555958,137.0
20032,20,Oaxaca,Fresnillo de Trujano,1077,44,56.81818181818182,10.909090909090908,32.302086630248255,24.516095187933566,muy alto,peor de lo esperado,5.9681308031449225,0.0,0.365571,82.307692,0.1976284584980237,25.000000000000004
20033,20,Oaxaca,Guadalupe Etla,2929,154,26.62337662337663,8.333333333333334,24.197167659575243,2.426208963801386,bajo,en lo esperado,1.814246482776548,0.0,-0.890246,70.10841,6.097128677773839,41.00000000000001
20034,20,Oaxaca,Guadalupe de Ramírez,1288,62,40.32258064516129,5.47945205479452,18.179324572899908,22.14325607226138,alto,peor de lo esperado,1.6916710513617088,0.0,-0.221517,74.166253,1.4037985136251032,25.0
20035,20,Oaxaca,Guelatao de Juárez,657,24,12.5,5.882352941176471,22.27544530824647,-9.775445308246471,muy bajo,mejor de lo esperado,0.2510553125585242,0.0,-1.144406,33.551282,25.628930817610065,3.0
20036,20,Oaxaca,Guevea de Humboldt,5256,300,32.66666666666667,10.75268817204301,24.223914953448993,8.442751713217678,medio,peor de lo esperado,1.5911188507822087,0.0,0.799478,84.726519,44.19955920657183,98.00000000000001
20037,20,Oaxaca,Mesones Hidalgo,4424,282,59.219858156028366,17.94871794871795,44.67832233038655,14.541535825641816,muy alto,peor de lo esperado,3.9478114941743168,0.0,1.003708,92.003173,37.36552713363615,167.0
20038,20,Oaxaca,Villa Hidalgo,1885,123,32.52032520325203,16.049382716049383,25.054553799287095,7.465771403964933,medio,peor de lo esperado,0.1226744010156621,0.0,0.526231,83.332696,84.18110676355506,39.99999999999999
20039,20,Oaxaca,Heroica Ciudad de Huajuapan de León,78313,4252,27.28127939793039,6.441860465116279,28.277585699316944,-0.9963063013865536,bajo,en lo esperado,0.8659990865248923,0.0,-0.807282,51.758949,5.968359206554549,1160.0000000000002
20040,20,Oaxaca,Huautepec,6385,420,49.285714285714285,23.236514522821576,54.71043943692739,-5.424725151213103,muy alto,mejor de lo esperado,1.191595632391673,0.0,2.933266,98.636263,94.56631792102598,207.0
20041,20,Oaxaca,Huautla de Jiménez,31710,1690,36.74556213017752,13.181367690782954,32.97833762135963,3.7672245088178897,alto,en lo esperado,1.3762506578156015,0.0,1.853011,85.460009,80.46408179524632,621.0
20042,20,Oaxaca,Ixtlán de Juárez,8385,422,23.459715639810423,6.224899598393574,17.524935056489166,5.934780583321256,bajo,peor de lo esperado,1.7941684916028768,0.0,-0.066751,78.169591,51.07371593620495,98.99999999999999
20043,20,Oaxaca,Juchitán de Zaragoza,113570,6044,22.170747849106547,7.1027419887677565,21.064502888062677,1.1062449610438705,bajo,en lo esperado,0.4372054924641457,0.4628343881519938,-0.59883,58.627515,59.290925142883694,1339.9999999999998
20044,20,Oaxaca,Loma Bonita,40934,2103,34.14170233000476,11.377527033380348,20.557140851143107,13.584561478861655,medio,peor de lo esperado,0.7873792807681195,0.0,-0.242733,74.417536,3.58408215661104,718.0000000000002
20045,20,Oaxaca,Magdalena Apasco,7888,429,14.452214452214449,7.00218818380744,25.18404082691121,-10.731826374696762,muy bajo,mejor de lo esperado,3.6489258840999015,0.0,-0.993843,29.213584,2.7496382054992763,61.999999999999986
20046,20,Oaxaca,Magdalena Jaltepec,2943,162,20.98765432098766,5.797101449275362,32.74345378748293,-11.755799466495269,muy bajo,mejor de lo esperado,4.301654016744018,0.0,0.426558,87.964736,6.996466431095406,34.00000000000001
20047,20,Oaxaca,Santa Magdalena Jicotlán,81,3,33.33333333333333,0.0,34.530442319628875,-1.1971089862955466,medio,en lo esperado,11.375950550815622,100.0,-0.459308,91.0,1.2658227848101269,0.9999999999999998
20048,20,Oaxaca,Magdalena Mixtepec,1433,100,31.0,6.140350877192983,41.98386539577872,-10.983865395778722,medio,mejor de lo esperado,1.6286706928861692,0.0,1.939802,97.369159,4.60377358490566,31.0
20049,20,Oaxaca,Magdalena Ocotlán,1184,60,40.0,1.5625,29.536378906270556,10.463621093729444,alto,peor de lo esperado,3.895653139361821,0.0,0.750093,78.67979,9.634255129348796,24.0
20050,20,Oaxaca,Magdalena Peñasco,3750,280,23.214285714285708,2.9702970297029703,45.11242045032645,-21.89813473604074,bajo,mejor de lo esperado,2.6860404784042484,0.0,1.79183,93.315098,92.75727069351233,64.99999999999999
20051,20,Oaxaca,Magdalena Teitipac,4764,248,71.37096774193549,35.35031847133758,58.352747952963036,13.018219788972452,muy alto,peor de lo esperado,5.737391614757903,0.0,1.985178,96.477362,83.73748609566185,177.0
20052,20,Oaxaca,Magdalena Tequisistlán,5996,301,18.604651162790702,9.144542772861357,21.956557303430518,-3.351906140639816,muy bajo,en lo esperado,1.8355286825628847,4.350115938481441,0.109878,65.548588,3.4831069313827934,56.000000000000014
20053,20,Oaxaca,Magdalena Tlacotepec,1297,64,21.875,6.666666666666667,21.487275718686643,0.387724281313357,bajo,en lo esperado,4.860953104615736,0.0,-0.451465,32.842767,16.136724960254373,14.0
20054,20,Oaxaca,Magdalena Zahuatlán,404,14,21.42857142857143,15.384615384615383,25.371764652505693,-3.943193223934262,muy bajo,en lo esperado,3.582841249451863,0.0,0.350878,90.792453,1.020408163265306,3.0
20055,20,Oaxaca,Mariscala de Juárez,3739,219,46.118721461187214,15.763546798029555,23.807579064372,22.311142396815214,muy alto,peor de lo esperado,1.40954981626949,0.0,-0.216641,73.892744,0.3703703703703703,101.0
20056,20,Oaxaca,Mártires de Tacubaya,1446,96,21.875,3.658536585365854,15.691169213925349,6.183830786074651,bajo,peor de lo esperado,1.5827744847996963,0.0,0.171343,69.518962,1.692420897718911,21.0
20057,20,Oaxaca,Matías Romero Avendaño,38183,1918,24.191866527632957,7.357212003872217,26.81642813196513,-2.624561604332172,bajo,en lo esperado,1.2810466998403442,1.0664554768052334,-0.361162,66.506916,11.86900118938954,464.0000000000001
20058,20,Oaxaca,Mazatlán Villa de Flores,12722,813,45.63345633456335,17.468619246861923,51.573476906184254,-5.940020571620906,muy alto,mejor de lo esperado,2.1453000231882764,0.0,2.268355,96.502228,78.80092745942365,371.00000000000006
20059,20,Oaxaca,Miahuatlán de Porfirio Díaz,50375,2757,34.566557852738484,8.996539792387543,37.840444540644015,-3.273886687905531,alto,en lo esperado,1.69644728381403,0.0,0.236933,72.596657,10.503630238737893,953.0
20060,20,Oaxaca,Mixistlán de la Reforma,2487,128,33.59375,4.216867469879518,38.41288598398077,-4.819135983980772,medio,en lo esperado,1.261271478834385,0.0,1.614996,91.780606,97.91932059447984,43.0
20061,20,Oaxaca,Monjas,2893,149,54.36241610738255,19.883040935672515,40.24500712506134,14.117408982321209,muy alto,peor de lo esperado,2.787326507320268,0.0,1.513554,80.065385,2.871870397643593,81.0
20062,20,Oaxaca,Natividad,498,17,23.529411764705884,0.0,9.841571234436916,13.687840530268968,bajo,peor de lo esperado,0.453522386438876,0.0,-0.650662,49.07438,22.033898305084747,4.0
20063,20,Oaxaca,Nazareno Etla,4293,217,19.354838709677423,4.784688995215311,21.230870282236133,-1.8760315725587091,muy bajo,en lo esperado,0.0434744008113894,0.0,-1.033122,46.432781,1.0142477662400389,42.000000000000014
20064,20,Oaxaca,Nejapa de Madero,8494,391,40.66496163682864,10.070257611241216,33.24026843399691,7.424693202831733,alto,peor de lo esperado,5.946588245861048,9.850886675324237,0.134442,72.145282,19.582052858020894,159.0
20065,20,Oaxaca,Ixpantepec Nieves,1079,34,52.94117647058823,2.272727272727273,35.933353485199234,17.007822985388998,muy alto,peor de lo esperado,7.015540142261996,0.0,0.625647,90.101167,68.38021338506304,18.0
20066,20,Oaxaca,Santiago Niltepec,5342,249,21.686746987951807,9.764309764309765,22.360896899779725,-0.674149911827918,bajo,en lo esperado,1.9566113684378323,0.1112140871177015,-0.125471,71.622415,1.1539213768824566,54.0
20067,20,Oaxaca,Oaxaca de Juárez,270955,12692,18.830759533564446,6.386595434677028,24.161165702598193,-5.330406169033747,muy bajo,mejor de lo esperado,0.1789467901320329,0.0,-0.958452,44.668301,8.33397784927608,2389.9999999999995
20068,20,Oaxaca,Ocotlán de Morelos,23751,1286,30.171073094867808,8.99922420480993,34.777838379806965,-4.606765284939158,medio,en lo esperado,1.2292566909982896,0.0,0.080942,60.240406,3.2125497127706586,388.0
20069,20,Oaxaca,La Pe,3052,190,80.52631578947368,33.0,50.68426520483242,29.842050584641264,muy alto,peor de lo esperado,5.20004868459288,0.0,1.49237,91.949918,0.3859649122807017,153.0
20070,20,Oaxaca,Pinotepa de Don Luis,6416,360,32.22222222222223,6.958762886597938,26.371540408028395,5.850681814193834,medio,peor de lo esperado,0.4974418176189062,0.0,0.894707,87.216298,76.89899489207448,116.00000000000003
20071,20,Oaxaca,Pluma Hidalgo,3255,175,48.0,13.366336633663366,36.73957948220065,11.260420517799353,muy alto,peor de lo esperado,2.017617863096917,0.0,1.487636,82.213473,3.704907377315567,84.0
20072,20,Oaxaca,San José del Progreso,8059,460,54.130434782608695,20.524017467248907,50.759187104887125,3.37124767772157,muy alto,en lo esperado,6.477267619429183,0.0,1.071579,82.778706,5.761641673243883,249.0
20073,20,Oaxaca,Putla Villa de Guerrero,34652,1994,24.824473420260787,5.885214007782102,24.23872368202808,0.5857497382327068,bajo,en lo esperado,1.2995066606915535,0.0501582448331449,0.166411,84.491075,29.290617848970253,495.0000000000001
20074,20,Oaxaca,Santa Catarina Quioquitani,456,35,14.285714285714292,2.631578947368421,31.578154319303234,-17.292440033588942,muy bajo,mejor de lo esperado,4.512343737221929,0.0,0.296867,96.666667,77.90432801822324,5.000000000000002
20075,20,Oaxaca,Reforma de Pineda,2660,106,15.094339622641511,6.349206349206349,18.137880041440553,-3.043540418799042,muy bajo,en lo esperado,0.0,0.0,-0.413756,76.604198,2.4513618677042803,16.000000000000004
20076,20,Oaxaca,La Reforma,3411,182,42.30769230769231,17.326732673267326,27.38354264946421,14.924149658228096,muy alto,peor de lo esperado,2.94043282160888,0.0,0.14552,77.246491,2.023031434796141,77.0
20077,20,Oaxaca,Reyes Etla,4370,210,24.76190476190476,5.9523809523809526,26.91126339427467,-2.1493586323699105,bajo,en lo esperado,1.8028354822298505,0.0,-0.480698,46.634467,3.5518474374255065,51.99999999999999
20078,20,Oaxaca,Rojas de Cuauhtémoc,1301,51,25.490196078431367,0.0,20.186002580702716,5.304193497728651,bajo,peor de lo esperado,4.678642094704759,0.0,-0.722755,28.865815,1.675977653631285,12.999999999999996
20079,20,Oaxaca,Salina Cruz,84438,4164,14.409221902017292,5.657156791026579,21.644187710039024,-7.234965808021732,muy bajo,mejor de lo esperado,0.3103688115035062,0.0,-0.854991,32.958727,4.589348057543269,600.0
20080,20,Oaxaca,San Agustín Amatengo,1593,57,49.12280701754386,12.698412698412698,34.65081502715671,14.471991990387153,muy alto,peor de lo esperado,5.420324627915798,0.0,0.72727,80.498818,0.3952569169960474,28.0
20081,20,Oaxaca,San Agustín Atenango,1871,70,38.57142857142857,7.865168539325842,29.15290354928722,9.418525022141349,alto,peor de lo esperado,8.115572598210653,21.428571428571427,0.470808,78.86,50.02791736460078,26.999999999999996
20082,20,Oaxaca,San Agustín Chayuco,4163,239,39.33054393305439,17.62295081967213,19.216766010781015,20.11377792227338,alto,peor de lo esperado,1.4200038935042951,0.0,0.604934,81.755698,50.98039215686274,94.0
20083,20,Oaxaca,San Agustín de las Juntas,11391,642,20.40498442367601,7.389937106918239,20.439404016916622,-0.03441959324061372,muy bajo,en lo esperado,0.3996278634567999,0.0,-0.714696,46.2074,9.389192696264717,130.99999999999997
20084,20,Oaxaca,San Agustín Etla,4168,199,8.040201005025125,3.571428571428572,18.956895421197327,-10.916694416172202,muy bajo,mejor de lo esperado,0.0011339071563207,0.0,-1.152257,35.929445,2.053947042811185,15.999999999999998
20085,20,Oaxaca,San Agustín Loxicha,26194,1824,57.29166666666666,21.56959526159921,55.68533796995766,1.6063286967089994,muy alto,en lo esperado,2.966540588691558,0.0,2.624402,97.213175,88.60728040750404,1044.9999999999998
20086,20,Oaxaca,San Agustín Tlacotepec,1032,90,6.666666666666671,0.0,12.588495587857027,-5.921828921190356,muy bajo,mejor de lo esperado,0.6262953583628321,0.0,0.992415,85.942857,65.0,6.0000000000000036
20087,20,Oaxaca,San Agustín Yatareni,5521,286,40.90909090909091,13.114754098360656,32.410643708725715,8.498447200365192,alto,peor de lo esperado,1.2769018840687496,0.0,-0.028964,79.554977,11.812977099236642,116.99999999999999
20088,20,Oaxaca,San Andrés Cabecera Nueva,2881,151,31.78807947019868,7.471264367816092,38.89289391029126,-7.104814440092575,medio,mejor de lo esperado,4.273667237388683,0.0,1.088933,90.350701,3.0537159676232526,48.00000000000001
20089,20,Oaxaca,San Andrés Dinicuiti,2308,112,23.214285714285708,7.894736842105263,27.955931945714624,-4.741646231428916,bajo,en lo esperado,1.8952757020564344,0.0,-0.065196,87.161337,1.1241007194244603,25.999999999999993
20090,20,Oaxaca,San Andrés Huaxpaltepec,6234,318,22.64150943396227,5.588235294117647,28.320086404374354,-5.6785769704120845,bajo,mejor de lo esperado,1.2829268534241618,0.0,0.432001,80.263654,25.01266677926026,72.00000000000001
20091,20,Oaxaca,San Andrés Huayápam,6279,279,18.63799283154121,5.483870967741935,24.17990447334954,-5.54191164180833,muy bajo,mejor de lo esperado,3.5032634714730397,0.0,-1.143017,34.174603,8.833804691399102,51.99999999999998
20092,20,Oaxaca,San Andrés Ixtlahuaca,1776,53,20.75471698113208,9.195402298850574,31.689937774253885,-10.935220793121804,muy bajo,mejor de lo esperado,2.2136842058399866,0.0,0.135865,60.951515,17.319098457888494,11.000000000000004
20093,20,Oaxaca,San Andrés Lagunas,518,23,82.6086956521739,28.125,31.15374220228655,51.454953449887356,muy alto,peor de lo esperado,8.30382745507171,0.0,0.915384,93.554054,1.0309278350515465,18.999999999999996
20094,20,Oaxaca,San Andrés Nuxiño,1850,92,32.60869565217391,2.5641025641025643,37.59558477044562,-4.986889118271712,medio,en lo esperado,3.636554991303387,0.0,1.075046,97.067227,27.891156462585037,29.999999999999996
20095,20,Oaxaca,San Andrés Paxtlán,4562,348,48.27586206896552,15.037593984962406,51.88324517381303,-3.607383104847507,muy alto,en lo esperado,2.3583703533901663,0.0,2.281001,95.284672,62.27293898462972,168.00000000000003
20096,20,Oaxaca,San Andrés Sinaxtla,756,38,15.78947368421052,5.172413793103448,25.394586808880653,-9.605113124670133,muy bajo,mejor de lo esperado,5.811152688986016,0.0,-0.598065,56.478261,3.0726256983240225,5.999999999999997
20097,20,Oaxaca,San Andrés Solaga,1771,123,31.707317073170728,13.043478260869565,19.912445971576165,11.794871101594563,medio,peor de lo esperado,0.4907321957847362,0.0,0.655867,82.259023,89.79472140762464,38.99999999999999
20098,20,Oaxaca,San Andrés Teotilálpam,4233,253,33.99209486166008,5.167173252279635,30.0910481822796,3.901046679380478,medio,en lo esperado,1.200361721952121,0.0,1.449082,92.455224,43.67816091954023,86.0
20099,20,Oaxaca,San Andrés Tepetlapa,381,23,65.21739130434783,15.384615384615383,48.25428822951831,16.96310307482952,muy alto,peor de lo esperado,6.979055348020055,0.0,1.382834,97.485075,0.2777777777777778,15.0
20100,20,Oaxaca,San Andrés Yaá,393,6,66.66666666666666,25.0,30.521865052185234,36.14480161448142,muy alto,peor de lo esperado,4.7887274201951815,0.0,1.291092,76.77027,91.73333333333332,3.999999999999999
20101,20,Oaxaca,San Andrés Zabache,748,25,36.0,11.11111111111111,25.85174600180377,10.148253998196228,alto,peor de lo esperado,1.4879796332849464,0.0,1.279723,89.190476,13.098591549295774,9.0
20102,20,Oaxaca,San Andrés Zautla,5326,285,30.175438596491237,7.220216606498194,28.030251684393814,2.1451869120974223,medio,en lo esperado,3.2831172613286714,0.0,-0.050008,50.96883,5.732733320289571,86.00000000000003
20103,20,Oaxaca,San Antonino Castillo Velasco,6064,283,45.22968197879859,17.23076923076923,38.762513108006154,6.467168870792435,muy alto,peor de lo esperado,0.1356029864653699,0.0,0.793025,78.736343,12.543192812715963,128.0
20104,20,Oaxaca,San Antonino el Alto,2705,188,26.06382978723404,8.64864864864865,38.26777059731886,-12.203940810084816,bajo,mejor de lo esperado,2.301232721872925,0.0,1.203692,90.794578,37.9525107045543,49.0
20105,20,Oaxaca,San Antonino Monte Verde,7678,428,46.495327102803735,3.00187617260788,44.886845607559714,1.6084814952440212,muy alto,en lo esperado,1.5705523475906735,0.0,0.475729,94.641616,93.78453038674031,199.0
20106,20,Oaxaca,San Antonio Acutla,249,18,5.555555555555557,0.0,26.485817774580067,-20.93026221902451,muy bajo,mejor de lo esperado,4.618974928076617,0.0,0.467169,60.521739,11.475409836065571,1.0000000000000002
20107,20,Oaxaca,San Antonio de la Cal,26282,1362,24.008810572687224,7.639939485627837,23.291829815147057,0.716980757540167,bajo,en lo esperado,0.0837916002592563,0.0,-0.618298,58.472006,8.702837794259915,327.0
20108,20,Oaxaca,San Antonio Huitepec,2936,170,21.764705882352946,5.9171597633136095,25.706114110209587,-3.941408227856641,bajo,en lo esperado,1.1907837965522834,0.0,0.841811,89.862851,39.53488372093023,37.00000000000001
20109,20,Oaxaca,San Antonio Nanahuatípam,1232,61,26.229508196721312,1.6666666666666667,24.01001893804642,2.2194892586748907,bajo,en lo esperado,4.1150605698244505,0.0,-0.303757,64.02965,7.445887445887446,16.0
20110,20,Oaxaca,San Antonio Sinicahua,1668,112,25.0,9.316770186335404,42.56646405695761,-17.566464056957606,bajo,mejor de lo esperado,1.7473950413566717,0.0,2.420981,97.314623,94.3456162642948,28.0
20111,20,Oaxaca,San Antonio Tepetlapa,4873,299,50.16722408026756,11.475409836065571,40.79927949369635,9.367944586571205,muy alto,peor de lo esperado,1.1500213921523614,0.0,1.325247,95.062706,78.67630944554021,150.0
20112,20,Oaxaca,San Baltazar Chichicápam,2576,96,13.541666666666671,4.705882352941177,23.682208285946373,-10.140541619279702,muy bajo,mejor de lo esperado,0.0013425882010121,0.0,0.41701,83.959335,84.2,13.000000000000004
20113,20,Oaxaca,San Baltazar Loxicha,3169,178,42.13483146067416,11.44578313253012,34.41976530489306,7.715066155781095,alto,peor de lo esperado,1.0931794811963316,0.0,0.637454,89.397676,16.06425702811245,75.0
20114,20,Oaxaca,San Baltazar Yatzachi el Bajo,674,21,42.85714285714285,8.0,12.60085571108722,30.256287146055627,muy alto,peor de lo esperado,3.249744910971807,0.0,0.238781,76.025974,78.13953488372093,8.999999999999998
20115,20,Oaxaca,San Bartolo Coyotepec,10391,577,13.344887348353552,3.389830508474576,24.50936100160688,-11.164473653253328,muy bajo,mejor de lo esperado,2.3361213935647998,0.0,-0.808538,43.736243,5.349959774738536,76.99999999999999
20116,20,Oaxaca,San Bartolomé Ayautla,4131,241,35.26970954356847,7.6923076923076925,48.596844781124474,-13.327135237556007,alto,mejor de lo esperado,0.9341857948045308,0.0,2.023575,98.835651,94.69638739431208,85.0
20117,20,Oaxaca,San Bartolomé Loxicha,2213,149,30.872483221476514,16.03053435114504,30.60586998229965,0.26661323917686275,medio,en lo esperado,0.3358082890655569,0.0,1.398284,82.708798,62.27944682880305,46.00000000000001
20118,20,Oaxaca,San Bartolomé Quialana,2389,119,47.05882352941177,8.870967741935484,44.10795726633996,2.950866263071809,muy alto,en lo esperado,6.399083575070577,0.0,0.442045,76.410219,93.65010799136068,56.00000000000001
20119,20,Oaxaca,San Bartolomé Yucuañe,735,19,21.05263157894737,11.538461538461538,29.627952580305497,-8.575321001358127,muy bajo,mejor de lo esperado,8.59200060861339,0.0,0.828961,91.25,63.07692307692308,4.0
20120,20,Oaxaca,San Bartolomé Zoogocho,449,36,11.111111111111114,3.508771929824561,19.801998892174048,-8.690887781062933,muy bajo,mejor de lo esperado,0.0,0.0,0.161434,88.661765,78.4090909090909,4.000000000000001
20121,20,Oaxaca,San Bartolo Soyaltepec,596,24,20.83333333333333,3.571428571428572,18.627239631066185,2.206093702267143,muy bajo,en lo esperado,6.319789641205545,0.0,0.084991,64.065217,38.54166666666666,4.999999999999999
20122,20,Oaxaca,San Bartolo Yautepec,653,28,10.714285714285708,0.0,22.19991186735955,-11.485626153073841,muy bajo,mejor de lo esperado,0.2478289114847747,1.3595166163141994,0.005626,90.29703,25.723472668810288,2.9999999999999982
20123,20,Oaxaca,San Bernardo Mixtepec,2829,128,31.25,7.006369426751593,34.46167871136686,-3.211678711366858,medio,en lo esperado,1.9479270458147624,0.0,0.506236,85.294294,2.5998492840994727,40.0
20124,20,Oaxaca,San Blas Atempa,19696,1111,48.33483348334833,18.97302001740644,24.803716981396086,23.531116501952248,muy alto,peor de lo esperado,1.2707383571808848,0.0,1.395739,74.515349,83.00272683526707,537.0
20125,20,Oaxaca,San Carlos Yautepec,11662,674,41.09792284866469,9.547738693467336,43.75539526367968,-2.6574724150149933,alto,en lo esperado,3.6055160059312463,11.825905448561162,1.406811,95.155278,46.399204843227615,277.0
20126,20,Oaxaca,San Cristóbal Amatlán,5396,368,48.09782608695652,6.052631578947368,41.126330694523254,6.971495392433269,muy alto,peor de lo esperado,0.6422823804059113,0.0,2.167247,95.745005,88.3643486777669,177.0
20127,20,Oaxaca,San Cristóbal Amoltepec,1252,64,21.875,4.761904761904762,43.46091222509853,-21.585912225098532,bajo,mejor de lo esperado,5.891496054811903,0.0,1.964594,97.5,77.16204869857263,14.0
20128,20,Oaxaca,San Cristóbal Lachirioag,1342,48,14.583333333333329,2.247191011235955,11.288550534003843,3.294782799329486,muy bajo,en lo esperado,0.0,0.0,-0.161677,68.129747,82.93436293436294,6.999999999999998
20129,20,Oaxaca,San Cristóbal Suchixtlahuaca,356,17,29.411764705882348,9.090909090909092,17.574441232146974,11.837323473735374,medio,peor de lo esperado,4.512709779737719,0.0,-0.72215,72.666667,6.1946902654867255,4.999999999999999
20130,20,Oaxaca,San Dionisio del Mar,5180,282,32.62411347517731,2.9220779220779223,43.59599401562065,-10.971880540443337,medio,mejor de lo esperado,3.891323551287441,33.99005889204219,0.870932,87.281232,43.29728626810855,92.00000000000001
20131,20,Oaxaca,San Dionisio Ocotepec,11411,547,55.75868372943327,14.788732394366198,46.03431246547497,9.724371263958304,muy alto,peor de lo esperado,3.2912434267126445,0.0,1.00164,95.847565,87.92008102384679,304.99999999999994
20132,20,Oaxaca,San Dionisio Ocotlán,1380,46,45.65217391304348,15.584415584415584,24.806192643751338,20.84598126929214,muy alto,peor de lo esperado,3.661626794216819,0.0,0.096859,56.485014,4.545454545454546,21.0
20133,20,Oaxaca,San Esteban Atatlahuca,3934,252,20.23809523809524,2.8688524590163933,36.919838681579726,-16.681743443484486,muy bajo,mejor de lo esperado,3.30132402581834,0.0,2.085693,94.230825,77.67016411084208,51.00000000000001
20134,20,Oaxaca,San Felipe Jalapa de Díaz,28500,1819,63.60637713029137,28.334124347413383,49.42985821590074,14.176518914390634,muy alto,peor de lo esperado,2.18690784861362,0.0,1.846356,97.726378,84.43845058814715,1157.0
20135,20,Oaxaca,San Felipe Tejalápam,8231,431,45.93967517401392,8.986175115207374,36.847459925865294,9.092215248148626,muy alto,peor de lo esperado,1.8028210302094283,0.0,0.324611,79.937055,1.4846372321198038,198.0
20136,20,Oaxaca,San Felipe Usila,12191,698,35.53008595988538,5.2631578947368425,38.499887100000784,-2.9698011401154005,alto,en lo esperado,3.804591334673999,9.166798646335062,1.160984,94.945669,93.1725514010584,247.99999999999997
20137,20,Oaxaca,San Francisco Cahuacuá,3450,255,26.66666666666667,9.170305676855897,39.45421620174462,-12.78754953507795,bajo,mejor de lo esperado,2.205085735794936,0.0,1.507073,95.46202,0.9541397353031702,68.00000000000001
20138,20,Oaxaca,San Francisco Cajonos,451,22,36.36363636363637,8.695652173913043,10.706479912057775,25.657156451578594,alto,peor de lo esperado,1.0737790691081792,0.0,0.137794,83.196078,70.30162412993039,8.0
20139,20,Oaxaca,San Francisco Chapulapa,2195,163,39.2638036809816,6.111111111111111,49.78579838223407,-10.521994701252467,alto,mejor de lo esperado,3.591857211438084,0.0,1.324372,97.705418,8.37746750120366,64.00000000000001
20140,20,Oaxaca,San Francisco Chindúa,812,54,29.629629629629637,6.25,32.69457447608906,-3.0649448464594222,medio,en lo esperado,6.515931360649705,0.0,0.543,88.359073,0.517464424320828,16.000000000000004
20141,20,Oaxaca,San Francisco del Mar,8710,510,29.411764705882348,10.018552875695732,31.99687191412665,-2.5851072082443025,medio,en lo esperado,3.063463708840405,3.2717099644247774,0.795411,76.724234,15.172667156502571,149.99999999999997
20142,20,Oaxaca,San Francisco Huehuetlán,842,46,28.26086956521739,10.0,42.89622475136434,-14.635355186146953,medio,mejor de lo esperado,2.4786497230937297,0.0,1.555941,98.177778,86.18581907090464,12.999999999999998
20143,20,Oaxaca,San Francisco Ixhuatán,9461,469,21.53518123667378,7.028112449799197,19.544320497629613,1.990860739044166,muy bajo,en lo esperado,1.6560000313359895,5.96825677193071,-0.169832,69.880969,7.960862797420503,101.00000000000001
20144,20,Oaxaca,San Francisco Jaltepetongo,1075,53,16.98113207547169,0.0,20.849756630942405,-3.8686245554707135,muy bajo,en lo esperado,3.452458681414984,0.0,0.672449,91.697509,10.58252427184466,8.999999999999996
20145,20,Oaxaca,San Francisco Lachigoló,5215,257,21.789883268482484,6.382978723404255,32.993471845241714,-11.20358857675923,bajo,mejor de lo esperado,5.631071747769024,0.0,-0.598636,52.238217,15.503100620124023,55.999999999999986
20146,20,Oaxaca,San Francisco Logueche,2803,236,57.20338983050848,4.291845493562231,54.54154804372669,2.6618417867817854,muy alto,en lo esperado,4.849194179388943,0.0,1.865805,95.095281,96.50057055914796,135.0
20147,20,Oaxaca,San Francisco Nuxaño,376,24,37.5,14.285714285714286,19.478796081665504,18.021203918334496,alto,peor de lo esperado,1.4185023639525212,0.0,0.409836,87.264957,0.0,9.0
20148,20,Oaxaca,San Francisco Ozolotepec,2182,146,43.15068493150685,4.545454545454546,39.0799535334303,4.070731398076553,muy alto,en lo esperado,2.004417784914938,0.0,1.362837,90.88651,83.2437713727406,63.0
20149,20,Oaxaca,San Francisco Sola,2019,131,48.85496183206107,39.09090909090909,30.15318122159207,18.701780610469,muy alto,peor de lo esperado,1.3049301758076668,0.0,0.9713,79.971317,1.2552301255230125,64.0
20150,20,Oaxaca,San Francisco Telixtlahuaca,13856,756,26.71957671957672,7.435897435897436,25.595128511272904,1.1244482083038179,bajo,en lo esperado,0.561926155855515,0.6680623901363787,-0.432505,71.592997,1.5654830087819778,202.0
20151,20,Oaxaca,San Francisco Teopan,312,19,73.6842105263158,23.80952380952381,36.17192226165332,37.51228826466247,muy alto,peor de lo esperado,14.698177252235842,100.0,0.565189,99.976471,0.0,14.000000000000002
20152,20,Oaxaca,San Francisco Tlapancingo,2472,195,47.17948717948718,20.245398773006134,54.12520557503809,-6.945718395550905,muy alto,mejor de lo esperado,2.019429803549793,0.0,1.671739,96.377416,69.58041958041959,92.00000000000001
20153,20,Oaxaca,San Gabriel Mixtepec,4910,289,31.83391003460207,18.0327868852459,26.92002590174495,4.91388413285712,medio,en lo esperado,0.9999275526478684,0.0,0.191546,80.117488,2.016734606307659,91.99999999999999
20154,20,Oaxaca,San Ildefonso Amatlán,2329,168,63.095238095238095,12.5,42.956380337387714,20.13885775785038,muy alto,peor de lo esperado,4.563768509037876,0.0,1.067736,91.480702,33.151927437641724,106.0
20155,20,Oaxaca,San Ildefonso Sola,1060,89,55.056179775280896,13.333333333333334,42.95363672448987,12.102543050791027,muy alto,peor de lo esperado,4.750132870661031,0.0,1.368255,90.503614,1.2909632571996028,49.0
20156,20,Oaxaca,San Ildefonso Villa Alta,3677,166,35.5421686746988,11.11111111111111,18.24120659611619,17.30096207858261,alto,peor de lo esperado,1.3020101921698075,0.0,-0.037188,56.580933,64.09817351598174,59.00000000000001
20157,20,Oaxaca,San Jacinto Amilpas,16827,841,13.07966706302021,3.558282208588957,20.965409775731597,-7.885742712711387,muy bajo,mejor de lo esperado,0.0,0.0,-1.153787,27.918489,7.023972177369271,109.99999999999996
20158,20,Oaxaca,San Jacinto Tlacotepec,2233,148,41.21621621621622,7.575757575757576,32.182542136235085,9.033674079981132,alto,peor de lo esperado,1.847060866937975,0.0,0.669761,82.498137,2.8598665395614877,61.0
20159,20,Oaxaca,San Jerónimo Coatlán,5537,341,55.131964809384165,11.83574879227053,44.43148563633552,10.700479173048642,muy alto,peor de lo esperado,5.490514894696792,13.259720548854991,1.250779,94.240715,2.3412013049318747,187.99999999999997
20160,20,Oaxaca,San Jerónimo Silacayoapilla,1429,75,58.66666666666666,18.823529411764707,22.642621132218633,36.02404553444802,muy alto,peor de lo esperado,4.507115722944053,0.0,-0.059983,71.769575,0.2215657311669128,43.99999999999999
20161,20,Oaxaca,San Jerónimo Sosola,2730,145,37.93103448275862,2.8368794326241136,31.447613350017864,6.483421132740755,alto,peor de lo esperado,3.700942494745677,0.6811717151554468,0.461099,86.636591,0.9582215408202376,55.0
20162,20,Oaxaca,San Jerónimo Taviche,2046,158,62.65822784810127,15.328467153284672,40.463269628766426,22.194958219334843,muy alto,peor de lo esperado,0.2510052051645617,0.0,1.31827,94.508259,13.223140495867767,99.0
20163,20,Oaxaca,San Jerónimo Tecóatl,1577,86,31.395348837209298,11.811023622047244,35.815369559362495,-4.420020722153197,medio,en lo esperado,2.911895495733636,0.0,1.40154,91.082721,70.88859416445624,26.999999999999996
20164,20,Oaxaca,San Jorge Nuchita,2881,164,58.53658536585366,10.81081081081081,31.746360176192486,26.790225189661175,muy alto,peor de lo esperado,2.153911407115212,0.0,0.460658,91.651068,63.06839186691312,96.00000000000001
20165,20,Oaxaca,San José Ayuquila,1629,93,27.956989247311824,9.90990990990991,24.31273354420533,3.644255703106495,medio,en lo esperado,0.6404687636432772,0.0,0.365803,84.087986,0.4560260586319218,25.999999999999996
20166,20,Oaxaca,San José Chiltepec,11310,610,28.19672131147541,5.5643879173290935,16.253516656404443,11.943204655070968,medio,peor de lo esperado,2.076720286654605,0.0,-0.065078,64.901269,32.563723679349835,172.0
20167,20,Oaxaca,San José del Peñasco,2149,125,56.8,12.5,36.78944399700896,20.010556002991038,muy alto,peor de lo esperado,2.314078684601059,0.0,1.666955,80.36962,1.936444885799404,71.0
20168,20,Oaxaca,San José Estancia Grande,938,51,25.490196078431367,14.754098360655735,17.623912091211142,7.866283987220225,bajo,peor de lo esperado,0.0337309327971054,0.0,0.803627,66.790087,3.506787330316742,12.999999999999996
20169,20,Oaxaca,San José Independencia,4251,233,35.62231759656652,12.398921832884096,30.006514849004102,5.615802747562416,alto,peor de lo esperado,1.438378582445773,0.0,3.190244,94.319189,90.4585798816568,82.99999999999999
20170,20,Oaxaca,San José Lachiguiri,3700,263,49.42965779467681,5.0,56.25440334475498,-6.82474555007817,muy alto,mejor de lo esperado,3.2917748869973917,0.0,2.787838,97.617814,95.95732734418866,130.0
20171,20,Oaxaca,San José Tenango,18102,1095,44.84018264840183,15.709342560553631,59.04163381322416,-14.20145116482233,muy alto,mejor de lo esperado,2.854457917672633,0.0,3.990902,97.679355,94.20603367633302,491.0
20172,20,Oaxaca,San Juan Achiutla,408,17,17.647058823529406,7.6923076923076925,16.957464261351497,0.6895945621779092,muy bajo,en lo esperado,0.7067889956448974,0.0,-0.200634,82.105263,6.78391959798995,2.9999999999999987
20173,20,Oaxaca,San Juan Atepec,1457,75,12.0,6.944444444444445,18.25263996709447,-6.252639967094471,muy bajo,mejor de lo esperado,0.0743838274238926,0.0,0.230421,88.174877,67.45182012847965,9.0
20174,20,Oaxaca,Ánimas Trujano,4564,234,14.529914529914535,3.7383177570093458,22.02460846825613,-7.4946939383415945,muy bajo,mejor de lo esperado,2.539246589312548,0.0,-0.957886,45.37392,4.786990380210719,34.00000000000001
20175,20,Oaxaca,San Juan Bautista Atatlahuca,1424,88,54.54545454545455,5.555555555555555,25.689817860125697,28.85563668532885,muy alto,peor de lo esperado,1.4924722141002191,0.0,0.301921,92.523041,32.47422680412371,48.0
20176,20,Oaxaca,San Juan Bautista Coixtlahuaca,2725,147,38.775510204081634,5.913978494623656,30.158478249241693,8.617031954839941,alto,peor de lo esperado,3.3609648890807677,2.02726830865067,0.828915,82.562743,6.180847004959939,57.0
20177,20,Oaxaca,San Juan Bautista Cuicatlán,10365,516,33.33333333333333,9.612141652613827,23.377113401603975,9.956219931729354,medio,peor de lo esperado,1.9601289229739003,0.0,0.091918,74.751958,15.02375897280356,171.99999999999997
20178,20,Oaxaca,San Juan Bautista Guelache,6692,382,20.418848167539267,3.055555555555556,23.86220292482553,-3.443354757286265,muy bajo,en lo esperado,1.8449469987199143,0.0,-0.822315,45.323645,6.302652106084244,78.0
20179,20,Oaxaca,San Juan Bautista Jayacatlán,1447,89,33.70786516853933,9.30232558139535,27.94651764057928,5.761347527960048,medio,peor de lo esperado,0.0,0.0,0.006318,90.614108,1.1510791366906474,30.000000000000004
20180,20,Oaxaca,San Juan Bautista Lo de Soto,2344,109,8.256880733944953,4.310344827586207,18.2688083028359,-10.011927568890947,muy bajo,mejor de lo esperado,1.0212984149249242,0.0,-0.164112,60.842035,2.047174009790832,8.999999999999998
20181,20,Oaxaca,San Juan Bautista Suchitepec,453,10,20.0,0.0,26.366824751051382,-6.366824751051382,muy bajo,mejor de lo esperado,9.779216475948502,21.742260619150464,0.456436,80.873786,0.9195402298850576,2.0
20182,20,Oaxaca,San Juan Bautista Tlacoatzintepec,2181,177,22.598870056497177,9.18918918918919,30.73628326392559,-8.137413207428413,bajo,mejor de lo esperado,1.8211210076632047,0.0,1.850077,94.631818,86.59244917715392,40.00000000000001
20183,20,Oaxaca,San Juan Bautista Tlachichilco,1475,90,34.44444444444444,9.9009900990099,35.506180518883546,-1.0617360744391036,alto,en lo esperado,2.3783005702728945,0.0,0.238594,87.191529,8.832116788321168,31.0
20184,20,Oaxaca,San Juan Bautista Tuxtepec,159452,8692,25.218591808559594,7.4428371441903876,17.08328705428579,8.135304754273804,bajo,peor de lo esperado,0.972152804468158,0.0,-0.626439,60.113912,14.36443718768311,2192.0
20185,20,Oaxaca,San Juan Cacahuatepec,8939,520,19.038461538461533,5.432595573440644,19.775347087517986,-0.7368855490564528,muy bajo,en lo esperado,1.1511628232245812,0.0,0.044453,75.581656,3.2682060390763765,98.99999999999997
20186,20,Oaxaca,San Juan Cieneguilla,524,13,46.15384615384615,7.142857142857143,15.837769076822221,30.316077077023934,muy alto,peor de lo esperado,1.4407258709073294,0.0,-0.011209,84.863636,0.0,6.0
20187,20,Oaxaca,San Juan Coatzóspam,1808,116,41.37931034482759,13.675213675213676,40.92960790344893,0.4497024413786548,alto,en lo esperado,0.9693648093322876,0.0,1.727986,96.030829,87.8682842287695,48.0
20188,20,Oaxaca,San Juan Colorado,9609,573,43.45549738219896,15.820029027576195,24.498976078622036,18.956521303576928,muy alto,peor de lo esperado,0.9430194709075588,0.0,1.414126,90.301273,68.84305724054262,249.00000000000009
20189,20,Oaxaca,San Juan Comaltepec,3116,207,64.2512077294686,30.737704918032787,51.26526899747838,12.985938731990224,muy alto,peor de lo esperado,6.327528842135524,0.0,2.160284,97.115544,87.73006134969326,133.00000000000003
20190,20,Oaxaca,San Juan Cotzocón,22444,1223,36.79476696647588,10.659509202453988,32.23423172167163,4.560535244804257,alto,en lo esperado,2.7979932377455192,1.2332149421384493,0.608138,80.623824,47.34618306114698,450.00000000000006
20191,20,Oaxaca,San Juan Chicomezúchil,296,8,50.0,0.0,21.180244475951866,28.819755524048134,muy alto,peor de lo esperado,3.249262962693595,0.0,-0.110566,80.944444,9.44055944055944,4.0
20192,20,Oaxaca,San Juan Chilateca,1522,71,11.267605633802816,0.0,23.636845258863364,-12.369239625060548,muy bajo,mejor de lo esperado,0.0,0.0,-0.929777,40.477143,0.9465855307640296,7.999999999999999
20193,20,Oaxaca,San Juan del Estado,2807,129,34.10852713178295,5.882352941176471,41.11312212084846,-7.0045949890655095,medio,mejor de lo esperado,7.353510201148129,0.0,-0.501715,72.453883,0.7142857142857143,44.00000000000001
20194,20,Oaxaca,San Juan del Río,1372,62,37.096774193548384,4.081632653061225,17.203556048420122,19.893218145128262,alto,peor de lo esperado,0.0016263467714915,0.0,-0.36497,81.441358,86.17021276595744,22.999999999999996
20195,20,Oaxaca,San Juan Diuxi,1056,53,32.075471698113205,5.405405405405405,45.83368803440091,-13.758216336287703,medio,mejor de lo esperado,3.738330729885866,0.0,1.935016,97.010676,74.85322896281801,17.0
20196,20,Oaxaca,San Juan Evangelista Analco,407,13,0.0,6.25,22.620845277425076,-22.620845277425076,muy bajo,mejor de lo esperado,2.284826589528582,0.0,-0.361858,85.010204,42.78481012658228,0.0
20197,20,Oaxaca,San Juan Guelavía,3288,134,26.11940298507463,3.79746835443038,17.890372914706557,8.229030070368072,bajo,peor de lo esperado,0.0480675551519987,0.0,0.121246,83.372657,58.05634694523584,35.00000000000001
20198,20,Oaxaca,San Juan Guichicovi,29802,1643,30.371272063298846,9.523809523809524,34.642650016519354,-4.271377953220508,medio,en lo esperado,4.305872549155351,2.1896848436954044,0.952802,74.743074,67.08601314580535,499.00000000000006
20199,20,Oaxaca,San Juan Ihualtepec,494,22,45.45454545454545,10.0,38.200664856331734,7.253880598213719,muy alto,peor de lo esperado,6.156305750815203,0.0,0.94926,96.284553,5.894736842105263,10.0
20200,20,Oaxaca,San Juan Juquila Mixes,3703,238,41.596638655462186,23.65145228215768,39.32682090802414,2.269817747438047,alto,en lo esperado,3.6802549545926473,11.77852501476803,1.884235,87.349033,87.98198705319449,99.0
20201,20,Oaxaca,San Juan Juquila Vijanos,1880,112,37.5,9.322033898305085,32.314627960458225,5.185372039541775,alto,peor de lo esperado,3.108449346396333,0.0,1.023287,92.622255,88.14229249011858,42.0
20202,20,Oaxaca,San Juan Lachao,4577,262,40.0763358778626,11.88118811881188,35.439209387580064,4.637126490282533,alto,en lo esperado,1.4960501965027193,0.0,0.65109,78.455407,43.53106025221859,105.0
20203,20,Oaxaca,San Juan Lachigalla,3538,244,59.01639344262295,14.46808510638298,53.16627692616347,5.8501165164594795,muy alto,peor de lo esperado,2.7936087565089998,0.0,1.580936,93.413517,0.6027727546714888,144.0
20204,20,Oaxaca,San Juan Lajarcia,634,23,13.043478260869565,0.0,34.82869120532536,-21.7852129444558,muy bajo,mejor de lo esperado,10.235992543500862,100.0,-0.036868,88.187879,1.1419249592169658,3.0
20205,20,Oaxaca,San Juan Lalana,16989,989,53.58948432760364,20.04889975550122,47.26585567488485,6.323628652718796,muy alto,peor de lo esperado,3.5512760839444515,1.919099154021097,1.547567,94.6462,75.50982109345678,530.0
20206,20,Oaxaca,San Juan de los Cués,2421,113,30.973451327433622,7.317073170731708,29.014577231852602,1.9588740955810202,medio,en lo esperado,7.754220695388469,0.880229201358338,0.393553,79.877922,28.633217993079583,34.99999999999999
20207,20,Oaxaca,San Juan Mazatlán,19032,1075,43.34883720930232,13.570887035633056,37.42441726017231,5.924419949130005,muy alto,peor de lo esperado,4.572902659246987,3.743375752638697,1.117255,87.179196,55.37604456824513,465.9999999999999
20208,20,Oaxaca,San Juan Mixtepec,6941,215,24.186046511627907,8.391608391608392,51.05100441526323,-26.86495790363532,bajo,mejor de lo esperado,4.993211154950288,2.788688822075948,1.561788,89.399272,87.69161406672679,52.0
20209,20,Oaxaca,San Juan Mixtepec,607,34,5.882352941176464,0.0,32.583073350404526,-26.70072040922806,muy bajo,mejor de lo esperado,0.0,0.0,1.762495,93.577922,94.86301369863014,1.9999999999999976
20210,20,Oaxaca,San Juan Ñumí,5773,254,26.37795275590551,1.8987341772151896,41.827747286543506,-15.449794530637995,bajo,mejor de lo esperado,2.0690441308971703,0.0,1.583434,96.147841,94.53110662506882,67.0
20211,20,Oaxaca,San Juan Ozolotepec,3411,229,69.86899563318778,19.67871485943775,52.15330430227971,17.715691330908072,muy alto,peor de lo esperado,4.173970423770156,0.0,1.687406,95.035256,71.23331214240305,160.00000000000003
20212,20,Oaxaca,San Juan Petlapa,3117,168,61.30952380952381,16.10169491525424,47.68822643154524,13.621297377978571,muy alto,peor de lo esperado,4.4502529101066335,0.0,2.595194,96.026926,98.4525447042641,103.0
20213,20,Oaxaca,San Juan Quiahije,4203,252,63.49206349206349,25.0,36.6286766914732,26.863386800590284,muy alto,peor de lo esperado,0.613913093740106,0.0,1.099723,84.710245,95.53663570691434,160.0
20214,20,Oaxaca,San Juan Quiotepec,2033,100,37.0,16.666666666666668,36.72272052679841,0.2772794732015882,alto,en lo esperado,3.121743872279461,8.991154791154791,0.252559,90.08046,87.91322314049587,37.0
20215,20,Oaxaca,San Juan Sayultepec,879,44,11.36363636363636,1.639344262295082,27.11975461494401,-15.756118251307651,muy bajo,mejor de lo esperado,6.457549982286514,0.0,-0.226783,62.703846,1.7793594306049825,4.999999999999998
20216,20,Oaxaca,San Juan Tabaá,1241,64,23.4375,1.6129032258064515,24.748178595024594,-1.3106785950245943,bajo,en lo esperado,0.0,0.0,0.459934,93.332487,89.49615713065755,15.0
20217,20,Oaxaca,San Juan Tamazola,3325,186,29.569892473118276,3.2142857142857144,47.976661012488606,-18.40676853937033,medio,mejor de lo esperado,5.077188246594348,4.053318647514273,2.756391,96.756852,44.73601011697755,54.99999999999999
20218,20,Oaxaca,San Juan Teita,544,25,48.0,6.0606060606060606,36.37079315184646,11.629206848153537,muy alto,peor de lo esperado,7.784337306892532,0.0,1.33705,98.0,56.54648956356736,12.0
20219,20,Oaxaca,San Juan Teitipac,2668,99,46.464646464646464,12.037037037037036,33.65949653541923,12.805149929227234,muy alto,peor de lo esperado,0.006201282111906,0.0,0.65618,91.752988,10.777733912356888,46.0
20220,20,Oaxaca,San Juan Tepeuxila,2692,120,50.0,5.2631578947368425,35.86086398320337,14.139136016796627,muy alto,peor de lo esperado,4.817875054177423,26.683868193302157,0.764107,95.350289,66.90251572327044,60.0
20221,20,Oaxaca,San Juan Teposcolula,1494,87,34.48275862068965,4.705882352941177,37.95203935557513,-3.46928073488548,alto,en lo esperado,8.887242586159656,4.570170004817951,0.356883,78.949227,1.5235457063711912,29.999999999999996
20222,20,Oaxaca,San Juan Yaeé,1426,73,20.54794520547945,9.523809523809524,24.61958647633543,-4.071641270855981,muy bajo,en lo esperado,0.589750177855666,0.0,0.743296,95.816742,95.71220930232558,15.0
20223,20,Oaxaca,San Juan Yatzona,440,11,27.272727272727263,0.0,27.172490933295464,0.10023633943179888,bajo,en lo esperado,2.4775581338778063,0.0,-0.191385,92.969925,97.61904761904762,2.999999999999999
20224,20,Oaxaca,San Juan Yucuita,643,15,13.333333333333329,0.0,24.989817906404966,-11.656484573071637,muy bajo,mejor de lo esperado,7.5466754916404435,0.0,-0.293927,70.223022,1.3008130081300813,1.9999999999999991
20225,20,Oaxaca,San Lorenzo,5903,388,46.39175257731959,12.307692307692308,40.983941012788165,5.407811564531428,muy alto,peor de lo esperado,6.856442554996207,0.0,1.709896,87.930773,72.26303529833363,180.00000000000003
20226,20,Oaxaca,San Lorenzo Albarradas,2971,122,65.57377049180329,8.474576271186441,45.87280860808092,19.700961883722364,muy alto,peor de lo esperado,9.197089109932696,52.69211659489899,0.077948,85.04955,17.49384019711369,80.00000000000001
20227,20,Oaxaca,San Lorenzo Cacaotepec,18339,1011,21.661721068249264,8.16326530612245,25.205935223343246,-3.5442141550939823,bajo,en lo esperado,3.1220103577583447,0.0,-0.845478,47.380543,3.7677053824362607,219.00000000000006
20228,20,Oaxaca,San Lorenzo Cuaunecuiltitla,833,75,28.0,12.32876712328767,46.50978073230148,-18.50978073230148,medio,mejor de lo esperado,0.0,0.0,1.573795,98.02507,82.68506900878293,21.000000000000004
20229,20,Oaxaca,San Lorenzo Texmelúcan,9148,778,64.65295629820051,33.671988388969524,57.8079232584632,6.845033039737309,muy alto,peor de lo esperado,2.210091665451725,0.0,2.687625,98.395458,96.214881861996,502.99999999999994
20230,20,Oaxaca,San Lorenzo Victoria,932,41,31.707317073170728,7.547169811320755,19.440171180866773,12.267145892303954,medio,peor de lo esperado,2.024049164508144,0.0,-0.337117,80.919298,2.485875706214689,12.999999999999998
20231,20,Oaxaca,San Lucas Camotlán,3187,234,52.136752136752136,19.90049751243781,50.27236241601494,1.8643897207371936,muy alto,en lo esperado,0.186831018646372,0.0,2.310121,99.407534,97.24892277096454,122.00000000000001
20232,20,Oaxaca,San Lucas Ojitlán,22185,1386,45.31024531024531,8.372093023255815,31.220466349919384,14.089778960325923,muy alto,peor de lo esperado,3.069434423823231,0.2166751051291788,1.73285,91.302307,82.78244183257375,628.0
20233,20,Oaxaca,San Lucas Quiaviní,1720,77,51.94805194805195,13.043478260869565,42.73961124870463,9.208440699347321,muy alto,peor de lo esperado,6.861826710354179,0.0,0.624234,88.259804,96.00484261501212,39.99999999999999
20234,20,Oaxaca,San Lucas Zoquiápam,7163,474,35.44303797468355,9.156193895870736,54.13229820729846,-18.689260232614913,alto,mejor de lo esperado,1.8320464630295616,0.0,2.23857,97.666784,86.49689073141842,168.00000000000003
20235,20,Oaxaca,San Luis Amatlán,3829,212,33.01886792452831,9.565217391304348,36.751458396387235,-3.732590471858927,medio,en lo esperado,3.870098625940657,1.0180234584812378,0.833891,85.291892,0.9184525466184248,70.00000000000001
20236,20,Oaxaca,San Marcial Ozolotepec,1372,83,42.16867469879518,17.92452830188679,32.17447472028888,9.994199978506302,muy alto,peor de lo esperado,0.8945296655391555,0.0,3.048957,94.329787,94.31906614785991,35.0
20237,20,Oaxaca,San Marcos Arteaga,1568,78,47.43589743589744,8.536585365853659,23.612910834367685,23.822986601529752,muy alto,peor de lo esperado,0.6495509155395749,0.0,-0.47252,69.930526,2.766531713900135,37.0
20238,20,Oaxaca,San Martín de los Cansecos,994,48,35.41666666666667,2.1739130434782608,27.324272319165317,8.092394347501354,alto,peor de lo esperado,3.0730221153840875,0.0,0.332309,81.965409,1.164021164021164,17.000000000000004
20239,20,Oaxaca,San Martín Huamelúlpam,1000,53,15.094339622641511,3.125,23.89960637944776,-8.80526675680625,muy bajo,mejor de lo esperado,6.646469452494396,0.0,0.799804,77.846975,2.2494887525562373,8.000000000000002
20240,20,Oaxaca,San Martín Itunyoso,2749,188,26.59574468085107,14.210526315789474,55.045838002036376,-28.450093321185307,bajo,mejor de lo esperado,1.87090718813417,0.0,2.812229,98.132616,86.52123100895987,50.00000000000001
20241,20,Oaxaca,San Martín Lachilá,1034,36,38.888888888888886,9.30232558139535,19.623507518476046,19.26538137041284,alto,peor de lo esperado,0.0,0.0,0.13579,83.798635,1.3171225937183384,13.999999999999998
20242,20,Oaxaca,San Martín Peras,12436,1005,75.32338308457712,35.376260667183864,66.75083582014157,8.572547264435542,muy alto,peor de lo esperado,3.443271072408531,0.0,2.355732,98.23649,96.70282369146004,757.0
20243,20,Oaxaca,San Martín Tilcajete,1975,75,22.66666666666667,6.930693069306931,32.77732414721716,-10.110657480550486,bajo,mejor de lo esperado,4.003164657468729,0.0,-0.220691,57.324955,1.326259946949602,17.000000000000004
20244,20,Oaxaca,San Martín Toxpalan,3934,251,37.05179282868526,7.450980392156863,26.802467042481013,10.249325786204246,alto,peor de lo esperado,2.753062092604992,0.0,0.29516,77.017981,29.518716577540108,93.0
20245,20,Oaxaca,San Martín Zacatepec,1324,64,73.4375,10.126582278481012,38.19252407781218,35.24497592218782,muy alto,peor de lo esperado,6.382144133725789,0.0,0.539479,88.275862,1.4388489208633093,47.0
20246,20,Oaxaca,San Mateo Cajonos,611,20,35.0,3.0303030303030303,31.1590172466321,3.8409827533679,alto,en lo esperado,4.130304077576102,0.0,0.407678,90.611702,76.1986301369863,7.0
20247,20,Oaxaca,Capulálpam de Méndez,1619,146,3.424657534246577,1.1904761904761905,17.49931032287867,-14.074652788632093,muy bajo,mejor de lo esperado,0.0077673839129857,0.0,-1.181287,39.255079,11.565495207667732,5.000000000000003
20248,20,Oaxaca,San Mateo del Mar,15571,972,37.03703703703704,13.142857142857142,45.81114487025996,-8.77410783322292,alto,mejor de lo esperado,2.725785144398581,1.851851851851852,3.47421,93.324937,95.99835830084136,360.00000000000006
20249,20,Oaxaca,San Mateo Yoloxochitlán,3831,241,34.85477178423237,12.110726643598616,32.299685557147576,2.555086227084793,alto,en lo esperado,0.4269671599864773,0.0,1.091716,94.535618,65.18969814455829,84.00000000000001
20250,20,Oaxaca,San Mateo Etlatongo,1239,78,17.948717948717942,0.0,20.61341858728732,-2.6647006385693786,muy bajo,en lo esperado,4.092431370217583,0.0,0.271545,73.814516,1.7691659646166806,13.999999999999993
20251,20,Oaxaca,San Mateo Nejápam,1217,67,62.6865671641791,27.692307692307693,43.423349510123316,19.263217654055786,muy alto,peor de lo esperado,5.042076865994541,0.0,1.206939,92.807775,0.7079646017699115,42.0
20252,20,Oaxaca,San Mateo Peñasco,2384,174,12.06896551724138,1.1695906432748535,39.83386261354356,-27.764897096302178,muy bajo,mejor de lo esperado,0.2456291132323467,0.0,1.57046,93.020253,81.87031318923688,21.000000000000004
20253,20,Oaxaca,San Mateo Piñas,2021,82,62.19512195121951,14.782608695652174,45.45177994450618,16.743342006713334,muy alto,peor de lo esperado,9.789952080144234,55.13521634615385,2.807817,93.102819,8.33764888658726,51.0
20254,20,Oaxaca,San Mateo Río Hondo,3207,163,44.171779141104295,12.06030150753769,42.17153149002454,2.0002476510797536,muy alto,en lo esperado,4.30742272459251,0.0,1.21432,79.07305,2.6376524892845365,72.0
20255,20,Oaxaca,San Mateo Sindihui,1977,112,27.67857142857143,7.826086956521739,32.14799355856086,-4.469422129989432,bajo,en lo esperado,0.1889515988160593,0.0,0.647775,92.122239,1.553294054633101,31.0
20256,20,Oaxaca,San Mateo Tlapiltepec,229,17,41.1764705882353,11.11111111111111,38.25758060978484,2.9188899784504585,alto,en lo esperado,10.210042628438384,98.73949579831934,-0.088429,87.69697,5.0,7.000000000000001
20257,20,Oaxaca,San Melchor Betaza,1052,28,71.42857142857143,5.2631578947368425,34.432819964772456,36.995751463798975,muy alto,peor de lo esperado,7.904102195320058,0.0,1.056169,92.996283,92.97029702970298,20.0
20258,20,Oaxaca,San Miguel Achiutla,698,30,6.666666666666671,5.0,26.410863365451917,-19.744196698785245,muy bajo,mejor de lo esperado,4.588923633191172,0.0,0.693421,91.41989,1.9316493313521543,2.0000000000000013
20259,20,Oaxaca,San Miguel Ahuehuetitlán,2142,136,58.088235294117645,28.571428571428573,40.92942314263816,17.158812151479488,muy alto,peor de lo esperado,0.6786443704514868,0.0,1.391154,95.246231,55.76540755467197,78.99999999999999
20260,20,Oaxaca,San Miguel Aloápam,2191,113,51.32743362831859,6.542056074766355,23.806041424152937,27.52139220416565,muy alto,peor de lo esperado,0.8304017267699456,0.0,0.387619,89.889986,95.65427329792372,58.0
20261,20,Oaxaca,San Miguel Amatitlán,6932,436,53.89908256880734,12.244897959183673,37.97143439693921,15.927648171868128,muy alto,peor de lo esperado,2.0705315020889072,0.0,0.770896,80.599851,12.316488950703135,234.99999999999997
20262,20,Oaxaca,San Miguel Amatlán,991,41,12.195121951219503,4.838709677419355,12.897699412447508,-0.7025774612280049,muy bajo,en lo esperado,0.7244208379441917,0.0,-0.23025,81.006667,13.241525423728811,4.9999999999999964
20263,20,Oaxaca,San Miguel Coatlán,3184,221,54.29864253393665,20.149253731343283,46.2829917733152,8.015650760621448,muy alto,peor de lo esperado,2.1821724531703848,0.0,1.65097,91.587645,12.71828665568369,119.99999999999999
20264,20,Oaxaca,San Miguel Chicahua,2169,115,26.086956521739125,2.5510204081632653,44.38083064073511,-18.293874118995987,bajo,mejor de lo esperado,2.4440584244219705,0.0,1.502398,92.513624,72.82818532818533,29.999999999999993
20265,20,Oaxaca,San Miguel Chimalapa,6711,363,16.80440771349862,8.130081300813009,33.30742430205091,-16.503016588552292,muy bajo,mejor de lo esperado,2.560991409724142,7.96873437324791,0.849296,80.632226,34.69492394462485,60.99999999999999
20266,20,Oaxaca,San Miguel del Puerto,8551,507,34.91124260355029,20.64128256513026,30.736938513012714,4.174304090537579,alto,en lo esperado,1.058279074938342,0.0,1.158185,53.395083,5.067027425900873,176.99999999999997
20267,20,Oaxaca,San Miguel del Río,245,9,22.22222222222223,0.0,25.059047727419983,-2.836825505197755,bajo,en lo esperado,6.357733106692029,0.0,0.084207,88.344262,67.5,2.0000000000000004
20268,20,Oaxaca,San Miguel Ejutla,1149,64,40.625,6.666666666666667,33.2115779556664,7.4134220443336005,alto,peor de lo esperado,2.272713708700552,0.0,-0.01906,67.09949,3.47985347985348,26.0
20269,20,Oaxaca,San Miguel el Grande,4313,218,10.550458715596337,0.925925925925926,27.35265008401434,-16.802191368418,muy bajo,mejor de lo esperado,2.179400523461677,0.0,1.047828,70.133234,50.5615234375,23.000000000000014
20270,20,Oaxaca,San Miguel Huautla,1311,75,28.0,3.636363636363636,40.925960316085614,-12.925960316085614,medio,mejor de lo esperado,1.2413311522057464,0.0,2.396628,98.326241,32.430278884462155,21.000000000000004
20271,20,Oaxaca,San Miguel Mixtepec,3194,214,29.90654205607477,6.177606177606178,56.27755659970894,-26.371014543634168,medio,mejor de lo esperado,3.039827683547077,0.0,2.262751,98.941732,85.3617872624208,64.0
20272,20,Oaxaca,San Miguel Panixtlahuaca,6252,374,58.55614973262032,22.699386503067483,41.0238932565399,17.53225647608042,muy alto,peor de lo esperado,0.0752766202473895,0.0,0.910727,96.618534,91.88261541101768,219.0
20273,20,Oaxaca,San Miguel Peras,3818,294,44.21768707482993,13.68421052631579,49.03392595080091,-4.816238875970981,muy alto,en lo esperado,2.4977156673462715,0.0,2.243722,97.711452,22.64779350541216,130.0
20274,20,Oaxaca,San Miguel Piedras,1328,84,17.85714285714286,4.2105263157894735,33.907678048186106,-16.050535191043245,muy bajo,mejor de lo esperado,1.5410802744539798,0.0,2.13791,97.351562,57.28760717069369,15.000000000000004
20275,20,Oaxaca,San Miguel Quetzaltepec,7286,377,61.53846153846154,20.42755344418052,53.41140452715624,8.127057011305297,muy alto,peor de lo esperado,1.414169072477021,0.0,1.538008,96.571487,98.11539576688897,232.0
20276,20,Oaxaca,San Miguel Santa Flor,691,20,30.0,10.0,41.20740589621183,-11.207405896211831,medio,mejor de lo esperado,5.0256125668608265,0.0,2.109091,95.497238,54.776119402985074,6.0
20277,20,Oaxaca,Villa Sola de Vega,12350,715,49.37062937062937,22.0795892169448,46.82837274329666,2.542256627332712,muy alto,en lo esperado,4.758051918813975,3.885727434022352,1.196389,90.569622,5.235557083906465,353.0
20278,20,Oaxaca,San Miguel Soyaltepec,38682,2192,36.13138686131387,8.567980691874498,25.019078654166965,11.112308207146906,alto,peor de lo esperado,2.1026245476515526,0.0,1.100098,84.613814,61.947973381730186,792.0
20279,20,Oaxaca,San Miguel Suchixtepec,2932,177,35.028248587570616,5.05050505050505,36.4581803015846,-1.429931714013982,alto,en lo esperado,1.179671944561464,0.0,0.821193,91.315502,56.09492988133765,61.999999999999986
20280,20,Oaxaca,Villa Talea de Castro,2011,112,25.89285714285714,8.653846153846153,14.999903080002033,10.892954062855106,bajo,peor de lo esperado,0.4206246357322924,0.0,-0.092391,84.096085,45.68921011874032,28.999999999999996
20281,20,Oaxaca,San Miguel Tecomatlán,305,12,16.66666666666667,11.11111111111111,11.392529277758763,5.274137388907908,muy bajo,peor de lo esperado,1.140139048015606,0.0,-0.613925,80.738462,5.442176870748299,2.0000000000000004
20282,20,Oaxaca,San Miguel Tenango,653,21,42.85714285714285,3.0303030303030303,37.182633523399204,5.674509333743643,muy alto,peor de lo esperado,15.069984452554737,100.0,0.743624,91.939891,3.349282296650718,8.999999999999998
20283,20,Oaxaca,San Miguel Tequixtepec,1044,47,53.191489361702125,12.962962962962964,24.079952018456847,29.111537343245278,muy alto,peor de lo esperado,8.103053906969212,8.51063829787234,-0.121543,84.292035,0.2997002997002997,25.0
20284,20,Oaxaca,San Miguel Tilquiápam,3141,189,56.08465608465608,19.850187265917604,58.5011370132109,-2.4164809285548188,muy alto,en lo esperado,0.0326905639170316,0.0,2.263909,99.534338,88.79427792915531,106.0
20285,20,Oaxaca,San Miguel Tlacamama,3668,177,36.72316384180791,9.223300970873789,27.481579344371347,9.241584497436563,alto,peor de lo esperado,4.809164287599481,0.0,0.53258,68.858881,21.30534790109258,65.0
20286,20,Oaxaca,San Miguel Tlacotepec,3100,153,39.869281045751634,11.11111111111111,31.153102030733496,8.716179015018138,alto,peor de lo esperado,1.9677358064036807,0.0,0.343927,78.698782,12.937181663837013,61.00000000000001
20287,20,Oaxaca,San Miguel Tulancingo,307,11,18.181818181818187,13.333333333333334,24.628064512303634,-6.446246330485447,muy bajo,mejor de lo esperado,10.036028454073396,20.30581039755352,-0.075885,62.880597,11.0,2.000000000000001
20288,20,Oaxaca,San Miguel Yotao,585,29,62.06896551724138,8.108108108108109,37.499943137333474,24.569022379907906,muy alto,peor de lo esperado,3.702338328912577,0.0,1.001802,98.939227,95.58303886925796,18.0
20289,20,Oaxaca,San Nicolás,1214,50,68.0,7.6923076923076925,29.328883588807876,38.67111641119212,muy alto,peor de lo esperado,6.158508084322696,0.0,0.611108,87.906977,0.3466204506065858,34.0
20290,20,Oaxaca,San Nicolás Hidalgo,1043,63,46.03174603174603,14.473684210526317,26.90365735337312,19.12808867837291,muy alto,peor de lo esperado,3.763238919019336,0.0,-0.265557,71.483425,0.1996007984031936,29.0
20291,20,Oaxaca,San Pablo Coatlán,4308,302,30.4635761589404,8.278145695364238,30.628136673273936,-0.16456051433353736,medio,en lo esperado,1.0283394050242196,0.0,0.541716,92.283489,1.4910779760449768,92.0
20292,20,Oaxaca,San Pablo Cuatro Venados,1510,109,20.18348623853211,0.847457627118644,44.13111973706222,-23.94763349853011,muy bajo,mejor de lo esperado,2.605877015068439,0.0,1.796754,98.84375,8.420320111343075,22.0
20293,20,Oaxaca,San Pablo Etla,17116,939,13.631522896698613,4.302203567681008,22.482851890642603,-8.85132899394399,muy bajo,mejor de lo esperado,2.682613045549856,0.0,-1.15907,25.077853,4.588271042236403,127.99999999999996
20294,20,Oaxaca,San Pablo Huitzo,7035,318,21.698113207547166,4.022988505747127,21.24427913758212,0.4538340699650476,bajo,en lo esperado,0.1919365213083598,0.0,-0.644193,56.473815,2.248696947133284,68.99999999999999
20295,20,Oaxaca,San Pablo Huixtepec,10020,494,27.1255060728745,11.385199240986717,29.343636478777963,-2.2181304059034623,bajo,en lo esperado,0.0975007984696609,0.0,-0.604881,62.30705,1.8221574344023324,134.00000000000003
20296,20,Oaxaca,San Pablo Macuiltianguis,955,34,26.47058823529412,6.521739130434782,22.820461392447577,3.650126842846543,bajo,en lo esperado,5.494462505092407,0.0,-0.215507,89.549784,64.27015250544662,9.0
20297,20,Oaxaca,San Pablo Tijaltepec,2751,207,33.33333333333333,2.155172413793104,45.21305183038897,-11.879718497055642,medio,mejor de lo esperado,2.10807164400933,0.0,2.507767,98.189316,96.20689655172414,68.99999999999999
20298,20,Oaxaca,San Pablo Villa de Mitla,13587,683,49.19472913616399,18.389261744966444,31.991969200248178,17.202759935915815,muy alto,peor de lo esperado,1.4987587344234528,1.0240611131126207,0.214349,76.21804,29.629914595675924,336.00000000000006
20299,20,Oaxaca,San Pablo Yaganiza,1125,54,44.44444444444444,14.285714285714286,29.81271679926805,14.631727645176394,muy alto,peor de lo esperado,4.147499773473457,0.0,0.219212,81.971347,83.64312267657992,24.0
20300,20,Oaxaca,San Pedro Amuzgos,6632,421,38.242280285035626,14.416475972540043,27.654537630059238,10.587742654976388,alto,peor de lo esperado,0.849185001481581,0.0,1.005656,87.310762,76.57314946901252,160.99999999999997
20301,20,Oaxaca,San Pedro Apóstol,1594,63,20.634920634920636,2.3529411764705883,23.84981173440488,-3.2148910994842446,muy bajo,en lo esperado,1.7698023373308562,0.0,0.088589,69.490909,2.366863905325444,13.000000000000002
20302,20,Oaxaca,San Pedro Atoyac,4559,317,48.89589905362776,23.15112540192926,47.504140563501416,1.3917584901263425,muy alto,en lo esperado,4.053219168868647,0.0,1.383286,95.029851,74.0098429810171,155.0
20303,20,Oaxaca,San Pedro Cajonos,1081,35,14.285714285714292,4.761904761904762,16.619673750827886,-2.333959465113594,muy bajo,en lo esperado,0.0,0.0,0.349468,83.256579,79.72841901066926,5.000000000000002
20304,20,Oaxaca,San Pedro Coxcaltepec Cántaros,716,27,25.925925925925924,2.857142857142857,44.67683207783547,-18.750906151909547,bajo,mejor de lo esperado,10.513602367743164,73.45850005129783,1.146085,97.871921,7.558139534883721,7.0
20305,20,Oaxaca,San Pedro Comitancillo,4333,225,7.111111111111114,0.4464285714285714,13.692001716191253,-6.580890605080139,muy bajo,mejor de lo esperado,0.0841291989267912,0.0,-0.793581,37.821918,42.53447456015216,16.000000000000007
20306,20,Oaxaca,San Pedro el Alto,4654,333,60.06006006006006,23.03664921465969,51.91024342869701,8.149816631363052,muy alto,peor de lo esperado,3.383602449505485,0.0,1.783426,93.346888,70.98326839330736,200.0
20307,20,Oaxaca,San Pedro Huamelula,9735,515,22.135922330097088,9.598603839441536,26.330553471259574,-4.1946311411624855,bajo,en lo esperado,2.726651704541762,5.481497418673009,1.013368,47.903586,16.36618806002375,114.0
20308,20,Oaxaca,San Pedro Huilotepec,3307,168,17.26190476190476,8.0,24.406417333420027,-7.144512571515268,muy bajo,mejor de lo esperado,0.0477280400347774,0.0,0.179317,72.263158,43.73409669211196,28.999999999999996
20309,20,Oaxaca,San Pedro Ixcatlán,10368,573,41.01221640488656,12.737127371273711,28.01833984573717,12.993876559149388,alto,peor de lo esperado,1.0873616396924983,0.0,2.020163,92.458866,82.8788970058648,234.99999999999997
20310,20,Oaxaca,San Pedro Ixtlahuaca,14552,863,38.00695249130938,9.75609756097561,23.455279240838987,14.55167325047039,alto,peor de lo esperado,1.3989898447638889,0.0,0.781349,58.7422,16.889243721875452,327.9999999999999
20311,20,Oaxaca,San Pedro Jaltepetongo,483,19,42.10526315789474,0.0,45.595668598194145,-3.490405440299405,alto,en lo esperado,4.420762135068384,0.0,1.550397,98.503448,81.89655172413794,8.0
20312,20,Oaxaca,San Pedro Jicayán,11279,767,25.293350717079534,6.0606060606060606,25.964812921611088,-0.6714622045315544,bajo,en lo esperado,0.8345011410390292,0.0,1.391014,89.12396,86.92015209125475,194.0
20313,20,Oaxaca,San Pedro Jocotipac,730,33,9.090909090909092,0.0,24.803246147051734,-15.712337056142642,muy bajo,mejor de lo esperado,0.0077845082006086,0.0,1.531075,86.284848,59.88700564971752,3.0
20314,20,Oaxaca,San Pedro Juchatengo,1755,93,29.032258064516128,4.444444444444445,24.039428039047234,4.992830025468894,medio,en lo esperado,0.5071346490545094,0.0,-0.210794,76.124756,1.7825311942959,26.999999999999996
20315,20,Oaxaca,San Pedro Mártir,1899,88,32.95454545454545,2.0202020202020203,23.117842185808176,9.836703268737278,medio,peor de lo esperado,0.0,0.0,2.038825,71.632091,46.18362831858407,29.0
20316,20,Oaxaca,San Pedro Mártir Quiechapa,738,54,7.407407407407405,4.651162790697675,23.295872141270532,-15.888464733863128,muy bajo,mejor de lo esperado,0.0,0.0,0.679689,92.370732,23.876404494382022,3.9999999999999982
20317,20,Oaxaca,San Pedro Mártir Yucuxaco,1257,86,39.53488372093023,10.294117647058824,35.18345268623743,4.351431034692801,alto,en lo esperado,6.563751493078639,0.0,0.985587,90.705426,1.345668629100084,34.0
20318,20,Oaxaca,San Pedro Mixtepec,49780,2768,30.38294797687861,10.204814947897953,32.58570910089001,-2.2027611240113956,medio,en lo esperado,0.8224794819240923,0.0,-0.116156,59.827364,3.9321183250749634,840.9999999999999
20319,20,Oaxaca,San Pedro Mixtepec,972,51,11.764705882352942,1.5151515151515151,24.774077770873763,-13.009371888520821,muy bajo,mejor de lo esperado,0.0366635541771222,0.0,1.149366,94.391447,94.54545454545456,6.000000000000001
20320,20,Oaxaca,San Pedro Molinos,706,37,2.702702702702709,2.631578947368421,25.485937525910845,-22.783234823208137,muy bajo,mejor de lo esperado,3.544758322528759,0.0,0.709256,86.162791,65.18518518518519,1.0000000000000022
20321,20,Oaxaca,San Pedro Nopala,751,40,57.5,14.285714285714286,45.06997749374533,12.430022506254673,muy alto,peor de lo esperado,10.206021920371011,35.366972477064216,0.459548,96.281955,0.1410437235543018,23.0
20322,20,Oaxaca,San Pedro Ocopetatillo,786,39,23.07692307692308,14.285714285714286,45.74891697016566,-22.67199389324258,bajo,mejor de lo esperado,2.3925657127583477,0.0,2.145918,97.154762,89.31909212283044,9.000000000000002
20323,20,Oaxaca,San Pedro Ocotepec,2404,124,43.54838709677419,9.090909090909092,37.629015322021864,5.919371774752328,muy alto,peor de lo esperado,1.2310726627316415,0.0,1.141051,95.541667,96.9392216878006,54.0
20324,20,Oaxaca,San Pedro Pochutla,48204,2641,34.608102991291176,10.66027296200664,32.083446681082286,2.52465631020889,alto,en lo esperado,2.262164628829121,1.3001803245842514,0.279049,54.956993,7.4263313218517375,914.0
20325,20,Oaxaca,San Pedro Quiatoni,11930,659,66.76783004552351,23.817034700315457,52.42246627905983,14.345363766463677,muy alto,peor de lo esperado,2.2597806170085817,2.146159620470967,1.440478,97.40186,96.31447438872031,439.99999999999994
20326,20,Oaxaca,San Pedro Sochiápam,5052,306,37.25490196078432,10.95100864553314,45.77337790542429,-8.518475944639967,alto,mejor de lo esperado,1.6882918329694814,0.0,1.45954,94.545015,93.80549682875264,114.00000000000004
20327,20,Oaxaca,San Pedro Tapanatepec,15479,792,37.121212121212125,14.672686230248306,26.577156617410434,10.54405550380169,alto,peor de lo esperado,1.8125433563729567,6.009194192972121,0.080053,62.865556,3.798070389998641,294.00000000000006
20328,20,Oaxaca,San Pedro Taviche,1441,86,83.72093023255815,18.42105263157895,56.94174148435474,26.779188748203403,muy alto,peor de lo esperado,5.265800356776733,0.0,1.350795,96.729282,0.0,72.0
20329,20,Oaxaca,San Pedro Teozacoalco,1153,56,23.214285714285708,4.761904761904762,26.097436274657476,-2.8831505603717673,bajo,en lo esperado,1.9053880373666685,0.0,1.046388,94.36236,1.8115942028985508,12.999999999999996
20330,20,Oaxaca,San Pedro Teutila,4296,225,34.66666666666667,14.509803921568627,34.524026864104464,0.14263980256220776,alto,en lo esperado,1.869211360631424,0.0,0.985534,94.818305,19.567354965585054,78.00000000000001
20331,20,Oaxaca,San Pedro Tidaá,982,44,25.0,5.555555555555555,26.77120411304977,-1.7712041130497695,bajo,en lo esperado,0.214806456691233,0.0,1.040689,88.881679,36.78646934460888,11.0
20332,20,Oaxaca,San Pedro Topiltepec,373,22,40.90909090909091,7.142857142857143,23.117735025105556,17.79135588398535,alto,peor de lo esperado,6.429779840890799,0.0,0.005512,86.402174,1.971830985915493,9.0
20333,20,Oaxaca,San Pedro Totolápam,3294,143,39.86013986013986,12.05673758865248,23.457277258372947,16.402862601766913,alto,peor de lo esperado,2.4802703950188154,14.778711627926809,-0.356312,50.737406,9.675345548055288,57.0
20334,20,Oaxaca,Villa de Tututepec,50541,2796,40.27181688125894,14.001447178002897,27.15570849931302,13.11610838194592,alto,peor de lo esperado,2.645140096449222,10.231003683274675,0.244803,67.158048,6.69751735351135,1126.0
20335,20,Oaxaca,San Pedro Yaneri,867,60,33.33333333333333,7.246376811594203,33.52951025365086,-0.19617692031753364,medio,en lo esperado,4.786392586222056,0.0,1.121034,96.57329,95.35714285714286,19.999999999999996
20336,20,Oaxaca,San Pedro Yólox,1697,93,25.80645161290323,2.803738317757009,24.634161442844626,1.1722901700586057,bajo,en lo esperado,2.266956031364497,9.005691545374086,-0.106122,89.517382,86.82598039215686,24.000000000000004
20337,20,Oaxaca,San Pedro y San Pablo Ayutla,5616,354,44.067796610169495,15.85081585081585,40.793608184260165,3.2741884259093297,muy alto,en lo esperado,3.434530050338049,1.4076669724632669,1.972474,82.009693,82.43700639338097,156.00000000000003
20338,20,Oaxaca,Villa de Etla,10361,497,21.327967806841045,6.083650190114068,21.29876473459336,0.029203072247685924,muy bajo,en lo esperado,0.5314462153794971,0.0,-0.769154,45.904196,9.48424359104266,105.99999999999999
20339,20,Oaxaca,San Pedro y San Pablo Teposcolula,4353,217,18.894009216589865,1.82648401826484,25.64847585097966,-6.7544666343897966,muy bajo,mejor de lo esperado,2.153821314851436,0.0,-0.351244,51.917798,2.875090601594588,41.00000000000001
20340,20,Oaxaca,San Pedro y San Pablo Tequixtepec,1747,81,17.28395061728395,8.333333333333334,28.0321612840778,-10.748210666793852,muy bajo,mejor de lo esperado,7.487924315624321,23.59063373556127,0.29807,87.653563,17.200474495848162,14.0
20341,20,Oaxaca,San Pedro Yucunama,241,14,28.57142857142857,0.0,24.709727574275533,3.8617009971530365,medio,en lo esperado,5.473532536613965,0.0,0.299426,84.80597,0.4310344827586206,4.0
20342,20,Oaxaca,San Raymundo Jalpan,4105,166,20.48192771084338,2.912621359223301,24.114243502737725,-3.632315791894346,muy bajo,en lo esperado,2.4491887710332363,0.0,-0.757333,70.10841,6.000508517670989,34.00000000000001
20343,20,Oaxaca,San Sebastián Abasolo,1999,72,44.44444444444444,9.473684210526317,34.9972761729519,9.447168271492544,muy alto,peor de lo esperado,5.786378575592374,0.0,0.007903,66.329365,24.286455630513757,32.0
20344,20,Oaxaca,San Sebastián Coatlán,2809,156,28.205128205128204,10.0,31.11855011460655,-2.9134219094783447,medio,en lo esperado,0.3580460447799294,0.0,0.964532,91.900293,1.1363636363636365,44.0
20345,20,Oaxaca,San Sebastián Ixcapa,4188,216,26.38888888888889,6.477732793522267,20.545114834884746,5.843774054004143,bajo,peor de lo esperado,1.357042656311498,0.0,0.229103,69.599566,7.525252525252525,57.0
20346,20,Oaxaca,San Sebastián Nicananduta,1542,57,22.807017543859644,1.2345679012345678,25.67098798171915,-2.863970437859507,bajo,en lo esperado,0.0508363034049099,0.0,0.134167,92.823899,49.555707450444295,12.999999999999996
20347,20,Oaxaca,San Sebastián Río Hondo,4202,249,45.78313253012048,9.765625,39.46365727062654,6.319475259493942,muy alto,peor de lo esperado,1.6538821917146136,0.0,1.165192,95.170801,8.833124215809285,114.00000000000001
20348,20,Oaxaca,San Sebastián Tecomaxtlahuaca,8192,406,44.58128078817734,11.004784688995215,42.66365249330846,1.9176282948688765,muy alto,en lo esperado,5.715089232041287,10.717229214718774,0.870598,79.588763,27.37071731040677,180.99999999999997
20349,20,Oaxaca,San Sebastián Teitipac,2189,106,44.33962264150944,12.5,27.208966996798054,17.13065564471139,muy alto,peor de lo esperado,2.0860054793726746,0.0,0.500629,58.086124,23.402210475732826,47.00000000000001
20350,20,Oaxaca,San Sebastián Tutla,16878,666,13.063063063063067,6.3049853372434015,18.586839620841623,-5.523776557778556,muy bajo,mejor de lo esperado,0.5259842149811095,0.0,-1.308313,24.95724,5.407735895540774,87.00000000000004
20351,20,Oaxaca,San Simón Almolongas,2802,138,47.10144927536232,12.83783783783784,40.2497297546393,6.851719520723023,muy alto,peor de lo esperado,4.08653719434043,0.0,0.801204,84.576536,0.8280015054572827,65.0
20352,20,Oaxaca,San Simón Zahuatlán,4940,368,72.28260869565217,25.36231884057971,55.146170750357406,17.136437945294766,muy alto,peor de lo esperado,0.8293868495246114,0.0,1.885218,99.804097,96.67994687915008,266.0
20353,20,Oaxaca,Santa Ana,2406,128,38.28125,12.307692307692308,30.071989157706557,8.209260842293443,alto,peor de lo esperado,0.0,0.0,0.520475,86.366548,0.6172839506172839,49.0
20354,20,Oaxaca,Santa Ana Ateixtlahuaca,477,29,31.034482758620683,19.23076923076923,45.488551098678855,-14.454068340058171,medio,mejor de lo esperado,1.4256912429426647,0.0,1.878453,99.206897,90.10989010989012,8.999999999999998
20355,20,Oaxaca,Santa Ana Cuauhtémoc,681,34,26.47058823529412,0.0,31.64504075449452,-5.1744525192004005,bajo,mejor de lo esperado,4.095067024284793,0.0,1.207676,86.104478,42.68292682926829,9.0
20356,20,Oaxaca,Santa Ana del Valle,2179,85,60.0,28.125,30.73750210839875,29.26249789160125,muy alto,peor de lo esperado,4.43232655862605,0.0,0.187782,77.09901,69.72609322441134,51.0
20357,20,Oaxaca,Santa Ana Tavela,848,36,22.22222222222223,10.714285714285714,26.6380369422792,-4.4158147200569715,bajo,en lo esperado,8.975423705740212,0.0,0.970743,83.78022,1.7177914110429449,8.000000000000002
20358,20,Oaxaca,Santa Ana Tlapacoyan,1958,79,27.84810126582279,10.0,23.987759216752035,3.8603420490707556,medio,en lo esperado,1.4163678703067546,0.0,0.395826,73.485876,0.7446808510638298,22.000000000000004
20359,20,Oaxaca,Santa Ana Yareni,637,19,42.10526315789474,0.0,28.777215215936227,13.328047941958513,alto,peor de lo esperado,4.230493378274344,0.0,1.519437,93.619835,94.66882067851373,8.0
20360,20,Oaxaca,Santa Ana Zegache,3981,216,35.64814814814815,10.6951871657754,25.558538231865697,10.089609916282456,alto,peor de lo esperado,0.6718498989026186,0.0,0.785959,78.892231,24.76315789473684,77.0
20361,20,Oaxaca,Santa Catalina Quierí,825,39,30.769230769230774,8.0,38.65943570207682,-7.890204932846046,medio,mejor de lo esperado,5.888891919265834,0.0,1.53678,96.754032,97.4937343358396,12.0
20362,20,Oaxaca,Santa Catarina Cuixtla,1495,73,30.13698630136986,4.651162790697675,31.36302619791475,-1.22603989654489,medio,en lo esperado,3.617808372726086,0.0,0.083007,73.060533,14.166666666666666,22.0
20363,20,Oaxaca,Santa Catarina Ixtepeji,2675,117,29.059829059829056,4.838709677419355,39.72012631059673,-10.660297250767677,medio,mejor de lo esperado,8.594638259150573,17.246097966751755,-0.214712,81.128726,4.40251572327044,33.99999999999999
20364,20,Oaxaca,Santa Catarina Juquila,18654,1125,48.71111111111111,13.461538461538462,40.68815625288646,8.02295485822465,muy alto,peor de lo esperado,3.2197648457018544,0.0889073179101489,0.736081,81.338357,32.39404613112146,548.0
20365,20,Oaxaca,Santa Catarina Lachatao,1059,42,38.095238095238095,0.0,27.293411064126254,10.801827031111841,alto,peor de lo esperado,7.683021908066122,33.23970037453183,0.217523,82.29682,40.29268292682927,16.0
20366,20,Oaxaca,Santa Catarina Loxicha,3676,231,37.66233766233766,18.53035143769968,48.348524025298126,-10.686186362960463,alto,mejor de lo esperado,0.5976015451988475,0.0,1.257102,97.964935,8.032360589425021,87.0
20367,20,Oaxaca,Santa Catarina Mechoacán,4582,263,43.72623574144487,19.011406844106464,33.43515720294984,10.291078538495029,muy alto,peor de lo esperado,0.013359894784913,0.0,1.304266,94.176991,89.04552807950081,115.0
20368,20,Oaxaca,Santa Catarina Minas,2067,94,40.42553191489362,7.216494845360825,33.502656366763865,6.922875548129753,alto,peor de lo esperado,3.70417058189241,0.0,0.650356,71.017433,0.8713480266529985,38.0
20369,20,Oaxaca,Santa Catarina Quiané,2193,93,27.956989247311824,2.197802197802198,27.254509928295743,0.7024793190160814,medio,en lo esperado,3.3284163706890486,0.0,-0.150537,47.3568,1.430615164520744,25.999999999999996
20370,20,Oaxaca,Santa Catarina Tayata,662,49,16.326530612244895,2.5,14.40298002993397,1.9235505823109253,muy bajo,en lo esperado,1.3178213101808502,0.0,0.22448,82.330049,10.317460317460318,7.999999999999998
20371,20,Oaxaca,Santa Catarina Ticuá,986,49,12.244897959183676,4.166666666666667,30.167474015316365,-17.92257605613269,muy bajo,mejor de lo esperado,0.6830522837091157,0.0,1.326445,95.728625,57.70042194092827,6.000000000000001
20372,20,Oaxaca,Santa Catarina Yosonotú,1316,95,4.21052631578948,3.571428571428572,25.799678814170985,-21.589152498381505,muy bajo,mejor de lo esperado,1.1763252855477555,0.0,2.242612,90.29021,80.76622361219702,4.000000000000006
20373,20,Oaxaca,Santa Catarina Zapoquila,403,26,57.69230769230769,4.545454545454546,39.21826149202576,18.474046200281933,muy alto,peor de lo esperado,11.313115252294436,100.0,0.373212,97.696721,0.5194805194805194,15.000000000000002
20374,20,Oaxaca,Santa Cruz Acatepec,1645,97,55.67010309278351,19.26605504587156,41.48405429198032,14.186048800803192,muy alto,peor de lo esperado,1.6653640544077175,0.0,2.306211,95.60574,83.10767246937459,54.000000000000014
20375,20,Oaxaca,Santa Cruz Amilpas,13200,678,18.289085545722717,6.58307210031348,19.579834925742254,-1.2907493800195375,muy bajo,en lo esperado,0.0,0.0,-0.923129,45.728639,15.930121250797702,124.00000000000001
20376,20,Oaxaca,Santa Cruz de Bravo,365,18,38.888888888888886,0.0,33.295334146219155,5.593554742669731,alto,peor de lo esperado,9.783764086229782,0.0,0.079521,82.80531,1.7291066282420748,6.999999999999999
20377,20,Oaxaca,Santa Cruz Itundujia,10860,679,32.695139911634755,9.263959390862944,37.56362134040081,-4.868481428766053,medio,en lo esperado,2.311157318729491,0.0,1.655916,90.822922,10.217771728563095,221.99999999999997
20378,20,Oaxaca,Santa Cruz Mixtepec,3720,208,31.25,7.929515418502203,29.3633716450475,1.8866283549524994,medio,en lo esperado,1.280809188997693,0.0,0.573444,87.166929,24.78849407783418,65.0
20379,20,Oaxaca,Santa Cruz Nundaco,2951,193,22.79792746113989,2.702702702702702,32.11181303791058,-9.31388557677069,bajo,mejor de lo esperado,2.6825099705226223,0.0,1.41617,91.973588,79.77085571070533,43.999999999999986
20380,20,Oaxaca,Santa Cruz Papalutla,2242,119,26.050420168067237,5.660377358490566,32.51696977462475,-6.4665496065575105,bajo,mejor de lo esperado,3.752805816362215,0.0,0.19855,65.989568,25.558659217877096,31.000000000000014
20381,20,Oaxaca,Santa Cruz Tacache de Mina,2940,136,36.76470588235294,10.81081081081081,30.528904042429485,6.235801839923457,alto,peor de lo esperado,0.5693300377154299,0.0,-0.502763,69.887437,0.1443001443001443,50.0
20382,20,Oaxaca,Santa Cruz Tacahua,1182,64,25.0,8.219178082191782,29.495926632014676,-4.495926632014676,bajo,en lo esperado,2.142200825618316,0.0,1.156697,89.243402,33.8339222614841,16.0
20383,20,Oaxaca,Santa Cruz Tayata,595,21,47.61904761904762,27.58620689655172,29.393422559985723,18.225625059061898,muy alto,peor de lo esperado,4.577471623002928,0.0,0.832128,93.821839,0.5291005291005291,10.0
20384,20,Oaxaca,Santa Cruz Xitla,4794,254,59.05511811023622,16.065573770491802,38.79548754204606,20.25963056819016,muy alto,peor de lo esperado,0.4953820802901849,0.0,1.132555,92.863958,58.85347498893316,150.00000000000003
20385,20,Oaxaca,Santa Cruz Xoxocotlán,100402,5209,18.564023804952967,5.685554051440727,17.602013803215456,0.9620100017375108,muy bajo,en lo esperado,0.3773170342517097,0.0,-0.662088,57.63556,9.48163448398168,967.0
20386,20,Oaxaca,Santa Cruz Zenzontepec,19079,1451,56.78842177808408,15.543328748280604,50.87725949747134,5.911162280612736,muy alto,peor de lo esperado,3.986226591525353,3.312610265439526,2.424761,95.713719,68.23142888963136,823.9999999999999
20387,20,Oaxaca,Santa Gertrudis,2891,133,24.812030075187977,9.45945945945946,24.367068320191276,0.4449617549967009,bajo,en lo esperado,0.2818904936128165,0.0,-0.254842,76.731618,0.5376344086021505,33.00000000000001
20388,20,Oaxaca,Santa Inés del Monte,2809,193,49.22279792746114,13.06532663316583,61.164963021389646,-11.942165093928509,muy alto,mejor de lo esperado,2.397552159572412,0.0,1.704314,97.212366,0.9402030838661152,95.0
20389,20,Oaxaca,Santa Inés Yatzeche,908,29,68.9655172413793,25.0,33.5350114117095,35.430505829669805,muy alto,peor de lo esperado,3.306859006180536,0.0,1.065506,79.459016,96.78899082568807,19.999999999999996
20390,20,Oaxaca,Santa Lucía del Camino,50362,2338,16.295979469632158,6.46335912608102,19.7208848373633,-3.4249053677311423,muy bajo,en lo esperado,0.0,0.0,-1.037709,35.061499,12.21162655117848,380.99999999999983
20391,20,Oaxaca,Santa Lucía Miahuatlán,3375,213,49.29577464788732,16.78082191780822,60.375910727868124,-11.080136079980804,muy alto,mejor de lo esperado,1.985684846361759,0.0,2.84789,98.741477,97.48348537275874,104.99999999999999
20392,20,Oaxaca,Santa Lucía Monteverde,6726,517,21.276595744680847,8.49673202614379,47.56819005471084,-26.291594310029993,muy bajo,mejor de lo esperado,2.5990890590885143,0.0,2.487315,96.80599,53.67497257483153,109.99999999999999
20393,20,Oaxaca,Santa Lucía Ocotlán,4173,203,56.65024630541872,23.404255319148938,49.06372960920002,7.586516696218702,muy alto,peor de lo esperado,3.4622816268375085,0.0,0.996602,92.423601,76.90169320192065,115.0
20394,20,Oaxaca,Santa María Alotepec,2796,197,24.365482233502533,7.096774193548387,26.89152364195617,-2.5260414084536364,bajo,en lo esperado,1.7245584401385825,0.0,1.047777,82.64891,93.23671497584542,47.99999999999999
20395,20,Oaxaca,Santa María Apazco,1629,114,5.263157894736835,0.7246376811594203,39.3083925089134,-34.045234614176564,muy bajo,mejor de lo esperado,1.6861351196113066,0.0,2.377283,95.186837,79.4580970384373,5.999999999999993
20396,20,Oaxaca,Santa María la Asunción,3259,195,48.20512820512821,17.757009345794394,52.72894797027743,-4.52381976514922,muy alto,en lo esperado,0.7617231261742307,0.0,2.677198,97.103839,91.1925425908068,94.00000000000001
20397,20,Oaxaca,Heroica Ciudad de Tlaxiaco,40123,2370,20.84388185654008,5.495420482930891,27.78320604553305,-6.93932418899297,muy bajo,mejor de lo esperado,1.4317996411888516,0.0,0.121398,59.518001,25.441482222280705,493.9999999999999
20398,20,Oaxaca,Ayoquezco de Aldama,4874,253,46.6403162055336,19.421487603305785,29.54269480176284,17.097621403770763,muy alto,peor de lo esperado,0.7034256404674896,0.0,0.383921,82.730057,7.014157014157014,118.0
20399,20,Oaxaca,Santa María Atzompa,41921,2234,21.575649059982094,7.616926503340757,22.7922300919303,-1.2165810319482055,muy bajo,en lo esperado,0.593756685781036,0.0,-0.534308,48.965921,12.553861660577043,482.0
20400,20,Oaxaca,Santa María Camotlán,1713,70,20.0,5.376344086021505,17.027772059032678,2.972227940967322,muy bajo,en lo esperado,0.0236452494856092,0.0,-0.072759,71.382766,0.4229607250755287,14.0
20401,20,Oaxaca,Santa María Colotepec,27046,1489,37.81061114842176,15.276932440657337,33.28294158007114,4.527669568350625,alto,en lo esperado,5.0973836907322,6.991157854968938,-0.044343,43.312801,7.811701835042634,563.0
20402,20,Oaxaca,Santa María Cortijo,1067,52,26.92307692307692,7.142857142857143,26.955119834317586,-0.03204291124066572,bajo,en lo esperado,5.620180453621777,0.0,0.223743,81.541555,4.581673306772909,14.0
20403,20,Oaxaca,Santa María Coyotepec,3751,195,24.615384615384613,7.4766355140186915,21.41989575650057,3.195488858884044,bajo,en lo esperado,1.1595342365613874,0.0,-0.663099,59.301382,7.625698324022347,48.0
20404,20,Oaxaca,Santa María Chachoápam,761,41,26.82926829268293,3.0303030303030303,20.120770861598597,6.708497431084332,bajo,peor de lo esperado,7.328987670338311,12.163155707572804,-0.466679,68.344086,1.7615176151761518,11.0
20405,20,Oaxaca,Villa de Chilapa de Díaz,1815,95,36.8421052631579,13.461538461538462,17.45423472135442,19.387870541803476,alto,peor de lo esperado,1.386102032996935,0.0,-0.099783,66.177858,11.83228029867892,35.0
20406,20,Oaxaca,Santa María Chilchotla,21469,1298,49.15254237288136,17.232543241511852,55.091434271555016,-5.938891898673653,muy alto,mejor de lo esperado,2.2611031384264435,0.0,3.521581,97.104785,89.68010300089135,638.0000000000001
20407,20,Oaxaca,Santa María Chimalapa,9578,411,36.496350364963504,16.666666666666668,43.44571664463677,-6.949366279673264,alto,mejor de lo esperado,6.831112613770776,26.7465212935192,1.476259,88.035645,44.75800761958516,150.0
20408,20,Oaxaca,Santa María del Rosario,499,21,33.33333333333333,2.631578947368421,25.251439878682795,8.081893454650533,medio,peor de lo esperado,5.036915109956986,0.0,0.720733,88.36478,13.626834381551364,6.999999999999998
20409,20,Oaxaca,Santa María del Tule,8939,447,20.13422818791946,6.930693069306931,21.708962240748768,-1.5747340528293066,muy bajo,en lo esperado,0.2537101161148865,0.0,-1.125472,39.892198,6.230274693161894,90.0
20410,20,Oaxaca,Santa María Ecatepec,3418,211,33.64928909952607,8.494208494208495,36.989112672050965,-3.3398235725248924,medio,en lo esperado,2.9543988585636543,5.85247154183461,0.356063,94.864351,37.69325912183055,71.0
20411,20,Oaxaca,Santa María Guelacé,908,36,27.77777777777777,4.3478260869565215,29.055263641989924,-1.277485864212153,medio,en lo esperado,6.222171061984311,0.0,-0.341964,67.106838,14.742857142857142,9.999999999999998
20412,20,Oaxaca,Santa María Guienagati,3178,167,38.32335329341317,11.5,23.38256909543348,14.940784197979688,alto,peor de lo esperado,1.5099276588010129,0.5988272181856553,0.932223,85.515571,25.5,63.99999999999999
20413,20,Oaxaca,Santa María Huatulco,50862,2655,32.12806026365348,9.952082565425728,31.996361323679295,0.1316989399741857,medio,en lo esperado,2.4276642853425443,4.869091287069633,-0.330929,51.52558,4.553440400157086,852.9999999999999
20414,20,Oaxaca,Santa María Huazolotitlán,11995,585,29.572649572649567,8.721804511278195,20.472779919957812,9.099869652691755,medio,peor de lo esperado,2.0901729372308884,0.0,0.218315,73.957348,28.32512315270936,172.99999999999997
20415,20,Oaxaca,Santa María Ipalapa,4878,263,53.61216730038023,15.87837837837838,34.075768240789294,19.536399059590934,muy alto,peor de lo esperado,3.095124272039068,0.0,0.128243,82.216018,15.038084874863982,141.0
20416,20,Oaxaca,Santa María Ixcatlán,461,22,68.18181818181819,0.0,48.61353056222966,19.568287619588524,muy alto,peor de lo esperado,13.029549494492558,100.0,0.86686,94.602041,5.405405405405405,15.000000000000002
20417,20,Oaxaca,Santa María Jacatepec,9682,558,31.36200716845879,8.112874779541446,19.544124830331047,11.817882338127742,medio,peor de lo esperado,1.6276899903264102,0.0,0.492807,80.410913,58.22397200349956,175.00000000000003
20418,20,Oaxaca,Santa María Jalapa del Marqués,11735,595,12.100840336134452,5.392912172573189,24.610263586370202,-12.50942325023575,muy bajo,mejor de lo esperado,1.483301184693317,0.0,-0.189907,51.766295,4.248307801923762,71.99999999999999
20419,20,Oaxaca,Santa María Jaltianguis,592,33,12.121212121212125,8.333333333333334,23.517492513822333,-11.396280392610208,muy bajo,mejor de lo esperado,5.725042895898375,0.0,-0.449852,81.117318,46.54867256637168,4.000000000000001
20420,20,Oaxaca,Santa María Lachixío,1679,122,24.59016393442623,8.695652173913043,39.24119489322336,-14.65103095879713,bajo,mejor de lo esperado,1.703177363564877,0.0,1.699967,96.238411,90.29615626969124,30.0
20421,20,Oaxaca,Santa María Mixtequilla,4690,204,18.137254901960787,3.2110091743119265,17.372027011512838,0.7652278904479495,muy bajo,en lo esperado,0.3862918236394552,0.0,-0.46673,53.123123,1.582349008246044,37.00000000000001
20422,20,Oaxaca,Santa María Nativitas,603,32,40.625,2.702702702702702,23.51960780268699,17.10539219731301,alto,peor de lo esperado,8.652066579871606,2.8892455858748,0.296693,85.61875,29.82758620689655,13.0
20423,20,Oaxaca,Santa María Nduayaco,453,24,29.16666666666667,0.0,31.723582413935365,-2.556915747268693,medio,en lo esperado,6.955495765957333,0.0,0.574878,94.633663,1.3574660633484164,7.000000000000002
20424,20,Oaxaca,Santa María Ozolotepec,3793,282,44.326241134751776,10.38062283737024,55.73408495595827,-11.407843821206491,muy alto,mejor de lo esperado,4.012335605512672,0.0,1.742722,97.244533,21.34453781512605,125.00000000000001
20425,20,Oaxaca,Santa María Pápalo,2058,136,41.91176470588236,0.0,31.220359406727827,10.691405299154535,alto,peor de lo esperado,2.195294190572204,0.0,1.193529,97.077612,87.34693877551021,57.00000000000001
20426,20,Oaxaca,Santa María Peñoles,8967,633,50.71090047393365,10.22222222222222,45.17810011041469,5.532800363518959,muy alto,peor de lo esperado,3.252419860693894,0.0,2.251134,98.936106,88.80579297245964,321.0
20427,20,Oaxaca,Santa María Petapa,16706,822,26.64233576642336,6.956521739130435,24.164612556610898,2.4777232098124635,bajo,en lo esperado,1.3641346084632944,0.0,0.026755,65.063329,24.060517325524646,219.00000000000006
20428,20,Oaxaca,Santa María Quiegolani,2224,146,19.178082191780817,7.272727272727272,39.76675020121992,-20.588668009439104,muy bajo,mejor de lo esperado,1.419999793671507,0.0,0.962273,97.138794,86.5859564164649,27.999999999999993
20429,20,Oaxaca,Santa María Sola,1516,92,33.69565217391305,9.9009900990099,33.72651218442008,-0.03086001050703402,medio,en lo esperado,1.871378893919235,0.0,0.975341,91.678723,3.257103257103257,31.000000000000004
20430,20,Oaxaca,Santa María Tataltepec,317,14,7.142857142857139,0.0,30.30703597307994,-23.164178830222802,muy bajo,mejor de lo esperado,7.021647084762397,0.0,0.322676,83.547945,12.37785016286645,0.9999999999999993
20431,20,Oaxaca,Santa María Tecomavaca,1830,94,21.276595744680847,5.05050505050505,20.932701389114506,0.3438943555663414,muy bajo,en lo esperado,0.1378013977616883,0.0,-0.152934,63.4125,15.442020665901262,19.999999999999996
20432,20,Oaxaca,Santa María Temaxcalapa,903,35,14.285714285714292,2.7777777777777777,12.21092917719784,2.0747851085164513,muy bajo,en lo esperado,0.0,0.0,-0.08515,66.746269,95.18348623853213,5.000000000000002
20433,20,Oaxaca,Santa María Temaxcaltepec,2694,203,72.41379310344828,22.440944881889763,51.78893219780304,20.624860905645242,muy alto,peor de lo esperado,3.1288282503517224,0.0,2.320771,93.748581,92.53849190682983,147.00000000000003
20434,20,Oaxaca,Santa María Teopoxco,3985,248,49.193548387096776,8.181818181818182,41.957815262147946,7.23573312494883,muy alto,peor de lo esperado,1.0001749977060093,0.0,1.451373,94.416769,92.32204745401226,122.0
20435,20,Oaxaca,Santa María Tepantlali,3576,251,43.02788844621514,23.84937238493724,37.78395293153179,5.2439355146833435,muy alto,peor de lo esperado,2.179834727959576,0.0,2.12574,89.319785,94.85967503692764,107.99999999999999
20436,20,Oaxaca,Santa María Texcatitlán,896,40,20.0,6.122448979591836,30.712721138726057,-10.712721138726057,muy bajo,mejor de lo esperado,0.0065834628968188,0.0,2.62809,91.982759,94.94117647058825,8.0
20437,20,Oaxaca,Santa María Tlahuitoltepec,9653,630,25.23809523809524,7.264957264957265,44.229444076121936,-18.991348838026695,bajo,mejor de lo esperado,1.3222050786597224,0.0,1.875627,93.273373,94.84941073766916,159.00000000000003
20438,20,Oaxaca,Santa María Tlalixtac,1839,113,42.47787610619469,6.849315068493151,43.689166943472564,-1.211290837277872,muy alto,en lo esperado,2.3675066594274976,0.0,0.98932,93.539039,38.98500576701269,48.0
20439,20,Oaxaca,Santa María Tonameca,25347,1502,47.802929427430094,20.084185207456404,35.101210808891736,12.701718618538358,muy alto,peor de lo esperado,4.268873112398905,3.195739014647137,1.149733,68.037839,34.57979146601901,718.0
20440,20,Oaxaca,Santa María Totolapilla,812,46,6.521739130434781,2.857142857142857,10.731546021750619,-4.2098068913158375,muy bajo,en lo esperado,0.0,0.0,0.283999,77.668293,39.89834815756036,2.999999999999999
20441,20,Oaxaca,Santa María Xadani,9234,603,48.09286898839137,22.496147919876734,37.53362447716584,10.559244511225536,muy alto,peor de lo esperado,0.1000021407747895,0.0,0.541062,88.127417,93.19735774713176,290.0
20442,20,Oaxaca,Santa María Yalina,250,13,15.384615384615389,12.5,26.052587647331865,-10.667972262716477,muy bajo,mejor de lo esperado,2.0956880235320337,0.0,0.06291,93.942029,66.38297872340425,2.0000000000000004
20443,20,Oaxaca,Santa María Yavesía,434,17,29.411764705882348,0.0,18.937844494135355,10.473920211746993,medio,peor de lo esperado,6.553715399418091,0.0,-0.498614,79.008264,27.25060827250608,4.999999999999999
20444,20,Oaxaca,Santa María Yolotepec,481,26,23.07692307692308,0.0,26.064696159330133,-2.9877730824070525,bajo,en lo esperado,2.2157307704415192,0.0,0.605533,94.913295,49.779735682819386,6.000000000000001
20445,20,Oaxaca,Santa María Yosoyúa,1699,106,10.37735849056604,0.0,37.08805437741908,-26.71069588685304,muy bajo,mejor de lo esperado,2.124202328287794,0.0,1.032147,90.429872,84.94756323257249,11.000000000000004
20446,20,Oaxaca,Santa María Yucuhiti,6008,319,25.07836990595611,3.389830508474576,36.03693365785482,-10.958563751898708,bajo,mejor de lo esperado,3.5212989437455744,0.0,1.036127,91.261786,91.8683614835452,79.99999999999999
20447,20,Oaxaca,Santa María Zacatepec,17100,981,51.37614678899082,14.918190567853706,39.07574202294016,12.300404766050661,muy alto,peor de lo esperado,2.918596771070325,4.48417023540821,0.416853,91.147443,22.30993970286567,504.0
20448,20,Oaxaca,Santa María Zaniza,2469,172,42.44186046511628,13.397129186602871,36.767775214178755,5.674085250937523,muy alto,peor de lo esperado,0.2765069420024068,0.0,2.059072,98.926706,19.382877009995653,73.0
20449,20,Oaxaca,Santa María Zoquitlán,3294,149,54.36241610738255,19.88636363636364,35.673336792931146,18.689079314451405,muy alto,peor de lo esperado,3.998772841542586,17.58033327996256,0.344908,85.295929,0.417201540436457,81.0
20450,20,Oaxaca,Santiago Amoltepec,13855,1002,59.880239520958085,23.598130841121492,54.8284180253279,5.051821495630186,muy alto,peor de lo esperado,2.742760819937264,0.0,3.44575,99.179635,55.34742732784082,600.0000000000001
20451,20,Oaxaca,Santiago Apoala,1019,46,34.78260869565217,3.125,38.82524493989081,-4.042636244238636,alto,en lo esperado,5.223476587723828,0.0,2.629153,95.859438,85.71428571428571,16.0
20452,20,Oaxaca,Santiago Apóstol,4421,230,56.95652173913044,30.62200956937799,47.83060615217278,9.12591558695766,muy alto,peor de lo esperado,3.6154347473538286,0.0,1.462662,94.395656,64.80247501189909,131.0
20453,20,Oaxaca,Santiago Astata,3918,192,27.08333333333333,7.531380753138075,21.486436236966387,5.596897096366941,bajo,peor de lo esperado,4.364469134278775,23.946109693877556,0.819,58.986441,10.281124497991968,51.999999999999986
20454,20,Oaxaca,Santiago Atitlán,3556,221,50.2262443438914,23.34801762114537,33.734650184732516,16.491594159158886,muy alto,peor de lo esperado,1.1799765937096278,0.0,1.638608,94.954192,96.67063020214032,111.0
20455,20,Oaxaca,Santiago Ayuquililla,2904,159,59.11949685534592,14.673913043478262,36.837868609042694,22.281628246303228,muy alto,peor de lo esperado,2.9039677389752416,0.0,0.611244,90.15308,0.4419889502762431,94.00000000000001
20456,20,Oaxaca,Santiago Cacaloxtepec,1667,84,52.38095238095238,5.2631578947368425,32.84423257563363,19.536719805318747,muy alto,peor de lo esperado,5.430918267809117,0.0,0.104648,70.056566,28.282828282828284,44.0
20457,20,Oaxaca,Santiago Camotlán,3346,164,36.58536585365854,13.58695652173913,38.33133236901335,-1.7459665153548158,alto,en lo esperado,3.138948066433576,0.0,1.100689,95.419789,86.45020293474867,60.0
20458,20,Oaxaca,Santiago Comaltepec,1157,50,8.0,0.0,16.517791919813632,-8.517791919813632,muy bajo,mejor de lo esperado,3.427946103589145,12.218990590248074,-0.221398,88.393939,83.0909090909091,4.0
20459,20,Oaxaca,Villa de Santiago Chazumba,4877,236,18.22033898305085,6.551724137931035,24.80412653118138,-6.58378754813053,muy bajo,mejor de lo esperado,2.36324315386328,1.6921395486008708,-0.127523,72.243941,9.78931687593105,43.00000000000001
20460,20,Oaxaca,Santiago Choápam,5242,330,40.60606060606061,20.180722891566266,51.25389228365646,-10.647831677595853,alto,mejor de lo esperado,4.520027384810119,1.817141866712887,1.653172,97.583291,47.82961460446248,134.0
20461,20,Oaxaca,Santiago del Río,527,14,85.71428571428571,25.0,31.14160060042621,54.5726851138595,muy alto,peor de lo esperado,8.771411898534142,0.0,0.945162,85.943548,22.266401590457257,12.0
20462,20,Oaxaca,Santiago Huajolotitlán,4600,234,35.042735042735046,11.654135338345863,26.83492630738514,8.207808735349907,alto,peor de lo esperado,2.52024999774122,0.0,-0.449323,57.552899,0.835214446952596,82.00000000000001
20463,20,Oaxaca,Santiago Huauclilla,525,20,20.0,4.3478260869565215,33.569439095417835,-13.569439095417835,muy bajo,mejor de lo esperado,8.174642317824887,10.202205882352944,0.702516,93.768421,2.1653543307086616,4.0
20464,20,Oaxaca,Santiago Ihuitlán Plumas,341,17,23.529411764705884,5.882352941176471,31.40145872803169,-7.872046963325808,bajo,mejor de lo esperado,8.61939055862872,5.831053351573188,0.234768,94.857143,7.228915662650603,4.0
20465,20,Oaxaca,Santiago Ixcuintepec,1636,121,37.1900826446281,19.35483870967742,30.121731253129873,7.068351391498226,alto,peor de lo esperado,0.3752120383708742,0.0,1.220187,96.097778,71.1963589076723,45.0
20466,20,Oaxaca,Santiago Ixtayutla,13880,946,74.20718816067654,28.600201409869083,57.46882244577486,16.738365714901676,muy alto,peor de lo esperado,3.3672853350484537,1.7938092447010936,2.826272,97.525305,82.1115046973664,702.0000000000001
20467,20,Oaxaca,Santiago Jamiltepec,19112,1058,32.60869565217391,11.598440545808966,23.180793907643984,9.427901744529922,medio,peor de lo esperado,2.1530257389757423,2.675932100184991,0.277049,72.704696,23.25928381962865,344.99999999999994
20468,20,Oaxaca,Santiago Jocotepec,14198,904,52.876106194690266,17.46031746031746,47.89756378714374,4.978542407546527,muy alto,en lo esperado,3.938835885841889,0.0,1.547929,92.073814,68.19033345822406,478.0
20469,20,Oaxaca,Santiago Juxtlahuaca,34735,2123,37.35280263777673,11.120229790726302,48.87802357875145,-11.52522094097472,alto,mejor de lo esperado,2.3678698937173865,0.1884580090082765,1.134541,87.892234,63.62770695745661,793.0
20470,20,Oaxaca,Santiago Lachiguiri,4394,205,23.902439024390247,6.204379562043796,26.030309979388065,-2.1278709549978174,bajo,en lo esperado,2.1137401598789176,0.4830774474073341,1.131297,84.765152,49.85875706214689,49.00000000000001
20471,20,Oaxaca,Santiago Lalopa,431,41,9.756097560975604,12.5,18.79929479072522,-9.043197229749616,muy bajo,mejor de lo esperado,0.0111829987086843,0.0,0.197476,97.432432,94.27207637231504,3.999999999999998
20472,20,Oaxaca,Santiago Laollaga,3361,164,9.756097560975604,5.681818181818182,20.825314834101103,-11.0692172731255,muy bajo,mejor de lo esperado,1.1503963164234894,0.1779359430604982,-0.348325,53.939655,9.313877677739832,15.999999999999991
20473,20,Oaxaca,Santiago Laxopa,1291,77,40.25974025974026,2.985074626865672,34.747981602609435,5.511758657130827,alto,peor de lo esperado,6.68702483588072,0.0,0.270657,96.049875,80.13029315960912,31.0
20474,20,Oaxaca,Santiago Llano Grande,3440,167,13.17365269461078,5.142857142857143,25.91237253265894,-12.738719838048159,muy bajo,mejor de lo esperado,4.900482907939214,0.0,0.154516,62.752449,2.212661339889367,22.000000000000004
20475,20,Oaxaca,Santiago Matatlán,10175,562,33.80782918149467,6.654343807763401,47.799555575349295,-13.991726393854627,medio,mejor de lo esperado,3.442996174681796,0.0,0.564942,91.510346,83.02998965873837,190.00000000000006
20476,20,Oaxaca,Santiago Miltepec,421,14,42.85714285714285,16.666666666666668,20.182350479190507,22.67479237795234,muy alto,peor de lo esperado,9.31051610036264,0.0,-0.104982,65.431034,0.7537688442211056,5.999999999999999
20477,20,Oaxaca,Santiago Minas,1327,58,53.44827586206897,26.229508196721312,33.67127677466335,19.77699908740562,muy alto,peor de lo esperado,3.2225397555299256,0.0,0.535587,85.501235,8.0,31.000000000000004
20478,20,Oaxaca,Santiago Nacaltepec,1599,62,20.967741935483872,5.681818181818182,36.77312423037009,-15.805382294886215,muy bajo,mejor de lo esperado,2.832563626119065,0.0,0.574945,94.695187,1.6118633139909735,13.0
20479,20,Oaxaca,Santiago Nejapilla,174,5,40.0,0.0,29.202690369452437,10.797309630547563,alto,peor de lo esperado,4.351037981575841,0.0,0.869868,96.566667,1.7543859649122806,2.0
20480,20,Oaxaca,Santiago Nundiche,1351,62,20.967741935483872,2.9411764705882355,39.711968642008806,-18.744226706524934,muy bajo,mejor de lo esperado,4.1872122831380665,0.0,2.268356,95.268493,90.7751937984496,13.0
20481,20,Oaxaca,Santiago Nuyoó,1898,86,8.139534883720927,1.7391304347826086,30.548982979431386,-22.40944809571046,muy bajo,mejor de lo esperado,2.3617297203971246,0.0,1.339913,90.413978,90.01097694840834,6.999999999999997
20482,20,Oaxaca,Santiago Pinotepa Nacional,55840,2887,25.28576376861794,6.750392464678179,29.86573763898991,-4.579973870371969,bajo,en lo esperado,0.8925886067754714,0.0,0.164386,62.345719,17.93890236506974,730.0
20483,20,Oaxaca,Santiago Suchilquitongo,10886,584,30.47945205479452,11.282051282051285,28.788578255125284,1.6908737996692373,medio,en lo esperado,0.5934890144408955,0.0,-0.053285,83.559845,1.1769208688163812,178.0
20484,20,Oaxaca,Santiago Tamazola,4458,225,41.77777777777778,9.9601593625498,31.55167666209879,10.22610111567899,alto,peor de lo esperado,1.978092647286288,0.0,0.04282,79.299124,5.679367361610352,94.0
20485,20,Oaxaca,Santiago Tapextla,3134,165,43.63636363636363,18.34862385321101,33.70747920291984,9.928884433443791,muy alto,peor de lo esperado,2.2388800738270778,0.0,1.267955,89.618462,1.5146299483648882,72.0
20486,20,Oaxaca,Villa Tejúpam de la Unión,2419,134,20.895522388059703,4.081632653061225,25.623848183277236,-4.728325795217533,muy bajo,en lo esperado,1.9901997921179009,0.0,-0.046006,63.997257,1.0309278350515465,28.000000000000004
20487,20,Oaxaca,Santiago Tenango,1966,118,36.440677966101696,9.615384615384617,32.10243842221687,4.338239543884825,alto,en lo esperado,3.967117261288982,12.67318733454808,0.457073,90.303876,1.0816657652785289,43.0
20488,20,Oaxaca,Santiago Tepetlapa,130,5,40.0,0.0,28.09902646813917,11.900973531860831,alto,peor de lo esperado,10.10408846858576,51.85185185185185,-0.240311,80.277778,0.7936507936507936,2.0
20489,20,Oaxaca,Santiago Tetepec,4909,304,37.17105263157895,6.948640483383686,29.392367081790056,7.7786855497888965,alto,peor de lo esperado,2.075921893978033,0.0,0.735472,88.527042,25.339074273412272,113.00000000000003
20490,20,Oaxaca,Santiago Texcalcingo,2974,235,52.340425531914896,19.327731092436974,44.241891521461156,8.09853401045374,muy alto,peor de lo esperado,1.2250275011062997,0.0,1.456876,96.314691,94.70525944228731,123.0
20491,20,Oaxaca,Santiago Textitlán,4930,404,21.287128712871294,1.3793103448275863,34.28304840595103,-12.995919693079735,muy bajo,mejor de lo esperado,2.355788764626109,0.4928501735472416,1.046705,96.636799,25.048796356538716,86.00000000000003
20492,20,Oaxaca,Santiago Tilantongo,2764,148,27.70270270270271,2.380952380952381,41.76576291106193,-14.063060208359218,bajo,mejor de lo esperado,4.823960195905388,10.81081081081081,1.697338,96.55776,49.0799849793466,41.00000000000001
20493,20,Oaxaca,Santiago Tillo,545,19,15.78947368421052,0.0,28.835830888291163,-13.046357204080643,muy bajo,mejor de lo esperado,7.727681090420966,0.0,-0.319924,76.092857,2.4761904761904763,2.9999999999999987
20494,20,Oaxaca,Santiago Tlazoyaltepec,6300,468,37.17948717948718,8.118811881188119,58.96434725044097,-21.78486007095379,alto,mejor de lo esperado,3.2322743423108333,0.0,2.09343,98.965186,82.02625378660383,174.0
20495,20,Oaxaca,Santiago Xanica,3029,177,54.23728813559322,17.67676767676768,59.66824095353824,-5.43095281794502,muy alto,mejor de lo esperado,2.193980651533221,0.0,2.452754,96.075644,45.48672566371681,96.0
20496,20,Oaxaca,Santiago Xiacuí,1893,137,18.978102189781023,4.065040650406504,16.239604608364612,2.7384975814164108,muy bajo,en lo esperado,1.944081852298151,0.0,-0.529182,70.990975,10.657095527332965,26.000000000000004
20497,20,Oaxaca,Santiago Yaitepec,4233,276,76.81159420289855,36.827195467422094,69.93489307862853,6.876701124270014,muy alto,peor de lo esperado,2.776115119969609,0.0,2.170316,98.943775,95.40344741443916,212.0
20498,20,Oaxaca,Santiago Yaveo,7593,408,31.127450980392155,11.872146118721462,33.5508522448419,-2.423401264449744,medio,en lo esperado,6.097557949134654,17.414261041204046,1.132662,83.329679,25.71229050279329,127.0
20499,20,Oaxaca,Santiago Yolomécatl,1922,109,22.93577981651376,7.339449541284404,20.840212271897375,2.0955675446163866,bajo,en lo esperado,0.2602699233022019,0.0,-0.485442,59.532967,3.958785249457701,25.0
20500,20,Oaxaca,Santiago Yosondúa,7991,430,41.86046511627907,10.0,37.67599312762421,4.184471988654863,alto,en lo esperado,3.6445446992447255,0.0,1.164142,89.206124,24.047619047619047,180.0
20501,20,Oaxaca,Santiago Yucuyachi,998,40,45.0,14.545454545454543,23.617433639315845,21.382566360684155,muy alto,peor de lo esperado,6.6772845187722725,0.0,0.128714,77.916031,13.270637408568444,18.0
20502,20,Oaxaca,Santiago Zacatepec,5089,273,55.67765567765568,18.48184818481848,55.08824088011778,0.5894147975378985,muy alto,en lo esperado,2.601913221827717,0.0391926317852243,2.817036,94.770833,93.99707174231332,152.0
20503,20,Oaxaca,Santiago Zoochila,425,15,13.333333333333329,4.166666666666667,15.721135756528215,-2.387802423194886,muy bajo,en lo esperado,2.2507242376496865,0.0,-0.509938,85.607477,60.58394160583941,1.9999999999999991
20504,20,Oaxaca,Nuevo Zoquiápam,1590,106,28.301886792452837,1.0869565217391304,23.50378486516951,4.7981019272833265,medio,en lo esperado,0.7253088567103476,0.0,-0.166058,85.120141,40.98143236074271,30.000000000000004
20505,20,Oaxaca,Santo Domingo Ingenio,7681,360,11.944444444444445,2.610966057441253,21.35774655365158,-9.413302109207136,muy bajo,mejor de lo esperado,0.3248908584293822,0.0,-0.598843,60.864647,4.035632339047105,43.0
20506,20,Oaxaca,Santo Domingo Albarradas,798,34,44.11764705882353,9.67741935483871,36.56307161949292,7.5545754393306055,muy alto,peor de lo esperado,10.367703042285632,100.0,0.303456,95.298578,75.52910052910053,15.0
20507,20,Oaxaca,Santo Domingo Armenta,3155,176,30.681818181818187,8.056872037914692,27.616069213709686,3.065748968108501,medio,en lo esperado,1.256878307725955,0.0,0.662058,91.38592,1.88108834397044,54.000000000000014
20508,20,Oaxaca,Santo Domingo Chihuitán,1618,66,18.181818181818187,4.109589041095891,22.164211315928714,-3.982393134110527,muy bajo,en lo esperado,4.519380558634755,1.5261991227656464,-0.4922,37.012346,8.844415752098127,12.000000000000004
20509,20,Oaxaca,Santo Domingo de Morelos,11384,784,68.87755102040816,28.431372549019606,40.38389255600336,28.493658464404803,muy alto,peor de lo esperado,2.5579301817397573,0.0,2.00953,89.084281,83.76568248278464,540.0
20510,20,Oaxaca,Santo Domingo Ixcatlán,760,51,3.9215686274509807,5.2631578947368425,22.882288992624417,-18.960720365173437,muy bajo,mejor de lo esperado,0.7597516776380304,0.0,1.119616,90.763713,19.47513812154696,2.0
20511,20,Oaxaca,Santo Domingo Nuxaá,3335,217,45.16129032258065,5.714285714285714,39.698008487130394,5.463281835450253,muy alto,peor de lo esperado,3.454343395843189,0.0,1.96311,98.350863,48.539114043355326,98.00000000000001
20512,20,Oaxaca,Santo Domingo Ozolotepec,1101,65,29.230769230769223,11.666666666666666,42.08151947577422,-12.850750245004999,medio,mejor de lo esperado,0.4483388310533007,0.0,1.223335,97.152074,36.40824337585868,18.999999999999993
20513,20,Oaxaca,Santo Domingo Petapa,9027,506,32.21343873517786,9.906542056074766,27.89278634437717,4.320652390800689,medio,en lo esperado,0.9064139200306872,0.0,0.444925,79.684096,30.417892878163627,162.99999999999997
20514,20,Oaxaca,Santo Domingo Roayaga,941,50,72.0,14.516129032258064,45.17327375074337,26.82672624925663,muy alto,peor de lo esperado,6.507538029438782,0.0,2.366782,96.459459,94.8488241881299,36.0
20515,20,Oaxaca,Santo Domingo Tehuantepec,67739,3677,18.08539570301876,5.6158940397351,23.609110592419704,-5.523714889400942,muy bajo,mejor de lo esperado,1.63253468123338,3.725878139830201,-0.369077,55.391649,8.372279548995111,664.9999999999999
20516,20,Oaxaca,Santo Domingo Teojomulco,5260,336,41.96428571428572,16.867469879518072,36.57096765555014,5.393318058735581,alto,peor de lo esperado,1.7470690488884466,0.0,0.472315,89.46483,1.3891685121803905,141.00000000000003
20517,20,Oaxaca,Santo Domingo Tepuxtepec,6029,382,43.45549738219896,11.883408071748878,48.75661694939414,-5.30111956719518,muy alto,mejor de lo esperado,3.030175359361494,0.0,2.627738,92.384758,95.95959595959596,166.00000000000006
20518,20,Oaxaca,Santo Domingo Tlatayápam,113,5,0.0,0.0,21.555386977973463,-21.555386977973463,muy bajo,mejor de lo esperado,2.6270918281017237,0.0,0.316328,80.4,0.0,0.0
20519,20,Oaxaca,Santo Domingo Tomaltepec,3386,154,41.55844155844156,15.384615384615383,28.323418502071664,13.235023056369894,alto,peor de lo esperado,1.965601725304948,0.0,-0.341872,73.761803,15.932203389830509,63.99999999999999
20520,20,Oaxaca,Santo Domingo Tonalá,7393,411,39.90267639902677,17.105263157894736,33.645585655247764,6.257090743779003,alto,peor de lo esperado,0.909645138890002,0.0,-0.012045,60.042495,23.618804147138192,164.0
20521,20,Oaxaca,Santo Domingo Tonaltepec,250,13,7.692307692307693,6.666666666666667,35.7773817307004,-28.085074038392705,muy bajo,mejor de lo esperado,7.955933703164353,4.37956204379562,0.511728,98.434783,9.243697478991596,1.0
20522,20,Oaxaca,Santo Domingo Xagacía,1205,54,53.7037037037037,6.097560975609756,30.453580910338562,23.25012279336514,muy alto,peor de lo esperado,1.6780745674603208,0.0,1.287641,95.368778,80.87719298245614,28.999999999999996
20523,20,Oaxaca,Santo Domingo Yanhuitlán,1633,75,9.333333333333329,6.349206349206349,20.376555717736238,-11.04322238440291,muy bajo,mejor de lo esperado,0.6237028869532414,0.0,-0.014869,54.708889,2.350698856416773,6.9999999999999964
20524,20,Oaxaca,Santo Domingo Yodohino,327,11,63.63636363636363,23.07692307692308,37.29915724819542,26.337206388168212,muy alto,peor de lo esperado,6.279180864633216,0.0,-0.266811,97.229508,0.0,7.0
20525,20,Oaxaca,Santo Domingo Zanatepec,12483,649,20.33898305084746,7.254623044096728,26.290661135887532,-5.951678085040072,muy bajo,mejor de lo esperado,1.2506113918221882,7.454076614296727,-0.148122,66.694496,1.6227519866164786,132.0
20526,20,Oaxaca,Santos Reyes Nopala,16688,982,44.60285132382892,19.06028368794326,31.112312367878815,13.490538955950107,muy alto,peor de lo esperado,1.6977059560919734,0.0,0.947052,76.952765,49.3666877770741,438.00000000000006
20527,20,Oaxaca,Santos Reyes Pápalo,2490,175,48.0,9.090909090909092,40.0676354620364,7.9323645379636005,muy alto,peor de lo esperado,0.9924888633083496,0.0,1.404374,98.538012,81.46883005977797,84.0
20528,20,Oaxaca,Santos Reyes Tepejillo,904,26,34.61538461538461,3.92156862745098,31.414541630854064,3.2008429845305493,alto,en lo esperado,7.512375816632304,0.0,0.819313,88.7,79.95365005793742,9.0
20529,20,Oaxaca,Santos Reyes Yucuná,1474,145,76.55172413793103,16.89189189189189,51.840746334009026,24.710977803922006,muy alto,peor de lo esperado,4.81338621687244,0.0,1.641663,98.273828,94.94875549048317,111.0
20530,20,Oaxaca,Santo Tomás Jalieza,3923,220,44.54545454545455,8.585858585858587,38.01828021459418,6.527174330860369,muy alto,peor de lo esperado,1.2359066375288863,0.0,0.924626,76.076154,12.05308775731311,98.00000000000001
20531,20,Oaxaca,Santo Tomás Mazaltepec,2612,122,45.08196721311475,10.218978102189782,38.38977256649139,6.6921946466233635,muy alto,peor de lo esperado,5.073905526132848,0.0,-0.01625,83.914465,45.12489927477841,54.99999999999999
20532,20,Oaxaca,Santo Tomás Ocotepec,4066,222,38.73873873873874,4.779411764705882,48.408142161162395,-9.669403422423656,alto,mejor de lo esperado,2.9090620522732613,0.0,1.782298,97.325994,92.90523045054375,86.0
20533,20,Oaxaca,Santo Tomás Tamazulapan,2726,142,42.95774647887324,10.989010989010987,42.01762402399164,0.9401224548816032,muy alto,en lo esperado,6.57738146568072,0.0,0.096,68.967742,13.58548822848321,61.0
20534,20,Oaxaca,San Vicente Coatlán,3512,249,64.2570281124498,30.43478260869565,44.82081155468943,19.436216557760375,muy alto,peor de lo esperado,0.2758348958998968,0.0,1.811161,98.035901,90.64574532287266,160.0
20535,20,Oaxaca,San Vicente Lachixío,3227,198,50.0,5.46875,60.51212662643121,-10.512126626431211,muy alto,mejor de lo esperado,3.951854771533813,0.0,1.295182,97.774142,96.05392962841172,99.0
20536,20,Oaxaca,San Vicente Nuñú,449,11,54.54545454545455,0.0,18.68417324131968,35.86128130413486,muy alto,peor de lo esperado,8.063959134267948,0.0,-0.134103,81.69697,0.9195402298850576,6.0
20537,20,Oaxaca,Silacayoápam,6710,348,37.35632183908046,10.855263157894736,35.76300848977197,1.5933133493084881,alto,en lo esperado,2.8126451807226016,0.0,0.095293,82.322382,16.50928548945546,130.0
20538,20,Oaxaca,Sitio de Xitlapehua,713,37,37.83783783783784,12.5,30.685139089810313,7.152698748027525,alto,peor de lo esperado,5.436298715719846,0.0,0.387424,82.97479,1.6272189349112427,14.0
20539,20,Oaxaca,Soledad Etla,6348,331,34.44108761329305,11.526479750778815,24.07282531996141,10.36826229333164,alto,peor de lo esperado,1.1591218558716765,0.0,-0.531059,57.709315,3.1618610747051115,113.99999999999999
20540,20,Oaxaca,Villa de Tamazulápam del Progreso,8326,422,20.616113744075832,6.021505376344086,25.16501407644418,-4.548900332368348,muy bajo,en lo esperado,0.7718979492341091,0.4731948152033868,-0.516492,64.324895,2.700665745509358,87.00000000000001
20541,20,Oaxaca,Tanetze de Zaragoza,1558,120,6.666666666666671,0.0,19.713823338022554,-13.047156671355882,muy bajo,mejor de lo esperado,0.0044538125128186,0.0,0.381493,83.846966,84.08190224570674,8.000000000000005
20542,20,Oaxaca,Taniche,887,43,46.51162790697674,27.027027027027028,27.31133036470463,19.20029754227211,muy alto,peor de lo esperado,2.329998867553983,0.0,0.319629,83.561265,0.5882352941176471,20.0
20543,20,Oaxaca,Tataltepec de Valdés,6386,390,46.41025641025641,11.96808510638298,44.567161484705366,1.8430949255510427,muy alto,en lo esperado,0.537033701876686,0.0,1.152219,96.353409,55.899064171122994,180.99999999999997
20544,20,Oaxaca,Teococuilco de Marcos Pérez,1032,37,45.94594594594594,7.6923076923076925,28.436628339033003,17.509317606912933,muy alto,peor de lo esperado,6.839218006066756,0.0,0.225874,91.740864,70.62436028659161,16.999999999999996
20545,20,Oaxaca,Teotitlán de Flores Magón,10099,590,19.66101694915254,8.231173380035026,25.16568954434711,-5.50467259519457,muy bajo,mejor de lo esperado,0.7109469168774758,0.0,-0.412565,59.116635,15.620743844944997,115.99999999999999
20546,20,Oaxaca,Teotitlán del Valle,6392,305,29.50819672131148,3.2467532467532467,39.40772300079237,-9.899526279480892,medio,mejor de lo esperado,1.0654360973816823,0.0,0.146424,80.291363,63.506725004051205,90.00000000000001
20547,20,Oaxaca,Teotongo,1005,55,20.0,1.7241379310344829,24.08508978903848,-4.085089789038481,muy bajo,en lo esperado,1.758199343097244,0.0,-0.102436,69.972509,2.385892116182573,11.0
20548,20,Oaxaca,Tepelmeme Villa de Morelos,1960,110,42.72727272727273,17.142857142857142,34.359255913213644,8.368016814059082,muy alto,peor de lo esperado,3.357198121656196,16.950283616950287,0.839862,88.974286,1.8949648077964267,47.0
20549,20,Oaxaca,"Heroica Villa Tezoatlán de Segura y Luna, Cuna de la Independencia de Oaxaca",11465,545,35.41284403669725,8.277027027027026,26.980000322546672,8.432843714150579,alto,peor de lo esperado,2.2691994973180565,0.0,0.529694,82.281928,49.45347662349591,193.0
20550,20,Oaxaca,San Jerónimo Tlacochahuaya,5764,312,16.98717948717949,7.067137809187279,36.15333651283037,-19.166157025650882,muy bajo,mejor de lo esperado,4.674367377683762,0.0,0.09442,60.644324,39.40158615717375,53.0
20551,20,Oaxaca,Tlacolula de Matamoros,30254,1528,26.76701570680628,7.320099255583126,29.537609569235844,-2.770593862429564,bajo,en lo esperado,1.671257746033676,0.0,-0.379236,44.965529,20.290556900726397,408.99999999999994
20552,20,Oaxaca,Tlacotepec Plumas,410,26,30.769230769230774,3.4482758620689653,28.848884474723135,1.9203462945076382,medio,en lo esperado,8.298178649805426,7.636431365244924,-0.115118,92.477064,7.017543859649122,8.0
20553,20,Oaxaca,Tlalixtac de Cabrera,12067,622,30.86816720257235,10.671256454388985,26.430745691489577,4.437421511082775,medio,en lo esperado,0.1323184541836699,0.0,-0.576476,53.652998,8.160949637776032,192.00000000000003
20554,20,Oaxaca,Totontepec Villa de Morelos,5904,327,41.59021406727829,20.2020202020202,47.43555920454988,-5.845345137271593,alto,mejor de lo esperado,3.850955223689047,0.0168747890651366,1.362348,94.11655,81.59553394561499,136.0
20555,20,Oaxaca,Trinidad Zaachila,3419,136,30.14705882352941,8.387096774193548,34.79675255169537,-4.6496937281659605,medio,en lo esperado,2.9331081180137004,0.0,0.00343,70.581761,1.464754348489472,41.0
20556,20,Oaxaca,La Trinidad Vista Hermosa,306,16,12.5,5.2631578947368425,29.160556579770088,-16.660556579770088,muy bajo,mejor de lo esperado,5.906596683683317,0.0,0.028157,83.333333,6.122448979591836,2.0
20557,20,Oaxaca,Unión Hidalgo,14542,736,11.141304347826091,1.958041958041958,14.776694049457458,-3.6353897016313663,muy bajo,en lo esperado,0.0604738233825276,0.0,-0.832889,51.264368,49.18454935622318,82.00000000000004
20558,20,Oaxaca,Valerio Trujano,1376,83,25.301204819277103,4.225352112676056,19.624501664426205,5.676703154850898,bajo,peor de lo esperado,4.320806376916084,0.0,0.039569,74.760309,15.662650602409638,20.999999999999993
20559,20,Oaxaca,San Juan Bautista Valle Nacional,23067,1232,34.25324675324676,6.910246227164416,25.93066319197107,8.322583561275692,alto,peor de lo esperado,2.699129962788556,2.0360499201626934,0.09895,83.218075,53.37032281731474,422.0000000000001
20560,20,Oaxaca,Villa Díaz Ordaz,6467,280,46.785714285714285,11.174785100286533,42.4911309621098,4.294583323604485,muy alto,en lo esperado,1.8914214046733748,5.353004149743952,0.464228,93.112721,82.49757360077645,131.0
20561,20,Oaxaca,Yaxe,2954,193,37.30569948186528,8.620689655172415,33.56305437485095,3.742645107014333,alto,en lo esperado,0.0,0.0,1.748345,91.674157,1.0668563300142246,72.0
20562,20,Oaxaca,Magdalena Yodocono de Porfirio Díaz,1682,112,24.10714285714286,8.333333333333334,26.672139104188865,-2.564996247046004,bajo,en lo esperado,0.8255044238428558,0.0,0.086631,82.988764,0.8722741433021807,27.000000000000004
20563,20,Oaxaca,Yogana,1245,51,62.74509803921568,18.181818181818183,21.189895265565262,41.555202773650414,muy alto,peor de lo esperado,0.1620662783372692,0.0,1.573704,89.636364,0.0841750841750841,31.999999999999993
20564,20,Oaxaca,Yutanduchi de Guerrero,1195,74,12.16216216216216,1.3157894736842106,29.457145356171804,-17.294983194009646,muy bajo,mejor de lo esperado,0.1577613416952905,0.0,1.434728,95.438144,82.44680851063829,8.999999999999998
20565,20,Oaxaca,Villa de Zaachila,46464,2551,26.18580948647589,8.99666790077749,33.994903415355175,-7.809093928879285,bajo,mejor de lo esperado,2.330631375659456,0.0,0.430165,62.702184,11.091756402135552,668.0
20566,20,Oaxaca,San Mateo Yucutindoo,3144,194,22.164948453608247,6.493506493506493,38.31553551793353,-16.150587064325286,bajo,mejor de lo esperado,1.7079196045301388,0.0,1.449143,92.715686,1.4261460101867571,43.0
20567,20,Oaxaca,Zapotitlán Lagunas,3382,175,51.42857142857143,23.46938775510204,39.797022655426545,11.631548773144885,muy alto,peor de lo esperado,3.349080473547592,0.0,0.798769,84.889073,0.5089058524173028,90.00000000000001
20568,20,Oaxaca,Zapotitlán Palmas,1695,104,39.42307692307692,3.947368421052632,18.500960966157365,20.922115956919555,alto,peor de lo esperado,0.635169858024429,0.0,0.01774,73.065256,13.240857503152585,41.0
20569,20,Oaxaca,Santa Inés de Zaragoza,1454,65,27.692307692307693,7.84313725490196,26.15010737432084,1.542200317986854,bajo,en lo esperado,3.134182744708452,0.0,1.18877,91.764019,34.93635077793493,18.0
20570,20,Oaxaca,Zimatlán de Álvarez,22093,1252,27.396166134185307,9.34065934065934,38.37038620337958,-10.974220069194274,bajo,mejor de lo esperado,1.1941422576996232,1.1334755581818392,0.004137,69.757723,4.058952589907469,343.00000000000006
21001,21,Puebla,Acajete,72894,4551,40.78224566029444,15.18151815181518,41.280173008484525,-0.4979273481900819,alto,en lo esperado,1.3886155012521806,0.0,0.043081,89.813324,5.801418648891772,1856.0
21002,21,Puebla,Acateno,9170,515,35.728155339805824,15.8,26.141934143066504,9.58622119673932,alto,peor de lo esperado,1.2164730598951778,0.0,0.411887,78.363162,2.255725630107032,184.0
21003,21,Puebla,Acatlán,37955,1920,20.52083333333333,6.93815987933635,30.378948780368106,-9.858115447034777,muy bajo,mejor de lo esperado,0.7391926655607411,0.0,-0.37788,77.446046,1.1469554054808282,393.99999999999994
21004,21,Puebla,Acatzingo,63743,4021,52.44963939318578,24.52020202020202,41.635994799898185,10.813644593287592,muy alto,peor de lo esperado,0.4789521058021711,0.0,0.025824,90.036874,0.2741523143164693,2109.0
21005,21,Puebla,Acteopan,3070,134,51.492537313432834,6.569343065693431,44.16405642153888,7.328480891893953,muy alto,peor de lo esperado,0.6498801826283576,0.0,1.468753,93.578358,25.57343375556316,68.99999999999999
21006,21,Puebla,Ahuacatlán,14542,940,24.8936170212766,5.8201058201058204,40.032134095373074,-15.138517074096473,bajo,mejor de lo esperado,0.8501535330174459,0.0,1.407935,79.329043,82.72293577981651,234.00000000000006
21007,21,Puebla,Ahuatlán,3162,155,32.25806451612904,11.827956989247312,39.15625356414893,-6.898189048019894,medio,mejor de lo esperado,0.6457002139118925,0.0,0.247092,90.606631,1.8641810918774968,50.00000000000001
21008,21,Puebla,Ahuazotepec,11439,724,18.646408839779,6.327160493827161,29.42048801485862,-10.77407917507962,muy bajo,mejor de lo esperado,0.9084949158988876,0.0,-0.61319,68.919214,0.7232267037552156,134.99999999999994
21009,21,Puebla,Ahuehuetitla,2207,103,26.213592233009702,12.244897959183673,36.32590097458439,-10.11230874157469,bajo,mejor de lo esperado,1.5719493566209246,0.0,-0.033875,77.788873,0.482392667631452,26.999999999999993
21010,21,Puebla,Ajalpan,74768,4919,47.36735108761943,21.61887329672565,43.897630083750556,3.4697210038688766,muy alto,en lo esperado,0.6990021269642099,0.0,1.301096,86.429586,48.01807470113825,2330.0
21011,21,Puebla,Albino Zertuche,1885,99,29.292929292929287,10.317460317460318,30.204556850468105,-0.911627557538818,medio,en lo esperado,0.0927554735980542,0.0,-0.077474,83.542813,1.2359550561797752,28.999999999999993
21012,21,Puebla,Aljojuca,6591,328,23.475609756097555,7.288629737609329,37.185129689778876,-13.709519933681321,bajo,mejor de lo esperado,1.2438143972557576,0.0,-0.165687,85.977387,0.1752429504540385,76.99999999999997
21013,21,Puebla,Altepexi,22629,1208,50.57947019867549,24.11067193675889,37.10571165727776,13.473758541397729,muy alto,peor de lo esperado,0.1053231909648847,0.0,-0.108496,86.796991,45.87525150905432,610.9999999999999
21014,21,Puebla,Amixtlán,4812,339,17.40412979351032,9.642857142857142,40.43627396944497,-23.032144175934647,muy bajo,mejor de lo esperado,0.3085333822453477,0.0,1.322476,86.204686,65.20114310837546,58.99999999999999
21015,21,Puebla,Amozoc,125876,7531,27.380161997078744,9.90798773169756,31.33761218405285,-3.957450186974107,bajo,en lo esperado,0.746535404964526,0.0,-0.641049,67.31931,2.1567918771485965,2062.0000000000005
21016,21,Puebla,Aquixtla,9021,514,38.32684824902724,9.496124031007753,32.637076384362786,5.689771864664458,alto,peor de lo esperado,1.8167902269180616,0.0,0.287023,78.483982,4.204062352385451,197.00000000000003
21017,21,Puebla,Atempan,29742,2042,33.496571988246814,9.327217125382264,43.3392426290211,-9.842670640774287,medio,mejor de lo esperado,0.4536492305700259,0.0,0.306085,87.692577,29.30289500216045,684.0
21018,21,Puebla,Atexcal,3859,228,14.912280701754383,5.791505791505792,30.19481221438051,-15.282531512626125,muy bajo,mejor de lo esperado,1.7378532552233834,9.205755258386835,0.256855,79.097953,0.9449694274596998,33.99999999999999
21019,21,Puebla,Atlixco,141793,7650,30.862745098039213,12.09136916974422,23.710650563762464,7.152094534276749,medio,peor de lo esperado,0.6691017877687987,0.0,-0.655502,69.587084,2.6673714145331915,2360.9999999999995
21020,21,Puebla,Atoyatempan,7704,453,37.969094922737305,19.06693711967545,32.58351405453799,5.3855808681993125,alto,peor de lo esperado,0.087092155905319,0.0,-0.087151,93.527924,7.577845136401212,172.0
21021,21,Puebla,Atzala,1512,86,30.232558139534888,11.627906976744184,23.54875801381626,6.683800125718626,medio,peor de lo esperado,0.1023303098226792,0.0,-0.538135,61.719124,0.2083333333333333,26.000000000000004
21022,21,Puebla,Atzitzihuacán,12857,679,39.175257731958766,14.985163204747774,40.271235155535834,-1.095977423577068,alto,en lo esperado,0.5776185921995887,0.0,0.253842,90.872235,0.520747230947264,266.00000000000006
21023,21,Puebla,Atzitzintla,9051,564,44.8581560283688,20.114942528735632,50.34927989341795,-5.491123865049147,muy alto,mejor de lo esperado,0.6024029705085289,0.0,0.554073,93.690756,0.0474552141416538,253.00000000000003
21024,21,Puebla,Axutla,976,50,18.0,9.75609756097561,23.94284110876623,-5.942841108766231,muy bajo,mejor de lo esperado,1.7530417849370066,0.0,-0.382745,64.15261,0.6458557588805167,9.0
21025,21,Puebla,Ayotoxco de Guerrero,8208,444,27.47747747747748,12.200435729847497,27.966494659260935,-0.4890171817834563,bajo,en lo esperado,1.135935906728728,0.0,0.309108,82.008954,22.75888717156105,122.00000000000001
21026,21,Puebla,Calpan,15271,842,26.36579572446556,6.666666666666667,36.6073554460626,-10.241559721597039,bajo,mejor de lo esperado,0.6465352877173794,0.0,-0.075161,86.694402,13.455172413793104,222.0
21027,21,Puebla,Caltepec,4128,236,19.91525423728814,5.508474576271187,21.646755014412367,-1.7315007771242286,muy bajo,en lo esperado,2.188003526084608,3.7805890685292822,0.638184,86.372642,2.9964448958862366,47.00000000000001
21028,21,Puebla,Camocuautla,2758,211,41.23222748815166,15.343915343915343,42.05947359699484,-0.827246108843184,alto,en lo esperado,0.9377639238412238,0.0,1.340639,93.559406,96.93016116653877,87.0
21029,21,Puebla,Caxhuacan,3811,211,9.478672985781984,3.902439024390244,32.668019776175825,-23.18934679039384,muy bajo,mejor de lo esperado,0.1477936362428598,0.0,0.621012,83.418796,79.19314727825366,19.999999999999982
21030,21,Puebla,Coatepec,772,39,15.384615384615389,5.128205128205129,20.1324667897184,-4.747851405103011,muy bajo,en lo esperado,0.0179178704205782,0.0,0.648753,77.132231,78.53260869565217,6.000000000000002
21031,21,Puebla,Coatzingo,2820,158,44.30379746835443,19.01840490797546,39.19808639032527,5.1057110780291595,muy alto,peor de lo esperado,0.912210281720864,0.0,0.220089,88.149364,0.0749906261717285,70.0
21032,21,Puebla,Cohetzala,1382,54,20.370370370370367,4.109589041095891,29.636733839682886,-9.26636346931252,muy bajo,mejor de lo esperado,0.840090558656712,0.0,-0.145771,84.167883,5.255140898705255,10.999999999999998
21033,21,Puebla,Cohuecan,5403,276,31.8840579710145,8.823529411764707,37.67773733897395,-5.793679367959449,medio,mejor de lo esperado,0.4957392578210361,0.0,0.291803,86.86417,6.3345754069425375,88.00000000000003
21034,21,Puebla,Coronango,46836,2346,25.447570332480822,9.045014724442575,26.577088639656218,-1.1295183071753954,bajo,en lo esperado,0.1985754247591604,0.0,-0.735733,75.072458,0.9880525144232952,597.0000000000001
21035,21,Puebla,Coxcatlán,20653,1240,27.5,9.523809523809524,30.5211551326682,-3.0211551326681985,bajo,en lo esperado,0.681483664085296,0.0,0.102949,84.142091,34.55833630664152,341.0
21036,21,Puebla,Coyomeapan,14806,1081,48.38112858464385,25.0,40.979331776981844,7.401796807662002,muy alto,peor de lo esperado,1.7603844391691736,0.0,1.820886,97.356206,94.05976412705304,523.0
21037,21,Puebla,Coyotepec,2334,128,11.71875,2.8846153846153846,25.662180668203,-13.943430668203,muy bajo,mejor de lo esperado,1.5127216583749552,0.0,-0.226576,60.73947,3.925066904549509,15.0
21038,21,Puebla,Cuapiaxtla de Madero,10542,590,48.47457627118644,23.93026941362916,35.329862128573524,13.14471414261292,muy alto,peor de lo esperado,0.141778432365254,0.0,-0.019191,87.882905,0.3978779840848806,286.0
21039,21,Puebla,Cuautempan,9837,556,36.69064748201439,13.087248322147651,31.48565523164184,5.204992250372552,alto,peor de lo esperado,1.1395315057280249,0.0,0.838297,87.267269,65.48327741097522,204.00000000000003
21040,21,Puebla,Cuautinchán,12340,752,41.223404255319146,11.497326203208557,38.68300144489851,2.5404028104206375,alto,en lo esperado,1.452659686903511,0.0,0.180889,82.599548,1.907639188605956,310.0
21041,21,Puebla,Cuautlancingo,137435,6921,16.731686172518422,7.246167196991611,18.517948333944823,-1.7862621614264,muy bajo,en lo esperado,0.7186434863132978,0.0,-1.207851,40.091212,1.407592932345709,1158.0
21042,21,Puebla,Cuayuca de Andrade,3315,188,32.97872340425532,13.095238095238097,45.49589259343452,-12.5171691891792,medio,mejor de lo esperado,2.793133936917087,0.0,0.305054,85.203499,0.2248634757468679,61.99999999999999
21043,21,Puebla,Cuetzalan del Progreso,49864,3138,28.77629063097514,11.734855692990802,31.193310686756227,-2.4170200557810873,medio,en lo esperado,0.7463884993646316,0.0,0.848693,88.396633,69.37490726413294,902.9999999999998
21044,21,Puebla,Cuyoaco,17139,1041,28.338136407300667,8.619091751621871,33.419700295987376,-5.081563888686709,medio,mejor de lo esperado,1.0893116942876326,0.0,-0.200844,77.786462,1.7346749799370331,294.99999999999994
21045,21,Puebla,Chalchicomula de Sesma,47410,2773,29.715109989181386,9.860745201354913,32.128341688306286,-2.4132316991249,medio,en lo esperado,0.8105823012141764,0.0,-0.251969,77.668494,0.267851164036517,823.9999999999999
21046,21,Puebla,Chapulco,8193,517,40.81237911025145,12.218045112781954,32.070292333570805,8.742086776680644,alto,peor de lo esperado,0.2029307408595403,0.0,-0.132924,84.210923,1.6065830721003134,211.0
21047,21,Puebla,Chiautla,21699,1142,29.246935201401044,8.9058524173028,36.734567582661924,-7.48763238126088,medio,mejor de lo esperado,1.0499265391463155,0.1151794824752118,-0.364776,76.014565,0.2581336450418858,333.9999999999999
21048,21,Puebla,Chiautzingo,22039,1265,26.245059288537547,6.965174129353234,27.464003905988843,-1.218944617451296,bajo,en lo esperado,0.4087274894884822,0.0,-0.460464,81.434551,1.1339066929323018,332.0
21049,21,Puebla,Chiconcuautla,17382,1358,43.961708394698086,16.885119506553586,51.56835875677957,-7.606650362081481,muy alto,mejor de lo esperado,0.6311469057234894,0.0,1.618709,95.890768,63.58196063915109,597.0
21050,21,Puebla,Chichiquila,26928,2069,57.467375543740935,23.874755381604697,49.94014018962104,7.527235354119895,muy alto,peor de lo esperado,0.6953572484228364,0.0,1.716905,91.772743,20.87112171837709,1189.0
21051,21,Puebla,Chietla,37030,1912,34.57112970711297,12.704269899841856,32.317319656761526,2.253810050351447,alto,en lo esperado,0.4057043721090314,0.0,-0.457901,74.487991,0.2275571737399021,661.0000000000001
21052,21,Puebla,Chigmecatitlán,1215,70,15.714285714285708,6.25,20.34016262541161,-4.6258769111259035,muy bajo,en lo esperado,0.0,0.0,0.539796,91.644231,65.25781910397295,10.999999999999996
21053,21,Puebla,Chignahuapan,66464,3848,32.224532224532226,9.45416557848002,34.483190680171724,-2.258658455639498,medio,en lo esperado,0.8955676488526904,0.0,-0.320023,75.128082,0.590787556637154,1240.0
21054,21,Puebla,Chignautla,35223,2387,33.97570171763721,14.79859894921191,36.912948080287784,-2.9372463626505763,medio,en lo esperado,0.5591090252738419,0.0,0.213228,80.613812,10.44476850164054,811.0000000000001
21055,21,Puebla,Chila,5082,292,31.16438356164383,15.384615384615383,38.36711022645851,-7.202726664814676,medio,mejor de lo esperado,1.667835070601728,0.0,0.17306,84.755995,0.5196424859696529,90.99999999999999
21056,21,Puebla,Chila de la Sal,1317,47,21.276595744680847,12.12121212121212,33.24916965789845,-11.972573913217602,muy bajo,mejor de lo esperado,1.270403050079918,0.0,-0.297079,77.231198,0.3987240829346092,9.999999999999998
21057,21,Puebla,Honey,6687,411,34.06326034063261,7.969151670951157,41.25877409590633,-7.195513755273723,medio,mejor de lo esperado,2.1011737147581457,0.0,0.283898,83.133111,7.205623901581722,140.00000000000003
21058,21,Puebla,Chilchotla,21002,1413,52.016985138004245,16.889738687061822,56.71222510246806,-4.695239964463816,muy alto,en lo esperado,0.7671481560066413,0.0,0.829811,94.233707,7.502048340843916,735.0
21059,21,Puebla,Chinantla,2846,144,41.66666666666666,13.79310344827586,36.184747574946805,5.481919091719853,alto,peor de lo esperado,1.3869484703312949,0.0,0.035364,78.006466,0.8531157270029673,59.999999999999986
21060,21,Puebla,Domingo Arenas,7982,511,43.05283757338552,15.0,36.275561914169415,6.777275659216102,muy alto,peor de lo esperado,0.684904396401576,0.0,0.226234,90.07233,2.527901035363722,220.0
21061,21,Puebla,Eloxochitlán,14461,1065,62.53521126760563,27.95497185741088,54.20736544517465,8.32784582243098,muy alto,peor de lo esperado,1.4406223430931735,0.0,2.422952,97.422658,88.38383838383838,665.9999999999999
21062,21,Puebla,Epatlán,4943,277,25.631768953068587,9.79020979020979,29.567961902710667,-3.9361929496420807,bajo,en lo esperado,1.144107845457029,0.0,-0.375328,67.101172,1.4743589743589745,70.99999999999999
21063,21,Puebla,Esperanza,14766,850,26.117647058823536,12.13872832369942,33.71463117841683,-7.596984119593294,bajo,mejor de lo esperado,0.8341333861138389,0.0,-0.205754,82.972069,0.1222757678198949,222.00000000000003
21064,21,Puebla,Francisco Z. Mena,17824,964,20.12448132780084,6.027987082884822,31.788389787982876,-11.663908460182036,muy bajo,mejor de lo esperado,1.3954610509670693,0.0,0.382546,82.150577,7.499113579955088,194.00000000000009
21065,21,Puebla,General Felipe Ángeles,22694,1421,43.20900774102745,18.97759103641457,43.53202650649449,-0.3230187654670402,muy alto,en lo esperado,0.470476397640447,0.0,0.116638,90.639048,0.2448787379326583,614.0000000000001
21066,21,Puebla,Guadalupe,6451,303,27.06270627062706,8.227848101265822,33.85309347508839,-6.790387204461332,bajo,mejor de lo esperado,0.9124139002062788,0.0,-0.037402,77.513419,0.310254735467015,82.0
21067,21,Puebla,Guadalupe Victoria,18784,1247,33.680834001603856,12.564543889845094,35.92798302435057,-2.2471490227467115,medio,en lo esperado,0.5793738043011206,0.0,-0.012301,82.868248,1.0285391353489686,420.00000000000006
21068,21,Puebla,Hermenegildo Galeana,7011,452,19.46902654867256,6.560636182902584,33.64699685816521,-14.17797030949265,muy bajo,mejor de lo esperado,1.2260863122888292,0.0,1.265036,87.667859,67.94042425154205,87.99999999999997
21069,21,Puebla,Huaquechula,29233,1497,46.62658650634602,18.603382433169667,35.58309636958422,11.043490136761804,muy alto,peor de lo esperado,1.64914356482951,0.0,-0.030067,81.718803,0.4636051690151128,698.0
21070,21,Puebla,Huatlatlauca,6111,346,23.41040462427746,8.91891891891892,37.9703526690505,-14.559948044773037,bajo,mejor de lo esperado,1.7956518853045498,0.0,0.581877,86.546716,61.20143761766216,81.00000000000001
21071,21,Puebla,Huauchinango,103946,6237,21.00368767035434,7.48757415424082,28.855742770851016,-7.852055100496678,muy bajo,mejor de lo esperado,0.3659602290600611,0.0,-0.295619,76.206758,20.160053622025654,1310.0
21072,21,Puebla,Huehuetla,17082,1037,33.944069431051105,16.796536796536795,36.51382373475924,-2.5697543037081374,medio,en lo esperado,0.4666496798392072,0.0,1.656486,86.952164,84.52146028613714,351.99999999999994
21073,21,Puebla,Huehuetlán el Chico,9760,478,29.4979079497908,11.776447105788424,35.21790350473121,-5.719995554940411,medio,mejor de lo esperado,0.13446156671748,0.0,-0.073047,91.203902,0.2179361447096001,141.00000000000003
21074,21,Puebla,Huejotzingo,90794,5100,24.411764705882348,8.069620253164556,24.060460478303096,0.35130422757925217,bajo,en lo esperado,0.8923590886117826,0.0,-0.826146,69.893622,1.588850174216028,1244.9999999999998
21075,21,Puebla,Hueyapan,13080,858,20.3962703962704,5.56745182012848,36.779906411151536,-16.383636014881137,muy bajo,mejor de lo esperado,0.5550387391844527,0.0,0.684574,90.414199,82.58706467661692,175.00000000000003
21076,21,Puebla,Hueytamalco,27600,1641,32.66301035953687,11.827956989247312,30.32355697646091,2.339453383075959,medio,en lo esperado,1.2373211366448469,0.0,0.226918,83.942968,6.125339764940087,536.0
21077,21,Puebla,Hueytlalpan,5951,433,39.953810623556585,15.68627450980392,40.853609061837986,-0.899798438281401,alto,en lo esperado,0.6508453856884443,0.0,2.089962,93.915466,83.02321460216197,173.0
21078,21,Puebla,Huitzilan de Serdán,15928,1072,62.3134328358209,28.819444444444443,43.802910301342884,18.510522534478014,muy alto,peor de lo esperado,1.8009637473135105,0.0,1.60324,94.929596,75.51515151515152,668.0
21079,21,Puebla,Huitziltepec,5782,351,27.350427350427356,6.7073170731707314,28.441927362589492,-1.091500012162136,bajo,en lo esperado,1.188464129883098,0.0,-0.317234,79.068115,0.8564139941690962,96.00000000000003
21080,21,Puebla,Atlequizayan,2633,178,22.471910112359552,10.112359550561798,38.32587306042903,-15.85396294806948,bajo,mejor de lo esperado,0.0505127976480988,0.0,1.014116,91.063397,94.34938320732192,40.00000000000001
21081,21,Puebla,Ixcamilpa de Guerrero,4065,216,38.888888888888886,11.46788990825688,34.49381476676601,4.395074122122878,alto,en lo esperado,1.2679475038667325,0.0,0.412932,87.437361,1.962836953677048,83.99999999999999
21082,21,Puebla,Ixcaquixtla,8804,503,25.24850894632206,7.662082514734774,28.467895972337185,-3.2193870260151236,bajo,en lo esperado,0.761713030631002,0.0,-0.494862,67.871359,1.0801728276524245,126.99999999999997
21083,21,Puebla,Ixtacamaxtitlán,25319,1534,24.511082138200777,5.791743684534812,39.59485513394089,-15.083772995740112,bajo,mejor de lo esperado,1.4811768504123295,0.0,0.506989,81.670465,10.267875799239416,375.9999999999999
21084,21,Puebla,Ixtepec,6950,454,49.118942731277535,19.07894736842105,49.021398886857,0.09754384442053521,muy alto,en lo esperado,0.6131046718631608,0.0,1.682939,93.371463,91.61814281336194,223.00000000000003
21085,21,Puebla,Izúcar de Matamoros,82809,4407,26.004084411164055,8.519972292773032,28.796004978277033,-2.791920567112978,bajo,en lo esperado,0.1975843207690072,0.1134041873248242,-0.668701,73.011711,0.6975050779902656,1145.9999999999998
21086,21,Puebla,Jalpan,12050,716,16.480446927374302,7.417218543046357,28.33797263391575,-11.857525706541448,muy bajo,mejor de lo esperado,1.222023533424134,0.0,0.863026,78.130716,9.523393091386096,118.00000000000001
21087,21,Puebla,Jolalpan,13308,737,46.404341926729984,13.927227101631116,37.72310537623148,8.681236550498504,muy alto,peor de lo esperado,0.6799580645872623,0.949012046837732,0.62133,91.707085,4.375497215592681,342.0
21088,21,Puebla,Jonotla,4457,233,19.31330472103004,4.237288135593221,25.312186784268285,-5.998882063238245,muy bajo,mejor de lo esperado,0.6008822048488992,0.0,0.512407,85.144847,56.66982024597919,44.99999999999999
21089,21,Puebla,Jopala,12131,736,24.320652173913047,6.114649681528663,34.70034352669812,-10.379691352785073,bajo,mejor de lo esperado,0.4257528831409538,0.0,0.709436,86.762573,47.34261448209439,179.00000000000003
21090,21,Puebla,Juan C. Bonilla,23783,1316,23.328267477203653,9.281678773204195,24.601127191158014,-1.272859713954361,bajo,en lo esperado,0.2457348334943179,0.0,-0.746408,68.310438,1.1031710585082626,307.0000000000001
21091,21,Puebla,Juan Galindo,9828,480,16.66666666666667,6.5371024734982335,22.363308615382202,-5.696641948715531,muy bajo,mejor de lo esperado,0.1445347662209388,0.0,-0.805521,67.77046,11.860984164098204,80.00000000000003
21092,21,Puebla,Juan N. Méndez,5293,315,39.36507936507937,12.37458193979933,41.418915559154165,-2.0538361940747976,alto,en lo esperado,1.167817637352991,0.0,0.351982,84.622352,1.1814177012414897,124.00000000000001
21093,21,Puebla,Lafragua,7650,452,40.70796460176991,11.949685534591197,43.16658029974215,-2.4586156979722418,alto,en lo esperado,0.8684924502070154,0.0,0.239635,91.458676,1.1794089080061052,183.99999999999997
21094,21,Puebla,Libres,37257,2288,31.075174825174827,9.519832985386222,28.033084572345167,3.0420902528296594,medio,en lo esperado,1.3197436797703672,0.0,-0.385755,76.123238,1.6083038667731264,711.0000000000001
21095,21,Puebla,La Magdalena Tlatlauquitepec,650,28,14.285714285714292,11.11111111111111,31.07162747070471,-16.785913184990417,muy bajo,mejor de lo esperado,0.0019846799267158,0.0,-0.755632,92.0,1.30718954248366,4.000000000000002
21096,21,Puebla,Mazapiltepec de Juárez,3176,177,39.548022598870055,13.40782122905028,33.02620581153762,6.521816787332433,alto,peor de lo esperado,1.4444635114307902,0.0,-0.121447,73.965549,0.2669336002669336,70.0
21097,21,Puebla,Mixtla,2668,145,20.0,3.571428571428572,16.37581543426557,3.6241845657344314,muy bajo,en lo esperado,0.4928215242418421,0.0,-0.665294,64.2932,3.471667996807662,29.0
21098,21,Puebla,Molcaxac,6668,362,35.6353591160221,10.962566844919786,32.238951082700275,3.3964080333218263,alto,en lo esperado,0.5073571747750243,0.0,0.082325,78.525453,5.695195672923958,129.0
21099,21,Puebla,Cañada Morelos,20659,1210,45.37190082644628,16.723259762309,40.43481301007258,4.9370878163736975,muy alto,en lo esperado,0.507526057066341,0.0,0.249678,85.759907,0.3430710053020064,549.0
21100,21,Puebla,Naupan,9310,574,33.10104529616724,8.626198083067093,41.432161763634994,-8.331116467467751,medio,mejor de lo esperado,0.6264471951996274,0.0,1.121633,92.623804,82.29665071770334,189.99999999999997
21101,21,Puebla,Nauzontla,3317,175,21.714285714285708,8.88888888888889,27.84444323480491,-6.130157520519202,bajo,mejor de lo esperado,0.803747621907849,0.0,0.439627,80.098039,17.823343848580443,37.999999999999986
21102,21,Puebla,Nealtican,14075,873,41.46620847651776,13.202933985330072,32.98999139081598,8.476217085701776,alto,peor de lo esperado,0.0572484192310175,0.0,-0.371071,89.711918,6.608801583675955,362.0
21103,21,Puebla,Nicolás Bravo,6644,433,37.1824480369515,15.136476426799009,33.19897395808017,3.983474078871332,alto,en lo esperado,0.4392956779737163,0.0,0.378089,80.923265,1.245608431810923,161.0
21104,21,Puebla,Nopalucan,32772,2040,45.34313725490196,15.303030303030305,35.01063332381765,10.332503931084311,muy alto,peor de lo esperado,0.6100133935851145,0.0,-0.150866,76.718665,0.2281839814844997,925.0
21105,21,Puebla,Ocotepec,5077,276,27.173913043478265,5.084745762711864,28.16840248958686,-0.9944894461085951,bajo,en lo esperado,1.2500943493951135,0.0,-0.017201,74.956069,4.077830676878493,75.00000000000001
21106,21,Puebla,Ocoyucan,42669,2338,33.74679213002567,14.594356261022927,36.35781880490313,-2.611026674877465,medio,en lo esperado,0.7429172639205729,0.0,-0.547773,74.218629,2.50814332247557,789.0000000000001
21107,21,Puebla,Olintla,11993,812,35.467980295566505,11.872146118721462,45.27499852894921,-9.807018233382706,alto,mejor de lo esperado,0.8320937731956519,0.0,2.412314,93.887336,91.701391967373,288.0
21108,21,Puebla,Oriental,19903,1136,36.09154929577465,7.92778649921507,31.862675338464243,4.228873957310405,alto,en lo esperado,1.9316630108426447,0.0,-0.291075,75.186662,0.5110188438198658,410.0
21109,21,Puebla,Pahuatlán,20274,1244,25.241157556270096,7.761437908496732,38.66626157665464,-13.425104020384545,bajo,mejor de lo esperado,0.5070268497069158,0.0,0.618424,88.568841,49.740116553788,313.99999999999994
21110,21,Puebla,Palmar de Bravo,50226,3223,51.784052125349056,21.86692506459948,48.379826441822665,3.4042256835263913,muy alto,en lo esperado,1.0876138785331304,0.0,0.345644,88.754548,0.1781612896301543,1669.0
21111,21,Puebla,Pantepec,18528,1010,18.51485148514851,5.893536121673004,30.209916921634612,-11.6950654364861,muy bajo,mejor de lo esperado,1.342354097478878,0.0,0.933556,81.875594,33.53616924476797,186.99999999999997
21112,21,Puebla,Petlalcingo,9350,558,26.344086021505376,12.132352941176473,37.48594445831029,-11.141858436804917,bajo,mejor de lo esperado,1.131423874403686,0.0,0.116309,89.769775,4.354201917653694,147.0
21113,21,Puebla,Piaxtla,4627,216,31.944444444444443,10.256410256410255,36.15412391359702,-4.209679469152576,medio,en lo esperado,2.0546805013503526,0.0,-0.086591,79.840324,1.1166818596171375,69.0
21114,21,Puebla,Puebla,1692181,82835,18.681716665660645,7.557602520466134,21.844356702968543,-3.1626400373078987,muy bajo,en lo esperado,0.0846721944626114,0.0,-1.128401,51.202831,3.0681603974082714,15474.999999999995
21115,21,Puebla,Quecholac,57992,3777,55.41435001323802,26.978909887702,50.36256079729271,5.051789215945313,muy alto,peor de lo esperado,0.5338911404641207,0.0,0.303411,93.14021,0.1522098268149165,2093.0
21116,21,Puebla,Quimixtlán,22855,1610,55.65217391304348,23.92601431980907,45.226792084923396,10.42538182812008,muy alto,peor de lo esperado,1.469786873513763,0.0,0.977171,90.009155,2.9515439206655074,896.0
21117,21,Puebla,Rafael Lara Grajales,15952,942,36.83651804670913,13.810483870967742,26.072106738555554,10.764411308153576,alto,peor de lo esperado,0.0,0.0,-0.538656,70.018927,0.1858489313686446,347.0
21118,21,Puebla,Los Reyes de Juárez,30021,1932,48.13664596273292,26.49616368286445,41.80946567717982,6.327180285553098,muy alto,peor de lo esperado,0.303306667642419,0.0,-0.052057,91.939889,0.178711845021088,930.0
21119,21,Puebla,San Andrés Cholula,154448,7645,15.160235448005238,5.7079523413688005,18.31949124404807,-3.1592557960428316,muy bajo,en lo esperado,0.013104769540136,0.0,-1.224644,59.656097,2.4920891448127875,1159.0000000000005
21120,21,Puebla,San Antonio Cañada,5938,357,54.34173669467787,22.988505747126435,42.12618624836013,12.215550446317742,muy alto,peor de lo esperado,0.3390122842244838,0.0,0.918935,89.162064,27.819683908045977,193.99999999999997
21121,21,Puebla,San Diego la Mesa Tochimiltzingo,1270,67,38.80597014925373,12.048192771084338,40.82938748855511,-2.023417339301382,alto,en lo esperado,3.1222163883727765,0.0,0.243255,87.316302,0.7456503728251864,26.0
21122,21,Puebla,San Felipe Teotlalcingo,11063,645,30.07751937984496,9.49367088607595,22.752973476096393,7.324545903748568,medio,peor de lo esperado,0.1988310293950541,0.0,-0.454968,81.822237,0.9107468123861566,194.00000000000003
21123,21,Puebla,San Felipe Tepatlán,3793,215,32.09302325581395,8.19672131147541,35.054934365373875,-2.961911109559928,medio,en lo esperado,0.9281556544274886,0.0,1.597886,88.917417,62.80945757997218,68.99999999999999
21124,21,Puebla,San Gabriel Chilac,15954,853,40.3282532239156,14.419695193434936,35.870351162836606,4.457902061078997,alto,en lo esperado,0.0278038540980976,0.0,0.024431,86.77643,42.8001595532509,344.00000000000006
21125,21,Puebla,San Gregorio Atzompa,9671,471,28.874734607218684,10.021321961620467,20.471051799287217,8.403682807931467,medio,peor de lo esperado,0.0959587775345274,0.0,-0.892439,65.353751,0.5020737830168086,136.0
21126,21,Puebla,San Jerónimo Tecuanipan,6597,379,39.050131926121374,13.550135501355014,28.393968086288655,10.656163839832718,alto,peor de lo esperado,0.4072159200738179,0.0,-0.118572,83.500636,1.0818666236072985,148.0
21127,21,Puebla,San Jerónimo Xayacatlán,3606,180,12.777777777777771,1.075268817204301,21.627028804876435,-8.849251027098664,muy bajo,mejor de lo esperado,1.7761388194219536,0.0,0.068495,68.829676,43.38044418805884,22.99999999999999
21128,21,Puebla,San José Chiapa,10443,588,26.19047619047619,6.774193548387097,31.133629526523393,-4.943153336047203,bajo,en lo esperado,0.213068388514047,0.0,-0.319252,74.906794,0.2347657446156986,154.0
21129,21,Puebla,San José Miahuatlán,14018,824,40.4126213592233,14.095744680851064,37.06705518330694,3.3455661759163604,alto,en lo esperado,0.4734662715552525,0.0,-0.000455,88.027728,79.32251765059335,333.0
21130,21,Puebla,San Juan Atenco,3604,172,28.48837209302326,9.473684210526317,32.15586328268702,-3.667491189663764,medio,en lo esperado,2.6379282807991427,0.0,-0.156697,74.973732,0.2052184110231603,49.0
21131,21,Puebla,San Juan Atzompa,975,62,20.967741935483872,9.433962264150944,35.56735488224366,-14.599612946759791,muy bajo,mejor de lo esperado,0.0027310176241052,0.0,-0.504566,88.319277,0.6479481641468683,13.0
21132,21,Puebla,San Martín Texmelucan,155738,8539,23.667876800562127,7.857566765578635,23.888437064873667,-0.22056026431154052,bajo,en lo esperado,0.0618928762224749,0.0,-0.917829,70.268654,0.4785206412717294,2021.0
21133,21,Puebla,San Martín Totoltepec,692,40,22.5,7.6923076923076925,22.22880437195008,0.27119562804992015,bajo,en lo esperado,0.3207196233966027,0.0,-0.474816,74.888889,4.545454545454546,9.0
21134,21,Puebla,San Matías Tlalancaleca,20974,1070,28.971962616822424,9.749303621169917,28.15113982858482,0.8208227882376029,medio,en lo esperado,0.961451558254633,0.0,-0.675187,82.610257,0.2016433936583152,309.99999999999994
21135,21,Puebla,San Miguel Ixitlán,526,16,12.5,3.4482758620689653,23.96047627449761,-11.460476274497609,muy bajo,mejor de lo esperado,1.136595479171131,0.0,0.078454,89.729508,0.9861932938856016,2.0
21136,21,Puebla,San Miguel Xoxtla,12461,746,16.62198391420911,5.128205128205129,19.6478452896313,-3.0258613754221884,muy bajo,en lo esperado,0.0428486523008495,0.0,-1.034623,51.397814,0.5661652864627345,123.99999999999996
21137,21,Puebla,San Nicolás Buenos Aires,10464,584,49.65753424657535,22.44224422442244,45.03011267003875,4.627421576536605,muy alto,en lo esperado,0.6887712107753462,0.0,0.148878,88.33785,0.265170831208567,290.00000000000006
21138,21,Puebla,San Nicolás de los Ranchos,11780,648,36.88271604938272,9.355828220858896,39.72362472932941,-2.8409086799466863,alto,en lo esperado,0.1328988643688738,0.0,-0.057591,88.733881,0.7866895741025409,239.00000000000006
21139,21,Puebla,San Pablo Anicano,3759,185,22.70270270270271,8.695652173913043,32.31291186473701,-9.610209162034302,bajo,mejor de lo esperado,0.7875662397119324,0.0,-0.175635,78.931006,0.6169377453729669,42.000000000000014
21140,21,Puebla,San Pedro Cholula,138433,6909,19.829208279056303,8.43428921944487,20.479033811206982,-0.649825532150679,muy bajo,en lo esperado,0.0237584571676692,0.0,-1.068962,58.080734,1.2712506439589075,1370.0
21141,21,Puebla,San Pedro Yeloixtlahuaca,3488,155,27.74193548387096,6.4171122994652405,32.05500153324706,-4.313066049376097,medio,en lo esperado,0.9831189496404212,0.0,-0.235837,73.383838,0.4857316332726168,42.999999999999986
21142,21,Puebla,San Salvador el Seco,30639,1801,32.20433092726263,12.9783693843594,39.29031332881639,-7.085982401553757,medio,mejor de lo esperado,0.3266938441406734,0.0,0.026462,86.464914,0.2039616966847582,580.0
21143,21,Puebla,San Salvador el Verde,34880,2064,29.360465116279077,8.28125,23.22692809925916,6.133537017019918,medio,peor de lo esperado,0.160851803327643,0.0,-0.704996,73.57618,0.3577817531305903,606.0000000000001
21144,21,Puebla,San Salvador Huixcolotla,16790,945,51.64021164021164,26.719840478564308,43.2787777865467,8.361433853664941,muy alto,peor de lo esperado,0.9170499161655556,0.0,0.078763,86.500147,0.5549885174789487,488.0
21145,21,Puebla,San Sebastián Tlacotepec,13189,924,44.58874458874459,21.941354903943378,38.59259820383134,5.996146384913246,muy alto,peor de lo esperado,2.1122274069421487,0.0,2.036808,95.801809,86.61246176139107,412.0
21146,21,Puebla,Santa Catarina Tlaltempan,749,35,11.42857142857143,4.878048780487805,16.81723769933977,-5.38866627076834,muy bajo,mejor de lo esperado,0.0,0.0,0.406899,83.416667,57.952973720608576,4.000000000000001
21147,21,Puebla,Santa Inés Ahuatempan,6341,340,33.23529411764706,10.051546391752575,38.74892507126711,-5.513630953620051,medio,mejor de lo esperado,1.453033338039758,0.3234142521534848,0.616474,86.94152,6.921401039048098,113.0
21148,21,Puebla,Santa Isabel Cholula,11498,687,46.72489082969432,19.083969465648856,37.44740021435628,9.277490615338039,muy alto,peor de lo esperado,0.1730530453585941,0.0,0.239728,87.033044,1.241250583294447,320.99999999999994
21149,21,Puebla,Santiago Miahuatlán,30309,1983,39.38477054967221,16.630901287553648,32.227321913317475,7.1574486363547365,alto,peor de lo esperado,0.9991225142732372,0.0,0.19645,76.993161,8.303059941316194,780.9999999999999
21150,21,Puebla,Huehuetlán el Grande,6105,377,43.76657824933687,12.094395280235988,35.138009380058506,8.62856886927836,muy alto,peor de lo esperado,0.5894601636729117,0.0,0.201806,88.134328,3.4434782608695653,165.0
21151,21,Puebla,Santo Tomás Hueyotlipan,9315,551,25.95281306715063,6.8762278978389,37.9627326849294,-12.00991961777877,bajo,mejor de lo esperado,0.01523772571613,0.0,-0.590095,89.118601,0.6033697632058288,142.99999999999994
21152,21,Puebla,Soltepec,12631,742,27.762803234501348,7.264957264957265,33.68562882016572,-5.92282558566437,medio,mejor de lo esperado,0.404559175725228,0.0,-0.12138,80.731236,0.2093451683135153,206.0
21153,21,Puebla,Tecali de Herrera,23625,1400,25.07142857142857,5.9515062454077885,28.473408587726528,-3.4019800162979585,bajo,en lo esperado,0.9438965371545032,0.0,-0.511465,79.950182,0.534495149119655,350.99999999999994
21154,21,Puebla,Tecamachalco,80771,4843,32.33532934131736,9.487179487179487,30.857959326582638,1.4773700147347242,medio,en lo esperado,0.4484280508040686,0.0,-0.468017,75.096279,0.3357693067351373,1565.9999999999998
21155,21,Puebla,Tecomatlán,6830,526,18.060836501901136,11.940298507462687,25.659478689239016,-7.59864218733788,muy bajo,mejor de lo esperado,0.3522915887991474,0.0,-0.164292,74.616495,11.736508427400649,94.99999999999999
21156,21,Puebla,Tehuacán,327312,18745,26.9458522272606,10.457152402695028,25.621686155196862,1.3241660720637363,bajo,en lo esperado,0.0559696791029911,0.0,-0.66141,63.395654,8.66672454987764,5050.999999999999
21157,21,Puebla,Tehuitzingo,12672,611,33.387888707037646,14.1399416909621,40.293744723847176,-6.90585601680953,medio,mejor de lo esperado,2.6747780380156616,0.8714734511791888,0.075558,84.377477,0.6602590890096114,204.0
21158,21,Puebla,Tenampulco,6743,406,17.241379310344826,5.373134328358209,22.81840637220032,-5.577027061855496,muy bajo,mejor de lo esperado,1.4832762211175217,0.0,0.649538,72.880892,16.787532788149978,70.0
21159,21,Puebla,Teopantlán,3836,205,29.756097560975604,11.042944785276074,39.77267491708779,-10.016577356112187,medio,mejor de lo esperado,0.2207682318327732,0.0,1.075963,97.19667,67.5764192139738,60.999999999999986
21160,21,Puebla,Teotlalco,3689,158,23.41772151898733,8.962264150943396,32.76055880801654,-9.342837289029209,bajo,mejor de lo esperado,0.7755361755633061,0.0,-0.255906,80.183036,0.2575844304522038,36.999999999999986
21161,21,Puebla,Tepanco de López,22218,1335,27.19101123595506,8.518518518518519,25.78143349693847,1.4095777390165907,bajo,en lo esperado,0.0593573389678897,0.0,-0.324036,75.346052,9.955402100417206,363.00000000000006
21162,21,Puebla,Tepango de Rodríguez,4155,246,36.58536585365854,15.384615384615383,51.294444643733286,-14.709078790074749,alto,mejor de lo esperado,0.5457970593301887,0.0,1.758268,97.472702,79.82723577235772,90.0
21163,21,Puebla,Tepatlaxco de Hidalgo,18854,1189,40.20185029436501,17.174280879864636,33.26233191897947,6.939518375385539,alto,peor de lo esperado,0.0532535210893184,0.0,-0.051324,87.427968,9.454053749507016,478.0
21164,21,Puebla,Tepeaca,84270,5064,37.12480252764613,14.769292766471892,32.73660125841275,4.3882012692333845,alto,en lo esperado,0.7563824334428547,0.0,-0.427168,80.381206,0.3062787136294027,1880.0000000000002
21165,21,Puebla,Tepemaxalco,1216,66,22.727272727272734,10.112359550561798,42.24213136048821,-19.514858633215475,bajo,mejor de lo esperado,1.034231534897588,0.0,0.791084,91.255365,1.99479618386817,15.000000000000005
21166,21,Puebla,Tepeojuma,8918,484,37.39669421487604,11.618257261410788,34.32020122658033,3.076492988295712,alto,en lo esperado,0.9206094446727828,0.0,-0.315133,85.411744,9.095226786986464,181.00000000000003
21167,21,Puebla,Tepetzintla,10373,698,31.51862464183381,12.452830188679243,46.48357140943285,-14.964946767599038,medio,mejor de lo esperado,0.6749037643241139,0.0,1.818625,88.875309,90.11101973684212,220.0
21168,21,Puebla,Tepexco,7523,441,45.57823129251701,19.809069212410503,46.98157507278635,-1.4033437802693385,muy alto,en lo esperado,0.1189035104736825,0.0,0.908833,93.672228,0.2556818181818182,201.00000000000003
21169,21,Puebla,Tepexi de Rodríguez,22331,1268,23.422712933753942,8.582677165354331,31.613026818232786,-8.190313884478844,bajo,mejor de lo esperado,0.7994429355005114,0.0,0.097335,75.23561,5.481390631633568,297.0
21170,21,Puebla,Tepeyahualco,19200,1126,38.63232682060391,12.889273356401384,38.10011343138481,0.5322133892190948,alto,en lo esperado,1.9874699105012927,0.0,-0.045747,82.683446,0.2274492399866859,435.0
21171,21,Puebla,Tepeyahualco de Cuauhtémoc,3851,175,28.0,7.575757575757576,24.65929469389094,3.3407053061090615,medio,en lo esperado,0.0050828059193994,0.0,-0.55205,79.057377,0.5489980785067252,49.00000000000001
21172,21,Puebla,Tetela de Ocampo,27216,1494,25.033467202141907,9.271935283136278,33.81749375502495,-8.784026552883041,bajo,mejor de lo esperado,1.942563637522736,0.0,0.327481,83.053258,18.814791892310076,374.0000000000001
21173,21,Puebla,Teteles de Avila Castillo,6653,352,10.227272727272734,3.5294117647058822,18.74760156060878,-8.520328833336045,muy bajo,mejor de lo esperado,0.4216153052645283,0.0,-0.631994,60.866222,14.873318736315296,36.00000000000002
21174,21,Puebla,Teziutlán,103583,5743,22.32282779035347,7.7374404107077375,23.49800845288426,-1.1751806625307886,bajo,en lo esperado,0.2095638352212494,0.0,-0.762368,56.837681,6.5462160220938586,1282.0
21175,21,Puebla,Tianguismanalco,14432,773,38.809831824062094,12.35370611183355,34.45947583684311,4.3503559872189825,alto,en lo esperado,1.1266665310644417,0.0,-0.18745,82.065075,3.881850324101356,300.0
21176,21,Puebla,Tilapa,9664,552,30.072463768115934,9.345794392523365,32.11866453174364,-2.0462007636277058,medio,en lo esperado,1.035647008605021,0.0,-0.476135,68.666146,0.4278192189556823,165.99999999999997
21177,21,Puebla,Tlacotepec de Benito Juárez,54757,3473,43.56464152029945,13.616317530319735,37.321182009615285,6.243459510684168,muy alto,peor de lo esperado,0.8399460196221739,0.0,0.245591,85.505395,22.735430430923973,1513.0
21178,21,Puebla,Tlacuilotepec,15977,988,21.86234817813765,6.103286384976526,34.806973927659136,-12.944625749521485,bajo,mejor de lo esperado,1.2186672205034694,0.0,1.008493,90.737953,19.4854157020967,215.99999999999997
21179,21,Puebla,Tlachichuca,31639,1940,40.876288659793815,12.292891501870658,46.10939049576107,-5.233101835967254,alto,mejor de lo esperado,1.1689836310768429,0.0,0.088434,86.416656,0.1845699520118124,793.0
21180,21,Puebla,Tlahuapan,41547,2283,32.80770915462111,9.113607990012484,35.26133076447104,-2.4536216098499324,medio,en lo esperado,0.7233932436186125,0.0,-0.431263,82.292226,0.2746547564043328,748.9999999999999
21181,21,Puebla,Tlaltenango,7425,461,24.72885032537961,5.34521158129176,22.689720793498793,2.0391295318808176,bajo,en lo esperado,0.0832865109033434,0.0,-0.604486,76.962124,0.5286469495642234,114.00000000000001
21182,21,Puebla,Tlanepantla,5390,328,35.0609756097561,13.680781758957655,31.544563169178335,3.5164124405777635,alto,en lo esperado,1.0013276721973303,0.0,-0.075226,94.599601,1.3952561291608532,115.00000000000001
21183,21,Puebla,Tlaola,20433,1378,35.631349782293185,12.89844329132691,45.60605436798219,-9.974704585689004,alto,mejor de lo esperado,0.3909117124514146,0.0,1.412967,95.224928,51.91462649089768,491.0000000000001
21184,21,Puebla,Tlapacoya,6422,364,31.5934065934066,17.613636363636363,38.698487967712374,-7.105081374305776,medio,mejor de lo esperado,0.7117803898100316,0.0,1.068517,91.005564,34.66600033316675,115.00000000000001
21185,21,Puebla,Tlapanalá,10344,521,53.93474088291747,20.44609665427509,33.10237749021428,20.832363392703186,muy alto,peor de lo esperado,0.4957851853595534,0.0,-0.180108,79.622522,0.3852962615849213,281.0
21186,21,Puebla,Tlatlauquitepec,55576,3336,20.2937649880096,5.739644970414201,29.61208779515514,-9.318322807145542,muy bajo,mejor de lo esperado,0.5949951856996315,0.0,-0.168891,73.461001,17.475635935333116,677.0000000000002
21187,21,Puebla,Tlaxco,4934,270,26.29629629629629,13.82636655948553,31.983665529764913,-5.6873692334686226,bajo,mejor de lo esperado,0.5036043341252618,0.0,1.109729,84.446223,4.379406109805597,70.99999999999999
21188,21,Puebla,Tochimilco,19315,1075,48.55813953488372,22.593320235756384,45.916695589519314,2.641443945364408,muy alto,en lo esperado,0.6370378138075599,0.0,0.431647,91.649274,9.813291842631696,522.0
21189,21,Puebla,Tochtepec,22454,1284,31.775700934579437,11.764705882352942,32.59238360775254,-0.8166826731731014,medio,en lo esperado,0.4201674358105494,0.0,-0.277561,82.379509,0.4281432852861424,408.0
21190,21,Puebla,Totoltepec de Guerrero,1187,48,14.583333333333329,1.639344262295082,21.888519870474926,-7.305186537141598,muy bajo,mejor de lo esperado,1.4015964093293631,0.0,-0.085727,85.487578,1.5873015873015872,6.999999999999998
21191,21,Puebla,Tulcingo,9871,520,42.69230769230769,16.08133086876155,38.73731837178522,3.954989320522472,muy alto,en lo esperado,1.9449756821309407,0.0,0.043072,83.726576,1.677599741907732,222.00000000000003
21192,21,Puebla,Tuzamapan de Galeana,5924,318,11.006289308176108,5.095541401273885,24.004355303857494,-12.998065995681387,muy bajo,mejor de lo esperado,0.5430190731457321,0.0,0.281549,81.053664,45.13274336283186,35.00000000000002
21193,21,Puebla,Tzicatlacoyan,6476,378,36.24338624338624,10.136986301369864,37.14427069107209,-0.9008844476858471,alto,en lo esperado,0.7576245367600689,0.0,0.323191,79.831967,0.1971090670170827,136.99999999999997
21194,21,Puebla,Venustiano Carranza,28395,1544,15.479274611398964,6.4959400374765774,29.67224413977056,-14.192969528371595,muy bajo,mejor de lo esperado,0.4222850906127957,0.0,-0.087794,78.082016,3.760938372742506,239.0
21195,21,Puebla,Vicente Guerrero,26559,1777,51.60382667416995,20.814732142857142,52.08572782066416,-0.48190114649420934,muy alto,en lo esperado,1.934180772846379,0.0,1.875933,95.5281,31.78781129783357,917.0
21196,21,Puebla,Xayacatlán de Bravo,1570,78,17.948717948717942,10.465116279069768,27.101406914957952,-9.15268896624001,muy bajo,mejor de lo esperado,0.4943830130715182,0.0,-0.10925,75.498871,40.07962840079628,13.999999999999993
21197,21,Puebla,Xicotepec,80591,4881,19.791026429010444,6.735537190082645,27.14689412570941,-7.355867696698965,muy bajo,mejor de lo esperado,0.3108306119812671,0.0,-0.212064,76.354393,4.042179261862917,965.9999999999998
21198,21,Puebla,Xicotlán,1312,75,20.0,4.545454545454546,33.164829635692094,-13.164829635692094,muy bajo,mejor de lo esperado,0.0154405387536101,0.0,0.659773,88.806977,0.3276003276003276,15.0
21199,21,Puebla,Xiutetelco,42943,2794,51.39584824624195,22.05513784461153,39.02870316295743,12.36714508328452,muy alto,peor de lo esperado,0.7168523466709725,0.0,0.27489,79.104186,1.05231733711471,1436.0
21200,21,Puebla,Xochiapulco,3443,213,32.86384976525821,14.035087719298245,23.134727938222227,9.729121827035982,medio,peor de lo esperado,2.119920443900253,0.0,0.884733,81.076636,33.38391502276176,69.99999999999999
21201,21,Puebla,Xochiltepec,3375,173,33.52601156069365,7.070707070707071,32.30649289572136,1.2195186649722842,medio,en lo esperado,1.9162155220850563,0.0,-0.328528,78.568259,3.340687046958714,58.00000000000001
21202,21,Puebla,Xochitlán de Vicente Suárez,13025,781,44.68629961587708,20.31063321385902,39.70537247876948,4.980927137107599,muy alto,en lo esperado,0.300557408288886,0.0,1.255675,91.584535,75.28730947917515,349.0
21203,21,Puebla,Xochitlán Todos Santos,7178,454,44.27312775330397,15.695067264573993,42.309028563548424,1.9640991897555438,muy alto,en lo esperado,1.1781540928202054,0.0,0.157128,91.673462,0.312128418549346,201.0
21204,21,Puebla,Yaonáhuac,7926,453,8.167770419426049,4.301075268817204,25.126348482409867,-16.95857806298382,muy bajo,mejor de lo esperado,0.3904286368146988,0.0,-0.030647,69.346606,47.38240765346798,37.0
21205,21,Puebla,Yehualtepec,26392,1643,40.53560559951308,9.612903225806452,36.2047549188329,4.330850680680186,alto,en lo esperado,0.7720972989109022,0.0,-0.139734,86.881582,0.5136986301369864,665.9999999999999
21206,21,Puebla,Zacapala,4647,222,28.828828828828836,14.068441064638783,37.128785082612424,-8.299956253783588,medio,mejor de lo esperado,1.1549514740479292,0.0,0.299632,77.585539,2.789303826648225,64.00000000000001
21207,21,Puebla,Zacapoaxtla,57887,3565,25.41374474053296,8.082497212931996,31.549458123335448,-6.135713382802489,bajo,mejor de lo esperado,0.7344405746889225,0.0,0.166189,79.536661,33.17179327749534,905.9999999999999
21208,21,Puebla,Zacatlán,87361,5193,21.29790102060465,7.523862998315553,31.15026723777455,-9.852366217169898,muy bajo,mejor de lo esperado,0.5692381857294601,0.0,-0.287951,80.933061,10.141180183789164,1105.9999999999995
21209,21,Puebla,Zapotitlán,8595,518,19.3050193050193,5.394190871369295,31.2567198756933,-11.951700570674,muy bajo,mejor de lo esperado,1.0000262934275166,0.0,0.037017,81.009472,9.908256880733944,99.99999999999997
21210,21,Puebla,Zapotitlán de Méndez,5675,330,20.909090909090907,5.915492957746479,25.7150659198733,-4.805975010782394,muy bajo,en lo esperado,0.0059615782142851,0.0,0.455306,83.886853,71.00646352723915,69.0
21211,21,Puebla,Zaragoza,16752,935,16.898395721925127,4.804469273743017,21.663158199975783,-4.764762478050656,muy bajo,en lo esperado,0.7968169529947492,0.0,-0.658542,67.971337,4.746934926123861,157.99999999999994
21212,21,Puebla,Zautla,20717,1361,36.00293901542983,12.60932944606414,40.66995351076698,-4.667014495337149,alto,en lo esperado,1.1352079736099183,0.0,1.035638,89.690784,40.404247678653874,490.0
21213,21,Puebla,Zihuateutla,11967,656,27.59146341463415,9.929078014184396,37.71877837142209,-10.127314956787941,bajo,mejor de lo esperado,1.1979391483552149,0.0,0.780749,83.612161,28.607120549656464,181.00000000000003
21214,21,Puebla,Zinacatepec,18359,1033,45.78896418199419,18.228105906313644,35.719497114187,10.069467067807189,muy alto,peor de lo esperado,0.040877803358588,0.0,-0.067004,85.736092,42.50243706634555,473.0
21215,21,Puebla,Zongozotla,4539,222,29.27927927927928,10.36036036036036,29.053611736858443,0.22566754242083675,medio,en lo esperado,0.054010522497216,0.0,0.969849,88.735126,83.70863970588235,65.0
21216,21,Puebla,Zoquiapan,2452,180,23.33333333333333,8.904109589041095,21.309786568418616,2.0235467649147125,bajo,en lo esperado,0.6464618297152692,0.0,0.992096,83.499379,70.8103521425541,41.99999999999999
21217,21,Puebla,Zoquitlán,20335,1402,51.99714693295292,21.95882719900187,47.9954507534063,4.00169617954662,muy alto,en lo esperado,1.2090672472480746,0.0,2.052345,97.378535,93.48907862343512,728.9999999999999
22001,22,Querétaro,Amealco de Bonfil,66841,4036,47.15064420218037,13.889564582826562,31.33264188154193,15.818002320638435,muy alto,peor de lo esperado,3.0994090095037463,0.0,0.29796,63.600519,18.687473074529706,1902.9999999999995
22002,22,Querétaro,Pinal de Amoles,27365,1734,42.84890426758939,10.393107162089391,40.985327922511175,1.863576345078215,muy alto,en lo esperado,2.80219524579349,0.0,0.46509,78.188112,0.1208106001558846,743.0
22003,22,Querétaro,Arroyo Seco,13142,708,29.943502824858754,10.12311901504788,27.903461071631344,2.0400417532274098,medio,en lo esperado,1.832887179590351,0.0,-0.325045,55.851981,0.5302908565000803,211.99999999999997
22004,22,Querétaro,Cadereyta de Montes,69075,4147,34.84446587894864,10.900360144057624,32.085784684413746,2.758681194534894,alto,en lo esperado,2.4054580000864294,0.0,-0.06146,58.207145,2.056071909013085,1445.0
22005,22,Querétaro,Colón,67121,3963,41.20615695180419,10.400390625,35.628299564382935,5.577857387421254,alto,peor de lo esperado,3.454917909899157,0.0029736239555145,-0.341174,48.241016,0.2577075098814229,1633.0
22006,22,Querétaro,Corregidora,212567,10439,17.798639716447937,5.958194959953116,26.463827590480484,-8.665187874032547,muy bajo,mejor de lo esperado,0.9591460730395528,0.0,-1.378351,24.341848,0.4169521385925418,1858.0
22007,22,Querétaro,Ezequiel Montes,45141,2596,35.63174114021572,11.609907120743037,32.827000327433495,2.804740812782228,alto,en lo esperado,1.4229748000795608,0.0,-0.585071,57.893177,0.6790296899878243,925.0000000000001
22008,22,Querétaro,Huimilpan,36808,2089,50.21541407371949,15.734896302975654,37.597265145934315,12.618148927785171,muy alto,peor de lo esperado,3.5703942807023994,0.0,-0.629631,54.446185,0.1561776955113373,1049.0000000000002
22009,22,Querétaro,Jalpan de Serra,27343,1522,26.01839684625493,8.929702343255224,34.62716308524908,-8.60876623899415,bajo,mejor de lo esperado,1.860686242437696,0.0072947441368494,-0.386882,56.613364,0.9234470181973384,396.00000000000006
22010,22,Querétaro,Landa de Matamoros,18794,1110,30.450450450450447,9.900090826521344,35.46846078022779,-5.01801032977734,medio,mejor de lo esperado,1.966305252578852,0.0053084191527763,0.054617,65.013754,0.31959629941127,337.99999999999994
22011,22,Querétaro,El Marqués,231668,10677,32.87440292216915,9.216671072341176,28.084831459176662,4.789571462992491,medio,en lo esperado,2.386782150958379,0.0,-1.040843,40.08735,0.7555394115510352,3510.0000000000005
22012,22,Querétaro,Pedro Escobedo,77404,4121,36.95704925988838,9.845735027223231,31.43917037584654,5.5178788840418385,alto,peor de lo esperado,3.158003767871368,0.0,-0.75223,47.302317,0.3679135608288313,1523.0000000000002
22013,22,Querétaro,Peñamiller,19141,1110,41.62162162162162,13.097199341021415,34.28792219900124,7.333699422620384,alto,peor de lo esperado,2.6848904517366257,0.0,0.142512,61.833053,0.1987522773698448,461.99999999999994
22014,22,Querétaro,Querétaro,1049777,47511,23.64926017132875,7.748903860549674,23.73537000742986,-0.08610983610111234,bajo,en lo esperado,0.6445136848431501,0.0,-1.247061,32.159838,0.7399173897064698,11236.000000000002
22015,22,Querétaro,San Joaquín,8359,565,38.4070796460177,11.272727272727272,33.2440984483879,5.162981197629797,alto,peor de lo esperado,2.320265608613616,0.0,0.086241,49.213266,0.4556962025316455,217.0
22016,22,Querétaro,San Juan del Río,297804,15259,25.48004456386396,7.140549273021001,25.54503049363753,-0.0649859297735702,bajo,en lo esperado,1.3364469117450242,0.0,-1.039977,39.118515,0.5331006390848616,3888.0000000000014
22017,22,Querétaro,Tequisquiapan,72201,3773,28.75695732838589,7.826546800634585,35.662540194964585,-6.905582866578694,medio,mejor de lo esperado,2.8421792221076587,0.0,-0.813512,54.796521,0.260537959944108,1084.9999999999995
22018,22,Querétaro,Tolimán,27916,1702,31.257344300822567,10.13745704467354,36.14236152082469,-4.885017220002126,medio,en lo esperado,3.7548972511564784,0.938771266330465,0.273243,67.822292,20.82889328664941,532.0
23001,23,Quintana Roo,Cozumel,88626,4480,18.81696428571429,7.016769638128862,22.414937987778092,-3.597973702063804,muy bajo,en lo esperado,0.2244288219928162,0.1717757105226177,-1.133519,49.700037,7.66497461928934,843.0000000000001
23002,23,Quintana Roo,Felipe Carrillo Puerto,83990,5323,24.21566785647191,5.066367545335576,29.734996744103366,-5.519328887631456,bajo,mejor de lo esperado,1.354342627193116,4.290548339728715,-0.014021,87.828505,59.47715716827111,1288.9999999999998
23003,23,Quintana Roo,Isla Mujeres,22686,1107,39.20505871725384,12.10691823899371,30.67330140313356,8.53175731412028,alto,peor de lo esperado,2.844929083234929,0.0653993721660272,-0.699807,63.111244,7.670572976979017,434.00000000000006
23004,23,Quintana Roo,Othón P. Blanco,233648,11642,17.376739391857072,5.974358974358975,23.34814561984929,-5.971406227992219,muy bajo,mejor de lo esperado,0.8954553329859273,0.775271069184393,-0.97273,54.789615,5.5091163343445215,2023.0000000000002
23005,23,Quintana Roo,Benito Juárez,911503,40858,24.533751040187965,8.547504175171646,21.034267280349855,3.4994837598381103,bajo,en lo esperado,0.0360301664487733,0.1948005802803304,-1.138995,49.663078,6.952464491282804,10023.999999999998
23006,23,Quintana Roo,José María Morelos,39165,2451,28.51897184822522,5.7976809276289485,31.265525210261984,-2.7465533620367637,medio,en lo esperado,2.0642851420306343,8.914736563883187,0.098653,87.256043,49.80140377604875,699.0000000000002
23007,23,Quintana Roo,Lázaro Cárdenas,29171,1587,25.70888468809073,7.785087719298246,28.20624470670197,-2.4973600186112392,bajo,en lo esperado,1.0344830941572571,2.098181434702598,-0.216774,75.191164,37.470564793681845,407.99999999999994
23008,23,Quintana Roo,Solidaridad,333800,13248,28.049516908212567,10.436341076721584,18.30836016057754,9.741156747635028,medio,peor de lo esperado,0.1998046143663598,1.2058123876252649,-0.989263,51.72948,8.613416569260606,3716.000000000001
23009,23,Quintana Roo,Tulum,46721,2140,35.60747663551402,15.415194346289752,26.26084247409307,9.346634161420948,alto,peor de lo esperado,0.7954584283542069,1.0275948741512622,-0.393604,76.463392,25.42186353631695,762.0
23010,23,Quintana Roo,Bacalar,41754,2331,31.531531531531527,9.123082972866692,31.69669555618977,-0.16516402465824243,medio,en lo esperado,1.928674911600191,3.055860031725402,-0.123589,82.845418,22.08033848192894,734.9999999999999
23011,23,Quintana Roo,Puerto Morelos,26921,1161,31.4384151593454,10.610932475884244,19.891930086380203,11.546485072965197,medio,peor de lo esperado,0.239809029952141,1.0605230207976328,-0.879341,60.116195,9.659357870007833,365.0000000000001
24001,24,San Luis Potosí,Ahualulco,18974,1131,42.35190097259063,7.855251544571933,38.369671897135504,3.9822290754551233,muy alto,en lo esperado,3.2288547811252157,2.181829490294079,-0.089413,75.838742,0.0782297720160929,479.0
24002,24,San Luis Potosí,Alaquines,7785,446,46.412556053811656,8.46325167037862,35.771288606867486,10.64126744694417,muy alto,peor de lo esperado,4.245623970517107,1.7861506217111942,0.36193,76.181556,1.2102257274952406,206.99999999999997
24003,24,San Luis Potosí,Aquismón,48359,3499,44.441268933981135,11.30690161527166,43.58328609791363,0.8579828360675066,muy alto,en lo esperado,2.285624263948068,0.0,1.618465,94.687736,69.59291177183664,1555.0
24004,24,San Luis Potosí,Armadillo de los Infante,4013,185,57.83783783783784,27.22772277227723,42.92966062463252,14.90817721320532,muy alto,peor de lo esperado,10.238301342904178,67.9004549103559,0.313847,60.483547,0.0521104742053152,107.0
24005,24,San Luis Potosí,Cárdenas,18317,928,32.327586206896555,7.919847328244275,27.201963296541383,5.1256229103551725,medio,peor de lo esperado,0.7052619977383706,0.2315590790839906,-0.620718,60.462006,1.3137513625150594,300.0
24006,24,San Luis Potosí,Catorce,9579,542,37.45387453874539,9.348914858096828,40.82990202273347,-3.376027483988082,alto,en lo esperado,5.420624566189686,24.758990678788635,0.180371,73.331685,0.1767565178965974,203.00000000000003
24007,24,San Luis Potosí,Cedral,19840,1171,27.49786507258753,5.8474576271186445,34.987036649737064,-7.489171577149534,bajo,mejor de lo esperado,1.7490244111289248,6.664991631052823,-0.795062,54.616929,0.1441383728379244,321.99999999999994
24008,24,San Luis Potosí,Cerritos,22075,1185,32.65822784810126,7.407407407407407,30.803586685067696,1.8546411630335662,medio,en lo esperado,1.717187257722673,7.259390302605873,-0.675084,58.824463,0.1949873971560374,386.99999999999994
24009,24,San Luis Potosí,Cerro de San Pedro,5050,288,29.16666666666667,5.839416058394161,33.950254773280086,-4.783588106613415,medio,en lo esperado,1.4213903321585692,0.0,-0.740937,21.272727,0.2700457000415455,84.00000000000003
24010,24,San Luis Potosí,Ciudad del Maíz,30320,1668,40.70743405275779,9.055338177752937,36.89402107868754,3.8134129740702534,alto,en lo esperado,3.1317524687396125,12.878637398785422,-0.214014,81.536594,0.4949104949104949,679.0
24011,24,San Luis Potosí,Ciudad Fernández,48106,2510,33.42629482071713,8.364732479276563,33.21667229033423,0.20962253038290157,medio,en lo esperado,0.6699398054645253,1.7255667451113574,-0.805639,66.094799,0.4734661668968238,839.0000000000001
24012,24,San Luis Potosí,Tancanhuitz,20300,1376,20.712209302325576,4.284621270084163,25.93671307091816,-5.224503768592584,muy bajo,mejor de lo esperado,1.663642338409273,0.0,0.97408,81.848684,66.84098793558744,284.99999999999994
24013,24,San Luis Potosí,Ciudad Valles,179371,9524,16.736665266694672,4.673102237823607,22.60201147376186,-5.865346207067187,muy bajo,mejor de lo esperado,0.6753409169953327,0.7769792676431285,-0.837774,47.477468,7.4321568810225696,1594.0000000000007
24014,24,San Luis Potosí,Coxcatlán,15660,952,24.78991596638656,4.99457111834962,31.147083078586935,-6.357167112200376,bajo,mejor de lo esperado,1.5592891828778317,0.0,1.006099,85.435029,77.54883596467755,236.00000000000003
24015,24,San Luis Potosí,Charcas,21814,1151,43.61424847958297,8.410428931875526,34.11269331216835,9.501555167414615,muy alto,peor de lo esperado,3.8639343622488393,15.280302813621947,-0.22591,48.785584,0.1256281407035175,501.99999999999994
24016,24,San Luis Potosí,Ebano,40899,2224,30.39568345323741,8.168761220825854,25.2234457920274,5.172237661210012,medio,peor de lo esperado,0.7449805451154778,0.8138728409071654,-0.517482,65.489557,7.768663049348111,676.0
24017,24,San Luis Potosí,Guadalcázar,25119,1405,51.245551601423486,10.547945205479452,56.73819818142636,-5.4926465800028765,muy alto,mejor de lo esperado,8.731063463402524,38.73433370669824,0.755603,79.695437,0.1139962001266624,720.0
24018,24,San Luis Potosí,Huehuetlán,15334,974,22.176591375770016,6.0638297872340425,31.381999484780778,-9.205408109010762,bajo,mejor de lo esperado,2.030910346109042,0.0,0.822725,79.38801,61.91786475889111,215.99999999999994
24019,24,San Luis Potosí,Lagunillas,5453,269,35.68773234200744,11.895910780669144,32.358740219974464,3.328992122032979,alto,en lo esperado,6.972689860786964,18.387714169251407,0.165546,74.781843,1.4351320321469576,96.00000000000003
24020,24,San Luis Potosí,Matehuala,102199,5619,27.424808684819368,6.306306306306307,29.41166055688881,-1.9868518720694404,bajo,en lo esperado,0.7164439464289916,0.7333833654029943,-1.03473,41.1452,0.1755484606145222,1541.0000000000002
24021,24,San Luis Potosí,Mexquitic de Carmona,58469,3285,32.23744292237443,6.919019547005895,36.96096643815259,-4.723523515778162,medio,en lo esperado,2.8871909312714483,0.0,-0.408886,60.01182,0.128541685525482,1059.0
24022,24,San Luis Potosí,Moctezuma,19036,1082,45.10166358595194,10.267857142857142,39.25487099364601,5.846792592305931,muy alto,peor de lo esperado,4.137764726598323,10.87827935526228,-0.21191,71.102621,0.1224739742804654,488.0
24023,24,San Luis Potosí,Rayón,15301,797,40.77791718946048,8.91566265060241,35.875564301804005,4.902352887656477,alto,en lo esperado,3.594261929157757,6.594358745904837,0.062319,75.589404,5.833735105723535,325.00000000000006
24024,24,San Luis Potosí,Rioverde,97943,5153,34.2907044440132,8.24468085106383,33.89215607429486,0.3985483697183412,alto,en lo esperado,1.505107274656181,4.018249800625885,-0.585328,64.296888,0.3576107734272643,1767.0000000000005
24025,24,San Luis Potosí,Salinas,31107,1815,49.09090909090909,10.658622423328303,35.81908943677463,13.271819654134461,muy alto,peor de lo esperado,2.0175354865932777,2.413728821013182,-0.532088,69.662933,0.0443504366812227,891.0000000000001
24026,24,San Luis Potosí,San Antonio,9382,608,18.75,4.0,40.87491359078897,-22.12491359078897,muy bajo,mejor de lo esperado,1.8771957216269828,0.0,1.004466,93.735024,81.85272097441054,114.0
24027,24,San Luis Potosí,San Ciro de Acosta,10215,536,34.88805970149254,12.962962962962964,35.77512302809025,-0.8870633265977119,alto,en lo esperado,2.341543903112809,7.210467094965386,-0.317675,72.201359,0.2771789344009855,187.0
24028,24,San Luis Potosí,San Luis Potosí,911908,44876,22.421784472769403,6.648755986450181,20.09106332704863,2.330721145720773,bajo,en lo esperado,0.26613210985363,0.0748596432150061,-1.275415,25.945115,0.5434365576472232,10061.999999999996
24029,24,San Luis Potosí,San Martín Chalchicuautla,18468,1163,20.808254514187453,4.608294930875576,25.35131363297145,-4.543059118783997,muy bajo,en lo esperado,2.029900179741541,0.0,1.057019,88.904387,40.98406959665574,242.00000000000006
24030,24,San Luis Potosí,San Nicolás Tolentino,4779,215,35.81395348837209,7.798165137614679,40.258718757504866,-4.444765269132773,alto,en lo esperado,5.609562232255109,27.39602696859685,-0.242221,62.469723,0.0,77.0
24031,24,San Luis Potosí,Santa Catarina,12163,862,58.58468677494199,14.849187935034802,49.612504936653764,8.972181838288229,muy alto,peor de lo esperado,4.233747717036007,2.013794060267766,2.076941,90.593141,62.66293412649812,505.0
24032,24,San Luis Potosí,Santa María del Río,39880,2255,38.80266075388027,11.239964317573596,41.47107659808489,-2.668415844204624,alto,en lo esperado,2.9242583832035853,4.049204100019118,0.071424,59.471418,0.0851902137741926,875.0000000000001
24033,24,San Luis Potosí,Santo Domingo,10785,602,47.674418604651166,12.762520193861066,41.440531024125264,6.233887580525902,muy alto,peor de lo esperado,10.64770927720435,40.60049139686886,-0.160755,70.601324,0.0788876836603885,287.0
24034,24,San Luis Potosí,San Vicente Tancuayalab,14945,900,16.888888888888886,6.056860321384425,29.58279553787374,-12.693906648984854,muy bajo,mejor de lo esperado,1.8532098482418344,0.01312163758037,0.085047,82.437243,22.254012561060712,151.99999999999997
24035,24,San Luis Potosí,Soledad de Graciano Sánchez,332072,17825,22.99018232819074,5.612939841089671,23.015449634508215,-0.02526730631747398,bajo,en lo esperado,0.0838019913159862,0.1771371541279758,-1.290627,26.631625,0.4684740277117499,4098.0
24036,24,San Luis Potosí,Tamasopo,29184,1613,39.49163050216987,9.767718880285884,33.511503224296824,5.980127277873045,alto,peor de lo esperado,2.974017443329519,3.4698794772935257,0.29508,71.365989,11.67922691378502,637.0
24037,24,San Luis Potosí,Tamazunchale,95037,5750,29.060869565217388,7.636958299264105,26.43835898841613,2.6225105768012575,medio,en lo esperado,1.02537846350043,0.0,0.305162,82.023264,35.20865292692145,1671.0
24038,24,San Luis Potosí,Tampacán,14348,890,17.528089887640448,4.529201430274136,26.722479887370135,-9.194389999729687,muy bajo,mejor de lo esperado,2.0192461428397968,0.0,0.62859,82.297117,40.34319094560058,155.99999999999997
24039,24,San Luis Potosí,Tampamolón Corona,13603,847,21.251475796930336,4.247990815154994,32.441968856088636,-11.1904930591583,muy bajo,mejor de lo esperado,2.1578058097645894,0.0,0.815802,85.015387,57.887400294277086,179.99999999999994
24040,24,San Luis Potosí,Tamuín,36968,2027,25.209669462259495,5.922662750856584,25.51354606693164,-0.30387660467214417,bajo,en lo esperado,2.434562964135459,6.094160544191015,-0.372804,67.827295,12.475213868902612,510.99999999999994
24041,24,San Luis Potosí,Tanlajás,18208,1282,27.92511700468019,4.788069073783359,35.02235468635471,-7.097237681674521,medio,mejor de lo esperado,2.323790222278981,0.0,0.925988,89.998976,79.57193954078689,358.0
24042,24,San Luis Potosí,Tanquián de Escobedo,13448,806,17.245657568238215,3.8809831824062098,30.49144049148038,-13.245782923242164,muy bajo,mejor de lo esperado,1.5725351969871366,0.0,-0.394895,81.222057,16.027493556197765,139.0
24043,24,San Luis Potosí,Tierra Nueva,7966,427,35.597189695550355,10.06423982869379,38.430104200319214,-2.8329145047688584,alto,en lo esperado,1.6059643581257754,1.128443372974215,0.19063,78.598664,0.0664805212072862,152.00000000000003
24044,24,San Luis Potosí,Vanegas,7557,428,52.570093457943926,11.181434599156118,38.462431905606024,14.107661552337902,muy alto,peor de lo esperado,6.733653493801238,33.25099001320428,-0.077914,48.886236,0.627527541486543,225.0
24045,24,San Luis Potosí,Venado,14188,853,36.10785463071512,4.7927461139896375,38.14075202809603,-2.032897397380914,alto,en lo esperado,5.110642892605517,21.105312830719168,-0.187641,67.538002,0.1543777107990884,307.99999999999994
24046,24,San Luis Potosí,Villa de Arriaga,18206,1112,51.97841726618705,13.415710503089144,38.74120622206678,13.237211044120272,muy alto,peor de lo esperado,3.574573143555556,4.268807049838496,0.076604,63.039454,0.1344243132670952,578.0
24047,24,San Luis Potosí,Villa de Guadalupe,9277,524,45.99236641221374,7.222222222222222,41.93105956320323,4.0613068490105135,muy alto,en lo esperado,5.160896017141376,15.877739794072014,0.285333,75.06009,0.2036659877800407,241.0
24048,24,San Luis Potosí,Villa de la Paz,5298,265,38.11320754716981,5.298013245033113,28.13092650102486,9.982281046144948,alto,peor de lo esperado,1.2860790709758818,0.0,-0.903671,33.94208,0.2993414488126122,100.99999999999999
24049,24,San Luis Potosí,Villa de Ramos,38389,2194,49.77210574293528,15.9501807955002,35.64533882828493,14.126766914650354,muy alto,peor de lo esperado,3.7337018028722953,9.485017786273351,-0.164181,88.472605,0.1744910677191524,1092.0
24050,24,San Luis Potosí,Villa de Reyes,52912,3175,37.88976377952756,7.567567567567567,40.52928787635833,-2.639524096830769,alto,en lo esperado,2.326243412647668,0.1576779065080036,-0.440778,50.073478,0.0564595809892525,1203.0000000000002
24051,24,San Luis Potosí,Villa Hidalgo,15458,790,41.77215189873418,7.594936708860759,39.45305919772197,2.3190927010122095,alto,en lo esperado,6.5628688305679335,24.09428760035478,-0.468378,53.621246,0.1293572984749455,330.0
24052,24,San Luis Potosí,Villa Juárez,10304,492,54.67479674796748,10.076045627376423,39.028671094124995,15.646125653842482,muy alto,peor de lo esperado,4.544704722633546,5.694941483702485,0.043745,73.554988,0.1022494887525562,269.0
24053,24,San Luis Potosí,Axtla de Terrazas,32544,1932,24.12008281573499,4.116465863453815,27.031609633929882,-2.9115268181948935,bajo,en lo esperado,1.49640190064063,0.0,-0.020047,84.89021,48.13220251197721,466.0
24054,24,San Luis Potosí,Xilitla,49741,3276,29.76190476190476,7.216799763383614,31.355778371811276,-1.5938736099065167,medio,en lo esperado,1.4987976206671934,0.0,0.69153,90.03579,38.6894780412218,975.0
24055,24,San Luis Potosí,Zaragoza,27386,1619,38.23347745521927,9.669369931378665,44.24211649121373,-6.008639035994456,alto,mejor de lo esperado,3.3555125941316306,6.53908378269822,-0.242242,37.892578,0.0544048498037539,619.0
24056,24,San Luis Potosí,Villa de Arista,17258,1083,41.551246537396125,11.96660482374768,37.71276177438386,3.838484763012268,alto,en lo esperado,1.167691070337887,0.0115021854152288,-0.291586,75.203971,0.3821263482280431,450.00000000000006
24057,24,San Luis Potosí,Matlapa,28996,1972,34.43204868154159,8.02030456852792,26.837099448257394,7.5949492332841935,alto,peor de lo esperado,1.4379511223940669,0.0,0.559011,87.826248,54.99051510287465,679.0000000000001
24058,24,San Luis Potosí,El Naranjo,20959,1107,40.74074074074074,11.5990057995029,33.21477579941428,7.525964941326464,alto,peor de lo esperado,2.1379903918545886,0.1088761356457911,-0.708563,56.493037,0.4993442953697165,451.0
25001,25,Sinaloa,Ahome,459310,23356,17.614317520123308,6.300928145017212,23.862731284086077,-6.24841376396277,muy bajo,mejor de lo esperado,0.8944151874153449,0.9247099514422178,-1.114611,33.358612,1.3924884491157048,4114.0
25002,25,Sinaloa,Angostura,44093,2296,15.505226480836242,5.631986242476354,25.286426348970522,-9.78119986813428,muy bajo,mejor de lo esperado,1.2455611375029056,0.0502499083537996,-0.953355,32.36293,0.8655047991887367,356.0000000000001
25003,25,Sinaloa,Badiraguato,26542,1459,25.154215215901303,7.330482590103848,39.26704131916934,-14.112826103268034,bajo,mejor de lo esperado,3.477763498664214,7.680031262452604,0.303786,66.161359,0.0559016131608369,367.00000000000006
25004,25,Sinaloa,Concordia,24899,1349,19.718309859154928,10.02210759027266,28.162340488385166,-8.444030629230237,muy bajo,mejor de lo esperado,1.5412090155967182,1.41739495602337,-0.553608,42.430433,0.172900940412432,266.0
25005,25,Sinaloa,Cosalá,17012,1081,19.88899167437557,6.96608615948671,36.87624815908015,-16.987256484704577,muy bajo,mejor de lo esperado,3.514583110500225,10.976999639918745,-0.326509,58.794419,0.0625039064941558,214.99999999999994
25006,25,Sinaloa,Culiacán,1003530,50846,17.3897651732683,5.989593521380228,24.39493899210945,-7.005173818841147,muy bajo,mejor de lo esperado,0.4869452798474669,0.3866637177795892,-1.20435,28.246035,0.4851421296839143,8842.0
25007,25,Sinaloa,Choix,29334,1687,25.42975696502667,10.111699000587889,26.66446693870602,-1.234709973679351,bajo,en lo esperado,2.133249519144977,2.7799594148806848,0.132618,62.663015,2.757333141851865,428.9999999999999
25008,25,Sinaloa,Elota,55339,2995,35.45909849749583,14.43108233117484,33.23202702657813,2.2270714709177,alto,en lo esperado,2.382431437194538,6.371101497773237,-0.436228,44.138227,5.736979767674437,1062.0
25009,25,Sinaloa,Escuinapa,59988,3479,29.060074734119,13.87900355871886,25.89563511278155,3.164439621337447,medio,en lo esperado,0.6251215472637189,0.3210857253516396,-0.553226,51.395533,4.833171934149133,1011.0
25010,25,Sinaloa,El Fuerte,96593,5072,22.59463722397476,9.044834307992202,26.06414771086484,-3.46951048689008,bajo,en lo esperado,2.3651841294137546,4.101097727300109,-0.390713,48.933032,5.481563493872589,1146.0
25011,25,Sinaloa,Guasave,289370,15098,18.909789376076304,6.8296571884135,29.0770659264518,-10.167276550375497,muy bajo,mejor de lo esperado,1.3179429251789527,0.324896716011333,-0.906215,40.36107,1.2113074665325192,2855.0000000000005
25012,25,Sinaloa,Mazatlán,501441,24500,18.412244897959184,6.758281615217216,20.363347022722106,-1.9511021247629223,muy bajo,en lo esperado,0.3834873022541592,0.1384257758194695,-1.167179,26.526681,0.5105163877426098,4511.0
25013,25,Sinaloa,Mocorito,40358,2003,19.57064403394908,7.7,28.490110843818695,-8.919466809869615,muy bajo,mejor de lo esperado,2.723835248942972,2.1716871419977144,-0.516022,44.946488,0.0492202476555618,392.00000000000006
25014,25,Sinaloa,Rosario,52345,2779,28.139618567830155,12.058720727018525,27.00014213927739,1.139476428552765,medio,en lo esperado,1.7074836798703878,0.871734910200165,-0.576219,43.029596,2.1002819170358435,782.0
25015,25,Sinaloa,Salvador Alvarado,79492,4250,13.38823529411765,4.193471527281392,26.425215502774066,-13.036980208656416,muy bajo,mejor de lo esperado,0.4364786230164875,0.5037535033463895,-1.229933,34.844355,0.2190349268344175,569.0
25016,25,Sinaloa,San Ignacio,19505,1071,22.875816993464056,9.803921568627452,23.965069278482368,-1.0892522850183113,bajo,en lo esperado,2.344267958008387,7.344690959606058,-0.368888,55.288547,0.8448582037345962,245.00000000000006
25017,25,Sinaloa,Sinaloa,78670,4347,21.946169772256724,6.846565566458519,28.936022554041642,-6.9898527817849185,bajo,mejor de lo esperado,3.28259041357862,5.042594245706832,-0.178331,55.999939,1.565971571593008,953.9999999999998
25018,25,Sinaloa,Navolato,149122,8008,29.045954045954048,11.521712081622496,29.004228730263748,0.041725315690300135,medio,en lo esperado,1.750060372911238,1.7271325264706294,-0.632443,41.152273,3.154034748079953,2326.0
26001,26,Sonora,Aconchi,2563,136,36.02941176470589,5.185185185185185,37.264362950523015,-1.234951185817124,alto,en lo esperado,21.735836719900185,100.0,-1.030027,70.10841,0.0811688311688311,49.000000000000014
26002,26,Sonora,Agua Prieta,91929,5322,27.151446824502077,5.922134893072564,23.93241994119579,3.219026883306288,bajo,en lo esperado,0.1877821166991827,0.5911086754332475,-1.180179,40.068806,0.4932027280633496,1445.0000000000007
26003,26,Sonora,Alamos,24976,1365,23.443223443223445,4.95265841223598,24.752731749810803,-1.3095083065873574,bajo,en lo esperado,3.362829366266837,11.260153205474982,0.214963,59.195863,5.889473244845146,320.00000000000006
26004,26,Sonora,Altar,9492,631,34.0729001584786,6.833333333333333,24.72784235861807,9.345057799860534,medio,peor de lo esperado,1.2284924399136024,4.304330630808779,-0.996178,56.509639,0.976259152429554,214.99999999999997
26005,26,Sonora,Arivechi,1177,48,31.25,4.615384615384615,34.40261710704564,-3.152617107045643,medio,en lo esperado,21.88733111742868,100.0,-0.625656,36.45679,0.8888888888888888,15.0
26006,26,Sonora,Arizpe,2788,126,37.3015873015873,8.391608391608392,35.15950200744795,2.142085294139349,alto,en lo esperado,32.67431406225118,100.0,-0.891484,70.10841,0.1117734724292101,46.99999999999999
26007,26,Sonora,Atil,626,33,12.121212121212125,3.225806451612903,27.958410209351484,-15.83719808813936,muy bajo,mejor de lo esperado,12.129744283593654,98.90625,-1.147076,43.368098,0.165016501650165,4.000000000000001
26008,26,Sonora,Bacadéhuachi,979,48,27.08333333333333,5.555555555555555,31.484411611880343,-4.401078278547015,bajo,en lo esperado,17.412557490076924,100.0,-0.90056,62.348548,0.0,12.999999999999996
26009,26,Sonora,Bacanora,759,24,12.5,3.125,32.536526026129344,-20.036526026129344,muy bajo,mejor de lo esperado,19.55599072700077,100.0,-0.786635,70.10841,0.0,3.0
26010,26,Sonora,Bacerac,1221,65,20.0,6.493506493506493,27.93383116374911,-7.933831163749112,muy bajo,mejor de lo esperado,1.968528691549596,9.573200992555831,-0.741459,51.174863,0.0857632933104631,13.0
26011,26,Sonora,Bacoachi,1475,67,19.40298507462687,11.428571428571429,25.699529395988733,-6.296544321361864,muy bajo,mejor de lo esperado,1.800853580439182,5.276718540657529,-0.89867,56.923288,0.3494060097833683,13.000000000000002
26012,26,Sonora,Bácum,23151,1205,37.593360995850624,10.576923076923077,23.238803638825832,14.354557357024792,alto,peor de lo esperado,3.675960371435258,4.638776692997763,-0.49289,48.025062,10.525124490719785,453.0
26013,26,Sonora,Banámichi,1825,94,35.1063829787234,10.784313725490197,29.829901929270708,5.276481049452695,alto,peor de lo esperado,0.7099802921072514,0.1071811361200429,-1.024593,70.10841,0.0,33.0
26014,26,Sonora,Baviácora,3191,173,24.27745664739885,5.8201058201058204,41.97235907225427,-17.69490242485542,bajo,mejor de lo esperado,31.961688027259072,100.0,-1.023169,70.10841,0.0,42.000000000000014
26015,26,Sonora,Bavispe,1169,61,21.311475409836063,13.88888888888889,40.72324929624719,-19.411773886411126,muy bajo,mejor de lo esperado,15.933896096718174,98.19266144951072,-1.009701,71.327177,0.0901713255184851,13.0
26016,26,Sonora,Benjamín Hill,4988,246,19.512195121951223,8.239700374531836,25.24626708312579,-5.734071961174568,muy bajo,mejor de lo esperado,0.3138675926334011,1.525207797751125,-0.934732,37.213386,0.0630782169890664,48.00000000000001
26017,26,Sonora,Caborca,89122,4693,28.51054762412103,8.009469323337937,28.46740580083973,0.04314182328129945,medio,en lo esperado,3.5083878061839218,14.924064416586967,-0.961866,37.213713,0.8497584711399457,1338.0
26018,26,Sonora,Cajeme,436484,21491,21.087897259317856,6.186186186186186,16.32632854888979,4.761568710428065,muy bajo,en lo esperado,0.3839520495998105,0.0814475764216005,-1.167137,36.210653,0.7780122610339757,4532.0
26019,26,Sonora,Cananea,39451,1972,18.76267748478702,4.939919893190921,28.768642193992697,-10.005964709205678,muy bajo,mejor de lo esperado,0.6772015813719902,3.987132248915534,-1.369975,34.680781,0.2748939123008354,370.0
26020,26,Sonora,Carbó,4946,266,29.32330827067669,10.839160839160838,27.8204130724988,1.5028951981778924,medio,en lo esperado,0.8779604154110506,2.636169800348905,-0.602801,54.640075,1.446500744522442,78.0
26021,26,Sonora,La Colorada,1848,64,35.9375,16.883116883116884,38.76411858365188,-2.8266185836518787,alto,en lo esperado,16.454768125234864,49.21561707997817,-0.34515,31.155502,0.449438202247191,23.0
26022,26,Sonora,Cucurpe,863,40,35.0,20.967741935483872,48.0219728253289,-13.021972825328902,alto,mejor de lo esperado,41.00991771104472,100.0,-0.261716,43.622727,0.1189060642092746,14.0
26023,26,Sonora,Cumpas,5829,302,8.94039735099338,4.207119741100324,27.62640097609538,-18.686003625102,muy bajo,mejor de lo esperado,4.196946440509951,22.03429137715311,-1.172046,23.674362,0.0354672814328781,27.000000000000004
26024,26,Sonora,Divisaderos,753,34,14.705882352941174,0.0,33.02574276150803,-18.319860408566853,muy bajo,mejor de lo esperado,29.032941081695444,100.0,-1.142361,46.5625,0.2762430939226519,4.999999999999999
26025,26,Sonora,Empalme,51431,2589,24.642719196601007,8.283132530120483,16.033187595206215,8.609531601394792,bajo,peor de lo esperado,1.521830858233513,6.702275703331724,-0.958021,44.254199,2.418036137682937,638.0000000000001
26026,26,Sonora,Etchojoa,61309,3580,27.12290502793296,7.661173749638624,19.645973568740416,7.476931459192542,bajo,peor de lo esperado,2.0625087931738606,0.7710421110607303,-0.042467,65.563842,14.145823703627617,970.9999999999999
26027,26,Sonora,Fronteras,9041,531,19.962335216572495,4.232804232804233,27.28645941733649,-7.324124200763997,muy bajo,mejor de lo esperado,0.7015214838601195,1.013140027777348,-1.173716,30.295302,1.3125798582878383,105.99999999999994
26028,26,Sonora,Granados,1009,64,26.5625,11.538461538461538,16.526716840792062,10.035783159207938,bajo,peor de lo esperado,0.0,0.0,-1.077243,70.10841,0.0,17.0
26029,26,Sonora,Guaymas,156863,7822,26.425466632574786,8.2750730901233,17.192253163507925,9.233213469066861,bajo,peor de lo esperado,1.5973337680807362,6.114217848379928,-0.83828,41.878515,8.268000480814178,2066.9999999999995
26030,26,Sonora,Hermosillo,936263,46163,19.15820029027576,5.333417027598184,19.66408548057068,-0.5058851902949186,muy bajo,en lo esperado,0.3676980635626555,1.5618343486518282,-1.256742,29.530731,1.0860249283737786,8844.0
26031,26,Sonora,Huachinera,1186,79,34.17721518987342,7.936507936507937,30.37026069027968,3.8069544995937434,medio,en lo esperado,20.6694144236904,100.0,-0.7615,51.798799,0.4370629370629371,27.000000000000004
26032,26,Sonora,Huásabas,888,57,21.05263157894737,1.8867924528301887,19.93559249041898,1.11703908852839,muy bajo,en lo esperado,4.736647012775848,0.0,-1.183503,27.141026,0.1156069364161849,12.000000000000002
26033,26,Sonora,Huatabampo,77682,4193,19.6279513474839,5.994005994005994,20.818221639313713,-1.1902702918298118,muy bajo,en lo esperado,2.6719768254819183,3.998121693843823,-0.39765,58.488259,10.209505308457109,823.0
26034,26,Sonora,Huépac,943,49,20.40816326530613,0.0,40.12085584471889,-19.71269257941276,muy bajo,mejor de lo esperado,10.690236741032384,79.11063372717508,-1.21765,70.10841,0.1104972375690607,10.000000000000004
26035,26,Sonora,Imuris,12536,668,25.89820359281437,9.186351706036746,23.416220098425185,2.4819834943891834,bajo,en lo esperado,2.102689494586534,3.763466286708444,-0.967173,44.515708,1.0458839406207827,172.99999999999997
26036,26,Sonora,Magdalena,33049,1914,23.45872518286312,5.324813631522897,25.45396339291066,-1.995238210047539,bajo,en lo esperado,0.5959137862757301,0.9371400533808448,-1.243591,36.208938,0.2751858295113079,449.0000000000001
26037,26,Sonora,Mazatán,1101,54,20.370370370370367,4.545454545454546,29.01836254808773,-8.647992177717363,muy bajo,mejor de lo esperado,0.8782840110608278,4.6747367385099885,-0.822293,44.552419,0.0937207122774133,10.999999999999998
26038,26,Sonora,Moctezuma,5173,333,12.312312312312317,4.938271604938271,25.75980200721544,-13.447489694903124,muy bajo,mejor de lo esperado,0.3711889769358281,2.4358849590331078,-1.175451,29.299006,0.0814829904257486,41.000000000000014
26039,26,Sonora,Naco,5774,358,28.491620111731848,5.645161290322581,21.010438051280907,7.481182060450941,medio,peor de lo esperado,0.0691952398482843,0.2757669769045157,-1.151578,57.149013,0.601640838650866,102.00000000000001
26040,26,Sonora,Nácori Chico,1531,68,33.82352941176471,6.818181818181818,34.41926632533139,-0.5957369135666823,medio,en lo esperado,8.428249904191235,22.86493783033575,-0.26162,67.585308,0.0680272108843537,23.0
26041,26,Sonora,Nacozari de García,14369,804,18.28358208955224,5.504587155963303,24.41944448333343,-6.1358623937811885,muy bajo,mejor de lo esperado,0.6138650798401043,3.0779333420408133,-1.169538,21.837522,0.6863818912011683,147.00000000000003
26042,26,Sonora,Navojoa,164387,8803,21.856185391343857,4.701834862385321,19.583201464446507,2.27298392689735,bajo,en lo esperado,1.1250875248744672,1.2345969735117608,-0.739149,45.870841,3.843486118269922,1923.9999999999998
26043,26,Sonora,Nogales,264782,14510,21.330117160578908,5.962234868080704,23.276986369837545,-1.9468692092586366,muy bajo,en lo esperado,0.1936100638407737,0.837816937461898,-1.257505,38.011175,0.765998822148354,3094.9999999999995
26044,26,Sonora,Onavas,365,20,20.0,10.0,24.40659418919837,-4.406594189198369,muy bajo,en lo esperado,0.4463893679195045,3.157894736842105,-0.979371,70.10841,0.5780346820809249,4.0
26045,26,Sonora,Opodepe,2438,108,31.48148148148148,1.5037593984962403,39.943634234961735,-8.462152753480254,medio,mejor de lo esperado,22.489433030742287,99.9622926093514,-0.490773,46.082822,0.3805496828752642,34.0
26046,26,Sonora,Oquitoa,496,14,7.142857142857139,9.090909090909092,36.71419811831549,-29.571340975458348,muy bajo,mejor de lo esperado,10.18753617116147,3.667953667953668,-1.043585,32.767857,0.0,0.9999999999999993
26047,26,Sonora,Pitiquito,9122,457,24.945295404814004,5.679513184584178,23.061692970448043,1.8836024343659616,bajo,en lo esperado,1.7112557317058985,5.291779344872393,-0.651808,36.220447,3.578392017433192,114.0
26048,26,Sonora,Puerto Peñasco,62689,3408,26.6725352112676,7.84623486045287,26.15716993810074,0.5153652731668608,bajo,en lo esperado,0.0854639616811166,0.2838957824949191,-1.08763,43.939732,1.1446357748882976,908.9999999999998
26049,26,Sonora,Quiriego,3090,188,39.361702127659576,12.337662337662335,38.39328565298917,0.9684164746704056,alto,en lo esperado,8.97711878773511,49.31069378124253,0.986143,67.344633,3.428377460964019,74.0
26050,26,Sonora,Rayón,1496,65,32.30769230769231,9.090909090909092,38.52118380447445,-6.21349149678214,medio,mejor de lo esperado,36.7296365104982,100.0,-0.623587,52.816438,0.2773925104022191,20.999999999999996
26051,26,Sonora,Rosario,4830,232,28.448275862068968,15.5893536121673,34.10308159767365,-5.654805735604683,medio,mejor de lo esperado,5.814828139735765,27.74383140950968,-0.098296,45.943559,0.3702090592334495,66.0
26052,26,Sonora,Sahuaripa,5257,249,22.489959839357425,4.850746268656716,28.793337824873042,-6.303377985515617,bajo,mejor de lo esperado,5.932665830045665,16.786013043692208,-0.674899,44.382845,0.1974723538704581,55.99999999999999
26053,26,Sonora,San Felipe de Jesús,369,12,8.333333333333329,0.0,41.75944652143659,-33.42611318810326,muy bajo,mejor de lo esperado,16.74685315379173,100.0,-1.202842,70.10841,0.0,0.9999999999999994
26054,26,Sonora,San Javier,537,21,38.095238095238095,3.0303030303030303,43.347462330733066,-5.252224235494971,alto,mejor de lo esperado,21.10463239849595,100.0,-0.944233,70.10841,0.7874015748031497,8.0
26055,26,Sonora,San Luis Río Colorado,199021,10673,28.24885224398014,8.98484152503445,25.517384853024076,2.7314673909560625,medio,en lo esperado,0.3369938632912171,0.4266646342121332,-1.084876,52.566971,0.4935740755341796,3015.0
26056,26,Sonora,San Miguel de Horcasitas,10729,710,51.40845070422535,22.746781115879827,38.68574411828411,12.72270658594124,muy alto,peor de lo esperado,1.3203483112361796,5.004821817157795,0.385097,71.153682,21.86690575811915,365.0
26057,26,Sonora,San Pedro de la Cueva,1458,67,19.40298507462687,12.5,25.4156080089452,-6.01262293431833,muy bajo,mejor de lo esperado,2.738284272154475,11.542877329329684,-0.680089,47.078864,0.1418439716312056,13.000000000000002
26058,26,Sonora,Santa Ana,16203,904,24.004424778761063,8.926553672316384,28.30941399962776,-4.304989220866698,bajo,en lo esperado,2.673604403866874,13.41048482164951,-1.165936,34.865689,0.0967679504548093,217.0
26059,26,Sonora,Santa Cruz,1835,78,39.74358974358975,12.63157894736842,37.326141708774514,2.417448034815237,alto,en lo esperado,6.286697412483012,47.97063450445727,-0.922962,42.507745,0.4053271569195136,31.000000000000007
26060,26,Sonora,Sáric,2058,121,35.53719008264463,4.918032786885246,40.04466264157396,-4.507472558929329,alto,en lo esperado,11.998180024693054,51.56643663051813,-0.77766,61.009288,0.2552322613578356,43.0
26061,26,Sonora,Soyopa,1368,35,71.42857142857143,16.176470588235293,43.97991868415101,27.44865274442042,muy alto,peor de lo esperado,25.86577227886497,100.0,-0.551061,70.10841,0.1518602885345482,25.0
26062,26,Sonora,Suaqui Grande,1114,61,21.311475409836063,0.0,24.547793407094883,-3.236317997258819,muy bajo,en lo esperado,0.3817379979072599,2.339688041594454,-0.879704,33.13,0.0,13.0
26063,26,Sonora,Tepache,1178,59,16.949152542372886,3.389830508474576,33.40426381287323,-16.455111270500346,muy bajo,mejor de lo esperado,32.96733363212774,100.0,-1.023359,40.21147,0.0,10.000000000000004
26064,26,Sonora,Trincheras,1381,64,31.25,16.901408450704224,37.01706314128725,-5.767063141287252,medio,mejor de lo esperado,6.644564445891025,30.139145051712465,-0.673388,41.580402,0.0759301442672741,20.0
26065,26,Sonora,Tubutama,1473,68,23.529411764705884,4.166666666666667,36.18880143149359,-12.659389666787703,bajo,mejor de lo esperado,20.04501874225392,74.97791183011911,-0.759758,46.145833,0.422237860661506,16.0
26066,26,Sonora,Ures,8548,429,12.354312354312356,4.534005037783375,27.028417848325716,-14.67410549401336,muy bajo,mejor de lo esperado,4.530209225300909,12.465706845764998,-0.949141,30.495309,0.1815980629539951,53.0
26067,26,Sonora,Villa Hidalgo,1429,65,35.38461538461539,9.89010989010989,38.055213664475716,-2.6705982798603287,alto,en lo esperado,33.412259432237725,100.0,-0.770281,28.352645,0.2147458840372226,23.0
26068,26,Sonora,Villa Pesqueira,1043,50,12.0,2.0,38.72670394641063,-26.72670394641063,muy bajo,mejor de lo esperado,16.433389562840286,99.46332737030414,-0.729508,36.506726,0.0,6.0
26069,26,Sonora,Yécora,4793,245,38.775510204081634,13.87900355871886,28.339508686510484,10.43600151757115,alto,peor de lo esperado,3.573499418431115,13.080841582474406,0.261198,83.942968,8.879631659723744,95.0
26070,26,Sonora,General Plutarco Elías Calles,13627,810,29.629629629629637,8.439306358381502,29.04491442475261,0.5847152048770283,medio,en lo esperado,2.3726598786092272,9.25016296499044,-0.987226,55.262083,0.463893613731251,240.00000000000009
26071,26,Sonora,Benito Juárez,21692,1192,30.704697986577187,10.641891891891891,21.58376060841931,9.120937378157876,medio,peor de lo esperado,0.81966072012756,3.955006980126576,-0.659633,59.43684,5.040792540792541,366.0000000000001
26072,26,Sonora,San Ignacio Río Muerto,14279,777,34.36293436293437,9.18238993710692,23.050336479812174,11.312597883122194,alto,peor de lo esperado,1.7941749321654132,5.184245204744009,-0.179755,65.105322,6.864263068642631,267.0
27001,27,Tabasco,Balancán,58524,3269,24.38054450902416,8.603091280256635,34.81630876123139,-10.435764252207232,bajo,mejor de lo esperado,3.0433064622770583,6.053126447855831,-0.395558,73.617695,1.779031295763953,796.9999999999997
27002,27,Tabasco,Cárdenas,243229,13833,26.277741632328485,9.370935724553355,29.103348439610276,-2.8256068072817904,bajo,en lo esperado,2.182937542390736,1.4243762653623728,-0.673675,67.216082,0.3578861208105119,3634.999999999999
27003,27,Tabasco,Centla,107731,6436,17.821628340584212,5.074090704984283,34.370167437996024,-16.548539097411812,muy bajo,mejor de lo esperado,2.002936503524816,0.7992192589102786,-0.468657,82.838734,11.783954306316192,1146.9999999999998
27004,27,Tabasco,Centro,683607,33079,15.67762024244989,5.573731485336982,23.562990867176282,-7.8853706247263915,muy bajo,mejor de lo esperado,1.294003011326324,0.0,-1.215095,43.323892,4.413772460576591,5185.999999999999
27005,27,Tabasco,Comalcalco,214877,11707,25.138805842658243,7.676231814162849,27.701667645425477,-2.562861802767234,bajo,en lo esperado,2.241514438558701,0.0,-0.800784,63.397169,0.2358282425157627,2943.0
27006,27,Tabasco,Cunduacán,137257,7488,27.003205128205124,9.264742166296571,29.283406565749228,-2.280201437544104,bajo,en lo esperado,2.463942103586896,0.0,-0.690995,67.448431,0.3475433080574563,2021.9999999999998
27007,27,Tabasco,Emiliano Zapata,32181,1684,18.34916864608076,8.356545961002785,19.65881701156219,-1.3096483654814293,muy bajo,en lo esperado,0.6155371896248865,0.0618945935072571,-0.910675,63.806299,0.8413500733735529,309.0
27008,27,Tabasco,Huimanguillo,190885,11152,26.22847919655668,9.404524573112594,29.72898903674656,-3.5005098401898813,bajo,en lo esperado,2.545965595777321,0.5246464880182384,-0.459056,70.438166,0.2803837299397426,2925.000000000001
27009,27,Tabasco,Jalapa,37749,1850,16.810810810810807,6.729810568295115,27.55973255181372,-10.748921741002913,muy bajo,mejor de lo esperado,2.5928323475679216,0.0,-0.802967,61.701217,0.3205836833959761,310.9999999999999
27010,27,Tabasco,Jalpa de Méndez,91185,5113,17.6413064736945,4.676258992805756,27.947804799432145,-10.306498325737646,muy bajo,mejor de lo esperado,2.038896656428819,0.0,-0.903986,64.841829,0.6171984956507695,901.9999999999997
27011,27,Tabasco,Jonuta,30798,1669,19.95206710605153,8.543331284572833,28.896494592525308,-8.944427486473778,muy bajo,mejor de lo esperado,1.9967078560798035,1.405780184561377,-0.19926,75.101964,3.502987842571605,333.00000000000006
27012,27,Tabasco,Macuspana,158601,8660,20.70438799076213,7.386300145267628,25.555346638897355,-4.850958648135226,muy bajo,en lo esperado,2.3728263685095,0.7972967155009035,-0.457969,76.430675,7.620967473670904,1793.0000000000005
27013,27,Tabasco,Nacajuca,150300,7407,15.336843526393949,4.816883923029175,26.476730706710082,-11.139887180316133,muy bajo,mejor de lo esperado,1.6271043465084885,0.0,-1.108234,55.550796,13.54058190814993,1135.9999999999998
27014,27,Tabasco,Paraíso,96741,5029,18.15470272419964,6.026827885887021,25.53651004630243,-7.381807322102787,muy bajo,mejor de lo esperado,2.072263076606925,0.0,-1.06776,59.576762,0.2169315038776506,913.0
27015,27,Tabasco,Tacotalpa,47905,2807,20.092625578909875,7.467532467532467,26.49720685849315,-6.404581279583276,muy bajo,mejor de lo esperado,1.9797665419124428,0.0,-0.292976,70.452974,22.419223399334847,564.0000000000002
27016,27,Tabasco,Teapa,58718,3118,34.0602950609365,17.532674529805547,27.87750688102354,6.182788179912958,medio,peor de lo esperado,1.7885118367730397,0.0,-0.520337,61.952442,0.573225516621743,1062.0
27017,27,Tabasco,Tenosique,62310,3585,21.562064156206414,7.45538284398388,27.2554075395371,-5.693343383330685,muy bajo,mejor de lo esperado,2.15751069688494,3.383261917615889,-0.490228,62.53436,5.750452691611244,773.0
28001,28,Tamaulipas,Abasolo,9822,553,20.25316455696202,7.414104882459313,31.001712637239855,-10.748548080277835,muy bajo,mejor de lo esperado,1.616666374427886,3.1051924386607523,-0.673119,63.811255,0.1272264631043257,111.99999999999997
28002,28,Tamaulipas,Aldama,28725,1408,27.76988636363636,9.993792675356922,29.491831522768337,-1.7219451591319768,medio,en lo esperado,4.51455681493856,17.599731579655053,-0.442692,60.674006,0.4701166180758017,390.99999999999994
28003,28,Tamaulipas,Altamira,269790,14011,24.937549068588964,7.284678457681101,19.494635207491793,5.442913861097171,bajo,peor de lo esperado,0.3810912325205723,0.6275416628821402,-1.050093,48.139183,1.3708480057212595,3494.0
28004,28,Tamaulipas,Antiguo Morelos,8850,412,29.611650485436897,8.366533864541832,28.67930791465717,0.9323425707797277,medio,en lo esperado,4.199740358404521,14.159512713596598,-0.528548,57.184282,0.2127156700543606,122.00000000000001
28005,28,Tamaulipas,Burgos,4256,189,47.08994708994709,12.560386473429952,33.05144903660984,14.03849805333725,muy alto,peor de lo esperado,6.3162390558977535,33.8570085236752,-0.314591,53.968908,0.0737281887441631,89.0
28006,28,Tamaulipas,Bustamante,7542,435,45.97701149425287,9.227467811158798,52.594781847614996,-6.6177703533621255,muy alto,mejor de lo esperado,6.152164436937543,30.8066078248634,1.086721,80.331302,0.0280504908835904,200.0
28007,28,Tamaulipas,Camargo,16546,709,37.79971791255289,12.21662468513854,33.3590142930833,4.440703619469595,alto,en lo esperado,4.409118342651644,20.206643618718367,-0.869984,53.938289,0.1579379619685387,268.0
28008,28,Tamaulipas,Casas,4143,213,46.009389671361504,30.10033444816053,51.786743885569734,-5.777354214208231,muy alto,mejor de lo esperado,10.227395832887192,45.3029717998562,0.725696,66.42877,0.4089979550102249,98.00000000000001
28009,28,Tamaulipas,Ciudad Madero,205933,9101,16.196022415119216,6.6439522998296425,13.578147805289914,2.617874609829302,muy bajo,en lo esperado,0.0,0.0,-1.303297,32.495904,0.7678923442088748,1473.9999999999998
28010,28,Tamaulipas,Cruillas,1671,71,42.25352112676056,9.45945945945946,45.048848529841244,-2.795327403080684,muy alto,en lo esperado,12.137896960762886,49.72162994551055,-0.047814,61.785219,0.3115264797507788,30.0
28011,28,Tamaulipas,Gómez Farías,8288,406,20.197044334975374,5.769230769230769,27.95210353219778,-7.755059197222405,muy bajo,mejor de lo esperado,3.4690709616975486,1.2745562067084215,-0.481085,50.086802,0.2148634984833164,82.00000000000001
28012,28,Tamaulipas,González,41470,2187,41.06081390032007,18.00986842105263,33.31316093557536,7.747652964744709,alto,peor de lo esperado,3.5693101059887007,16.678291605547205,-0.360833,68.737662,0.6450629825274279,897.9999999999999
28013,28,Tamaulipas,Güémez,15032,730,31.780821917808225,9.159347553324968,29.427054126423815,2.35376779138441,medio,en lo esperado,3.13933863882754,2.7494377775867664,-0.286958,60.762908,0.2246086895486769,232.00000000000006
28014,28,Tamaulipas,Guerrero,3803,115,29.565217391304344,7.142857142857143,33.077731914394576,-3.512514523090232,medio,en lo esperado,2.28472853180368,6.601466992665037,-0.308135,46.665437,0.1899592944369063,33.99999999999999
28015,28,Tamaulipas,Gustavo Díaz Ordaz,15677,694,32.132564841498564,9.603841536614643,29.929594101921293,2.202970739577271,medio,en lo esperado,2.340221359225791,5.324771305793087,-1.041699,56.476907,0.2415945238574592,223.00000000000003
28016,28,Tamaulipas,Hidalgo,17012,820,31.58536585365853,8.242424242424242,29.427208037147658,2.1581578165108724,medio,en lo esperado,2.64950149052747,6.735811607054995,-0.463133,80.102009,0.1108237901736239,258.99999999999994
28017,28,Tamaulipas,Jaumave,15994,852,28.051643192488257,6.23608017817372,29.95435683884576,-1.9027136463575047,medio,en lo esperado,4.091533467353609,9.550780311139611,-0.188213,67.497333,0.1920911439358813,238.99999999999994
28018,28,Tamaulipas,Jiménez,6375,355,21.126760563380287,7.948717948717949,27.410283339616136,-6.2835227762358485,muy bajo,mejor de lo esperado,3.3880759405842475,10.345570228610445,-0.791071,66.863306,0.0658002961013324,75.00000000000001
28019,28,Tamaulipas,Llera,14645,747,27.978580990629183,8.301404853128991,26.715684538163973,1.2628964524652098,medio,en lo esperado,4.327526009389606,9.87387448181024,-0.309072,62.648544,0.4049445865302642,209.0
28020,28,Tamaulipas,Mainero,2048,109,25.68807339449542,5.0,30.356874095691378,-4.668800701195959,bajo,en lo esperado,5.958952766306221,1.9113343209162843,-0.414985,64.373646,0.0510725229826353,28.000000000000007
28021,28,Tamaulipas,El Mante,106144,5334,20.7724034495688,6.850094876660341,22.044592886571714,-1.2721894370029148,muy bajo,en lo esperado,1.0640638619262504,1.2851924430407624,-0.968299,44.574446,0.2316359781712536,1107.9999999999998
28022,28,Tamaulipas,Matamoros,541979,27941,24.265416413156288,7.670664368867161,20.86240754717567,3.403008865980617,bajo,en lo esperado,0.3161071097855842,1.0564128685390504,-1.008687,41.709146,0.7959848619699561,6779.999999999998
28023,28,Tamaulipas,Méndez,4280,199,36.68341708542714,13.917525773195877,34.90283402139892,1.780583064028221,alto,en lo esperado,6.457924799242928,27.805559468469745,-0.091191,50.060884,0.1968019680196802,73.0
28024,28,Tamaulipas,Mier,6385,247,18.623481781376512,9.236947791164658,23.279270148702786,-4.655788367326274,muy bajo,en lo esperado,0.3410432611701742,0.8632649915215054,-0.998138,47.694721,0.4362578768783325,45.99999999999998
28025,28,Tamaulipas,Miguel Alemán,26237,1000,31.0,12.828601472134595,36.251050304723826,-5.251050304723826,medio,mejor de lo esperado,2.1484568682603973,2.357200105856112,-1.105724,53.186742,0.332120828720544,310.0
28026,28,Tamaulipas,Miquihuana,3704,201,45.27363184079602,7.339449541284404,55.05381687136554,-9.78018503056952,muy alto,mejor de lo esperado,4.285249082012791,12.165020309082603,0.654053,87.665888,0.0,91.0
28027,28,Tamaulipas,Nuevo Laredo,425058,22714,26.15567491414987,10.168982672842684,28.963434419009534,-2.807759504859664,bajo,en lo esperado,0.2742301589632149,2.2221236373230084,-1.206608,41.845028,0.4286623858010829,5941.000000000001
28028,28,Tamaulipas,Nuevo Morelos,3810,168,36.30952380952381,11.904761904761903,26.901823458909075,9.407700350614736,alto,peor de lo esperado,1.8399284797176632,2.2461626964411785,-0.697172,65.488483,1.337419894120925,61.0
28029,28,Tamaulipas,Ocampo,13190,657,23.592085235920848,8.368794326241135,30.542872504200062,-6.950787268279214,bajo,mejor de lo esperado,3.176309853067371,11.789209232954969,-0.385041,64.013923,0.3180155827635554,154.99999999999997
28030,28,Tamaulipas,Padilla,13618,737,27.13704206241519,9.71357409713574,28.402761789330693,-1.2657197269155027,bajo,en lo esperado,2.278660071578198,0.0289771080846131,-0.726893,65.66633,0.0925925925925925,199.99999999999994
28031,28,Tamaulipas,Palmillas,1917,107,15.887850467289724,5.2631578947368425,32.377798989992634,-16.48994852270291,muy bajo,mejor de lo esperado,3.846991314513155,20.947371435662948,-0.023033,64.321549,0.1105583195135433,17.000000000000004
28032,28,Tamaulipas,Reynosa,704767,34204,24.74856741901532,9.366959691252143,26.959990990860327,-2.211423571845007,bajo,en lo esperado,0.137016812998266,0.5767731898948562,-1.165953,34.701367,0.9294869877802966,8465.0
28033,28,Tamaulipas,Río Bravo,132484,7020,34.358974358974365,12.542189820440123,25.660317356377952,8.698657002596413,alto,peor de lo esperado,0.6129940542636202,2.7003823608011177,-0.963249,53.173423,0.4980657256110639,2412.0000000000005
28034,28,Tamaulipas,San Carlos,7411,385,24.93506493506493,10.732984293193716,41.309413565527905,-16.374348630462976,bajo,mejor de lo esperado,7.968382858582324,43.98067862678597,0.242632,76.578802,0.0,95.99999999999997
28035,28,Tamaulipas,San Fernando,51405,2670,26.32958801498127,7.990479428765726,31.264619929689022,-4.9350319147077535,bajo,en lo esperado,2.024083529878995,7.593999513252151,-0.377312,69.810239,0.3121213987966899,702.9999999999999
28036,28,Tamaulipas,San Nicolás,926,55,40.0,11.290322580645162,59.147802316636046,-19.147802316636046,alto,mejor de lo esperado,12.791140469745644,45.512022224350986,1.871409,87.19398,0.0,22.0
28037,28,Tamaulipas,Soto la Marina,23673,1205,29.128630705394187,13.72549019607843,36.21003511117926,-7.081404405785072,medio,mejor de lo esperado,7.263466211601696,24.595911140418064,-0.071535,58.387551,0.6692669089619715,350.99999999999994
28038,28,Tamaulipas,Tampico,297562,13169,15.589642341863469,5.736981465136805,14.987859049137862,0.6017832927256066,muy bajo,en lo esperado,0.004034899896834,0.0,-1.315869,36.919435,0.9215369172429176,2053.0
28039,28,Tamaulipas,Tula,28230,1483,40.12137559002023,9.04126213592233,39.9626815394303,0.15869405058992925,alto,en lo esperado,4.218811957264177,15.82000271002878,0.114784,69.441362,0.1467158227371905,595.0
28040,28,Tamaulipas,Valle Hermoso,60055,3147,28.12202097235462,6.87797147385103,27.653546353675733,0.4684746186788864,medio,en lo esperado,1.2311833540738244,6.759368868532907,-0.949287,54.984694,0.1868473439737366,884.9999999999998
28041,28,Tamaulipas,Victoria,349688,17324,14.586700531055186,4.983464477135363,23.3562794662701,-8.769578935214913,muy bajo,mejor de lo esperado,0.1884710009905567,0.0287942000726072,-1.25776,39.529565,0.1954888117030244,2527.0000000000005
28042,28,Tamaulipas,Villagrán,5361,226,34.51327433628319,10.116731517509727,30.219998988154522,4.293275348128667,alto,en lo esperado,7.442899719093049,32.97491039426523,-0.194795,63.401256,0.1557026080186843,78.00000000000001
28043,28,Tamaulipas,Xicoténcatl,22229,1073,22.926374650512585,8.733624454148472,23.506041964059946,-0.5796673135473611,bajo,en lo esperado,2.4494589574893246,0.8749690569394273,-0.817117,32.298555,0.1221173265699121,246.00000000000003
29001,29,Tlaxcala,Amaxac de Guerrero,11403,617,15.883306320907622,5.008944543828265,19.16926594001455,-3.2859596191069294,muy bajo,en lo esperado,0.2663408798940038,0.0,-1.020085,54.744355,1.2712639473202854,98.00000000000003
29002,29,Tlaxcala,Apetatitlán de Antonio Carvajal,16003,784,15.051020408163268,4.119850187265918,20.087541501091145,-5.036521092927877,muy bajo,mejor de lo esperado,1.0759741580284523,0.0,-1.099618,49.947613,0.8984195684962948,118.00000000000003
29003,29,Tlaxcala,Atlangatepec,7087,400,35.75,10.512820512820513,32.35829010584508,3.3917098941549213,alto,en lo esperado,3.645420637550716,0.0,-0.458018,64.701536,0.6400714498362607,143.0
29004,29,Tlaxcala,Atltzayanca,18111,1069,32.92797006548176,9.770114942528735,38.62484069541172,-5.696870629929961,medio,mejor de lo esperado,1.7785193254296503,0.0,-0.228582,79.095441,0.1581351762914372,352.0
29005,29,Tlaxcala,Apizaco,80725,4132,15.29525653436592,4.509554140127388,17.44752403985694,-2.15226750549102,muy bajo,en lo esperado,0.1452426818102702,0.0,-1.162919,52.874432,0.7693799702592616,631.9999999999998
29006,29,Tlaxcala,Calpulalpan,51172,2894,28.403593642017967,7.770745428973277,23.53160341649361,4.871990225524357,medio,en lo esperado,0.7911888960667463,0.0,-0.879147,68.631016,0.3570249298332508,821.9999999999999
29007,29,Tlaxcala,El Carmen Tequexquitla,17332,1054,33.49146110056925,7.090909090909091,44.57385471036716,-11.082393609797904,medio,mejor de lo esperado,0.3815218358343955,0.0,0.026757,91.844533,0.1712642975105511,352.99999999999994
29008,29,Tlaxcala,Cuapiaxtla,16222,1082,36.78373382624769,12.3,34.94496840646855,1.8387654197791434,alto,en lo esperado,1.1408740963186563,0.0,-0.419892,80.06945,0.0975990630489947,398.0
29009,29,Tlaxcala,Cuaxomulco,5928,342,19.00584795321637,8.361204013377927,21.060201342899596,-2.054353389683225,muy bajo,en lo esperado,0.8577766803820713,0.0,-0.708618,63.309667,0.625,64.99999999999999
29010,29,Tlaxcala,Chiautempan,73215,3959,18.716847688810304,6.899307405434204,21.06194015419557,-2.3450924653852674,muy bajo,en lo esperado,0.1008372532327603,0.0,-0.835722,65.920812,2.414478104641991,740.9999999999999
29011,29,Tlaxcala,Muñoz de Domingo Arenas,4755,262,23.2824427480916,9.25925925925926,22.570497435639265,0.711945312452336,bajo,en lo esperado,0.3129177063772621,0.0,-0.893946,50.748215,0.1102049812651531,60.99999999999999
29012,29,Tlaxcala,Españita,9416,545,30.091743119266056,6.285714285714286,28.230461227076482,1.8612818921895737,medio,en lo esperado,1.880305358106172,0.0,-0.445976,77.050158,0.3506787330316742,164.0
29013,29,Tlaxcala,Huamantla,98764,5834,33.52759684607473,11.058902500419531,29.74611839467486,3.7814784513998703,medio,en lo esperado,0.5258877433739296,0.0,-0.496353,71.902193,0.2642433616911575,1955.9999999999998
29014,29,Tlaxcala,Hueyotlipan,15190,810,27.53086419753086,6.627218934911243,28.921570433726767,-1.390706236195907,bajo,en lo esperado,2.2261568716354523,0.0,-0.657118,83.126309,0.2922552362396493,222.99999999999994
29015,29,Tlaxcala,Ixtacuixtla de Mariano Matamoros,38970,2030,24.23645320197045,6.085192697768763,24.722080236236458,-0.4856270342660096,bajo,en lo esperado,1.8287134935952352,0.0,-0.84292,62.981218,0.4526837680534598,492.0000000000001
29016,29,Tlaxcala,Ixtenco,7504,413,19.370460048426157,5.699481865284974,21.92945476315956,-2.5589947147334016,muy bajo,en lo esperado,0.0451063963185175,0.0,-0.630277,71.877783,5.43903803131991,80.00000000000003
29017,29,Tlaxcala,Mazatecochco de José María Morelos,11592,670,38.95522388059702,10.07751937984496,41.40309549092331,-2.4478716103262954,alto,en lo esperado,0.0030137524542333,0.0,-0.183706,93.452538,8.585114222549741,261.0
29018,29,Tlaxcala,Contla de Juan Cuamatzi,38579,2143,15.11899206719552,4.945316214931051,24.526623656107777,-9.407631588912256,muy bajo,mejor de lo esperado,0.0775743297190599,0.0,-0.622992,69.103436,12.182243753742313,324.00000000000006
29019,29,Tlaxcala,Tepetitla de Lardizábal,22274,1354,22.230428360413583,9.608843537414966,23.972917538773846,-1.7424891783602625,bajo,en lo esperado,0.3636453249231872,0.0,-0.826652,79.127836,0.6527600397332198,300.99999999999994
29020,29,Tlaxcala,Sanctórum de Lázaro Cárdenas,9432,485,27.422680412371136,7.407407407407407,28.376270170732635,-0.953589758361499,bajo,en lo esperado,0.1097345485164044,0.0,-0.731258,86.012917,0.2347942754919499,133.0
29021,29,Tlaxcala,Nanacamilpa de Mariano Arista,18686,973,31.346351490236387,6.686332350049164,27.966343449496346,3.380008040740041,medio,en lo esperado,0.5986084977296438,0.0,-0.776124,75.403706,0.2881681545937394,305.0
29022,29,Tlaxcala,Acuamanala de Miguel Hidalgo,6432,399,15.0375939849624,4.69208211143695,21.773299178062274,-6.735705193099873,muy bajo,mejor de lo esperado,2.4573671321433435,0.0,-0.901081,45.134929,1.6272189349112427,59.99999999999997
29023,29,Tlaxcala,Natívitas,26309,1367,24.35991221653255,8.081517919887562,27.103311034680836,-2.743398818148286,bajo,en lo esperado,1.22148137126091,0.0,-0.677329,71.245242,0.3086172344689378,332.99999999999994
29024,29,Tlaxcala,Panotla,28357,1515,13.003300330033,4.0701754385964914,20.23615579149122,-7.232855461458222,muy bajo,mejor de lo esperado,0.8691350385911032,0.0,-0.936495,53.290932,0.851581508515815,196.99999999999994
29025,29,Tlaxcala,San Pablo del Monte,82688,5053,38.056600039580445,12.78855975485189,32.811761306614784,5.244838732965661,alto,peor de lo esperado,0.0466931337113378,0.0,-0.383277,81.473385,12.62943407832684,1923.0
29026,29,Tlaxcala,Santa Cruz Tlaxcala,24116,1356,20.64896755162242,5.539568345323741,19.89299197952974,0.7559755720926802,muy bajo,en lo esperado,0.3397916559991388,0.0,-0.887356,55.17221,2.9575021682567217,280.0
29027,29,Tlaxcala,Tenancingo,12974,710,29.85915492957747,9.172932330827068,26.62105635843375,3.23809857114372,medio,en lo esperado,0.0143069604992627,0.0,-0.570281,81.211577,3.0489304155397097,212.00000000000003
29028,29,Tlaxcala,Teolocholco,25257,1395,24.3010752688172,5.831099195710456,28.559665877866937,-4.258590609049737,bajo,en lo esperado,0.2366496552729868,0.0,-0.667966,68.225757,4.701122095690986,338.99999999999994
29029,29,Tlaxcala,Tepeyanco,13328,787,19.94917407878017,7.055630936227951,21.975421014433508,-2.0262469356533366,muy bajo,en lo esperado,0.7637282354081647,0.0,-0.904091,53.336476,1.181381428683941,156.99999999999994
29030,29,Tlaxcala,Terrenate,15475,966,33.43685300207039,6.673511293634497,36.367943166433264,-2.931090164362871,medio,en lo esperado,1.3875193691818068,0.0,-0.279761,78.859896,0.2830709748688207,323.0
29031,29,Tlaxcala,Tetla de la Solidaridad,35284,2009,22.94673967147834,6.828302820385948,23.10384463631547,-0.15710496483712788,bajo,en lo esperado,1.2602341639265902,0.0,-0.839734,60.32647,0.53936468204303,460.9999999999999
29032,29,Tlaxcala,Tetlatlahuca,13561,681,20.70484581497797,5.813953488372093,23.61165561158061,-2.9068097966026407,muy bajo,en lo esperado,2.0299557801950385,0.0,-0.932933,60.264512,0.2710236952144959,140.99999999999997
29033,29,Tlaxcala,Tlaxcala,99896,4883,13.454843334015976,5.47112462006079,18.50909213422218,-5.054248800206203,muy bajo,mejor de lo esperado,0.5357659169859134,0.0,-1.280656,31.404557,1.1654478976234004,657.0000000000001
29034,29,Tlaxcala,Tlaxco,45438,2468,32.86061588330632,8.265739667825414,28.284751114621432,4.575864768684891,medio,en lo esperado,0.9392458487091482,0.0,-0.452463,74.909812,0.2824331263713178,811.0
29035,29,Tlaxcala,Tocatlán,6294,338,29.881656804733723,7.6923076923076925,23.449272235533908,6.432384569199815,medio,peor de lo esperado,0.035652809977664,0.0,-0.750991,74.565488,0.270956816257409,100.99999999999999
29036,29,Tlaxcala,Totolac,22529,1138,14.235500878734626,3.7985865724381616,21.33770626690094,-7.102205388166315,muy bajo,mejor de lo esperado,0.7491861468837683,0.0,-1.147048,50.040408,1.380945738596736,162.00000000000006
29037,29,Tlaxcala,Ziltlaltépec de Trinidad Sánchez Santos,9207,579,35.751295336787564,11.293260473588342,33.0076585667936,2.7436367699939623,alto,en lo esperado,0.7523848695981923,0.0,0.065168,83.982181,0.5521048999309869,207.0
29038,29,Tlaxcala,Tzompantepec,18006,1077,19.777158774373262,8.77016129032258,17.522188746183584,2.2549700281896783,muy bajo,en lo esperado,0.2906395463011716,0.0,-0.818972,54.917596,0.5312317571511967,213.00000000000003
29039,29,Tlaxcala,Xaloztoc,25607,1564,23.78516624040921,5.972130059721301,21.29214942996747,2.493016810441741,bajo,en lo esperado,0.3357923863146456,0.0,-0.808225,71.52869,0.3385771501713531,372.00000000000006
29040,29,Tlaxcala,Xaltocan,10601,580,21.72413793103448,7.334525939177102,22.352401388928925,-0.6282634578944446,bajo,en lo esperado,2.003742068999805,0.0,-0.748285,63.317714,0.2176924599247971,126.0
29041,29,Tlaxcala,Papalotla de Xicohténcatl,33499,1769,27.98191068400226,8.425720620842572,23.32923377305224,4.652676910950017,medio,en lo esperado,0.2414989144347611,0.0,-0.781124,71.668843,1.9021138108629023,494.99999999999994
29042,29,Tlaxcala,Xicohtzinco,14197,741,16.599190283400816,4.371584699453552,19.102510456928446,-2.50332017352763,muy bajo,en lo esperado,0.0,0.0,-0.976577,56.526528,0.7382253063635021,123.00000000000006
29043,29,Tlaxcala,Yauhquemehcan,42242,2253,15.934309809143356,6.675938803894297,19.23368389537578,-3.299374086232424,muy bajo,en lo esperado,0.8039084422607711,0.0,-1.118082,57.690371,0.4952947003467063,358.9999999999998
29044,29,Tlaxcala,Zacatelco,45717,2382,23.08984047019311,5.989352262644188,20.874955122186375,2.214885348006735,bajo,en lo esperado,0.0089796959681703,0.0,-0.902429,63.468247,0.6364139457664637,549.9999999999999
29045,29,Tlaxcala,Benito Juárez,6211,339,32.15339233038348,8.831168831168831,34.107957028283614,-1.9545646979001319,medio,en lo esperado,0.0098179649132115,0.0,-0.62745,87.025451,0.1368223020352317,109.00000000000001
29046,29,Tlaxcala,Emiliano Zapata,4951,315,39.36507936507937,9.554140127388536,36.038605659116854,3.3264737059625133,alto,en lo esperado,0.1014448524258743,0.0,-0.214266,87.542354,0.0857265323617659,124.00000000000001
29047,29,Tlaxcala,Lázaro Cárdenas,3534,184,40.21739130434783,5.0,25.923154996860507,14.29423630748732,alto,peor de lo esperado,0.4518629808718955,0.0,-0.733188,79.061925,0.0897397547113371,74.0
29048,29,Tlaxcala,La Magdalena Tlaltelulco,19036,103,22.330097087378647,1.7699115044247788,26.022033247318785,-3.6919361599401377,bajo,en lo esperado,0.0,0.0,1.348312,-888.0,2.1604938271604937,23.000000000000007
29049,29,Tlaxcala,San Damián Texóloc,5884,307,19.218241042345284,4.225352112676056,21.217627272738113,-1.9993862303928296,muy bajo,en lo esperado,0.0058420974145996,0.0,-0.971469,64.785758,0.2511210762331838,59.000000000000014
29050,29,Tlaxcala,San Francisco Tetlanohcan,11761,651,21.658986175115203,4.45468509984639,23.890059767917492,-2.2310735928022893,bajo,en lo esperado,0.0036851384977191,0.0,-0.620389,71.458595,12.712092647454888,140.99999999999997
29051,29,Tlaxcala,San Jerónimo Zacualpan,4092,202,20.792079207920796,15.263157894736842,25.299557717280383,-4.507478509359586,muy bajo,en lo esperado,0.0127738573903481,0.0,-0.708141,61.983747,0.2314814814814814,42.00000000000001
29052,29,Tlaxcala,San José Teacalco,6436,392,23.469387755102048,9.090909090909092,30.404474759462065,-6.9350870043600175,bajo,mejor de lo esperado,0.0902715064543168,0.0,-0.445369,85.837209,0.3748370273794003,92.00000000000003
29053,29,Tlaxcala,San Juan Huactzinco,7688,408,26.47058823529412,9.536082474226804,28.38351110960687,-1.912922874312752,bajo,en lo esperado,0.002274031644828,0.0,-0.890125,70.727234,1.1448275862068966,108.0
29054,29,Tlaxcala,San Lorenzo Axocomanitla,5689,289,27.681660899653977,7.432432432432432,23.170487378880754,4.511173520773223,bajo,en lo esperado,1.3576274661070569,0.0,-0.978092,60.403275,0.312960235640648,79.99999999999999
29055,29,Tlaxcala,San Lucas Tecopilco,3077,157,20.382165605095537,6.622516556291391,20.186986294977544,0.19517931011799305,muy bajo,en lo esperado,0.1164659102423088,0.0,-0.792813,81.650776,0.2390710382513661,31.999999999999993
29056,29,Tlaxcala,Santa Ana Nopalucan,7952,393,25.19083969465649,7.874015748031496,23.091649829527245,2.0991898651292438,bajo,en lo esperado,0.0002507135996124,0.0,-0.826751,76.774924,0.3031501252141821,99.00000000000001
29057,29,Tlaxcala,Santa Apolonia Teacalco,4636,243,14.81481481481481,7.964601769911504,24.53446025871791,-9.7196454439031,muy bajo,mejor de lo esperado,0.0028997259837087,0.0,-0.915106,67.561119,0.1590909090909091,35.999999999999986
29058,29,Tlaxcala,Santa Catarina Ayometla,9463,531,22.598870056497177,6.557377049180328,22.90779772645477,-0.308927669957594,bajo,en lo esperado,0.0,0.0,-0.786732,66.332745,1.2216792536650378,120.00000000000001
29059,29,Tlaxcala,Santa Cruz Quilehtla,7750,496,35.483870967741936,8.771929824561404,28.980598951337182,6.503272016404754,alto,peor de lo esperado,0.7477885619132851,0.0,-0.749886,78.205505,2.512974597104616,176.0
29060,29,Tlaxcala,Santa Isabel Xiloxoxtla,5443,352,21.875,5.202312138728324,21.79582225606111,0.07917774393888877,bajo,en lo esperado,0.0,0.0,-0.78129,65.575531,1.1485451761102603,77.0
30001,30,Veracruz de Ignacio de la Llave,Acajete,9701,577,41.421143847487,13.970588235294118,36.87053388911833,4.550609958368675,alto,en lo esperado,1.427923394020427,0.0,0.264612,81.007293,0.0979645150756503,239.0
30002,30,Veracruz de Ignacio de la Llave,Acatlán,3441,175,19.42857142857143,7.865168539325842,30.104703295154767,-10.676131866583336,muy bajo,mejor de lo esperado,0.0524523319351667,0.0,-0.125629,82.958259,0.3700277520814061,34.00000000000001
30003,30,Veracruz de Ignacio de la Llave,Acayucan,80815,4231,21.98061923895061,8.603189946834219,25.44452266912362,-3.463903430173012,bajo,en lo esperado,0.7179734633141628,0.0,-0.406473,70.845706,4.477128837215324,930.0000000000003
30004,30,Veracruz de Ignacio de la Llave,Actopan,41742,1862,25.24167561761547,9.901531728665208,24.843060295259377,0.3986153223560933,bajo,en lo esperado,1.7125352844258992,0.0,-0.499064,58.889671,0.1883939416474554,470.0000000000001
30005,30,Veracruz de Ignacio de la Llave,Acula,5253,272,28.67647058823529,17.293233082706767,34.64606414585642,-5.969593557621131,medio,mejor de lo esperado,2.866179630805804,3.681278250814675,0.12576,64.8217,0.1581965592248368,78.0
30006,30,Veracruz de Ignacio de la Llave,Acultzingo,23100,1415,45.371024734982335,18.82693700217234,35.55136415677781,9.819660578204527,muy alto,peor de lo esperado,1.9954827028529285,0.0,0.756299,84.692128,17.308311485212272,642.0
30007,30,Veracruz de Ignacio de la Llave,Camarón de Tejeda,6538,319,38.55799373040752,20.303030303030305,30.594551432902033,7.963442297505484,alto,peor de lo esperado,1.5943454093084428,0.0,0.116971,66.697368,0.0640307347526812,122.99999999999999
30008,30,Veracruz de Ignacio de la Llave,Alpatláhuac,10338,662,41.842900302114806,15.859030837004406,44.47274238230359,-2.629842080188787,alto,en lo esperado,1.236120721264622,0.0,0.947502,87.717158,0.3316062176165803,277.0
30009,30,Veracruz de Ignacio de la Llave,Alto Lucero de Gutiérrez Barrios,28184,1401,23.554603854389725,7.697841726618705,25.493799827163294,-1.9391959727735681,bajo,en lo esperado,1.6572648441358808,3.719194674036535,-0.350893,73.689277,0.1726417866588304,330.00000000000006
30010,30,Veracruz de Ignacio de la Llave,Altotonga,64234,4088,43.37084148727984,15.817055740828966,43.76867681185935,-0.39783532457951054,muy alto,en lo esperado,1.0903748986917516,0.0,0.41248,91.4619,1.0230390374508314,1772.9999999999998
30011,30,Veracruz de Ignacio de la Llave,Alvarado,57035,2647,19.947109935776357,11.974872398900668,21.442615756166287,-1.4955058203899299,muy bajo,en lo esperado,1.3050571151338817,1.1135613712147632,-0.788004,35.374201,0.2955575702629193,528.0000000000002
30012,30,Veracruz de Ignacio de la Llave,Amatitlán,7866,379,32.45382585751979,18.78453038674033,33.59756438285341,-1.1437385253336245,medio,en lo esperado,2.90953079541439,0.0,-0.073473,51.302148,0.1719804206905675,123.00000000000001
30013,30,Veracruz de Ignacio de la Llave,Naranjos Amatlán,26843,1427,14.786264891380512,4.649330181245075,20.993530171575795,-6.2072652801952835,muy bajo,mejor de lo esperado,0.7707005943695191,0.0,-0.763646,56.867527,2.7885210396039604,210.99999999999991
30014,30,Veracruz de Ignacio de la Llave,Amatlán de los Reyes,46955,2345,22.51599147121536,8.236754966887418,26.59616172923287,-4.080170258017507,bajo,en lo esperado,1.836331573188095,0.0,-0.461374,62.349383,1.3440919641870233,528.0000000000002
30015,30,Veracruz de Ignacio de la Llave,Angel R. Cabada,33839,1709,31.07080163838502,11.379529561347743,22.04239084535965,9.028410793025369,medio,peor de lo esperado,1.0880716958242738,0.0,-0.091346,67.401324,0.3753268727888017,531.0
30016,30,Veracruz de Ignacio de la Llave,La Antigua,28682,1406,19.559032716927447,6.618705035971223,22.01110968205543,-2.452076965127983,muy bajo,en lo esperado,0.6504301032864327,0.0,-0.964394,52.002859,0.3696857670979667,274.9999999999999
30017,30,Veracruz de Ignacio de la Llave,Apazapan,4709,210,19.04761904761905,3.8461538461538463,27.436613469316285,-8.388994421697234,muy bajo,mejor de lo esperado,2.403052422627569,0.0,-0.646345,51.504461,0.0884955752212389,40.00000000000001
30018,30,Veracruz de Ignacio de la Llave,Aquila,1978,117,58.97435897435897,24.63768115942029,49.664323855339035,9.310035119019936,muy alto,peor de lo esperado,3.150761283206571,0.0,1.004,93.93633,2.054054054054054,69.0
30019,30,Veracruz de Ignacio de la Llave,Astacinga,6909,405,44.19753086419753,13.596491228070176,45.40354393976077,-1.2060130755632414,muy alto,en lo esperado,1.6092032544813046,0.0,2.232565,95.427051,94.37832759160663,179.0
30020,30,Veracruz de Ignacio de la Llave,Atlahuilco,11577,806,58.436724565756826,19.87012987012987,46.66029131059105,11.776433255165777,muy alto,peor de lo esperado,1.8196467335714324,0.0,2.400073,96.43202,93.43439040267832,471.0
30021,30,Veracruz de Ignacio de la Llave,Atoyac,23461,1095,30.593607305936075,10.359231411862991,25.954306786353236,4.639300519582839,medio,en lo esperado,0.7899171188187385,0.0,-0.258284,66.491461,0.4001600640256102,335.00000000000006
30022,30,Veracruz de Ignacio de la Llave,Atzacan,22651,1455,39.51890034364261,16.154395997140814,38.91809820394142,0.6008021397011944,alto,en lo esperado,1.347029718911752,0.0,0.508128,84.254519,0.4784244507408611,575.0000000000001
30023,30,Veracruz de Ignacio de la Llave,Atzalan,49180,2902,41.38525155065472,14.805825242718448,30.50445635041507,10.880795200239653,alto,peor de lo esperado,1.5405104879494,0.0,0.383122,80.942832,0.3062688740870831,1201.0
30024,30,Veracruz de Ignacio de la Llave,Tlaltetela,16485,943,49.20466595970308,21.15812917594655,38.890601673234144,10.314064286468934,muy alto,peor de lo esperado,0.9878656786057204,0.0,0.379312,86.980826,0.2820874471086037,464.0
30025,30,Veracruz de Ignacio de la Llave,Ayahualulco,27217,1776,56.02477477477478,20.83743842364532,50.82457006645362,5.200204708321159,muy alto,peor de lo esperado,0.785741125035861,0.0,1.157355,97.210191,0.2521968711825669,995.0
30026,30,Veracruz de Ignacio de la Llave,Banderilla,25993,1454,18.15680880330123,7.287753568745304,25.423218958483183,-7.266410155181951,muy bajo,mejor de lo esperado,0.1134522672316532,0.0,-0.938104,54.189685,0.3627810556530059,263.9999999999999
30027,30,Veracruz de Ignacio de la Llave,Benito Juárez,16120,1095,23.4703196347032,6.859903381642512,24.103144706419435,-0.6328250717162369,bajo,en lo esperado,1.8723319348121223,0.0,1.588508,87.938389,79.73253700337574,257.0
30028,30,Veracruz de Ignacio de la Llave,Boca del Río,144550,5705,16.459246275197202,8.616657672243209,20.507539936036046,-4.048293660838844,muy bajo,en lo esperado,3.931540423605473,0.0,-1.253,45.189827,0.5499646451299559,939.0000000000005
30029,30,Veracruz de Ignacio de la Llave,Calcahualco,13701,995,55.07537688442211,21.96589769307924,55.996817795390314,-0.9214409109682009,muy alto,en lo esperado,2.087649449175577,0.0,1.412914,95.142882,0.9897879025923016,548.0
30030,30,Veracruz de Ignacio de la Llave,Camerino Z. Mendoza,41835,2263,29.695095006628364,16.527001862197395,29.257359674592102,0.4377353320362616,medio,en lo esperado,0.0681140517360224,0.0,-0.326265,74.321964,19.697760544826387,671.9999999999999
30031,30,Veracruz de Ignacio de la Llave,Carrillo Puerto,18888,885,56.271186440677965,28.1947261663286,39.41823070861661,16.852955732061353,muy alto,peor de lo esperado,3.022193196051065,0.0,0.541724,81.723119,0.2125279642058165,498.0
30032,30,Veracruz de Ignacio de la Llave,Catemaco,49451,2864,25.52374301675978,11.840120663650076,28.623134061855747,-3.0993910450959667,bajo,en lo esperado,0.8938117761245019,0.1644257420067137,-0.03236,86.517672,0.4666850512292908,731.0000000000001
30033,30,Veracruz de Ignacio de la Llave,Cazones de Herrera,24421,1397,21.904080171796707,6.885998469778118,27.37751493015415,-5.473434758357442,bajo,mejor de lo esperado,1.378374745123318,0.0,0.259668,85.12723,11.785050365310624,306.0
30034,30,Veracruz de Ignacio de la Llave,Cerro Azul,25011,1262,15.68938193343898,3.6704730831973897,18.736436301633148,-3.0470543681941678,muy bajo,en lo esperado,0.3947569718923822,0.0,-0.881375,66.335571,1.3981385729058946,197.99999999999994
30035,30,Veracruz de Ignacio de la Llave,Citlaltépetl,11165,626,21.246006389776355,4.945904173106646,29.546847754752402,-8.300841364976048,muy bajo,mejor de lo esperado,1.1331693465140813,0.0,0.23809,90.864543,13.948457486832204,132.99999999999997
30036,30,Veracruz de Ignacio de la Llave,Coacoatzintla,11018,648,31.6358024691358,11.669128508124077,39.3502338313185,-7.714431362182697,medio,mejor de lo esperado,0.7420155949969937,0.0,-0.085091,88.610073,0.1913692469620132,204.99999999999997
30037,30,Veracruz de Ignacio de la Llave,Coahuitlán,8176,529,32.13610586011342,10.0,39.30126494597429,-7.165159085860871,medio,mejor de lo esperado,0.0250381493643919,0.0,1.009407,96.00837,50.24566847685544,169.99999999999997
30038,30,Veracruz de Ignacio de la Llave,Coatepec,93911,4810,19.91683991683992,7.0672873465933135,27.97400857532041,-8.057168658480492,muy bajo,mejor de lo esperado,0.285982797290077,0.0,-0.797276,62.515562,0.2925655236370862,958.0
30039,30,Veracruz de Ignacio de la Llave,Coatzacoalcos,310698,13858,16.329917737047197,6.352837010256032,20.826187198075928,-4.4962694610287315,muy bajo,en lo esperado,0.2419688737725309,0.0,-1.077944,51.480558,1.9803972870167248,2263.0000000000005
30040,30,Veracruz de Ignacio de la Llave,Coatzintla,55016,2718,17.512877115526123,5.226608187134503,20.706720635265864,-3.1938435197397403,muy bajo,en lo esperado,0.626169727872614,0.0,-0.741693,54.891841,6.30354609929078,476.00000000000006
30041,30,Veracruz de Ignacio de la Llave,Coetzala,2355,139,21.58273381294964,5.303030303030303,23.55420733089053,-1.9714735179408898,muy bajo,en lo esperado,0.0407801798070179,0.0,1.294715,77.088154,34.44592790387183,30.000000000000004
30042,30,Veracruz de Ignacio de la Llave,Colipa,5743,272,41.91176470588236,10.679611650485436,26.65653973488107,15.255224971001294,alto,peor de lo esperado,2.1353727272199112,0.0,0.35393,78.099368,0.1632208922742111,114.00000000000001
30043,30,Veracruz de Ignacio de la Llave,Comapa,19876,998,53.60721442885772,25.85700293829579,38.19085273926021,15.416361689597515,muy alto,peor de lo esperado,1.3995849032382437,0.0,0.817829,92.781369,0.1060276732227111,535.0
30044,30,Veracruz de Ignacio de la Llave,Córdoba,204721,9938,20.43670758703965,8.008613617719442,22.885738977663742,-2.449031390624093,muy bajo,en lo esperado,0.7752520225571621,0.0,-0.874182,55.504597,1.5419454975700364,2031.0000000000002
30045,30,Veracruz de Ignacio de la Llave,Cosamaloapan de Carpio,54737,2544,23.899371069182397,10.10844306738962,21.802324261197793,2.0970468079846043,bajo,en lo esperado,0.6470559115009357,0.0,-0.531272,56.390991,4.014522625418376,608.0000000000001
30046,30,Veracruz de Ignacio de la Llave,Cosautlán de Carvajal,16167,918,37.25490196078432,14.556962025316457,42.25469107038101,-4.9997891095966835,alto,en lo esperado,1.1350578154224678,0.0,0.384483,86.908526,0.0650026001040041,342.0000000000001
30047,30,Veracruz de Ignacio de la Llave,Coscomatepec,59471,4059,56.39320029563932,26.37055837563452,50.75645484860879,5.636745447030528,muy alto,peor de lo esperado,0.7785569469301308,0.0,0.785139,93.413039,0.2200934495138099,2289.0
30048,30,Veracruz de Ignacio de la Llave,Cosoleacaque,130903,6624,18.644323671497588,6.188271604938271,20.031617591777895,-1.3872939202803067,muy bajo,en lo esperado,0.6136603817512765,0.0,-0.777904,58.585175,4.373680115594087,1235.0000000000002
30049,30,Veracruz de Ignacio de la Llave,Cotaxtla,22050,1052,40.01901140684411,13.958125623130607,27.53354498865694,12.485466418187169,alto,peor de lo esperado,3.609695231196379,0.8546099412948214,-0.222578,60.740256,0.3648251681986165,421.0
30050,30,Veracruz de Ignacio de la Llave,Coxquihui,16333,1068,29.026217228464414,10.236220472440944,34.24727005761615,-5.221052829151734,medio,mejor de lo esperado,0.9934266325491136,0.0,1.271154,90.609194,69.11423414130995,309.99999999999994
30051,30,Veracruz de Ignacio de la Llave,Coyutla,23096,1334,30.13493253373313,9.565857247976451,31.99333995977362,-1.8584074260404897,medio,en lo esperado,0.5114566555008866,0.0,0.560961,89.020508,51.93919135491552,402.0
30052,30,Veracruz de Ignacio de la Llave,Cuichapa,11869,580,31.206896551724142,14.50381679389313,19.824606143201258,11.382290408522884,medio,peor de lo esperado,0.63988619206298,0.0,-0.283663,68.285358,1.6227180527383367,181.00000000000003
30053,30,Veracruz de Ignacio de la Llave,Cuitláhuac,28075,1359,33.92200147167034,15.31654186521443,32.336015759466704,1.5859857122036374,medio,en lo esperado,1.4227200254022336,0.0,-0.562989,63.33162,0.680577368932765,460.99999999999994
30054,30,Veracruz de Ignacio de la Llave,Chacaltianguis,11461,531,32.58003766478343,16.360294117647058,24.423487296957994,8.156550367825439,medio,peor de lo esperado,1.189983193438765,0.0,-0.246782,67.87217,0.2618273745034308,173.00000000000003
30055,30,Veracruz de Ignacio de la Llave,Chalma,13527,755,15.89403973509934,4.441453566621804,27.59837239664076,-11.704332661541418,muy bajo,mejor de lo esperado,1.5988851968858528,0.0,0.700864,74.951753,37.2965431716013,120.00000000000003
30056,30,Veracruz de Ignacio de la Llave,Chiconamel,6610,410,16.097560975609753,3.744493392070485,30.424437618793792,-14.32687664318404,muy bajo,mejor de lo esperado,1.7820726063490229,0.0,0.809519,81.083731,51.80913256438616,65.99999999999999
30057,30,Veracruz de Ignacio de la Llave,Chiconquiaco,13881,894,38.59060402684564,15.01787842669845,47.997789594658926,-9.407185567813286,alto,mejor de lo esperado,1.5870071135452484,0.0,0.751513,96.576163,0.205761316872428,345.0
30058,30,Veracruz de Ignacio de la Llave,Chicontepec,53858,2912,13.289835164835168,3.2543332154227094,23.69528721459251,-10.405452049757344,muy bajo,mejor de lo esperado,1.5047856897282883,0.0,0.731693,78.385575,62.790202342918,387.00000000000006
30059,30,Veracruz de Ignacio de la Llave,Chinameca,22638,1141,25.67922874671341,11.517857142857142,19.604690503665054,6.074538243048355,bajo,peor de lo esperado,1.0252151347926317,0.0,-0.141379,69.347547,2.476966526228066,293.0
30060,30,Veracruz de Ignacio de la Llave,Chinampa de Gorostiza,16283,923,22.21018418201517,9.04311251314406,26.51738224256783,-4.307198060552661,bajo,en lo esperado,0.9525209831425356,0.0,0.30622,80.096204,5.122752754687802,205.0
30061,30,Veracruz de Ignacio de la Llave,Las Choapas,81080,4511,39.17091553979162,19.543147208121827,32.37275661051368,6.798158929277939,alto,peor de lo esperado,2.6725020995383364,7.79788403403569,0.112537,83.187685,4.426593744659033,1767.0000000000002
30062,30,Veracruz de Ignacio de la Llave,Chocamán,20839,1170,41.02564102564103,21.15869017632242,41.223265673098965,-0.1976246474579355,alto,en lo esperado,0.3140914628189803,0.0,0.457143,83.727965,0.3749493311714633,480.00000000000006
30063,30,Veracruz de Ignacio de la Llave,Chontla,13359,878,17.539863325740313,6.982872200263505,23.63539108671077,-6.095527760970455,muy bajo,mejor de lo esperado,1.6719036319144345,2.0470318212688543,0.660015,78.113986,22.95555729125986,153.99999999999994
30064,30,Veracruz de Ignacio de la Llave,Chumatlán,4008,245,24.897959183673464,5.349794238683128,35.26464178852513,-10.366682604851668,bajo,mejor de lo esperado,0.3353276003478629,0.0,1.383311,91.835397,88.6867088607595,60.99999999999999
30065,30,Veracruz de Ignacio de la Llave,Emiliano Zapata,85489,4144,18.41216216216216,6.127333652465294,25.022573672353634,-6.610411510191472,muy bajo,mejor de lo esperado,0.548935591760199,0.0,-0.966438,47.392476,0.4837829645347075,762.9999999999999
30066,30,Veracruz de Ignacio de la Llave,Espinal,26830,1556,25.128534704370185,7.385229540918163,31.860840370562492,-6.732305666192307,bajo,mejor de lo esperado,0.7635807784014912,0.0,0.401929,84.335119,35.723240871336785,391.0000000000001
30067,30,Veracruz de Ignacio de la Llave,Filomeno Mata,19179,1578,56.14702154626109,25.110410094637224,54.28454152185752,1.8624800244035669,muy alto,en lo esperado,0.196282851046592,0.0,1.498553,96.831995,92.02943324158848,886.0
30068,30,Veracruz de Ignacio de la Llave,Fortín,66372,3451,16.980585337583307,7.104154124021674,23.938348325943196,-6.957762988359889,muy bajo,mejor de lo esperado,1.53276185336188,0.0,-0.884115,59.147601,0.8696333437793795,585.9999999999999
30069,30,Veracruz de Ignacio de la Llave,Gutiérrez Zamora,24085,1212,18.399339933993403,6.982990152193375,22.187067790580482,-3.787727856587079,muy bajo,en lo esperado,0.5121788588357683,0.0,-0.391769,69.254632,2.5931022619764343,223.00000000000003
30070,30,Veracruz de Ignacio de la Llave,Hidalgotitlán,18275,1030,34.271844660194176,12.47443762781186,24.821646110587594,9.450198549606583,alto,peor de lo esperado,1.958183260171904,0.5376772195475941,0.270096,82.787363,2.2010569719495905,353.00000000000006
30071,30,Veracruz de Ignacio de la Llave,Huatusco,59920,3358,37.01608100059559,14.913329348475791,35.39983848930352,1.6162425112920715,alto,en lo esperado,0.6744898270630018,0.0,-0.178982,76.047521,0.3222529685803356,1243.0
30072,30,Veracruz de Ignacio de la Llave,Huayacocotla,21796,1303,32.8472755180353,12.545854732208364,36.11927597448846,-3.2720004564531564,medio,en lo esperado,2.132913083654571,0.0,0.569443,83.875596,4.233265523588104,428.0
30073,30,Veracruz de Ignacio de la Llave,Hueyapan de Ocampo,41670,2447,31.50796894156109,9.132610508757296,25.74026139466371,5.767707546897377,medio,peor de lo esperado,1.5280910363075295,0.0,0.322686,85.467282,24.053468935656028,770.9999999999998
30074,30,Veracruz de Ignacio de la Llave,Huiloapan de Cuauhtémoc,7293,406,22.660098522167488,5.612244897959184,26.468224303118802,-3.8081257809513147,bajo,en lo esperado,0.839338568549716,0.0,-0.665729,60.302414,2.6081971911722555,92.0
30075,30,Veracruz de Ignacio de la Llave,Ignacio de la Llave,16525,851,24.79435957696828,9.296482412060302,22.14895653283813,2.6454030441301484,bajo,en lo esperado,1.7455578379634284,1.5569366565038485,0.095251,79.962543,0.4974497827592721,211.00000000000006
30076,30,Veracruz de Ignacio de la Llave,Ilamatlán,13377,857,40.60676779463244,16.5929203539823,43.51915576554596,-2.912387970913521,alto,en lo esperado,1.6011964495616835,0.0,2.36904,94.568779,85.88645734221376,348.0
30077,30,Veracruz de Ignacio de la Llave,Isla,42807,2183,39.120476408612,14.850574712643676,23.121185069172746,15.999291339439253,alto,peor de lo esperado,1.1248033522094572,0.0,-0.286066,73.077016,2.786733098866745,853.9999999999999
30078,30,Veracruz de Ignacio de la Llave,Ixcatepec,12379,689,15.529753265602324,4.38871473354232,25.272071078457678,-9.742317812855354,muy bajo,mejor de lo esperado,1.6670405744603285,0.0,1.006832,86.234271,46.63195027717117,107.0
30079,30,Veracruz de Ignacio de la Llave,Ixhuacán de los Reyes,11387,656,48.6280487804878,19.444444444444443,36.77129411372148,11.85675466676632,muy alto,peor de lo esperado,1.1373584522445803,0.0,0.679309,92.887855,0.4917880671801057,319.0
30080,30,Veracruz de Ignacio de la Llave,Ixhuatlán del Café,23132,1333,38.25956489122281,17.062314540059347,42.26560199079294,-4.006037099570129,alto,en lo esperado,0.8423082442196729,0.0,0.343248,89.69293,0.2980830963954874,510.00000000000006
30081,30,Veracruz de Ignacio de la Llave,Ixhuatlancillo,27295,1510,30.794701986754973,14.025974025974026,25.44936263670677,5.345339350048203,medio,peor de lo esperado,1.4732395569304273,0.0,-0.178356,70.762584,23.363914373088686,465.0000000000001
30082,30,Veracruz de Ignacio de la Llave,Ixhuatlán del Sureste,15831,796,21.98492462311557,10.996119016817596,19.5670731803654,2.4178514427501696,bajo,en lo esperado,1.1328382223834343,0.0,-0.360206,67.855855,1.7679777512912198,174.99999999999994
30083,30,Veracruz de Ignacio de la Llave,Ixhuatlán de Madero,50836,3170,27.09779179810725,7.723855092276145,29.48679207738815,-2.3890002792809,bajo,en lo esperado,1.5209916421161622,0.0,1.33468,91.049922,64.81896498550486,858.9999999999999
30084,30,Veracruz de Ignacio de la Llave,Ixmatlahuacan,5574,241,27.38589211618257,16.49122807017544,24.427786275326962,2.958105840855609,bajo,en lo esperado,2.119938175133054,5.7622002593539605,-0.032303,57.643906,0.1862544235425591,66.0
30085,30,Veracruz de Ignacio de la Llave,Ixtaczoquitlán,74004,3908,19.575230296827016,6.565003876970794,26.121040334763066,-6.54581003793605,muy bajo,mejor de lo esperado,0.5018770518101776,0.0,-0.587976,59.514391,5.785729379446362,764.9999999999998
30086,30,Veracruz de Ignacio de la Llave,Jalacingo,46794,3002,52.53164556962025,22.850451656072263,41.98611686356264,10.54552870605761,muy alto,peor de lo esperado,0.7355009602735791,0.0,0.426694,86.325663,0.2287910679967054,1577.0
30087,30,Veracruz de Ignacio de la Llave,Xalapa,488531,23081,14.6700749534249,5.54701690652508,22.1647493215573,-7.494674368132399,muy bajo,mejor de lo esperado,0.1540404170999326,0.0,-1.127002,49.280444,0.5664107611687599,3386.000000000001
30088,30,Veracruz de Ignacio de la Llave,Jalcomulco,5054,252,21.42857142857143,8.457711442786069,21.07901374515954,0.3495576834118914,muy bajo,en lo esperado,0.1567300972790171,0.0,-0.043798,74.863956,0.4708290685772773,54.00000000000001
30089,30,Veracruz de Ignacio de la Llave,Jáltipan,38669,1855,19.838274932614556,5.414185165132648,15.893494537776622,3.9447803948379345,muy bajo,en lo esperado,0.3954077256677781,0.0,-0.471079,70.699825,1.4597559008548846,368.0
30090,30,Veracruz de Ignacio de la Llave,Jamapa,11132,488,34.631147540983605,10.1010101010101,26.911050075303436,7.720097465680169,alto,peor de lo esperado,1.171911991988058,0.0,-0.52332,62.493901,0.1223184042152804,168.99999999999997
30091,30,Veracruz de Ignacio de la Llave,Jesús Carranza,28524,1573,38.52511125238398,15.97938144329897,32.031979750245064,6.493131502138915,alto,peor de lo esperado,2.76084470650712,0.6962477018664494,0.014686,82.551384,4.712216858522094,606.0
30092,30,Veracruz de Ignacio de la Llave,Xico,39623,2212,37.70343580470163,14.530685920577618,35.666719271864665,2.0367165328369623,alto,en lo esperado,0.5100628946599872,0.0,-0.103661,82.409397,0.2936585623958306,834.0
30093,30,Veracruz de Ignacio de la Llave,Jilotepec,16585,871,19.517795637198617,6.829268292682927,30.974544205986632,-11.456748568788015,muy bajo,mejor de lo esperado,0.9159951154569758,0.0,-0.443228,69.849882,0.2008158142453718,169.99999999999997
30094,30,Veracruz de Ignacio de la Llave,Juan Rodríguez Clara,38367,1911,35.26949241234955,13.61310133060389,27.163301124367745,8.106191287981805,alto,peor de lo esperado,1.7315690654820757,1.849032258064516,-0.239071,76.334671,3.556730533373307,673.9999999999999
30095,30,Veracruz de Ignacio de la Llave,Juchique de Ferrer,15059,768,28.90625,12.333736396614269,28.03715665668411,0.8690933433158889,medio,en lo esperado,0.8735648270444607,0.0,0.265295,80.400583,0.1319994442128664,222.0
30096,30,Veracruz de Ignacio de la Llave,Landero y Coss,1543,57,17.54385964912281,8.928571428571429,27.419046477083327,-9.875186827960519,muy bajo,mejor de lo esperado,0.565025045003009,0.0,-0.049915,83.568182,1.3651877133105803,10.000000000000002
30097,30,Veracruz de Ignacio de la Llave,Lerdo de Tejada,19123,882,23.80952380952381,9.142857142857142,23.17297492201392,0.636548887509889,bajo,en lo esperado,0.2984682153926575,0.0,-0.752812,58.500342,0.2105831533477321,210.0
30098,30,Veracruz de Ignacio de la Llave,Magdalena,3299,217,41.01382488479263,21.645021645021647,34.78867214724402,6.225152737548612,alto,peor de lo esperado,0.4587597260718843,0.0,0.930001,91.11039,80.55735580038885,89.00000000000001
30099,30,Veracruz de Ignacio de la Llave,Maltrata,18327,1052,40.01901140684411,14.545454545454543,41.279505946989815,-1.2604945401457073,alto,en lo esperado,0.5838718029179486,0.0,0.20779,87.891933,0.2543940795559667,421.0
30100,30,Veracruz de Ignacio de la Llave,Manlio Fabio Altamirano,23918,1122,32.0855614973262,14.45993031358885,26.967340473242576,5.118221024083628,medio,peor de lo esperado,2.2747032958195343,0.0,-0.508786,62.477063,0.1559792027729636,360.0
30101,30,Veracruz de Ignacio de la Llave,Mariano Escobedo,38670,2408,46.01328903654485,19.563318777292576,33.86846654909295,12.144822487451897,muy alto,peor de lo esperado,0.9853704912479324,0.0,-0.010833,85.2555,0.6012787375867229,1108.0
30102,30,Veracruz de Ignacio de la Llave,Martínez de la Torre,108842,5592,26.9134477825465,9.936849925705795,23.852953922098173,3.060493860448325,bajo,en lo esperado,0.6208851100484171,0.0,-0.584901,63.746414,0.815592899316796,1505.0
30103,30,Veracruz de Ignacio de la Llave,Mecatlán,12799,941,37.19447396386823,15.189873417721518,47.44851383726978,-10.254039873401553,alto,mejor de lo esperado,0.4800324404305451,0.0,1.624983,96.348429,88.07727385788907,350.0
30104,30,Veracruz de Ignacio de la Llave,Mecayapan,17134,1012,36.6600790513834,11.434108527131784,32.06496460909954,4.595114442283858,alto,en lo esperado,1.4353936027583332,1.6751176495283382,0.995563,88.49689,67.44558850730624,371.0
30105,30,Veracruz de Ignacio de la Llave,Medellín de Bravo,95202,4323,24.520009252833677,10.091533180778033,25.171131925094265,-0.6511226722605876,bajo,en lo esperado,0.9332759701490732,0.0,-0.984881,46.615833,0.4522322839364913,1059.9999999999998
30106,30,Veracruz de Ignacio de la Llave,Miahuatlán,4841,306,31.045751633986924,16.095890410958905,44.743227003779516,-13.697475369792592,medio,mejor de lo esperado,0.6248742746943285,0.0,0.019105,92.984117,0.1096731739416538,94.99999999999999
30107,30,Veracruz de Ignacio de la Llave,Las Minas,2934,207,41.06280193236715,16.267942583732058,43.734975950028414,-2.6721740176612627,alto,en lo esperado,2.1479080023954045,0.0,0.622706,91.595563,0.2190580503833515,85.0
30108,30,Veracruz de Ignacio de la Llave,Minatitlán,144776,7133,19.9495303518856,7.708179808400884,20.893576276485582,-0.9440459245999833,muy bajo,en lo esperado,0.9010374168641584,0.071429539563273,-0.695176,55.628005,2.8626897534906046,1422.9999999999998
30109,30,Veracruz de Ignacio de la Llave,Misantla,65761,3455,20.202604920405207,5.62874251497006,25.124987048856266,-4.9223821284510585,muy bajo,en lo esperado,0.9304254111623076,0.0,-0.437941,68.772684,0.3263004498511056,697.9999999999999
30110,30,Veracruz de Ignacio de la Llave,Mixtla de Altamirano,12125,840,64.88095238095238,22.755102040816325,48.54479745191415,16.33615492903823,muy alto,peor de lo esperado,1.9533384271268976,0.0,3.771054,96.029316,95.92451492867902,545.0
30111,30,Veracruz de Ignacio de la Llave,Moloacán,16493,859,21.885913853317817,8.105022831050228,23.12093941604171,-1.2350255627238944,bajo,en lo esperado,0.8525964594524773,0.0,-0.336695,67.815375,1.0237171742862592,188.00000000000006
30112,30,Veracruz de Ignacio de la Llave,Naolinco,22835,1209,25.80645161290323,7.136404697380307,31.164564302097517,-5.358112689194286,bajo,mejor de lo esperado,0.5660784050180514,0.0,-0.460693,74.589127,0.278094369728744,312.00000000000006
30113,30,Veracruz de Ignacio de la Llave,Naranjal,4614,268,22.761194029850746,13.20754716981132,26.818616357118625,-4.057422327267879,bajo,en lo esperado,0.5607011331647238,0.0,0.33805,78.311156,8.656920968478758,61.0
30114,30,Veracruz de Ignacio de la Llave,Nautla,10130,464,25.86206896551724,12.448132780082988,25.026852758400626,0.8352162071166127,bajo,en lo esperado,2.455519394321286,1.4621115995710667,-0.332336,61.292377,0.368437212158428,119.99999999999999
30115,30,Veracruz de Ignacio de la Llave,Nogales,37314,1920,29.42708333333333,12.966915688367129,25.17752031342771,4.249563019905619,medio,en lo esperado,0.99695686795493,0.0,-0.401524,76.350748,5.407146057347671,564.9999999999999
30116,30,Veracruz de Ignacio de la Llave,Oluta,17027,884,26.80995475113121,9.713024282560706,22.2935105819411,4.5164441691901125,bajo,en lo esperado,0.5977368210366365,0.0,-0.327566,76.739174,0.7775857812885707,236.9999999999999
30117,30,Veracruz de Ignacio de la Llave,Omealca,23773,1244,38.2636655948553,17.504051863857374,27.90921550108288,10.354450093772417,alto,peor de lo esperado,2.3917394404595727,0.0,0.100951,76.354708,3.896563939071909,475.9999999999999
30118,30,Veracruz de Ignacio de la Llave,Orizaba,123182,5587,11.813137640952206,4.990512333965844,19.6386420323677,-7.8255043914154925,muy bajo,mejor de lo esperado,0.0338256141207294,0.0,-1.224792,41.427943,1.5838569397831554,659.9999999999998
30119,30,Veracruz de Ignacio de la Llave,Otatitlán,5651,268,24.626865671641795,15.032679738562091,20.02615688043248,4.600708791209314,bajo,en lo esperado,0.2229040149411873,0.0,-0.398654,73.987867,2.267657992565056,66.00000000000001
30120,30,Veracruz de Ignacio de la Llave,Oteapan,10343,527,26.37571157495256,6.560283687943262,22.33438304382721,4.041328531125352,bajo,en lo esperado,0.0,0.0,-0.26305,82.06362,5.997983870967742,139.0
30121,30,Veracruz de Ignacio de la Llave,Ozuluama de Mascareñas,22756,1133,28.596646072374227,11.284403669724773,28.02570428331671,0.5709417890575175,medio,en lo esperado,4.253235972602451,10.985253844048996,0.421564,54.977604,1.2361564266348053,324.0
30122,30,Veracruz de Ignacio de la Llave,Pajapan,18051,974,44.14784394250513,18.75732708089097,31.235059452107475,12.912784490397659,muy alto,peor de lo esperado,0.9679254947908508,0.0,0.759838,90.948075,66.95891051493366,430.0
30123,30,Veracruz de Ignacio de la Llave,Pánuco,96185,4813,24.246831498026182,7.005218787635488,25.56545380294109,-1.318622304914907,bajo,en lo esperado,1.4435550429579909,2.926452525338572,-0.54962,59.800189,1.3417039967738067,1167.0000000000002
30124,30,Veracruz de Ignacio de la Llave,Papantla,159910,8393,24.27022518765638,8.328340323547033,24.557336922438598,-0.2871117347822185,bajo,en lo esperado,0.9620100817486136,0.0,0.304297,77.509275,19.8448290450868,2037.0
30125,30,Veracruz de Ignacio de la Llave,Paso del Macho,31894,1677,37.50745378652356,14.243498817966904,29.857291379404128,7.650162407119435,alto,peor de lo esperado,2.0826736200905747,1.149069536561265,-0.106705,63.424833,0.2656260247917623,629.0000000000002
30126,30,Veracruz de Ignacio de la Llave,Paso de Ovejas,33442,1585,24.85804416403785,8.91218872870249,23.00132768201339,1.85671648202446,bajo,en lo esperado,1.2568503532174462,0.0,-0.478902,59.865906,0.2925250513474824,393.9999999999999
30127,30,Veracruz de Ignacio de la Llave,La Perla,28258,2129,72.71019257867543,39.88176443838108,59.54474202000246,13.165450558672973,muy alto,peor de lo esperado,1.5915247684891352,0.0,1.96701,96.830598,0.3193290243151739,1548.0
30128,30,Veracruz de Ignacio de la Llave,Perote,77432,4651,34.89572135024726,11.458333333333334,33.96126002196332,0.9344613282839376,alto,en lo esperado,0.6242733727814188,0.0,-0.449355,79.429918,0.2564522289518197,1622.9999999999998
30129,30,Veracruz de Ignacio de la Llave,Platón Sánchez,18053,1001,21.478521478521472,7.362534948741845,26.534723190033077,-5.056201711511605,muy bajo,mejor de lo esperado,1.3058478804855531,0.0,0.488609,80.64673,28.68185516680228,214.99999999999994
30130,30,Veracruz de Ignacio de la Llave,Playa Vicente,39327,2025,32.98765432098766,12.082139446036294,24.27418857378798,8.713465747199677,medio,peor de lo esperado,1.7654177661964818,0.0150394786314074,-0.008651,80.037694,24.47603181427343,668.0000000000001
30131,30,Veracruz de Ignacio de la Llave,Poza Rica de Hidalgo,189457,8750,16.0,7.274479103938336,19.87672403984925,-3.8767240398492504,muy bajo,en lo esperado,0.1444949847877482,0.0,-0.954428,57.605821,1.8732942083759496,1400.0
30132,30,Veracruz de Ignacio de la Llave,Las Vigas de Ramírez,20300,1188,40.74074074074074,14.109926168990976,38.7879268132032,1.952813927537541,alto,en lo esperado,1.1784426156737158,0.0,0.022092,87.156035,0.1044659179942543,484.0
30133,30,Veracruz de Ignacio de la Llave,Pueblo Viejo,57909,2951,24.53405625211792,7.024092297251443,23.963135004395536,0.5709212477223851,bajo,en lo esperado,0.5388707830168521,0.2853616088603578,-0.479061,62.269629,1.5995367857272105,723.9999999999998
30134,30,Veracruz de Ignacio de la Llave,Puente Nacional,23544,1161,29.285099052540914,10.92436974789916,24.9571097705746,4.327989281966314,medio,en lo esperado,2.165890824520419,0.0,-0.540984,61.186929,0.379590395480226,340.0
30135,30,Veracruz de Ignacio de la Llave,Rafael Delgado,24127,1680,33.86904761904762,11.890447561790246,33.2142624072854,0.654785211762217,medio,en lo esperado,0.3034643796529572,0.0,0.110114,83.460934,41.8132846778748,569.0
30136,30,Veracruz de Ignacio de la Llave,Rafael Lucio,8343,494,32.99595141700405,7.113821138211383,32.04495103637903,0.9510003806250182,medio,en lo esperado,0.7270356229915955,0.0,-0.454926,67.768983,0.1889406726287945,163.0
30137,30,Veracruz de Ignacio de la Llave,Los Reyes,6308,430,43.72093023255814,12.413793103448276,42.52763966696686,1.1932905655912762,muy alto,en lo esperado,2.2107108603017505,0.0,2.190899,96.223899,87.13410483321988,188.0
30138,30,Veracruz de Ignacio de la Llave,Río Blanco,41795,1977,15.882650480526053,5.096839959225281,19.495944753430514,-3.6132942729044615,muy bajo,en lo esperado,0.0003774361751021,0.0,-1.131531,53.835064,1.3456248606051595,314.00000000000006
30139,30,Veracruz de Ignacio de la Llave,Saltabarranca,6126,290,34.48275862068965,11.851851851851851,28.21202751293082,6.270731107758831,alto,peor de lo esperado,2.1829470525051677,0.0,-0.152565,58.39202,0.0679117147707979,99.99999999999999
30140,30,Veracruz de Ignacio de la Llave,San Andrés Tenejapan,3134,198,47.97979797979798,14.285714285714286,44.58128852392727,3.398509455870709,muy alto,en lo esperado,3.0137392356904757,0.0,0.897679,89.557798,73.96469789545147,95.0
30141,30,Veracruz de Ignacio de la Llave,San Andrés Tuxtla,162428,8762,36.07623830175759,15.54571565342269,24.916553990229854,11.159684311527737,alto,peor de lo esperado,0.6103970973072461,0.0,0.185115,84.892392,0.3487876399994832,3161.0
30142,30,Veracruz de Ignacio de la Llave,San Juan Evangelista,32631,1699,36.55091230135374,14.973882762623331,29.09744566449055,7.45346663686319,alto,peor de lo esperado,2.465393374052236,2.032146972832913,0.021495,77.732112,0.7461006592699791,621.0
30143,30,Veracruz de Ignacio de la Llave,Santiago Tuxtla,57085,3113,30.966912945711528,12.714776632302405,21.71330272550135,9.253610220210177,medio,peor de lo esperado,1.3380103544022193,0.0,0.259205,82.745398,0.2686698102862156,963.9999999999999
30144,30,Veracruz de Ignacio de la Llave,Sayula de Alemán,32400,1799,26.73707615341857,11.91765980498375,28.856155903538806,-2.1190797501202354,bajo,en lo esperado,1.000965505116837,0.0,-0.102978,84.825008,16.24983759906457,481.0000000000001
30145,30,Veracruz de Ignacio de la Llave,Soconusco,16574,850,17.529411764705884,7.151095732410611,21.819654809544442,-4.290243044838558,muy bajo,en lo esperado,0.7379884226157534,0.0,-0.520716,73.824614,1.483437048211704,149.00000000000003
30146,30,Veracruz de Ignacio de la Llave,Sochiapa,3925,221,46.15384615384615,24.444444444444443,37.96329624620362,8.190549907642534,muy alto,peor de lo esperado,1.6922393472996202,0.0,0.003067,81.833333,0.3248511099079588,102.0
30147,30,Veracruz de Ignacio de la Llave,Soledad Atzompa,24578,1641,65.56977452772699,26.82180036742192,51.53691766790631,14.032856859820683,muy alto,peor de lo esperado,1.123589817738323,0.0,2.562014,97.527888,95.49167795203356,1075.9999999999998
30148,30,Veracruz de Ignacio de la Llave,Soledad de Doblado,28130,1377,40.45025417574437,19.202363367799112,29.362708875568963,11.087545300175407,alto,peor de lo esperado,1.469439494632664,0.0,-0.345265,75.057849,0.1333975617890095,557.0
30149,30,Veracruz de Ignacio de la Llave,Soteapan,34385,2444,40.54828150572831,14.02387041773231,42.912449053842415,-2.3641675481141036,alto,en lo esperado,0.905282086687176,0.0,1.432842,94.52124,80.1115760111576,991.0
30150,30,Veracruz de Ignacio de la Llave,Tamalín,11631,638,25.39184952978056,7.26643598615917,23.413902226913436,1.9779473028671255,bajo,en lo esperado,1.2268925071634935,0.0,0.156546,79.401442,7.391069499459848,162.0
30151,30,Veracruz de Ignacio de la Llave,Tamiahua,21902,1164,16.838487972508588,4.83271375464684,22.3864713556607,-5.547983383152111,muy bajo,mejor de lo esperado,1.895757139298655,3.599796269368948,0.429646,72.294562,1.3492475350285418,195.99999999999994
30152,30,Veracruz de Ignacio de la Llave,Tampico Alto,11561,495,22.22222222222223,8.42911877394636,25.646711088713506,-3.424488866491277,bajo,en lo esperado,3.6745434785396935,9.104030804450508,0.096809,65.729364,0.9948448946368816,110.00000000000003
30153,30,Veracruz de Ignacio de la Llave,Tancoco,5795,330,17.878787878787875,3.8596491228070176,21.99330045367059,-4.114512574882713,muy bajo,en lo esperado,1.8466198130605629,0.0,-0.014844,74.30399,7.460803748423139,58.999999999999986
30154,30,Veracruz de Ignacio de la Llave,Tantima,11991,684,19.590643274853804,6.597222222222222,30.832346091763313,-11.241702816909509,muy bajo,mejor de lo esperado,3.1554250988678216,0.0,0.400557,82.167054,6.430617026815933,134.0
30155,30,Veracruz de Ignacio de la Llave,Tantoyuca,99959,6639,24.49164030727519,6.880189798339265,29.499580761873073,-5.0079404545978825,bajo,mejor de lo esperado,1.478063552668079,0.4526282083469733,1.380277,86.422461,43.49573447780145,1625.9999999999998
30156,30,Veracruz de Ignacio de la Llave,Tatatila,6041,428,54.67289719626168,18.548387096774192,42.247684169453414,12.425213026808265,muy alto,peor de lo esperado,1.7441061249472745,0.0,0.678132,91.627799,0.1411183630269888,234.0
30157,30,Veracruz de Ignacio de la Llave,Castillo de Teayo,20145,1062,25.42372881355932,7.41901776384535,27.294455428546097,-1.8707266149867792,bajo,en lo esperado,0.9002734515665064,0.0,0.56337,77.993606,8.09375,270.0
30158,30,Veracruz de Ignacio de la Llave,Tecolutla,24551,1192,30.872483221476514,11.51615575807788,22.291975240596827,8.580507980879688,medio,peor de lo esperado,1.4812112664947248,0.0,0.047175,74.747469,3.626943005181347,368.00000000000006
30159,30,Veracruz de Ignacio de la Llave,Tehuipango,29686,2168,52.12177121771218,17.33149931224209,54.60859775406999,-2.4868265363578104,muy alto,en lo esperado,1.3185658225782988,0.0,3.691854,98.055184,97.12395011453296,1130.0
30160,30,Veracruz de Ignacio de la Llave,Álamo Temapache,107270,5568,25.484913793103445,7.876772273761596,28.959106060819614,-3.4741922677161696,bajo,en lo esperado,1.256956216012202,0.0,-0.071373,72.68699,6.033455142360229,1419.0
30161,30,Veracruz de Ignacio de la Llave,Tempoal,34408,1944,23.09670781893004,6.819338422391858,26.87971751181606,-3.783009692886022,bajo,en lo esperado,1.82650017086343,2.87295023691534,0.580253,79.254016,7.472071302118308,449.0
30162,30,Veracruz de Ignacio de la Llave,Tenampa,6448,377,55.172413793103445,33.43653250773994,38.2870138467844,16.885399946319048,muy alto,peor de lo esperado,0.8142591580374572,0.0,0.874118,87.32821,0.4538087520259319,208.0
30163,30,Veracruz de Ignacio de la Llave,Tenochtitlán,5040,321,33.02180685358256,13.355048859934854,31.594234516181242,1.427572337401319,medio,en lo esperado,0.9167970091017268,0.0,0.361112,86.302089,0.209205020920502,106.00000000000001
30164,30,Veracruz de Ignacio de la Llave,Teocelo,16957,877,29.41847206385405,9.502262443438914,28.2618753299269,1.1565967339271488,medio,en lo esperado,0.303061867730699,0.0,-0.310969,78.950383,0.190020840995464,258.0
30165,30,Veracruz de Ignacio de la Llave,Tepatlaxco,8925,505,51.08910891089109,22.56728778467909,42.64917643304813,8.439932477842959,muy alto,peor de lo esperado,1.4266500696624298,0.0,1.312717,82.601217,0.154046687996208,258.0
30166,30,Veracruz de Ignacio de la Llave,Tepetlán,9405,502,39.04382470119522,15.384615384615383,36.3975068944297,2.6463178067655164,alto,en lo esperado,1.789464956427408,0.0,0.217156,76.98776,0.0668374735435,196.0
30167,30,Veracruz de Ignacio de la Llave,Tepetzintla,14619,783,25.031928480204343,8.213820078226858,28.83929521799057,-3.8073667377862286,bajo,en lo esperado,0.8466658803755296,0.0,0.24732,88.0202,10.247578040904198,196.0
30168,30,Veracruz de Ignacio de la Llave,Tequila,16343,1192,51.92953020134228,20.148637489677952,39.84775652578099,12.081773675561294,muy alto,peor de lo esperado,1.6808883556196037,0.0,2.154208,93.161661,84.0647552174761,619.0
30169,30,Veracruz de Ignacio de la Llave,José Azueta,22709,1107,35.230352303523034,12.431941923774955,22.635804750921743,12.594547552601291,alto,peor de lo esperado,1.5929894236107565,0.0,-0.029318,71.915918,1.9164165319787576,389.99999999999994
30170,30,Veracruz de Ignacio de la Llave,Texcatepec,10824,652,58.8957055214724,17.763157894736842,48.26901983816924,10.626685683303158,muy alto,peor de lo esperado,2.0692949327922228,0.0,2.669523,95.421857,73.80191693290735,384.0
30171,30,Veracruz de Ignacio de la Llave,Texhuacán,5575,363,43.80165289256198,15.24390243902439,36.179702996261966,7.621949896300016,muy alto,peor de lo esperado,0.9088957352664204,0.0,1.349798,89.96991,66.20149111068629,159.0
30172,30,Veracruz de Ignacio de la Llave,Texistepec,19925,1092,28.663003663003664,8.534322820037106,29.632648425267547,-0.9696447622638829,medio,en lo esperado,1.4147689576193854,0.0,0.312232,83.500667,2.459404067475958,313.00000000000006
30173,30,Veracruz de Ignacio de la Llave,Tezonapa,54537,3123,37.43195645212936,17.108133374883142,28.947225727190816,8.484730724938547,alto,peor de lo esperado,1.8268206773215057,0.0,1.042493,82.519232,20.390434547072708,1169.0
30174,30,Veracruz de Ignacio de la Llave,Tierra Blanca,95602,4351,24.523098138359003,10.386029411764708,24.13725269974998,0.3858454386090244,bajo,en lo esperado,1.4584967833061366,0.0062418076274889,-0.510805,64.283551,2.3572304458263997,1067.0000000000002
30175,30,Veracruz de Ignacio de la Llave,Tihuatlán,92726,5033,22.84919531094775,8.552631578947368,26.456745407191036,-3.607550096243287,bajo,en lo esperado,0.9381748867234602,0.0,-0.123652,75.946661,2.638772789914827,1150.0000000000002
30176,30,Veracruz de Ignacio de la Llave,Tlacojalpan,4489,245,41.224489795918366,15.315315315315315,21.959177629296647,19.26531216662172,alto,peor de lo esperado,0.5486848156176954,0.0,-0.061596,76.428897,1.7751479289940828,101.0
30177,30,Veracruz de Ignacio de la Llave,Tlacolulan,11685,717,44.07252440725244,12.670299727520437,45.61290231007858,-1.540377902826144,muy alto,en lo esperado,2.1827248028546493,0.0,0.372074,87.29974,0.0731462009691871,316.0
30178,30,Veracruz de Ignacio de la Llave,Tlacotalpan,12898,575,26.95652173913044,9.262759924385634,28.763437354178468,-1.8069156150480268,bajo,en lo esperado,3.0341660485640376,4.359020577296624,-0.286097,70.527308,0.1682287911559721,155.00000000000003
30179,30,Veracruz de Ignacio de la Llave,Tlacotepec de Mejía,4284,219,42.465753424657535,17.04035874439462,33.90272621492186,8.563027209735672,muy alto,peor de lo esperado,0.8962393368551516,0.0,-0.14083,83.895173,0.7390983000739099,93.0
30180,30,Veracruz de Ignacio de la Llave,Tlachichilco,10900,628,42.8343949044586,14.580467675378268,37.33358343143602,5.50081147302258,muy alto,peor de lo esperado,1.5814199006773375,0.0,1.920038,89.091831,47.04973442781265,269.0
30181,30,Veracruz de Ignacio de la Llave,Tlalixcoyan,37795,1655,30.513595166163142,10.377924415116976,26.36347155333883,4.150123612824313,medio,en lo esperado,2.46473804559706,0.0,-0.28591,61.127112,0.3699409198829441,505.0
30182,30,Veracruz de Ignacio de la Llave,Tlalnelhuayocan,19664,1152,19.96527777777777,3.5440613026819925,33.329425896042096,-13.364148118264325,muy bajo,mejor de lo esperado,1.191451291710086,0.0,-0.475652,74.810959,0.193496371943026,229.99999999999991
30183,30,Veracruz de Ignacio de la Llave,Tlapacoyan,61377,3500,34.2,15.748963883955003,26.012637266885793,8.18736273311421,medio,peor de lo esperado,0.4980463742130026,0.0,-0.377805,79.442531,0.8073187799757634,1197.0
30184,30,Veracruz de Ignacio de la Llave,Tlaquilpa,7933,547,50.45703839122486,14.666666666666666,40.93611322969959,9.52092516152527,muy alto,peor de lo esperado,1.7930870541209758,0.0,2.287084,95.624144,91.59292035398232,276.0
30185,30,Veracruz de Ignacio de la Llave,Tlilapan,5548,325,33.230769230769226,11.178247734138973,35.23800005194185,-2.0072308211726266,medio,en lo esperado,0.7511438242706893,0.0,0.290414,81.494229,31.77142857142857,107.99999999999999
30186,30,Veracruz de Ignacio de la Llave,Tomatlán,7197,348,33.62068965517241,13.583815028901734,31.163977126449026,2.4567125287233864,medio,en lo esperado,0.2400014929605859,0.0,-0.282927,71.345301,0.2489383511495094,117.0
30187,30,Veracruz de Ignacio de la Llave,Tonayán,6105,381,43.83202099737533,13.623978201634875,43.1779138353678,0.6541071620075343,muy alto,en lo esperado,1.3163667842064868,0.0,0.512591,94.467819,0.1226778829302488,167.0
30188,30,Veracruz de Ignacio de la Llave,Totutla,17217,932,45.81545064377682,20.13129102844639,41.55069299503281,4.264757648744009,muy alto,en lo esperado,1.4088540725937155,0.0,0.212938,88.29622,0.1277683134582623,427.0
30189,30,Veracruz de Ignacio de la Llave,Tuxpan,154600,7321,16.964895506078406,5.918310641844957,23.56455593851799,-6.599660432439585,muy bajo,mejor de lo esperado,1.0501267443121527,0.0006441389794262,-0.759331,53.632416,1.3693468182032285,1242.0000000000002
30190,30,Veracruz de Ignacio de la Llave,Tuxtilla,2258,87,14.94252873563218,14.285714285714286,24.15189998062462,-9.20937124499244,muy bajo,mejor de lo esperado,0.0237322476310733,0.0,-0.203666,53.05,0.1392757660167131,12.999999999999996
30191,30,Veracruz de Ignacio de la Llave,Ursulo Galván,30097,1306,20.90352220520674,8.958837772397095,21.438068238538303,-0.5345460333315621,muy bajo,en lo esperado,0.8089980211169079,0.0,-0.917159,48.525753,0.1971840730618881,273.0
30192,30,Veracruz de Ignacio de la Llave,Vega de Alatorre,20204,960,27.8125,12.625250501002004,28.25667031451974,-0.44417031451974154,medio,en lo esperado,1.2888711002257962,2.241926028703088,-0.4995,71.74193,0.2217066254189224,267.0
30193,30,Veracruz de Ignacio de la Llave,Veracruz,607209,26926,18.82567035578994,8.03281816447243,20.805080527566513,-1.9794101717765749,muy bajo,en lo esperado,0.8047409039723705,0.0,-1.178155,50.901894,0.7040876530468241,5068.999999999999
30194,30,Veracruz de Ignacio de la Llave,Villa Aldama,12492,864,46.75925925925926,17.106773823191734,43.60976656718554,3.1494926920737214,muy alto,en lo esperado,0.442153425861092,0.0,0.084474,89.965802,0.1284796573875803,404.0
30195,30,Veracruz de Ignacio de la Llave,Xoxocotla,5900,352,36.07954545454545,10.43956043956044,34.27536422264679,1.80418123189866,alto,en lo esperado,1.0980592858115137,0.0,2.368422,96.031827,35.05395683453237,127.0
30196,30,Veracruz de Ignacio de la Llave,Yanga,17902,898,28.396436525612472,12.758620689655173,27.95614149654896,0.44029502906351325,medio,en lo esperado,1.1954729478323305,0.0,-0.411179,63.219943,0.5917503045773627,255.0
30197,30,Veracruz de Ignacio de la Llave,Yecuatla,11205,552,33.876811594202906,11.599297012302284,27.96748554979696,5.909326044405944,medio,peor de lo esperado,1.837439039092678,0.0,0.171097,82.066571,1.4453562103692652,187.00000000000003
30198,30,Veracruz de Ignacio de la Llave,Zacualpan,6788,382,36.64921465968586,16.8646080760095,35.96904780475902,0.6801668549268385,alto,en lo esperado,2.805209087614079,0.0,1.327433,86.792354,1.6413750387116754,139.99999999999997
30199,30,Veracruz de Ignacio de la Llave,Zaragoza,11899,744,34.677419354838705,11.373092926490983,31.33896411292555,3.338455241913156,alto,en lo esperado,0.2572596294815115,0.0,0.055681,89.130938,33.89199255121043,258.0
30200,30,Veracruz de Ignacio de la Llave,Zentla,12581,650,43.84615384615385,21.78517397881997,32.23030421247806,11.615849633675786,muy alto,peor de lo esperado,2.833864618478932,0.0,-0.178103,71.711156,0.1661267547138466,285.0
30201,30,Veracruz de Ignacio de la Llave,Zongolica,45028,2748,39.44687045123727,15.081521739130435,34.88036331766285,4.566507133574419,alto,en lo esperado,1.7289784499150431,0.0,1.800849,90.395879,65.80851263741427,1084.0
30202,30,Veracruz de Ignacio de la Llave,Zontecomatlán de López y Fuentes,14644,943,41.145281018027575,11.488673139158577,38.382813566998166,2.7624674510294085,alto,en lo esperado,1.8345039233646696,0.0,2.255991,94.978103,78.21818181818182,388.0
30203,30,Veracruz de Ignacio de la Llave,Zozocolco de Hidalgo,14524,969,32.09494324045407,17.02819956616052,41.13548109027646,-9.040537849822385,medio,mejor de lo esperado,1.011706610703156,0.0,1.622083,91.937719,72.71672948680776,310.99999999999994
30204,30,Veracruz de Ignacio de la Llave,Agua Dulce,44104,2183,18.140174072377462,6.798346348185577,22.737607240827092,-4.59743316844963,muy bajo,en lo esperado,0.8146029855180387,0.0,-0.758548,61.993782,0.8361204013377926,396.0
30205,30,Veracruz de Ignacio de la Llave,El Higo,19402,946,16.173361522198732,5.331882480957563,24.730003621370813,-8.55664209917208,muy bajo,mejor de lo esperado,1.3075685503067518,0.0967019543973941,-0.526998,55.273055,1.060491288821556,153.0
30206,30,Veracruz de Ignacio de la Llave,Nanchital de Lázaro Cárdenas del Río,29209,1325,12.37735849056604,3.822152886115445,16.794166986190994,-4.416808495624954,muy bajo,en lo esperado,0.0943247780988715,0.0,-1.089536,53.072728,2.336764863035657,164.00000000000003
30207,30,Veracruz de Ignacio de la Llave,Tres Valles,44978,2332,31.174957118353348,12.634293081220456,24.459067632657646,6.715889485695701,medio,peor de lo esperado,1.315214941189208,0.0,-0.26253,66.119082,9.522590851984551,727.0
30208,30,Veracruz de Ignacio de la Llave,Carlos A. Carrillo,23376,1098,23.95264116575592,11.255813953488373,26.56440127125166,-2.6117601054957404,bajo,en lo esperado,0.6174814739149088,0.0,-0.518036,46.392329,0.2570694087403599,263.0
30209,30,Veracruz de Ignacio de la Llave,Tatahuicapan de Juárez,15044,887,35.17474633596392,16.26848691695108,31.82001306685659,3.354733269107328,alto,en lo esperado,1.1210116345857846,0.0,0.862971,90.931157,60.590889860386405,311.99999999999994
30210,30,Veracruz de Ignacio de la Llave,Uxpanapa,30891,1748,36.098398169336384,13.970182219768084,29.81917649506668,6.279221674269703,alto,peor de lo esperado,2.242313756023019,3.4579781423624008,0.374145,88.656465,33.780133000831256,631.0
30211,30,Veracruz de Ignacio de la Llave,San Rafael,30351,1418,29.901269393512,8.592057761732852,25.071283794790162,4.829985598721837,medio,en lo esperado,1.0962989009104356,0.0,-0.623157,64.027525,0.8691171418756442,424.0000000000001
30212,30,Veracruz de Ignacio de la Llave,Santiago Sochiapan,13062,716,44.6927374301676,17.701453104359313,32.74685235779695,11.945885072370643,muy alto,peor de lo esperado,2.0350454352737826,0.0,0.7232,91.18217,41.78510517339397,320.0
31001,31,Yucatán,Abalá,6550,359,38.440111420612816,18.23204419889503,25.14326352741179,13.296847893201026,alto,peor de lo esperado,0.4930978003340017,0.0,0.325301,66.127023,55.92295345104334,138.0
31002,31,Yucatán,Acanceh,16772,883,22.65005662514156,7.6923076923076925,20.935490453433466,1.7145661717080927,bajo,en lo esperado,0.2241227799569442,0.0,-0.326058,50.61863,27.59348987451857,199.99999999999997
31003,31,Yucatán,Akil,12285,589,48.89643463497453,16.640746500777606,34.59966143215618,14.29677320281835,muy alto,peor de lo esperado,0.0401457031540994,0.0,0.108751,88.333873,50.86139728162064,288.0
31004,31,Yucatán,Baca,6195,339,25.368731563421832,1.8072289156626504,22.870290548764903,2.4984410146569296,bajo,en lo esperado,0.6055088105725205,0.0,-0.741107,44.949337,13.09663372969352,86.00000000000001
31005,31,Yucatán,Bokobá,2167,100,17.0,1.7857142857142858,17.982549587715162,-0.9825495877151624,muy bajo,en lo esperado,0.0,0.0,-0.483887,48.973451,33.301389554384286,17.0
31006,31,Yucatán,Buctzotz,9159,493,32.65720081135903,8.108108108108109,25.930057880916266,6.727142930442767,medio,peor de lo esperado,1.2665418068239909,8.781862355773468,-0.066774,81.702572,20.48455620622345,161.00000000000003
31007,31,Yucatán,Cacalchén,7490,398,34.92462311557789,7.377049180327869,18.528275422716778,16.39634769286111,alto,peor de lo esperado,0.0078012679724576,0.0,-0.536384,58.157256,19.46271162725619,138.99999999999997
31008,31,Yucatán,Calotmul,3949,197,32.48730964467005,7.425742574257426,24.604243666422267,7.883065978247782,medio,peor de lo esperado,0.0129046478560892,0.0,0.115042,91.34005,48.29605963791267,63.99999999999999
31009,31,Yucatán,Cansahcab,4466,227,14.53744493392071,3.571428571428572,17.50013356114987,-2.9626886272291593,muy bajo,en lo esperado,0.2655982374456783,0.0,-0.383724,61.384357,17.214069415327277,33.000000000000014
31010,31,Yucatán,Cantamayec,2755,154,48.05194805194805,20.26143790849673,28.738524393601505,19.313423658346547,muy alto,peor de lo esperado,1.863910316648561,0.0,1.092876,86.584366,78.1640625,74.0
31011,31,Yucatán,Celestún,8389,412,52.66990291262136,15.825688073394495,27.377220049148814,25.292682863472546,muy alto,peor de lo esperado,0.0211448474870514,0.1071683734222433,-0.191432,89.337025,4.816254860153016,217.0
31012,31,Yucatán,Cenotillo,3736,161,19.875776397515523,5.7591623036649215,23.633778858989118,-3.7580024614735947,muy bajo,en lo esperado,0.063563524986434,0.1590246488205671,-0.251223,90.928893,31.29556926528323,31.999999999999993
31013,31,Yucatán,Conkal,16671,797,16.185696361355085,6.218905472636816,18.95807523894906,-2.772378877593976,muy bajo,en lo esperado,0.0963099523885652,0.0,-1.170578,36.947261,9.204446109654052,129.00000000000003
31014,31,Yucatán,Cuncunul,1714,101,20.792079207920796,9.090909090909092,25.54265122511257,-4.750572017191775,muy bajo,en lo esperado,0.4735011377082425,0.0,-0.073808,84.275926,69.72136222910217,21.000000000000004
31015,31,Yucatán,Cuzamá,5560,306,38.888888888888886,9.765625,21.232617318808096,17.65627157008079,alto,peor de lo esperado,0.2913549167059765,0.0,0.332337,67.960894,49.14199509711485,118.99999999999999
31016,31,Yucatán,Chacsinkín,3104,203,48.27586206896552,13.855421686746988,30.382203995529803,17.89365807343572,muy alto,peor de lo esperado,0.3562064725772721,0.0,0.306288,97.171004,88.02864938608458,98.00000000000001
31017,31,Yucatán,Chankom,4686,296,23.986486486486484,12.67605633802817,30.620195651517168,-6.633709165030684,bajo,mejor de lo esperado,1.5619621059650064,0.0,0.757073,92.525488,80.61733999092147,70.99999999999999
31018,31,Yucatán,Chapab,3385,197,22.84263959390863,6.818181818181818,16.453000363816113,6.389639230092516,bajo,peor de lo esperado,0.0508109118884472,0.0,0.127134,67.379137,60.58168316831683,45.0
31019,31,Yucatán,Chemax,38934,2792,45.77363896848138,12.460401267159453,45.373720994611155,0.3999179738702239,muy alto,en lo esperado,0.3619718040942224,0.0,1.234606,95.537001,82.34954022355598,1278.0
31020,31,Yucatán,Chicxulub Pueblo,4497,188,17.55319148936171,5.583756345177665,19.047483048228553,-1.4942915588668448,muy bajo,en lo esperado,0.014147975585551,0.0,-0.861336,57.639073,7.099627560521415,33.000000000000014
31021,31,Yucatán,Chichimilá,9406,607,30.148270181219104,6.030150753768845,42.446063378777104,-12.297793197558,medio,mejor de lo esperado,1.108325554216611,2.744399598745951,0.723207,92.957932,82.3448905109489,182.99999999999997
31022,31,Yucatán,Chikindzonot,4363,335,25.671641791044777,3.761755485893417,38.11053175684783,-12.43888996580305,bajo,mejor de lo esperado,0.0485446552254501,0.0,0.748465,98.744144,93.82806759735487,86.0
31023,31,Yucatán,Chocholá,4863,243,18.106995884773667,5.0,20.835567628556063,-2.728571743782396,muy bajo,en lo esperado,0.0064551666946875,0.0,-0.598296,58.759608,24.13347685683531,44.00000000000001
31024,31,Yucatán,Chumayel,3244,166,36.14457831325301,8.465608465608465,28.0734779933251,8.071100319927908,alto,peor de lo esperado,0.0038131812553857,0.0,0.305844,91.737773,79.99353587588881,59.99999999999999
31025,31,Yucatán,Dzán,6003,281,26.334519572953734,6.711409395973154,29.98012862233789,-3.6456090493841558,bajo,en lo esperado,0.0005125863683091,0.0,-0.322491,85.914683,61.3777226846113,74.0
31026,31,Yucatán,Dzemul,3622,179,22.90502793296089,3.067484662576687,17.918567247087935,4.986460685872956,bajo,en lo esperado,0.2798395553040952,1.1689863402977363,-0.729177,50.574054,19.42219679633867,41.0
31027,31,Yucatán,Dzidzantún,8345,384,17.70833333333333,4.199475065616798,19.40487752190785,-1.6965441885745207,muy bajo,en lo esperado,0.2642842873988003,0.0,-0.616459,59.158694,5.472450760408876,67.99999999999999
31028,31,Yucatán,Dzilam de Bravo,2936,139,23.02158273381295,9.30232558139535,20.285079363009743,2.736503370803206,bajo,en lo esperado,0.3667501976839477,0.1346348030966004,-0.705804,58.79186,3.6772581220992495,31.999999999999996
31029,31,Yucatán,Dzilam González,6240,317,27.44479495268139,11.805555555555555,22.985222724797374,4.459572227884017,bajo,en lo esperado,0.0957886188395775,0.4595151323086673,-0.321151,82.132344,10.339067980624687,87.0
31030,31,Yucatán,Dzitás,4015,240,33.75,17.21311475409836,27.623177756480274,6.126822243519726,medio,peor de lo esperado,0.0728902069722033,0.0,0.78867,85.365211,46.92531010820797,81.0
31031,31,Yucatán,Dzoncauich,2818,156,16.025641025641022,2.631578947368421,19.499472684082573,-3.4738316584415507,muy bajo,en lo esperado,0.0089922855882467,0.0,0.233742,76.377614,47.64727676917377,24.999999999999993
31032,31,Yucatán,Espita,16779,1134,41.88712522045855,14.923954372623577,35.4784188858864,6.408706334572152,alto,peor de lo esperado,0.2988255288107958,0.0178316690442225,0.516249,94.090807,51.84180648416803,474.99999999999994
31033,31,Yucatán,Halachó,21255,1120,26.07142857142857,6.95970695970696,22.127039081106567,3.9443894903220027,bajo,en lo esperado,0.1029889005800138,0.0,0.162803,72.832532,51.74773166741039,291.99999999999994
31034,31,Yucatán,Hocabá,6514,363,29.75206611570248,6.031746031746032,25.302989918100785,4.449076197601695,medio,en lo esperado,1.1823895965408318,0.0,0.27887,72.029397,49.321047526673134,108.0
31035,31,Yucatán,Hoctún,6384,292,36.64383561643836,10.574018126888218,20.466236332213253,16.177599284225106,alto,peor de lo esperado,0.0082008347286632,0.0,0.274871,78.463801,39.18166939443535,107.0
31036,31,Yucatán,Homún,8090,405,35.308641975308646,6.569343065693431,23.55747878034193,11.751163194966715,alto,peor de lo esperado,0.058932478542297,0.0,0.121542,72.780234,45.3275907073871,143.00000000000003
31037,31,Yucatán,Huhí,5250,268,40.298507462686565,10.588235294117649,20.015579716741147,20.28292774594542,alto,peor de lo esperado,0.0131755541433075,0.0,0.142144,86.896732,34.98,108.0
31038,31,Yucatán,Hunucmá,35137,1851,23.716909778498103,6.40083945435467,21.281505155541577,2.4354046229565256,bajo,en lo esperado,0.1052982399610611,0.0,-0.332842,70.81767,18.48341232227488,438.9999999999999
31039,31,Yucatán,Ixil,4186,204,23.529411764705884,6.132075471698113,25.010009999672036,-1.480598234966152,bajo,en lo esperado,0.336392778109958,1.956111329183723,-0.79341,61.520311,10.00499001996008,48.00000000000001
31040,31,Yucatán,Izamal,28555,1437,26.79192762700069,8.502289077828646,20.511267238321953,6.280660388678736,bajo,peor de lo esperado,0.0697197132787841,0.0,-0.368708,61.383266,30.244440360227895,384.9999999999999
31041,31,Yucatán,Kanasín,141939,7441,28.31608654750705,7.979953739398612,23.171786220252326,5.144300327254726,medio,peor de lo esperado,0.0368817636119064,0.0,-0.971943,49.516892,12.191441358138846,2106.9999999999995
31042,31,Yucatán,Kantunil,5553,286,40.20979020979021,6.25,25.975140897002085,14.234649312788122,alto,peor de lo esperado,0.0038805040709592,0.0,-0.115209,86.195628,37.480886850152906,115.0
31043,31,Yucatán,Kaua,3405,208,29.807692307692307,9.45273631840796,30.484484291469126,-0.6767919837768197,medio,en lo esperado,0.0407849111433923,0.0,0.125321,91.105437,70.3749612643322,62.0
31044,31,Yucatán,Kinchil,7530,386,32.901554404145074,7.474226804123711,22.779276508384246,10.122277895760828,medio,peor de lo esperado,0.2833254494842069,0.0,-0.091274,71.973868,25.59381588193957,126.99999999999999
31045,31,Yucatán,Kopomá,2677,117,20.51282051282051,2.0,17.88606890868801,2.626751604132501,muy bajo,en lo esperado,0.0,0.0,-0.54352,50.841746,36.875,24.0
31046,31,Yucatán,Mama,3296,148,25.67567567567568,8.75,22.35542372596274,3.32025194971294,bajo,en lo esperado,0.0295487007141176,0.0,0.087091,85.466926,61.895613192443165,38.00000000000001
31047,31,Yucatán,Maní,5968,289,25.605536332179938,6.593406593406593,26.474173141574,-0.8686368093940615,bajo,en lo esperado,0.0960073134897817,0.0,-0.002754,80.549861,70.57369814651368,74.00000000000003
31048,31,Yucatán,Maxcanú,23991,1349,36.10081541882876,8.169440242057489,23.68879785271523,12.41201756611353,alto,peor de lo esperado,0.5607332113949726,0.0,-0.041726,62.449174,36.55401565164167,486.99999999999994
31049,31,Yucatán,Mayapán,3965,282,55.673758865248224,17.938931297709924,40.19317533818132,15.480583527066905,muy alto,peor de lo esperado,0.0126067254735739,0.0,1.22981,94.912773,92.87069666576308,157.0
31050,31,Yucatán,Mérida,995129,44254,15.37036200117504,4.732446643983916,19.891461374594392,-4.521099373419352,muy bajo,en lo esperado,0.0799186481385405,0.0,-1.277108,32.617407,7.419437380220056,6802.000000000003
31051,31,Yucatán,Mocochá,3430,167,20.958083832335333,5.109489051094891,21.876496583220373,-0.9184127508850395,muy bajo,en lo esperado,0.886215467331854,0.0,-0.709068,34.509827,10.303030303030305,35.00000000000001
31052,31,Yucatán,Motul,37804,1943,26.248069994853324,6.460369163952226,18.1718333933083,8.076236601545023,bajo,peor de lo esperado,0.2651601868762754,0.0,-0.48289,54.69425,21.196210795344054,510.00000000000006
31053,31,Yucatán,Muna,13494,640,33.28125,10.18363939899833,23.01734121124624,10.26390878875376,medio,peor de lo esperado,0.4773486963985207,0.014800562421372,-0.406402,74.907567,35.441853209578035,213.0
31054,31,Yucatán,Muxupip,2990,122,22.950819672131143,2.238805970149253,17.88309783643756,5.0677218356935825,bajo,peor de lo esperado,0.4911063878873895,0.0,-0.384885,53.765743,34.02679830747532,27.999999999999993
31055,31,Yucatán,Opichén,7080,354,31.355932203389827,7.079646017699115,22.971244877681194,8.384687325708633,medio,peor de lo esperado,0.0011938727742621,0.0,-0.030779,82.5964,64.60715877023615,110.99999999999999
31056,31,Yucatán,Oxkutzcab,33854,1755,39.2022792022792,12.404787812840045,31.229494927489966,7.972784274789234,alto,peor de lo esperado,0.1935721131559122,0.9136432309416536,-0.030704,82.721221,53.54947949328985,688.0
31057,31,Yucatán,Panabá,7766,409,22.98288508557457,4.197530864197531,25.83140749511722,-2.8485224095426496,bajo,en lo esperado,0.5068015708767208,3.2168204178192785,-0.231343,81.570198,21.682192520588632,93.99999999999999
31058,31,Yucatán,Peto,25954,1524,29.724409448818903,7.407407407407407,32.33878915404568,-2.6143797052267743,medio,en lo esperado,0.407177031129054,0.2198875685252546,0.098815,90.41361,51.47318676802959,453.0000000000001
31059,31,Yucatán,Progreso,66008,3245,25.91679506933744,6.823899371069182,24.273992534341826,1.6428025349956137,bajo,en lo esperado,0.710445267062307,0.0151455487232302,-0.971699,50.253399,4.132779558770115,840.9999999999999
31060,31,Yucatán,Quintana Roo,976,40,20.0,3.92156862745098,15.961766413203454,4.0382335867965455,muy bajo,en lo esperado,0.003637883009083,0.0,-0.085659,81.117647,31.29032258064516,8.0
31061,31,Yucatán,Río Lagartos,3974,194,36.597938144329895,10.0,23.10709531758096,13.490842826748935,alto,peor de lo esperado,0.1754297069293757,0.6903353057199213,-0.537697,35.363319,10.374104537012473,71.0
31062,31,Yucatán,Sacalum,4962,270,23.33333333333333,6.22568093385214,22.15096601847146,1.1823673148618674,bajo,en lo esperado,1.2605206929808308,0.0,-0.285135,74.804846,51.01694915254237,62.999999999999986
31063,31,Yucatán,Samahil,5631,305,27.868852459016395,11.152416356877325,17.384214571203735,10.48463788781266,medio,peor de lo esperado,0.0037511336151287,0.0,-0.346962,55.988318,32.58131227674375,85.00000000000001
31064,31,Yucatán,Sanahcat,1701,64,17.1875,6.25,16.806584006640836,0.3809159933591637,muy bajo,en lo esperado,0.0,0.0,-0.114831,65.234496,44.38305709023941,11.0
31065,31,Yucatán,San Felipe,2118,115,20.0,2.727272727272727,21.262509447895503,-1.2625094478955035,muy bajo,en lo esperado,0.1857031485444496,0.6922011998154128,-0.874724,38.978512,6.437346437346437,23.0
31066,31,Yucatán,Santa Elena,4220,206,29.12621359223301,6.280193236714976,23.763328896583253,5.362884695649758,medio,peor de lo esperado,0.0141832911242878,0.0,0.14193,85.543071,72.834546824002,60.00000000000001
31067,31,Yucatán,Seyé,10053,563,37.83303730017762,10.4014598540146,19.847794522779207,17.985242777398415,alto,peor de lo esperado,0.0971326595391035,0.0,-0.272913,68.066266,19.57837612189522,213.00000000000003
31068,31,Yucatán,Sinanché,3206,163,21.47239263803681,6.976744186046512,16.94814379589391,4.5242488421428995,muy bajo,en lo esperado,0.0178654441589577,0.0,-0.509177,70.138142,19.45348080676643,35.0
31069,31,Yucatán,Sotuta,8967,545,38.71559633027523,12.84584980237154,27.238163345719954,11.477432984555278,alto,peor de lo esperado,0.0058030896037522,0.0,0.395219,89.167594,45.25968672712283,211.0
31070,31,Yucatán,Sucilá,3971,184,21.195652173913047,6.63265306122449,20.196280764290947,0.9993714096220998,muy bajo,en lo esperado,0.2079455780043774,0.9297773427942254,-0.415093,81.707489,41.11111111111112,39.00000000000001
31071,31,Yucatán,Sudzal,1949,109,28.440366972477065,9.523809523809524,25.161261545425514,3.279105427051551,medio,en lo esperado,2.607878351428688,18.15302938574023,0.181766,76.515284,51.62355531095212,31.0
31072,31,Yucatán,Suma,1857,78,19.230769230769223,4.819277108433735,15.586221724434061,3.6445475063351616,muy bajo,en lo esperado,0.0125830127618019,0.0,-0.686462,54.186147,29.46127946127946,14.999999999999995
31073,31,Yucatán,Tahdziú,5854,393,62.08651399491095,22.11764705882353,51.84814773213342,10.238366262777532,muy alto,peor de lo esperado,0.1082459755414605,0.0,1.003035,98.760269,96.62352279122116,244.00000000000006
31074,31,Yucatán,Tahmek,3774,190,18.94736842105263,3.783783783783784,14.19408934072466,4.753279080327969,muy bajo,en lo esperado,0.0857949346883387,0.0,-0.157658,64.809475,49.2294991744634,35.99999999999999
31075,31,Yucatán,Teabo,6921,398,44.472361809045225,16.62049861495845,34.79368407086836,9.678677738176866,muy alto,peor de lo esperado,0.0176352273576876,0.0,0.763863,90.364842,69.83687288396429,177.0
31076,31,Yucatán,Tecoh,17939,926,41.360691144708426,6.376195536663125,24.48543513594051,16.875256008767916,alto,peor de lo esperado,0.6174522250049124,0.0,0.093726,62.115868,43.76789575176766,383.00000000000006
31077,31,Yucatán,Tekal de Venegas,2683,130,33.07692307692308,6.870229007633588,18.473553594935485,14.603369481987595,medio,peor de lo esperado,0.0,0.0,0.33516,85.847969,41.444270015698585,43.00000000000001
31078,31,Yucatán,Tekantó,3747,184,21.195652173913047,8.241758241758241,22.620984377589867,-1.4253322036768203,muy bajo,en lo esperado,0.4710751995852672,0.0,-0.003315,72.593385,29.13759419480882,39.00000000000001
31079,31,Yucatán,Tekax,45062,2476,30.21001615508885,9.728415079043373,24.620979879561006,5.589036275527846,medio,peor de lo esperado,0.7283575331603158,2.286258688652816,-0.082831,79.682615,51.85480841472577,748.0
31080,31,Yucatán,Tekit,11020,563,41.56305506216696,16.171003717472118,25.600544720290227,15.962510341876733,alto,peor de lo esperado,0.0029766732146253,0.0,0.006359,86.051854,42.70306385415672,233.99999999999997
31081,31,Yucatán,Tekom,3355,216,18.98148148148148,3.902439024390244,37.91419058492491,-18.93270910344343,muy bajo,mejor de lo esperado,0.8733709108337042,0.0,0.392322,94.788841,78.89763779527559,40.99999999999999
31082,31,Yucatán,Telchac Pueblo,3512,164,15.243902439024396,2.380952380952381,16.025723462897293,-0.7818210238728973,muy bajo,en lo esperado,0.0151132624358608,0.0,-0.81952,61.656286,10.307147076196102,25.000000000000007
31083,31,Yucatán,Telchac Puerto,1915,83,21.686746987951807,2.3529411764705883,21.77928559270967,-0.09253860475786269,bajo,en lo esperado,0.0017282380957696,0.0,-0.855155,53.605416,10.04390779363337,18.0
31084,31,Yucatán,Temax,7037,361,24.65373961218836,6.303724928366762,23.746889027230164,0.906850584958196,bajo,en lo esperado,0.2883079772906349,0.0,0.106702,82.28,21.39437462597247,88.99999999999999
31085,31,Yucatán,Temozón,16680,957,37.72204806687565,7.722772277227722,29.455145696076425,8.266902370799226,alto,peor de lo esperado,0.2494199190899462,0.0,0.377488,86.015141,74.24039747754634,361.0
31086,31,Yucatán,Tepakán,2133,102,21.568627450980387,4.123711340206185,11.026663773139905,10.541963677840481,muy bajo,peor de lo esperado,0.1625512009804957,0.0,0.428783,66.568182,57.63301839880656,21.999999999999996
31087,31,Yucatán,Tetiz,5464,258,36.82170542635659,6.338028169014085,33.12461778622776,3.697087640128828,alto,en lo esperado,3.206897884097784,0.0,0.218948,70.49633,31.214989376086532,95.0
31088,31,Yucatán,Teya,1917,79,18.987341772151893,10.75268817204301,15.86080817819632,3.126533593955573,muy bajo,en lo esperado,0.0,0.0,-0.047081,70.51602,47.16466739367503,14.999999999999996
31089,31,Yucatán,Ticul,40495,2075,22.795180722891573,5.899280575539568,23.723847739725453,-0.9286670168338809,bajo,en lo esperado,0.0126096848458102,0.0,-0.607958,75.116319,32.8446508731415,473.0000000000001
31090,31,Yucatán,Timucuy,7503,419,35.56085918854416,9.560723514211888,26.985720147633987,8.57513904091017,alto,peor de lo esperado,0.0101137737219657,0.0,0.226349,74.332896,75.61146051712089,149.00000000000003
31091,31,Yucatán,Tinum,12700,715,27.132867132867133,8.823529411764707,28.96526642640471,-1.832399293537577,bajo,en lo esperado,0.4165773315714246,0.0,-0.048517,88.762011,56.790534910848194,194.0
31092,31,Yucatán,Tixcacalcupul,7888,528,32.95454545454545,5.353728489483748,41.830614885194315,-8.876069430648862,medio,mejor de lo esperado,1.256475345133314,6.467129440587998,0.94475,95.405681,87.0788043478261,174.0
31093,31,Yucatán,Tixkokob,18420,902,16.629711751662967,3.095238095238096,23.809783252897933,-7.180071501234966,muy bajo,mejor de lo esperado,0.6017269776476736,0.0,-0.793845,38.330848,11.152605669665592,149.99999999999997
31094,31,Yucatán,Tixmehuac,5444,319,37.93103448275862,9.221902017291066,29.920528232492785,8.010506250265834,alto,peor de lo esperado,0.2568217682793534,0.0,0.702905,92.911536,83.84886452623336,121.0
31095,31,Yucatán,Tixpéhual,5690,259,21.235521235521237,4.918032786885246,24.23592156548917,-3.0004003299679347,muy bajo,en lo esperado,1.0058690183146568,0.0,-0.594701,40.075524,22.250592741200077,55.00000000000001
31096,31,Yucatán,Tizimín,80672,4640,32.34913793103448,9.75663231747424,28.04141109507818,4.307726835956299,medio,en lo esperado,0.7324609744846298,1.0006157048258704,0.00464,77.56923,34.30499148434429,1500.9999999999998
31097,31,Yucatán,Tunkás,3684,189,22.751322751322743,8.095238095238095,29.516658912361414,-6.765336161038672,bajo,mejor de lo esperado,1.8855274998991136,15.418769264923109,0.2057,90.011159,45.91284534320706,42.99999999999998
31098,31,Yucatán,Tzucacab,15346,913,34.93975903614458,9.564293304994688,28.0381304795343,6.90162855661028,alto,peor de lo esperado,1.0997099079545505,1.0238596788500325,0.018077,87.250722,46.74515235457064,319.0
31099,31,Yucatán,Uayma,4191,253,36.758893280632414,6.273062730627307,39.8703138459379,-3.1114205653054867,alto,en lo esperado,0.0740365174740752,0.0,0.594417,93.758717,79.51108870967742,93.00000000000001
31100,31,Yucatán,Ucú,4049,204,29.90196078431373,10.5,24.6679901277754,5.233970656538329,medio,peor de lo esperado,0.4469052013041782,0.0,-0.510938,48.317116,19.50207468879668,61.00000000000001
31101,31,Yucatán,Umán,69147,3390,30.91445427728614,6.54576367242845,22.757668590312687,8.156785686973453,medio,peor de lo esperado,0.0699384111586559,0.0,-0.863106,44.764551,16.018539624648582,1048.0000000000002
31102,31,Yucatán,Valladolid,85460,4897,22.15642229936697,4.903786468032278,23.29746655372463,-1.1410442543576593,bajo,en lo esperado,0.1201170920770788,0.0,-0.306951,68.135498,50.286130989901984,1085.0000000000005
31103,31,Yucatán,Xocchel,3451,166,22.289156626506028,4.40251572327044,24.12905242292211,-1.8398957964160836,bajo,en lo esperado,0.0028868662812505,0.0,0.205183,82.630713,48.09113300492611,37.00000000000001
31104,31,Yucatán,Yaxcabá,16350,992,47.68145161290322,12.658227848101266,43.093525623965675,4.587925988937542,muy alto,en lo esperado,1.389078496351132,2.911134319621095,0.801063,92.334122,65.51858591109956,472.99999999999994
31105,31,Yucatán,Yaxkukul,3293,157,13.375796178343949,4.225352112676056,19.46880984814645,-6.093013669802501,muy bajo,mejor de lo esperado,0.0180849374327712,0.0,-0.812782,54.969697,9.420751113940163,21.0
31106,31,Yucatán,Yobaín,2215,111,11.711711711711716,3.8461538461538463,14.405812626123938,-2.694100914412221,muy bajo,en lo esperado,0.0039299407265603,0.0,-0.5179,52.223975,16.98914582350165,13.000000000000005
32001,32,Zacatecas,Apozol,6260,321,34.57943925233644,12.111801242236025,31.27517025091769,3.304269001418753,alto,en lo esperado,2.011485335785341,1.493006443501493,-0.773557,54.350731,0.3024193548387097,110.99999999999997
32002,32,Zacatecas,Apulco,4942,259,38.22393822393823,13.309352517985612,36.37358142985693,1.8503567940813,alto,en lo esperado,1.3126516120081686,0.0,-0.588395,57.849883,0.1069976460517868,99.0
32003,32,Zacatecas,Atolinga,2277,91,17.582417582417577,6.593406593406593,27.91826601190939,-10.335848429491815,muy bajo,mejor de lo esperado,1.9592464455280612,0.1296456352636128,-0.752056,62.864379,0.0925069380203515,15.999999999999993
32004,32,Zacatecas,Benito Juárez,4493,280,30.0,7.1146245059288535,29.421174528258533,0.5788254717414674,medio,en lo esperado,2.445238974424998,8.2884808723397,-0.759145,75.260676,0.4483246814535158,84.0
32005,32,Zacatecas,Calera,45759,2549,37.38721067085132,16.90512048192771,27.359122001911818,10.0280886689395,alto,peor de lo esperado,0.2287635763095256,1.1134030522649248,-0.994369,48.047225,0.4455433996594276,953.0000000000001
32006,32,Zacatecas,Cañitas de Felipe Pescador,8255,418,25.358851674641144,8.091286307053942,30.350035892425403,-4.991184217784259,bajo,en lo esperado,1.133876421863439,0.06051071039574,-0.93664,62.615901,0.051833614098743,105.99999999999997
32007,32,Zacatecas,Concepción del Oro,12115,594,30.976430976430976,6.574923547400612,32.62275919671388,-1.6463282202829035,medio,en lo esperado,4.081103183125583,17.52455760227303,-0.976339,30.845158,0.1125541125541125,184.0
32008,32,Zacatecas,Cuauhtémoc,13466,741,45.20917678812416,13.093709884467266,31.26714451964887,13.942032268475291,muy alto,peor de lo esperado,1.3852511575983564,0.403668247012832,-0.782844,66.820562,0.0475473492352801,335.00000000000006
32009,32,Zacatecas,Chalchihuites,10086,482,26.55601659751038,4.8582995951417,33.54776030160849,-6.991743704098113,bajo,mejor de lo esperado,2.64042698456908,1.8762040854091064,-0.965814,64.490217,0.0104755918709407,128.00000000000003
32010,32,Zacatecas,Fresnillo,240532,12759,36.53107610314288,11.059735998210158,29.06112087619733,7.469955226945551,alto,peor de lo esperado,1.3072657356748378,2.487663836591578,-1.001529,48.847405,0.2932965829181243,4661.0
32011,32,Zacatecas,Trinidad García de la Cadena,3362,169,38.46153846153846,13.93939393939394,28.020632343254412,10.440906118284047,alto,peor de lo esperado,0.7790698981307923,0.4311583788444955,-0.796572,64.459152,4.379332073093888,65.0
32012,32,Zacatecas,Genaro Codina,8168,484,39.46280991735537,9.01803607214429,40.25720033152526,-0.7943904141698894,alto,en lo esperado,4.607600531805314,12.19080709958765,-0.381018,75.417962,0.0130599451482303,191.0
32013,32,Zacatecas,General Enrique Estrada,6644,329,29.787234042553195,14.75826972010178,26.521501669344104,3.26573237320909,medio,en lo esperado,1.077176977267845,1.8193186226410785,-0.954832,52.134409,2.8932225063938617,98.00000000000001
32014,32,Zacatecas,General Francisco R. Murguía,20191,1048,40.83969465648855,7.685589519650655,36.36161038138165,4.4780842751068946,alto,en lo esperado,6.468740344034552,21.348583059814622,-0.846011,70.39801,0.0522247754334656,427.99999999999994
32015,32,Zacatecas,El Plateado de Joaquín Amaro,1579,54,35.18518518518519,15.942028985507246,38.41432804148681,-3.229142856301621,alto,en lo esperado,7.2635204756989475,49.78179551122194,-0.569122,61.796526,0.0,19.000000000000004
32016,32,Zacatecas,General Pánfilo Natera,23526,1286,40.1244167962675,11.430625449317038,37.25536887072318,2.869047925544315,alto,en lo esperado,1.6207090471015382,0.0,-0.690236,72.335087,0.022691173133651,516.0
32017,32,Zacatecas,Guadalupe,211740,11242,23.19871908913005,6.881340979267755,23.43574034127752,-0.23702125214746772,bajo,en lo esperado,0.2701657042517524,0.2163244646386281,-1.319996,29.910193,0.2608029146218855,2608.0000000000005
32018,32,Zacatecas,Huanusco,4547,190,40.526315789473685,12.704918032786884,27.82453722621277,12.701778563260916,alto,peor de lo esperado,3.366757637413644,4.795925731193104,-0.801828,57.816342,0.0927858965437253,77.0
32019,32,Zacatecas,Jalpa,25296,1297,37.548188126445645,10.280373831775702,29.081945267444304,8.46624285900134,alto,peor de lo esperado,1.646349981872432,1.4490910730502724,-1.016379,53.525969,0.3321840047094441,487.00000000000006
32020,32,Zacatecas,Jerez,59910,2898,28.36438923395445,9.327475498479217,26.579240849544668,1.7851483844097835,medio,en lo esperado,1.079998530380852,2.799096680511743,-1.059732,57.224906,0.2505826484658384,822.0
32021,32,Zacatecas,Jiménez del Teul,4465,281,38.79003558718861,12.890625,40.29062047108858,-1.5005848838999682,alto,en lo esperado,5.116829263577694,18.909205067338704,0.137896,72.527761,0.0956480153036824,108.99999999999999
32022,32,Zacatecas,Juan Aldama,19749,997,27.582748244734205,9.30451127819549,32.68933862324884,-5.106590378514632,bajo,mejor de lo esperado,0.8630980914952302,0.0,-0.99919,67.136092,0.1287070306215477,275.00000000000006
32023,32,Zacatecas,Juchipila,12251,590,22.20338983050847,5.787781350482315,29.09533949579764,-6.891949665289168,bajo,mejor de lo esperado,1.642088592665331,0.0,-1.015916,50.029704,0.1802575107296137,130.99999999999997
32024,32,Zacatecas,Loreto,53709,3016,29.310344827586206,8.699661850599446,34.23021191262203,-4.9198670850358255,medio,en lo esperado,1.2829887518295535,0.0,-1.010186,60.174022,0.1234494156063954,883.9999999999999
32025,32,Zacatecas,Luis Moya,13184,667,32.98350824587706,7.792207792207792,33.8930803276686,-0.9095720817915378,medio,en lo esperado,1.3563531352435136,0.0,-1.04525,57.387203,0.0403877221324717,220.0
32026,32,Zacatecas,Mazapil,17774,901,37.51387347391787,10.009624639076035,49.633951291735194,-12.120077817817325,alto,mejor de lo esperado,13.263643412972527,58.57973819097516,-0.329103,50.440962,0.035992801439712,338.0
32027,32,Zacatecas,Melchor Ocampo,2736,117,31.623931623931625,8.666666666666666,46.721725723508044,-15.097794099576419,medio,mejor de lo esperado,10.9277339678547,55.77689243027887,-0.374912,57.165354,0.0,37.0
32028,32,Zacatecas,Mezquital del Oro,2451,103,46.601941747572816,27.34375,30.723305712040702,15.878636035532114,muy alto,peor de lo esperado,2.560132203253006,6.663841085023352,-0.260498,67.230665,0.6421232876712328,48.0
32029,32,Zacatecas,Miguel Auza,23713,1299,47.34411085450346,23.702185792349727,37.638828179586724,9.705282674916738,muy alto,peor de lo esperado,2.5404775189957527,14.406602779030552,-0.866805,70.500696,0.0632911392405063,615.0
32030,32,Zacatecas,Momax,2446,111,21.621621621621628,7.43801652892562,24.925799673043503,-3.304178051421875,bajo,en lo esperado,1.3694204973200346,0.0,-0.938611,56.682819,0.3464703334776959,24.000000000000007
32031,32,Zacatecas,Monte Escobedo,8683,397,29.722921914357684,8.177570093457945,31.187448256548603,-1.4645263421909185,medio,en lo esperado,2.6361596930360403,10.6590944702266,-0.796895,60.457846,0.5544172592503315,118.00000000000001
32032,32,Zacatecas,Morelos,13207,754,22.81167108753316,5.786350148367952,29.948948724572283,-7.137277637039123,bajo,mejor de lo esperado,1.6766952562270498,0.0,-1.211482,33.169926,0.3753693794425365,172.00000000000003
32033,32,Zacatecas,Moyahua de Estrada,4530,200,18.5,4.25531914893617,31.22811032665838,-12.728110326658381,muy bajo,mejor de lo esperado,4.285696176323764,8.374018583402185,-0.801772,56.267181,0.2065641496442506,37.0
32034,32,Zacatecas,Nochistlán de Mejía,27945,1350,28.66666666666667,7.248236048749198,32.60545276361991,-3.938786096953237,medio,en lo esperado,1.3003824687538847,2.157016888395464,-0.987657,51.141593,0.1393859483895272,387.0000000000001
32035,32,Zacatecas,Noria de Ángeles,16284,989,32.153690596562186,7.228915662650603,41.28561740616446,-9.131926809602277,medio,mejor de lo esperado,3.672057302365097,0.0,-0.715435,69.614482,0.0261848651479444,318.0
32036,32,Zacatecas,Ojocaliente,44144,2581,43.74273537388609,11.675874769797424,33.33788871785365,10.40484665603244,muy alto,peor de lo esperado,2.0328544555811687,0.0135211267605633,-0.836357,66.462881,0.1404222351346116,1129.0
32037,32,Zacatecas,Pánuco,17577,959,43.27424400417101,16.634050880626223,38.15114070685544,5.123103297315566,muy alto,peor de lo esperado,4.239841687393602,12.036737186725473,-0.562567,61.592537,0.7641921397379913,415.0
32038,32,Zacatecas,Pinos,72241,4124,44.35014548981572,7.647454586230096,42.42286441339033,1.9272810764253947,muy alto,en lo esperado,3.751657074809637,3.58922155791127,-0.404372,74.933797,0.0265631686908785,1829.0000000000005
32039,32,Zacatecas,Río Grande,64535,3498,25.900514579759857,6.305803571428571,30.871221396034223,-4.970706816274365,bajo,en lo esperado,1.1350477892423032,0.7596230384695823,-1.006735,51.417612,0.1484671985381691,905.9999999999999
32040,32,Zacatecas,Sain Alto,21844,1264,39.47784810126582,10.252486610558533,38.10418754999794,1.3736605512678821,alto,en lo esperado,5.186120985526287,17.7038981480523,-0.772976,72.15674,0.0194666147556939,499.0
32041,32,Zacatecas,El Salvador,2509,138,27.53623188405797,8.391608391608392,42.84276915615188,-15.306537272093912,bajo,mejor de lo esperado,2.4571123833857285,10.65704853614795,-0.183938,57.683739,0.0841750841750841,38.0
32042,32,Zacatecas,Sombrerete,63665,3320,32.56024096385542,10.425471963933502,32.23459552704934,0.32564543680607727,medio,en lo esperado,4.071304894494265,21.159014190719287,-0.906904,46.883446,0.0482963061652732,1081.0
32043,32,Zacatecas,Susticacán,1365,63,7.936507936507937,4.6875,36.773282272261575,-28.83677433575364,muy bajo,mejor de lo esperado,3.5215524002441607,20.58752124302015,-0.59355,70.211488,0.0770416024653312,5.0
32044,32,Zacatecas,Tabasco,16588,867,38.17762399077278,12.403951701427005,28.626210565327096,9.551413425445684,alto,peor de lo esperado,1.4281658977310807,0.0,-0.900503,65.407969,0.1976536597806682,331.0
32045,32,Zacatecas,Tepechitlán,8321,386,25.647668393782386,7.762557077625571,28.083240500513426,-2.4355721067310405,bajo,en lo esperado,1.269547195842511,3.1408577056847142,-0.861009,61.574855,0.1904761904761904,99.00000000000001
32046,32,Zacatecas,Tepetongo,6490,283,25.088339222614835,7.046979865771812,30.57687433339518,-5.488535110780344,bajo,mejor de lo esperado,3.909604692565752,4.281230321479727,-0.754512,64.995338,0.0160205062479974,70.99999999999999
32047,32,Zacatecas,Teúl de González Ortega,5356,288,23.26388888888889,7.26643598615917,27.622946371841426,-4.359057482952537,bajo,en lo esperado,1.0323836589385684,5.97067448680352,-0.947675,47.027976,0.2969708968521085,67.0
32048,32,Zacatecas,Tlaltenango de Sánchez Román,27302,1436,29.526462395543177,10.738255033557047,26.509413301918308,3.0170490936248697,medio,en lo esperado,1.614781459733533,3.971458958241786,-0.88021,45.804645,1.89637787946948,424.00000000000006
32049,32,Zacatecas,Valparaíso,32461,1650,26.909090909090907,5.87248322147651,32.818815539227195,-5.909724630136289,bajo,mejor de lo esperado,2.936486672563725,11.765948838038012,-0.483801,61.278233,3.182684096433029,443.99999999999994
32050,32,Zacatecas,Vetagrande,10276,564,26.41843971631205,8.813559322033898,28.146245114922305,-1.7278053986102542,bajo,en lo esperado,0.7978766869566966,0.0,-0.967902,60.471871,0.0308610225285464,148.99999999999997
32051,32,Zacatecas,Villa de Cos,34623,1908,35.84905660377359,12.549407114624506,37.49346010708692,-1.6444035033133275,alto,en lo esperado,3.691977405705618,18.110376237289174,-0.621235,77.070654,0.6249422774989994,684.0000000000001
32052,32,Zacatecas,Villa García,19525,1226,27.324632952691687,6.8760611205432935,29.74920298164345,-2.424570028951763,bajo,en lo esperado,1.498188414174942,0.0,-0.984915,37.467624,0.0162990329240465,335.00000000000006
32053,32,Zacatecas,Villa González Ortega,13208,714,29.271708683473392,9.479768786127169,33.94248948512598,-4.67078080165259,medio,en lo esperado,0.6958742262033722,0.0,-0.787429,71.482706,0.0161043562283597,209.0
32054,32,Zacatecas,Villa Hidalgo,19446,1115,43.76681614349776,10.356255178127588,37.50123205287392,6.265584090623847,muy alto,peor de lo esperado,2.0018327067520065,0.0,-0.69224,80.348057,0.0219973603167619,488.00000000000006
32055,32,Zacatecas,Villanueva,31558,1599,32.77048155096935,9.465020576131687,30.086661343217507,2.683820207751843,medio,en lo esperado,2.081597429784596,6.766859207492452,-0.884952,61.569345,0.0563866131546651,523.9999999999999
32056,32,Zacatecas,Zacatecas,149607,7273,20.32173793482744,6.516110471806674,21.73024626362763,-1.4085083288001918,muy bajo,en lo esperado,0.3383207267857285,0.0020027771843623,-1.336926,32.189689,0.4100884559399843,1477.9999999999995
32057,32,Zacatecas,Trancoso,20455,1212,37.70627062706271,10.522151898734178,35.51167162313646,2.1945990039262497,alto,en lo esperado,0.436406344414173,0.0,-0.748505,71.494459,0.1153100267309607,457.00000000000006
32058,32,Zacatecas,Santa María de la Paz,2767,149,21.47651006711409,7.194244604316546,27.017486711092346,-5.540976643978254,muy bajo,mejor de lo esperado,1.7187957124907889,0.0,-0.729746,53.018935,0.18910741301059,31.999999999999996
